,corp,city,2
0,업종,합계," 2,400,922 "
1,업종,서울특별시," 478,626 "
2,업종,인천광역시," 122,152 "
3,업종,경기도," 555,114 "
4,업종,강원도," 85,495 "
5,업종,대전광역시," 70,566 "
6,업종,충청북도," 77,353 "
7,업종,충청남도," 101,287 "
8,업종,세종특별자치시," 12,645 "
9,업종,광주광역시," 70,886 "
10,업종,전라북도," 85,059 "
11,업종,전라남도," 85,580 "
12,업종,대구광역시," 115,229 "
13,업종,경상북도," 129,587 "
14,업종,부산광역시," 157,859 "
15,업종,울산광역시," 51,612 "
16,업종,경상남도," 157,602 "
17,업종,제주특별자치도," 44,270 "
18,가구점,합계," 7,522 "
19,가구점,서울특별시," 1,024 "
20,가구점,인천광역시, 300 
21,가구점,경기도," 1,916 "
22,가구점,강원도, 303 
23,가구점,대전광역시, 211 
24,가구점,충청북도, 288 
25,가구점,충청남도, 295 
26,가구점,세종특별자치시, 24 
27,가구점,광주광역시, 217 
28,가구점,전라북도, 396 
29,가구점,전라남도, 271 
30,가구점,대구광역시, 368 
31,가구점,경상북도, 472 
32,가구점,부산광역시, 512 
33,가구점,울산광역시, 180 
34,가구점,경상남도, 550 
35,가구점,제주특별자치도, 195 
36,가전제품수리점,합계," 15,266 "
37,가전제품수리점,서울특별시," 2,416 "
38,가전제품수리점,인천광역시," 1,089 "
39,가전제품수리점,경기도," 4,486 "
40,가전제품수리점,강원도, 528 
41,가전제품수리점,대전광역시, 517 
42,가전제품수리점,충청북도, 466 
43,가전제품수리점,충청남도, 647 
44,가전제품수리점,세종특별자치시, 70 
45,가전제품수리점,광주광역시, 448 
46,가전제품수리점,전라북도, 495 
47,가전제품수리점,전라남도, 499 
48,가전제품수리점,대구광역시, 725 
49,가전제품수리점,경상북도, 548 
50,가전제품수리점,부산광역시, 939 
51,가전제품수리점,울산광역시, 301 
52,가전제품수리점,경상남도, 896 
53,가전제품수리점,제주특별자치도, 196 
54,가전제품판매점,합계," 10,098 "
55,가전제품판매점,서울특별시," 1,531 "
56,가전제품판매점,인천광역시, 369 
57,가전제품판매점,경기도," 1,935 "
58,가전제품판매점,강원도, 469 
59,가전제품판매점,대전광역시, 305 
60,가전제품판매점,충청북도, 435 
61,가전제품판매점,충청남도, 533 
62,가전제품판매점,세종특별자치시, 40 
63,가전제품판매점,광주광역시, 347 
64,가전제품판매점,전라북도, 531 
65,가전제품판매점,전라남도, 579 
66,가전제품판매점,대구광역시, 521 
67,가전제품판매점,경상북도, 701 
68,가전제품판매점,부산광역시, 612 
69,가전제품판매점,울산광역시, 200 
70,가전제품판매점,경상남도, 746 
71,가전제품판매점,제주특별자치도, 244 
72,간이주점,합계," 14,619 "
73,간이주점,서울특별시," 4,726 "
74,간이주점,인천광역시," 1,517 "
75,간이주점,경기도," 2,880 "
76,간이주점,강원도, 429 
77,간이주점,대전광역시, 75 
78,간이주점,충청북도, 471 
79,간이주점,충청남도, 668 
80,간이주점,세종특별자치시, 15 
81,간이주점,광주광역시, 193 
82,간이주점,전라북도, 325 
83,간이주점,전라남도, 248 
84,간이주점,대구광역시, 281 
85,간이주점,경상북도, 389 
86,간이주점,부산광역시, 931 
87,간이주점,울산광역시, 112 
88,간이주점,경상남도," 1,183 "
89,간이주점,제주특별자치도, 176 
90,간판광고물업,합계," 12,995 "
91,간판광고물업,서울특별시," 2,663 "
92,간판광고물업,인천광역시, 550 
93,간판광고물업,경기도," 3,185 "
94,간판광고물업,강원도, 514 
95,간판광고물업,대전광역시, 395 
96,간판광고물업,충청북도, 377 
97,간판광고물업,충청남도, 457 
98,간판광고물업,세종특별자치시, 27 
99,간판광고물업,광주광역시, 438 
100,간판광고물업,전라북도, 499 
101,간판광고물업,전라남도, 474 
102,간판광고물업,대구광역시, 775 
103,간판광고물업,경상북도, 656 
104,간판광고물업,부산광역시, 834 
105,간판광고물업,울산광역시, 260 
106,간판광고물업,경상남도, 698 
107,간판광고물업,제주특별자치도, 193 
108,감정평가사,합계," 1,171 "
109,감정평가사,서울특별시, 255 
110,감정평가사,인천광역시, 78 
111,감정평가사,경기도, 376 
112,감정평가사,강원도, 33 
113,감정평가사,대전광역시, 30 
114,감정평가사,충청북도, 29 
115,감정평가사,충청남도, 36 
116,감정평가사,세종특별자치시, 12 
117,감정평가사,광주광역시, 37 
118,감정평가사,전라북도, 38 
119,감정평가사,전라남도, 18 
120,감정평가사,대구광역시, 55 
121,감정평가사,경상북도, 20 
122,감정평가사,부산광역시, 58 
123,감정평가사,울산광역시, 19 
124,감정평가사,경상남도, 62 
125,감정평가사,제주특별자치도, 15 
126,건강보조식품가게,합계," 13,535 "
127,건강보조식품가게,서울특별시," 2,180 "
128,건강보조식품가게,인천광역시, 662 
129,건강보조식품가게,경기도," 2,684 "
130,건강보조식품가게,강원도, 500 
131,건강보조식품가게,대전광역시, 458 
132,건강보조식품가게,충청북도, 443 
133,건강보조식품가게,충청남도," 1,247 "
134,건강보조식품가게,세종특별자치시, 53 
135,건강보조식품가게,광주광역시, 400 
136,건강보조식품가게,전라북도, 719 
137,건강보조식품가게,전라남도, 492 
138,건강보조식품가게,대구광역시, 588 
139,건강보조식품가게,경상북도, 895 
140,건강보조식품가게,부산광역시, 831 
141,건강보조식품가게,울산광역시, 215 
142,건강보조식품가게,경상남도," 1,001 "
143,건강보조식품가게,제주특별자치도, 167 
144,건어물가게,합계," 7,218 "
145,건어물가게,서울특별시, 750 
146,건어물가게,인천광역시, 372 
147,건어물가게,경기도, 815 
148,건어물가게,강원도, 670 
149,건어물가게,대전광역시, 121 
150,건어물가게,충청북도, 116 
151,건어물가게,충청남도, 642 
152,건어물가게,세종특별자치시, 12 
153,건어물가게,광주광역시, 179 
154,건어물가게,전라북도, 366 
155,건어물가게,전라남도, 928 
156,건어물가게,대구광역시, 155 
157,건어물가게,경상북도, 651 
158,건어물가게,부산광역시, 493 
159,건어물가게,울산광역시, 129 
160,건어물가게,경상남도, 710 
161,건어물가게,제주특별자치도, 109 
162,건축사,합계," 9,799 "
163,건축사,서울특별시," 2,508 "
164,건축사,인천광역시, 347 
165,건축사,경기도," 2,062 "
166,건축사,강원도, 325 
167,건축사,대전광역시, 214 
168,건축사,충청북도, 276 
169,건축사,충청남도, 341 
170,건축사,세종특별자치시, 53 
171,건축사,광주광역시, 234 
172,건축사,전라북도, 350 
173,건축사,전라남도, 267 
174,건축사,대구광역시, 670 
175,건축사,경상북도, 470 
176,건축사,부산광역시, 674 
177,건축사,울산광역시, 210 
178,건축사,경상남도, 508 
179,건축사,제주특별자치도, 290 
180,결혼상담소,합계," 1,610 "
181,결혼상담소,서울특별시, 439 
182,결혼상담소,인천광역시, 67 
183,결혼상담소,경기도, 250 
184,결혼상담소,강원도, 29 
185,결혼상담소,대전광역시, 66 
186,결혼상담소,충청북도, 53 
187,결혼상담소,충청남도, 73 
188,결혼상담소,세종특별자치시, 6 
189,결혼상담소,광주광역시, 77 
190,결혼상담소,전라북도, 76 
191,결혼상담소,전라남도, 47 
192,결혼상담소,대구광역시, 108 
193,결혼상담소,경상북도, 58 
194,결혼상담소,부산광역시, 106 
195,결혼상담소,울산광역시, 25 
196,결혼상담소,경상남도, 98 
197,결혼상담소,제주특별자치도, 32 
198,곡물가게,합계," 5,036 "
199,곡물가게,서울특별시, 657 
200,곡물가게,인천광역시, 201 
201,곡물가게,경기도, 878 
202,곡물가게,강원도, 331 
203,곡물가게,대전광역시, 147 
204,곡물가게,충청북도, 249 
205,곡물가게,충청남도, 386 
206,곡물가게,세종특별자치시, 31 
207,곡물가게,광주광역시, 115 
208,곡물가게,전라북도, 370 
209,곡물가게,전라남도, 398 
210,곡물가게,대구광역시, 191 
211,곡물가게,경상북도, 362 
212,곡물가게,부산광역시, 336 
213,곡물가게,울산광역시, 43 
214,곡물가게,경상남도, 276 
215,곡물가게,제주특별자치도, 65 
216,공인노무사,합계, 912 
217,공인노무사,서울특별시, 399 
218,공인노무사,인천광역시, 40 
219,공인노무사,경기도, 154 
220,공인노무사,강원도, 16 
221,공인노무사,대전광역시, 20 
222,공인노무사,충청북도, 18 
223,공인노무사,충청남도, 23 
224,공인노무사,세종특별자치시, 5 
225,공인노무사,광주광역시, 28 
226,공인노무사,전라북도, 21 
227,공인노무사,전라남도, 9 
228,공인노무사,대구광역시, 33 
229,공인노무사,경상북도, 16 
230,공인노무사,부산광역시, 56 
231,공인노무사,울산광역시, 24 
232,공인노무사,경상남도, 40 
233,공인노무사,제주특별자치도, 10 
234,공인회계사,합계," 1,829 "
235,공인회계사,서울특별시, 837 
236,공인회계사,인천광역시, 68 
237,공인회계사,경기도, 309 
238,공인회계사,강원도, 13 
239,공인회계사,대전광역시, 38 
240,공인회계사,충청북도, 33 
241,공인회계사,충청남도, 44 
242,공인회계사,세종특별자치시, 11 
243,공인회계사,광주광역시, 37 
244,공인회계사,전라북도, 35 
245,공인회계사,전라남도, 23 
246,공인회계사,대구광역시, 90 
247,공인회계사,경상북도, 30 
248,공인회계사,부산광역시, 130 
249,공인회계사,울산광역시, 26 
250,공인회계사,경상남도, 76 
251,공인회계사,제주특별자치도, 29 
252,과일가게,합계," 11,890 "
253,과일가게,서울특별시," 1,247 "
254,과일가게,인천광역시, 429 
255,과일가게,경기도," 1,838 "
256,과일가게,강원도, 307 
257,과일가게,대전광역시, 309 
258,과일가게,충청북도, 659 
259,과일가게,충청남도, 677 
260,과일가게,세종특별자치시, 103 
261,과일가게,광주광역시, 286 
262,과일가게,전라북도, 575 
263,과일가게,전라남도, 670 
264,과일가게,대구광역시, 372 
265,과일가게,경상북도," 1,386 "
266,과일가게,부산광역시, 606 
267,과일가게,울산광역시, 154 
268,과일가게,경상남도," 1,226 "
269,과일가게,제주특별자치도," 1,046 "
270,교습소･공부방,합계," 33,797 "
271,교습소･공부방,서울특별시," 7,194 "
272,교습소･공부방,인천광역시," 1,654 "
273,교습소･공부방,경기도," 8,266 "
274,교습소･공부방,강원도, 900 
275,교습소･공부방,대전광역시," 1,335 "
276,교습소･공부방,충청북도, 810 
277,교습소･공부방,충청남도," 1,148 "
278,교습소･공부방,세종특별자치시, 244 
279,교습소･공부방,광주광역시, 741 
280,교습소･공부방,전라북도, 760 
281,교습소･공부방,전라남도, 663 
282,교습소･공부방,대구광역시," 2,545 "
283,교습소･공부방,경상북도," 1,745 "
284,교습소･공부방,부산광역시," 2,470 "
285,교습소･공부방,울산광역시, 712 
286,교습소･공부방,경상남도," 2,066 "
287,교습소･공부방,제주특별자치도, 544 
288,교습학원,합계," 56,209 "
289,교습학원,서울특별시," 10,357 "
290,교습학원,인천광역시," 2,504 "
291,교습학원,경기도," 14,937 "
292,교습학원,강원도," 1,460 "
293,교습학원,대전광역시," 1,280 "
294,교습학원,충청북도," 1,453 "
295,교습학원,충청남도," 1,854 "
296,교습학원,세종특별자치시, 415 
297,교습학원,광주광역시," 2,416 "
298,교습학원,전라북도," 2,427 "
299,교습학원,전라남도," 1,839 "
300,교습학원,대구광역시," 2,656 "
301,교습학원,경상북도," 2,628 "
302,교습학원,부산광역시," 3,552 "
303,교습학원,울산광역시," 1,672 "
304,교습학원,경상남도," 4,052 "
305,교습학원,제주특별자치도, 707 
306,구내식당,합계," 21,918 "
307,구내식당,서울특별시," 3,958 "
308,구내식당,인천광역시," 1,384 "
309,구내식당,경기도," 5,329 "
310,구내식당,강원도, 614 
311,구내식당,대전광역시, 702 
312,구내식당,충청북도, 772 
313,구내식당,충청남도," 1,048 "
314,구내식당,세종특별자치시, 80 
315,구내식당,광주광역시, 401 
316,구내식당,전라북도, 803 
317,구내식당,전라남도, 665 
318,구내식당,대구광역시, 898 
319,구내식당,경상북도," 1,326 "
320,구내식당,부산광역시," 1,476 "
321,구내식당,울산광역시, 434 
322,구내식당,경상남도," 1,864 "
323,구내식당,제주특별자치도, 164 
324,기술및직업훈련학원,합계," 13,754 "
325,기술및직업훈련학원,서울특별시," 3,083 "
326,기술및직업훈련학원,인천광역시, 570 
327,기술및직업훈련학원,경기도," 3,080 "
328,기술및직업훈련학원,강원도, 419 
329,기술및직업훈련학원,대전광역시, 462 
330,기술및직업훈련학원,충청북도, 380 
331,기술및직업훈련학원,충청남도, 511 
332,기술및직업훈련학원,세종특별자치시, 105 
333,기술및직업훈련학원,광주광역시, 496 
334,기술및직업훈련학원,전라북도, 510 
335,기술및직업훈련학원,전라남도, 425 
336,기술및직업훈련학원,대구광역시, 790 
337,기술및직업훈련학원,경상북도, 561 
338,기술및직업훈련학원,부산광역시, 945 
339,기술및직업훈련학원,울산광역시, 322 
340,기술및직업훈련학원,경상남도, 830 
341,기술및직업훈련학원,제주특별자치도, 265 
342,기술사,합계," 1,060 "
343,기술사,서울특별시, 296 
344,기술사,인천광역시, 27 
345,기술사,경기도, 243 
346,기술사,강원도, 38 
347,기술사,대전광역시, 26 
348,기술사,충청북도, 36 
349,기술사,충청남도, 29 
350,기술사,세종특별자치시, 3 
351,기술사,광주광역시, 35 
352,기술사,전라북도, 33 
353,기술사,전라남도, 35 
354,기술사,대구광역시, 34 
355,기술사,경상북도, 39 
356,기술사,부산광역시, 65 
357,기술사,울산광역시, 20 
358,기술사,경상남도, 84 
359,기술사,제주특별자치도, 17 
360,기타 일반의원,합계," 3,268 "
361,기타 일반의원,서울특별시, 894 
362,기타 일반의원,인천광역시, 145 
363,기타 일반의원,경기도, 652 
364,기타 일반의원,강원도, 66 
365,기타 일반의원,대전광역시, 144 
366,기타 일반의원,충청북도, 94 
367,기타 일반의원,충청남도, 103 
368,기타 일반의원,세종특별자치시, 19 
369,기타 일반의원,광주광역시, 128 
370,기타 일반의원,전라북도, 172 
371,기타 일반의원,전라남도, 107 
372,기타 일반의원,대구광역시, 161 
373,기타 일반의원,경상북도, 106 
374,기타 일반의원,부산광역시, 227 
375,기타 일반의원,울산광역시, 50 
376,기타 일반의원,경상남도, 145 
377,기타 일반의원,제주특별자치도, 55 
378,기타외국식전문점,합계," 23,847 "
379,기타외국식전문점,서울특별시," 7,251 "
380,기타외국식전문점,인천광역시, 808 
381,기타외국식전문점,경기도," 4,980 "
382,기타외국식전문점,강원도, 774 
383,기타외국식전문점,대전광역시, 603 
384,기타외국식전문점,충청북도, 520 
385,기타외국식전문점,충청남도, 668 
386,기타외국식전문점,세종특별자치시, 163 
387,기타외국식전문점,광주광역시, 383 
388,기타외국식전문점,전라북도, 752 
389,기타외국식전문점,전라남도, 425 
390,기타외국식전문점,대구광역시," 1,227 "
391,기타외국식전문점,경상북도, 703 
392,기타외국식전문점,부산광역시," 1,844 "
393,기타외국식전문점,울산광역시, 708 
394,기타외국식전문점,경상남도," 1,220 "
395,기타외국식전문점,제주특별자치도, 818 
396,기타음식점,합계," 23,773 "
397,기타음식점,서울특별시," 4,558 "
398,기타음식점,인천광역시, 989 
399,기타음식점,경기도," 5,554 "
400,기타음식점,강원도," 1,035 "
401,기타음식점,대전광역시, 578 
402,기타음식점,충청북도, 734 
403,기타음식점,충청남도, 991 
404,기타음식점,세종특별자치시, 107 
405,기타음식점,광주광역시, 996 
406,기타음식점,전라북도, 713 
407,기타음식점,전라남도, 815 
408,기타음식점,대구광역시," 1,241 "
409,기타음식점,경상북도," 1,164 "
410,기타음식점,부산광역시," 1,631 "
411,기타음식점,울산광역시, 493 
412,기타음식점,경상남도," 1,770 "
413,기타음식점,제주특별자치도, 404 
414,꽃가게,합계," 23,845 "
415,꽃가게,서울특별시," 4,364 "
416,꽃가게,인천광역시, 952 
417,꽃가게,경기도," 5,502 "
418,꽃가게,강원도, 747 
419,꽃가게,대전광역시, 710 
420,꽃가게,충청북도, 897 
421,꽃가게,충청남도," 1,088 "
422,꽃가게,세종특별자치시, 111 
423,꽃가게,광주광역시, 767 
424,꽃가게,전라북도," 1,085 "
425,꽃가게,전라남도," 1,155 "
426,꽃가게,대구광역시," 1,141 "
427,꽃가게,경상북도," 1,404 "
428,꽃가게,부산광역시," 1,292 "
429,꽃가게,울산광역시, 520 
430,꽃가게,경상남도," 1,754 "
431,꽃가게,제주특별자치도, 356 
432,내과ㆍ소아과 의원,합계," 11,425 "
433,내과ㆍ소아과 의원,서울특별시," 2,484 "
434,내과ㆍ소아과 의원,인천광역시, 601 
435,내과ㆍ소아과 의원,경기도," 2,603 "
436,내과ㆍ소아과 의원,강원도, 323 
437,내과ㆍ소아과 의원,대전광역시, 382 
438,내과ㆍ소아과 의원,충청북도, 320 
439,내과ㆍ소아과 의원,충청남도, 440 
440,내과ㆍ소아과 의원,세종특별자치시, 64 
441,내과ㆍ소아과 의원,광주광역시, 334 
442,내과ㆍ소아과 의원,전라북도, 432 
443,내과ㆍ소아과 의원,전라남도, 443 
444,내과ㆍ소아과 의원,대구광역시, 570 
445,내과ㆍ소아과 의원,경상북도, 541 
446,내과ㆍ소아과 의원,부산광역시, 827 
447,내과ㆍ소아과 의원,울산광역시, 226 
448,내과ㆍ소아과 의원,경상남도, 680 
449,내과ㆍ소아과 의원,제주특별자치도, 155 
450,노래방,합계," 30,421 "
451,노래방,서울특별시," 5,775 "
452,노래방,인천광역시," 2,315 "
453,노래방,경기도," 7,262 "
454,노래방,강원도, 853 
455,노래방,대전광역시," 1,315 "
456,노래방,충청북도," 1,150 "
457,노래방,충청남도," 1,219 "
458,노래방,세종특별자치시, 146 
459,노래방,광주광역시," 1,075 "
460,노래방,전라북도, 841 
461,노래방,전라남도, 741 
462,노래방,대구광역시," 1,702 "
463,노래방,경상북도," 1,594 "
464,노래방,부산광역시," 1,750 "
465,노래방,울산광역시, 755 
466,노래방,경상남도," 1,627 "
467,노래방,제주특별자치도, 301 
468,담배가게,합계," 12,774 "
469,담배가게,서울특별시," 2,272 "
470,담배가게,인천광역시, 365 
471,담배가게,경기도," 1,643 "
472,담배가게,강원도, 587 
473,담배가게,대전광역시, 291 
474,담배가게,충청북도, 543 
475,담배가게,충청남도, 589 
476,담배가게,세종특별자치시, 39 
477,담배가게,광주광역시, 300 
478,담배가게,전라북도, 640 
479,담배가게,전라남도, 990 
480,담배가게,대구광역시, 502 
481,담배가게,경상북도," 1,357 "
482,담배가게,부산광역시," 1,165 "
483,담배가게,울산광역시, 234 
484,담배가게,경상남도," 1,083 "
485,담배가게,제주특별자치도, 174 
486,당구장,합계," 18,290 "
487,당구장,서울특별시," 3,219 "
488,당구장,인천광역시," 1,162 "
489,당구장,경기도," 4,696 "
490,당구장,강원도, 809 
491,당구장,대전광역시, 518 
492,당구장,충청북도, 712 
493,당구장,충청남도, 820 
494,당구장,세종특별자치시, 90 
495,당구장,광주광역시, 492 
496,당구장,전라북도, 599 
497,당구장,전라남도, 701 
498,당구장,대구광역시, 643 
499,당구장,경상북도, 917 
500,당구장,부산광역시, 981 
501,당구장,울산광역시, 508 
502,당구장,경상남도," 1,104 "
503,당구장,제주특별자치도, 319 
504,독서실,합계," 9,798 "
505,독서실,서울특별시," 3,463 "
506,독서실,인천광역시, 442 
507,독서실,경기도," 2,409 "
508,독서실,강원도, 159 
509,독서실,대전광역시, 236 
510,독서실,충청북도, 187 
511,독서실,충청남도, 240 
512,독서실,세종특별자치시, 36 
513,독서실,광주광역시, 375 
514,독서실,전라북도, 272 
515,독서실,전라남도, 169 
516,독서실,대구광역시, 413 
517,독서실,경상북도, 238 
518,독서실,부산광역시, 446 
519,독서실,울산광역시, 239 
520,독서실,경상남도, 390 
521,독서실,제주특별자치도, 84 
522,동물병원,합계," 4,087 "
523,동물병원,서울특별시, 823 
524,동물병원,인천광역시, 189 
525,동물병원,경기도," 1,049 "
526,동물병원,강원도, 96 
527,동물병원,대전광역시, 96 
528,동물병원,충청북도, 108 
529,동물병원,충청남도, 182 
530,동물병원,세종특별자치시, 24 
531,동물병원,광주광역시, 104 
532,동물병원,전라북도, 161 
533,동물병원,전라남도, 161 
534,동물병원,대구광역시, 167 
535,동물병원,경상북도, 269 
536,동물병원,부산광역시, 239 
537,동물병원,울산광역시, 75 
538,동물병원,경상남도, 273 
539,동물병원,제주특별자치도, 71 
540,목욕탕,합계," 5,532 "
541,목욕탕,서울특별시, 721 
542,목욕탕,인천광역시, 213 
543,목욕탕,경기도, 764 
544,목욕탕,강원도, 183 
545,목욕탕,대전광역시, 100 
546,목욕탕,충청북도, 148 
547,목욕탕,충청남도, 200 
548,목욕탕,세종특별자치시, 12 
549,목욕탕,광주광역시, 180 
550,목욕탕,전라북도, 205 
551,목욕탕,전라남도, 296 
552,목욕탕,대구광역시, 268 
553,목욕탕,경상북도, 421 
554,목욕탕,부산광역시, 744 
555,목욕탕,울산광역시, 184 
556,목욕탕,경상남도, 777 
557,목욕탕,제주특별자치도, 116 
558,문구점,합계," 9,230 "
559,문구점,서울특별시," 1,567 "
560,문구점,인천광역시, 470 
561,문구점,경기도," 2,128 "
562,문구점,강원도, 379 
563,문구점,대전광역시, 320 
564,문구점,충청북도, 335 
565,문구점,충청남도, 441 
566,문구점,세종특별자치시, 78 
567,문구점,광주광역시, 296 
568,문구점,전라북도, 427 
569,문구점,전라남도, 413 
570,문구점,대구광역시, 354 
571,문구점,경상북도, 533 
572,문구점,부산광역시, 517 
573,문구점,울산광역시, 197 
574,문구점,경상남도, 625 
575,문구점,제주특별자치도, 150 
576,미용실,합계," 101,816 "
577,미용실,서울특별시," 18,023 "
578,미용실,인천광역시," 5,457 "
579,미용실,경기도," 22,968 "
580,미용실,강원도," 3,566 "
581,미용실,대전광역시," 3,325 "
582,미용실,충청북도," 3,475 "
583,미용실,충청남도," 4,238 "
584,미용실,세종특별자치시, 405 
585,미용실,광주광역시," 3,246 "
586,미용실,전라북도," 3,877 "
587,미용실,전라남도," 3,515 "
588,미용실,대구광역시," 5,438 "
589,미용실,경상북도," 5,857 "
590,미용실,부산광역시," 7,464 "
591,미용실,울산광역시," 2,608 "
592,미용실,경상남도," 6,989 "
593,미용실,제주특별자치도," 1,365 "
594,법무사,합계," 6,469 "
595,법무사,서울특별시," 1,940 "
596,법무사,인천광역시, 280 
597,법무사,경기도," 1,220 "
598,법무사,강원도, 188 
599,법무사,대전광역시, 166 
600,법무사,충청북도, 170 
601,법무사,충청남도, 217 
602,법무사,세종특별자치시, 22 
603,법무사,광주광역시, 221 
604,법무사,전라북도, 234 
605,법무사,전라남도, 211 
606,법무사,대구광역시, 298 
607,법무사,경상북도, 262 
608,법무사,부산광역시, 458 
609,법무사,울산광역시, 111 
610,법무사,경상남도, 387 
611,법무사,제주특별자치도, 84 
612,변리사,합계," 1,010 "
613,변리사,서울특별시, 712 
614,변리사,인천광역시, 14 
615,변리사,경기도, 92 
616,변리사,강원도, * 
617,변리사,대전광역시, 87 
618,변리사,충청북도, 4 
619,변리사,충청남도, 5 
620,변리사,세종특별자치시, * 
621,변리사,광주광역시, 11 
622,변리사,전라북도, 6 
623,변리사,전라남도, 4 
624,변리사,대구광역시, 23 
625,변리사,경상북도, 3 
626,변리사,부산광역시, 28 
627,변리사,울산광역시, 6 
628,변리사,경상남도, 11 
629,변리사,제주특별자치도, * 
630,변호사,합계," 7,334 "
631,변호사,서울특별시," 3,783 "
632,변호사,인천광역시, 246 
633,변호사,경기도, 962 
634,변호사,강원도, 117 
635,변호사,대전광역시, 222 
636,변호사,충청북도, 106 
637,변호사,충청남도, 140 
638,변호사,세종특별자치시, 17 
639,변호사,광주광역시, 213 
640,변호사,전라북도, 188 
641,변호사,전라남도, 92 
642,변호사,대구광역시, 277 
643,변호사,경상북도, 117 
644,변호사,부산광역시, 430 
645,변호사,울산광역시, 120 
646,변호사,경상남도, 218 
647,변호사,제주특별자치도, 86 
648,부동산중개업,합계," 125,163 "
649,부동산중개업,서울특별시," 31,026 "
650,부동산중개업,인천광역시," 6,771 "
651,부동산중개업,경기도," 34,954 "
652,부동산중개업,강원도," 2,590 "
653,부동산중개업,대전광역시," 3,298 "
654,부동산중개업,충청북도," 2,850 "
655,부동산중개업,충청남도," 4,136 "
656,부동산중개업,세종특별자치시," 1,330 "
657,부동산중개업,광주광역시," 4,068 "
658,부동산중개업,전라북도," 3,162 "
659,부동산중개업,전라남도," 2,193 "
660,부동산중개업,대구광역시," 5,678 "
661,부동산중개업,경상북도," 4,133 "
662,부동산중개업,부산광역시," 7,945 "
663,부동산중개업,울산광역시," 2,284 "
664,부동산중개업,경상남도," 6,826 "
665,부동산중개업,제주특별자치도," 1,919 "
666,분식점,합계," 54,294 "
667,분식점,서울특별시," 10,967 "
668,분식점,인천광역시," 2,577 "
669,분식점,경기도," 12,792 "
670,분식점,강원도," 1,635 "
671,분식점,대전광역시," 1,985 "
672,분식점,충청북도," 2,248 "
673,분식점,충청남도," 2,333 "
674,분식점,세종특별자치시, 201 
675,분식점,광주광역시," 1,586 "
676,분식점,전라북도," 1,961 "
677,분식점,전라남도," 1,489 "
678,분식점,대구광역시," 2,462 "
679,분식점,경상북도," 2,487 "
680,분식점,부산광역시," 4,033 "
681,분식점,울산광역시, 762 
682,분식점,경상남도," 3,973 "
683,분식점,제주특별자치도, 803 
684,사진촬영업,합계," 14,179 "
685,사진촬영업,서울특별시," 4,617 "
686,사진촬영업,인천광역시, 664 
687,사진촬영업,경기도," 3,000 "
688,사진촬영업,강원도, 413 
689,사진촬영업,대전광역시, 404 
690,사진촬영업,충청북도, 314 
691,사진촬영업,충청남도, 398 
692,사진촬영업,세종특별자치시, 57 
693,사진촬영업,광주광역시, 398 
694,사진촬영업,전라북도, 434 
695,사진촬영업,전라남도, 330 
696,사진촬영업,대구광역시, 633 
697,사진촬영업,경상북도, 524 
698,사진촬영업,부산광역시, 829 
699,사진촬영업,울산광역시, 220 
700,사진촬영업,경상남도, 611 
701,사진촬영업,제주특별자치도, 333 
702,산부인과 의원,합계," 1,681 "
703,산부인과 의원,서울특별시, 503 
704,산부인과 의원,인천광역시, 79 
705,산부인과 의원,경기도, 340 
706,산부인과 의원,강원도, 37 
707,산부인과 의원,대전광역시, 60 
708,산부인과 의원,충청북도, 46 
709,산부인과 의원,충청남도, 49 
710,산부인과 의원,세종특별자치시, 9 
711,산부인과 의원,광주광역시, 52 
712,산부인과 의원,전라북도, 56 
713,산부인과 의원,전라남도, 24 
714,산부인과 의원,대구광역시, 108 
715,산부인과 의원,경상북도, 67 
716,산부인과 의원,부산광역시, 100 
717,산부인과 의원,울산광역시, 43 
718,산부인과 의원,경상남도, 84 
719,산부인과 의원,제주특별자치도, 24 
720,생선가게,합계," 11,355 "
721,생선가게,서울특별시," 1,451 "
722,생선가게,인천광역시, 751 
723,생선가게,경기도," 1,219 "
724,생선가게,강원도, 523 
725,생선가게,대전광역시, 158 
726,생선가게,충청북도, 161 
727,생선가게,충청남도, 718 
728,생선가게,세종특별자치시, 23 
729,생선가게,광주광역시, 325 
730,생선가게,전라북도, 599 
731,생선가게,전라남도," 1,580 "
732,생선가게,대구광역시, 219 
733,생선가게,경상북도, 860 
734,생선가게,부산광역시," 1,059 "
735,생선가게,울산광역시, 400 
736,생선가게,경상남도, 867 
737,생선가게,제주특별자치도, 442 
738,서점,합계," 8,320 "
739,서점,서울특별시," 1,640 "
740,서점,인천광역시, 357 
741,서점,경기도," 1,961 "
742,서점,강원도, 240 
743,서점,대전광역시, 334 
744,서점,충청북도, 245 
745,서점,충청남도, 355 
746,서점,세종특별자치시, 62 
747,서점,광주광역시, 277 
748,서점,전라북도, 347 
749,서점,전라남도, 249 
750,서점,대구광역시, 494 
751,서점,경상북도, 387 
752,서점,부산광역시, 562 
753,서점,울산광역시, 184 
754,서점,경상남도, 486 
755,서점,제주특별자치도, 140 
756,성형외과 의원,합계," 1,479 "
757,성형외과 의원,서울특별시, 723 
758,성형외과 의원,인천광역시, 47 
759,성형외과 의원,경기도, 190 
760,성형외과 의원,강원도, 17 
761,성형외과 의원,대전광역시, 46 
762,성형외과 의원,충청북도, 24 
763,성형외과 의원,충청남도, 28 
764,성형외과 의원,세종특별자치시, 5 
765,성형외과 의원,광주광역시, 48 
766,성형외과 의원,전라북도, 26 
767,성형외과 의원,전라남도, 16 
768,성형외과 의원,대구광역시, 77 
769,성형외과 의원,경상북도, 16 
770,성형외과 의원,부산광역시, 136 
771,성형외과 의원,울산광역시, 20 
772,성형외과 의원,경상남도, 38 
773,성형외과 의원,제주특별자치도, 22 
774,세무사,합계," 12,490 "
775,세무사,서울특별시," 5,148 "
776,세무사,인천광역시, 524 
777,세무사,경기도," 2,753 "
778,세무사,강원도, 174 
779,세무사,대전광역시, 275 
780,세무사,충청북도, 168 
781,세무사,충청남도, 263 
782,세무사,세종특별자치시, 41 
783,세무사,광주광역시, 305 
784,세무사,전라북도, 269 
785,세무사,전라남도, 132 
786,세무사,대구광역시, 552 
787,세무사,경상북도, 237 
788,세무사,부산광역시, 948 
789,세무사,울산광역시, 171 
790,세무사,경상남도, 421 
791,세무사,제주특별자치도, 109 
792,세탁소,합계," 23,293 "
793,세탁소,서울특별시," 4,536 "
794,세탁소,인천광역시," 1,240 "
795,세탁소,경기도," 5,353 "
796,세탁소,강원도, 935 
797,세탁소,대전광역시, 873 
798,세탁소,충청북도, 891 
799,세탁소,충청남도," 1,118 "
800,세탁소,세종특별자치시, 98 
801,세탁소,광주광역시, 860 
802,세탁소,전라북도, 884 
803,세탁소,전라남도, 799 
804,세탁소,대구광역시, 841 
805,세탁소,경상북도," 1,252 "
806,세탁소,부산광역시," 1,306 "
807,세탁소,울산광역시, 441 
808,세탁소,경상남도," 1,269 "
809,세탁소,제주특별자치도, 597 
810,슈퍼마켓,합계," 29,585 "
811,슈퍼마켓,서울특별시," 3,953 "
812,슈퍼마켓,인천광역시," 1,850 "
813,슈퍼마켓,경기도," 7,955 "
814,슈퍼마켓,강원도," 1,025 "
815,슈퍼마켓,대전광역시, 680 
816,슈퍼마켓,충청북도," 1,000 "
817,슈퍼마켓,충청남도," 1,221 "
818,슈퍼마켓,세종특별자치시, 131 
819,슈퍼마켓,광주광역시, 857 
820,슈퍼마켓,전라북도, 998 
821,슈퍼마켓,전라남도," 1,212 "
822,슈퍼마켓,대구광역시," 1,700 "
823,슈퍼마켓,경상북도," 1,863 "
824,슈퍼마켓,부산광역시," 1,901 "
825,슈퍼마켓,울산광역시, 876 
826,슈퍼마켓,경상남도," 1,943 "
827,슈퍼마켓,제주특별자치도, 420 
828,스포츠교육기관,합계," 24,886 "
829,스포츠교육기관,서울특별시," 4,599 "
830,스포츠교육기관,인천광역시," 1,350 "
831,스포츠교육기관,경기도," 6,470 "
832,스포츠교육기관,강원도, 679 
833,스포츠교육기관,대전광역시, 819 
834,스포츠교육기관,충청북도, 733 
835,스포츠교육기관,충청남도, 895 
836,스포츠교육기관,세종특별자치시, 190 
837,스포츠교육기관,광주광역시, 906 
838,스포츠교육기관,전라북도, 828 
839,스포츠교육기관,전라남도, 711 
840,스포츠교육기관,대구광역시," 1,217 "
841,스포츠교육기관,경상북도," 1,140 "
842,스포츠교육기관,부산광역시," 1,650 "
843,스포츠교육기관,울산광역시, 564 
844,스포츠교육기관,경상남도," 1,730 "
845,스포츠교육기관,제주특별자치도, 405 
846,스포츠시설운영업,합계," 7,924 "
847,스포츠시설운영업,서울특별시," 2,177 "
848,스포츠시설운영업,인천광역시, 419 
849,스포츠시설운영업,경기도," 2,110 "
850,스포츠시설운영업,강원도, 237 
851,스포츠시설운영업,대전광역시, 178 
852,스포츠시설운영업,충청북도, 181 
853,스포츠시설운영업,충청남도, 210 
854,스포츠시설운영업,세종특별자치시, 41 
855,스포츠시설운영업,광주광역시, 242 
856,스포츠시설운영업,전라북도, 259 
857,스포츠시설운영업,전라남도, 173 
858,스포츠시설운영업,대구광역시, 298 
859,스포츠시설운영업,경상북도, 287 
860,스포츠시설운영업,부산광역시, 460 
861,스포츠시설운영업,울산광역시, 138 
862,스포츠시설운영업,경상남도, 388 
863,스포츠시설운영업,제주특별자치도, 126 
864,스포츠용품점,합계," 15,060 "
865,스포츠용품점,서울특별시," 1,476 "
866,스포츠용품점,인천광역시, 513 
867,스포츠용품점,경기도," 3,160 "
868,스포츠용품점,강원도, 861 
869,스포츠용품점,대전광역시, 374 
870,스포츠용품점,충청북도, 657 
871,스포츠용품점,충청남도," 1,008 "
872,스포츠용품점,세종특별자치시, 65 
873,스포츠용품점,광주광역시, 429 
874,스포츠용품점,전라북도, 895 
875,스포츠용품점,전라남도, 918 
876,스포츠용품점,대구광역시, 649 
877,스포츠용품점,경상북도," 1,240 "
878,스포츠용품점,부산광역시, 706 
879,스포츠용품점,울산광역시, 283 
880,스포츠용품점,경상남도," 1,393 "
881,스포츠용품점,제주특별자치도, 433 
882,시계ㆍ귀금속점,합계," 8,170 "
883,시계ㆍ귀금속점,서울특별시," 1,886 "
884,시계ㆍ귀금속점,인천광역시, 353 
885,시계ㆍ귀금속점,경기도," 1,294 "
886,시계ㆍ귀금속점,강원도, 238 
887,시계ㆍ귀금속점,대전광역시, 225 
888,시계ㆍ귀금속점,충청북도, 259 
889,시계ㆍ귀금속점,충청남도, 319 
890,시계ㆍ귀금속점,세종특별자치시, 15 
891,시계ㆍ귀금속점,광주광역시, 258 
892,시계ㆍ귀금속점,전라북도, 385 
893,시계ㆍ귀금속점,전라남도, 283 
894,시계ㆍ귀금속점,대구광역시, 534 
895,시계ㆍ귀금속점,경상북도, 439 
896,시계ㆍ귀금속점,부산광역시, 788 
897,시계ㆍ귀금속점,울산광역시, 225 
898,시계ㆍ귀금속점,경상남도, 567 
899,시계ㆍ귀금속점,제주특별자치도, 102 
900,식료품가게,합계," 49,172 "
901,식료품가게,서울특별시," 5,512 "
902,식료품가게,인천광역시," 2,107 "
903,식료품가게,경기도," 8,971 "
904,식료품가게,강원도," 2,878 "
905,식료품가게,대전광역시," 1,390 "
906,식료품가게,충청북도," 2,288 "
907,식료품가게,충청남도," 3,392 "
908,식료품가게,세종특별자치시, 237 
909,식료품가게,광주광역시," 1,463 "
910,식료품가게,전라북도," 3,440 "
911,식료품가게,전라남도," 3,677 "
912,식료품가게,대구광역시," 1,663 "
913,식료품가게,경상북도," 3,533 "
914,식료품가게,부산광역시," 3,075 "
915,식료품가게,울산광역시, 773 
916,식료품가게,경상남도," 3,951 "
917,식료품가게,제주특별자치도, 822 
918,신경정신과 의원,합계," 1,739 "
919,신경정신과 의원,서울특별시, 489 
920,신경정신과 의원,인천광역시, 72 
921,신경정신과 의원,경기도, 371 
922,신경정신과 의원,강원도, 40 
923,신경정신과 의원,대전광역시, 73 
924,신경정신과 의원,충청북도, 45 
925,신경정신과 의원,충청남도, 52 
926,신경정신과 의원,세종특별자치시, 11 
927,신경정신과 의원,광주광역시, 47 
928,신경정신과 의원,전라북도, 67 
929,신경정신과 의원,전라남도, 44 
930,신경정신과 의원,대구광역시, 108 
931,신경정신과 의원,경상북도, 51 
932,신경정신과 의원,부산광역시, 148 
933,신경정신과 의원,울산광역시, 25 
934,신경정신과 의원,경상남도, 74 
935,신경정신과 의원,제주특별자치도, 22 
936,신발가게,합계," 6,598 "
937,신발가게,서울특별시," 1,340 "
938,신발가게,인천광역시, 344 
939,신발가게,경기도," 1,252 "
940,신발가게,강원도, 239 
941,신발가게,대전광역시, 201 
942,신발가게,충청북도, 230 
943,신발가게,충청남도, 277 
944,신발가게,세종특별자치시, 23 
945,신발가게,광주광역시, 212 
946,신발가게,전라북도, 300 
947,신발가게,전라남도, 264 
948,신발가게,대구광역시, 337 
949,신발가게,경상북도, 374 
950,신발가게,부산광역시, 562 
951,신발가게,울산광역시, 117 
952,신발가게,경상남도, 412 
953,신발가게,제주특별자치도, 114 
954,실내스크린골프점,합계," 4,895 "
955,실내스크린골프점,서울특별시, 672 
956,실내스크린골프점,인천광역시, 202 
957,실내스크린골프점,경기도," 1,266 "
958,실내스크린골프점,강원도, 157 
959,실내스크린골프점,대전광역시, 150 
960,실내스크린골프점,충청북도, 177 
961,실내스크린골프점,충청남도, 210 
962,실내스크린골프점,세종특별자치시, 27 
963,실내스크린골프점,광주광역시, 110 
964,실내스크린골프점,전라북도, 177 
965,실내스크린골프점,전라남도, 163 
966,실내스크린골프점,대구광역시, 295 
967,실내스크린골프점,경상북도, 290 
968,실내스크린골프점,부산광역시, 308 
969,실내스크린골프점,울산광역시, 177 
970,실내스크린골프점,경상남도, 424 
971,실내스크린골프점,제주특별자치도, 90 
972,실내장식가게,합계," 56,641 "
973,실내장식가게,서울특별시," 13,765 "
974,실내장식가게,인천광역시," 3,280 "
975,실내장식가게,경기도," 16,807 "
976,실내장식가게,강원도," 1,108 "
977,실내장식가게,대전광역시," 1,864 "
978,실내장식가게,충청북도," 1,290 "
979,실내장식가게,충청남도," 1,505 "
980,실내장식가게,세종특별자치시, 224 
981,실내장식가게,광주광역시," 1,992 "
982,실내장식가게,전라북도, 255 
983,실내장식가게,전라남도," 1,187 "
984,실내장식가게,대구광역시," 2,584 "
985,실내장식가게,경상북도," 1,823 "
986,실내장식가게,부산광역시," 3,976 "
987,실내장식가게,울산광역시," 1,014 "
988,실내장식가게,경상남도," 2,749 "
989,실내장식가게,제주특별자치도," 1,218 "
990,실외골프연습장,합계," 2,246 "
991,실외골프연습장,서울특별시, 370 
992,실외골프연습장,인천광역시, 78 
993,실외골프연습장,경기도, 504 
994,실외골프연습장,강원도, 108 
995,실외골프연습장,대전광역시, 65 
996,실외골프연습장,충청북도, 100 
997,실외골프연습장,충청남도, 96 
998,실외골프연습장,세종특별자치시, 4 
999,실외골프연습장,광주광역시, 47 
1000,실외골프연습장,전라북도, 93 
1001,실외골프연습장,전라남도, 98 
1002,실외골프연습장,대구광역시, 93 
1003,실외골프연습장,경상북도, 191 
1004,실외골프연습장,부산광역시, 137 
1005,실외골프연습장,울산광역시, 48 
1006,실외골프연습장,경상남도, 161 
1007,실외골프연습장,제주특별자치도, 53 
1008,안경점,합계," 9,241 "
1009,안경점,서울특별시," 2,063 "
1010,안경점,인천광역시, 430 
1011,안경점,경기도," 1,989 "
1012,안경점,강원도, 252 
1013,안경점,대전광역시, 319 
1014,안경점,충청북도, 289 
1015,안경점,충청남도, 341 
1016,안경점,세종특별자치시, 45 
1017,안경점,광주광역시, 354 
1018,안경점,전라북도, 351 
1019,안경점,전라남도, 310 
1020,안경점,대구광역시, 483 
1021,안경점,경상북도, 432 
1022,안경점,부산광역시, 642 
1023,안경점,울산광역시, 222 
1024,안경점,경상남도, 596 
1025,안경점,제주특별자치도, 123 
1026,안과 의원,합계," 1,663 "
1027,안과 의원,서울특별시, 450 
1028,안과 의원,인천광역시, 66 
1029,안과 의원,경기도, 357 
1030,안과 의원,강원도, 43 
1031,안과 의원,대전광역시, 48 
1032,안과 의원,충청북도, 38 
1033,안과 의원,충청남도, 53 
1034,안과 의원,세종특별자치시, 6 
1035,안과 의원,광주광역시, 40 
1036,안과 의원,전라북도, 64 
1037,안과 의원,전라남도, 50 
1038,안과 의원,대구광역시, 101 
1039,안과 의원,경상북도, 68 
1040,안과 의원,부산광역시, 134 
1041,안과 의원,울산광역시, 33 
1042,안과 의원,경상남도, 92 
1043,안과 의원,제주특별자치도, 20 
1044,애완용품점,합계," 8,006 "
1045,애완용품점,서울특별시," 1,308 "
1046,애완용품점,인천광역시, 496 
1047,애완용품점,경기도," 2,425 "
1048,애완용품점,강원도, 215 
1049,애완용품점,대전광역시, 271 
1050,애완용품점,충청북도, 242 
1051,애완용품점,충청남도, 335 
1052,애완용품점,세종특별자치시, 26 
1053,애완용품점,광주광역시, 203 
1054,애완용품점,전라북도, 221 
1055,애완용품점,전라남도, 186 
1056,애완용품점,대구광역시, 357 
1057,애완용품점,경상북도, 400 
1058,애완용품점,부산광역시, 586 
1059,애완용품점,울산광역시, 137 
1060,애완용품점,경상남도, 502 
1061,애완용품점,제주특별자치도, 96 
1062,약국,합계," 22,675 "
1063,약국,서울특별시," 5,093 "
1064,약국,인천광역시," 1,107 "
1065,약국,경기도," 5,010 "
1066,약국,강원도, 669 
1067,약국,대전광역시, 747 
1068,약국,충청북도, 671 
1069,약국,충청남도, 958 
1070,약국,세종특별자치시, 116 
1071,약국,광주광역시, 678 
1072,약국,전라북도, 914 
1073,약국,전라남도, 788 
1074,약국,대구광역시," 1,285 "
1075,약국,경상북도," 1,102 "
1076,약국,부산광역시," 1,530 "
1077,약국,울산광역시, 415 
1078,약국,경상남도," 1,295 "
1079,약국,제주특별자치도, 297 
1080,여관ㆍ모텔,합계," 21,052 "
1081,여관ㆍ모텔,서울특별시," 1,987 "
1082,여관ㆍ모텔,인천광역시, 831 
1083,여관ㆍ모텔,경기도," 3,249 "
1084,여관ㆍ모텔,강원도," 1,574 "
1085,여관ㆍ모텔,대전광역시, 638 
1086,여관ㆍ모텔,충청북도, 859 
1087,여관ㆍ모텔,충청남도," 1,504 "
1088,여관ㆍ모텔,세종특별자치시, 66 
1089,여관ㆍ모텔,광주광역시, 506 
1090,여관ㆍ모텔,전라북도," 1,020 "
1091,여관ㆍ모텔,전라남도," 1,317 "
1092,여관ㆍ모텔,대구광역시, 715 
1093,여관ㆍ모텔,경상북도," 1,965 "
1094,여관ㆍ모텔,부산광역시," 1,406 "
1095,여관ㆍ모텔,울산광역시, 631 
1096,여관ㆍ모텔,경상남도," 2,361 "
1097,여관ㆍ모텔,제주특별자치도, 423 
1098,여행사,합계," 14,239 "
1099,여행사,서울특별시," 5,617 "
1100,여행사,인천광역시, 413 
1101,여행사,경기도," 1,779 "
1102,여행사,강원도, 346 
1103,여행사,대전광역시, 328 
1104,여행사,충청북도, 282 
1105,여행사,충청남도, 318 
1106,여행사,세종특별자치시, 54 
1107,여행사,광주광역시, 415 
1108,여행사,전라북도, 421 
1109,여행사,전라남도, 447 
1110,여행사,대구광역시, 534 
1111,여행사,경상북도, 464 
1112,여행사,부산광역시," 1,096 "
1113,여행사,울산광역시, 189 
1114,여행사,경상남도, 579 
1115,여행사,제주특별자치도, 957 
1116,예술학원,합계," 31,026 "
1117,예술학원,서울특별시," 5,506 "
1118,예술학원,인천광역시," 1,523 "
1119,예술학원,경기도," 8,555 "
1120,예술학원,강원도, 888 
1121,예술학원,대전광역시, 907 
1122,예술학원,충청북도, 892 
1123,예술학원,충청남도," 1,103 "
1124,예술학원,세종특별자치시, 260 
1125,예술학원,광주광역시," 1,100 "
1126,예술학원,전라북도," 1,328 "
1127,예술학원,전라남도, 876 
1128,예술학원,대구광역시," 1,395 "
1129,예술학원,경상북도," 1,385 "
1130,예술학원,부산광역시," 1,834 "
1131,예술학원,울산광역시, 797 
1132,예술학원,경상남도," 2,237 "
1133,예술학원,제주특별자치도, 440 
1134,예식장,합계, 900 
1135,예식장,서울특별시, 170 
1136,예식장,인천광역시, 27 
1137,예식장,경기도, 143 
1138,예식장,강원도, 40 
1139,예식장,대전광역시, 23 
1140,예식장,충청북도, 35 
1141,예식장,충청남도, 71 
1142,예식장,세종특별자치시, 5 
1143,예식장,광주광역시, 25 
1144,예식장,전라북도, 46 
1145,예식장,전라남도, 44 
1146,예식장,대구광역시, 42 
1147,예식장,경상북도, 68 
1148,예식장,부산광역시, 60 
1149,예식장,울산광역시, 15 
1150,예식장,경상남도, 65 
1151,예식장,제주특별자치도, 21 
1152,옷가게,합계," 86,751 "
1153,옷가게,서울특별시," 16,080 "
1154,옷가게,인천광역시," 4,098 "
1155,옷가게,경기도," 17,611 "
1156,옷가게,강원도," 3,208 "
1157,옷가게,대전광역시," 2,812 "
1158,옷가게,충청북도," 2,981 "
1159,옷가게,충청남도," 3,313 "
1160,옷가게,세종특별자치시, 366 
1161,옷가게,광주광역시," 3,227 "
1162,옷가게,전라북도," 3,487 "
1163,옷가게,전라남도," 3,063 "
1164,옷가게,대구광역시," 5,357 "
1165,옷가게,경상북도," 4,687 "
1166,옷가게,부산광역시," 7,165 "
1167,옷가게,울산광역시," 1,842 "
1168,옷가게,경상남도," 5,774 "
1169,옷가게,제주특별자치도," 1,680 "
1170,의료용품가게,합계," 7,119 "
1171,의료용품가게,서울특별시," 1,607 "
1172,의료용품가게,인천광역시, 305 
1173,의료용품가게,경기도," 1,557 "
1174,의료용품가게,강원도, 185 
1175,의료용품가게,대전광역시, 274 
1176,의료용품가게,충청북도, 183 
1177,의료용품가게,충청남도, 284 
1178,의료용품가게,세종특별자치시, 25 
1179,의료용품가게,광주광역시, 315 
1180,의료용품가게,전라북도, 333 
1181,의료용품가게,전라남도, 226 
1182,의료용품가게,대구광역시, 343 
1183,의료용품가게,경상북도, 272 
1184,의료용품가게,부산광역시, 582 
1185,의료용품가게,울산광역시, 115 
1186,의료용품가게,경상남도, 428 
1187,의료용품가게,제주특별자치도, 85 
1188,이륜자동차판매점,합계," 2,654 "
1189,이륜자동차판매점,서울특별시, 461 
1190,이륜자동차판매점,인천광역시, 94 
1191,이륜자동차판매점,경기도, 452 
1192,이륜자동차판매점,강원도, 95 
1193,이륜자동차판매점,대전광역시, 58 
1194,이륜자동차판매점,충청북도, 90 
1195,이륜자동차판매점,충청남도, 146 
1196,이륜자동차판매점,세종특별자치시, 8 
1197,이륜자동차판매점,광주광역시, 66 
1198,이륜자동차판매점,전라북도, 125 
1199,이륜자동차판매점,전라남도, 150 
1200,이륜자동차판매점,대구광역시, 151 
1201,이륜자동차판매점,경상북도, 210 
1202,이륜자동차판매점,부산광역시, 213 
1203,이륜자동차판매점,울산광역시, 76 
1204,이륜자동차판매점,경상남도, 220 
1205,이륜자동차판매점,제주특별자치도, 39 
1206,이발소,합계," 11,888 "
1207,이발소,서울특별시," 2,176 "
1208,이발소,인천광역시, 418 
1209,이발소,경기도," 2,105 "
1210,이발소,강원도, 654 
1211,이발소,대전광역시, 411 
1212,이발소,충청북도, 417 
1213,이발소,충청남도, 611 
1214,이발소,세종특별자치시, 36 
1215,이발소,광주광역시, 254 
1216,이발소,전라북도, 459 
1217,이발소,전라남도, 551 
1218,이발소,대구광역시, 575 
1219,이발소,경상북도, 875 
1220,이발소,부산광역시," 1,021 "
1221,이발소,울산광역시, 372 
1222,이발소,경상남도, 792 
1223,이발소,제주특별자치도, 161 
1224,이비인후과 의원,합계," 2,586 "
1225,이비인후과 의원,서울특별시, 686 
1226,이비인후과 의원,인천광역시, 137 
1227,이비인후과 의원,경기도, 651 
1228,이비인후과 의원,강원도, 49 
1229,이비인후과 의원,대전광역시, 82 
1230,이비인후과 의원,충청북도, 61 
1231,이비인후과 의원,충청남도, 56 
1232,이비인후과 의원,세종특별자치시, 16 
1233,이비인후과 의원,광주광역시, 76 
1234,이비인후과 의원,전라북도, 75 
1235,이비인후과 의원,전라남도, 48 
1236,이비인후과 의원,대구광역시, 159 
1237,이비인후과 의원,경상북도, 88 
1238,이비인후과 의원,부산광역시, 201 
1239,이비인후과 의원,울산광역시, 47 
1240,이비인후과 의원,경상남도, 127 
1241,이비인후과 의원,제주특별자치도, 27 
1242,일반외과 의원,합계," 4,844 "
1243,일반외과 의원,서울특별시," 1,094 "
1244,일반외과 의원,인천광역시, 269 
1245,일반외과 의원,경기도," 1,136 "
1246,일반외과 의원,강원도, 133 
1247,일반외과 의원,대전광역시, 143 
1248,일반외과 의원,충청북도, 176 
1249,일반외과 의원,충청남도, 192 
1250,일반외과 의원,세종특별자치시, 33 
1251,일반외과 의원,광주광역시, 100 
1252,일반외과 의원,전라북도, 181 
1253,일반외과 의원,전라남도, 137 
1254,일반외과 의원,대구광역시, 302 
1255,일반외과 의원,경상북도, 230 
1256,일반외과 의원,부산광역시, 324 
1257,일반외과 의원,울산광역시, 78 
1258,일반외과 의원,경상남도, 246 
1259,일반외과 의원,제주특별자치도, 70 
1260,일식전문점,합계," 18,165 "
1261,일식전문점,서울특별시," 5,577 "
1262,일식전문점,인천광역시, 962 
1263,일식전문점,경기도," 3,689 "
1264,일식전문점,강원도, 981 
1265,일식전문점,대전광역시, 447 
1266,일식전문점,충청북도, 489 
1267,일식전문점,충청남도, 750 
1268,일식전문점,세종특별자치시, 88 
1269,일식전문점,광주광역시, 275 
1270,일식전문점,전라북도, 506 
1271,일식전문점,전라남도, 426 
1272,일식전문점,대구광역시, 839 
1273,일식전문점,경상북도, 540 
1274,일식전문점,부산광역시," 1,069 "
1275,일식전문점,울산광역시, 272 
1276,일식전문점,경상남도, 737 
1277,일식전문점,제주특별자치도, 518 
1278,자동차수리점,합계," 44,047 "
1279,자동차수리점,서울특별시," 4,903 "
1280,자동차수리점,인천광역시," 2,331 "
1281,자동차수리점,경기도," 11,136 "
1282,자동차수리점,강원도," 1,789 "
1283,자동차수리점,대전광역시," 1,425 "
1284,자동차수리점,충청북도," 1,821 "
1285,자동차수리점,충청남도," 2,420 "
1286,자동차수리점,세종특별자치시, 196 
1287,자동차수리점,광주광역시," 1,504 "
1288,자동차수리점,전라북도," 1,985 "
1289,자동차수리점,전라남도," 2,003 "
1290,자동차수리점,대구광역시," 2,258 "
1291,자동차수리점,경상북도," 3,035 "
1292,자동차수리점,부산광역시," 2,352 "
1293,자동차수리점,울산광역시," 1,091 "
1294,자동차수리점,경상남도," 3,206 "
1295,자동차수리점,제주특별자치도, 592 
1296,자전거판매점,합계," 2,538 "
1297,자전거판매점,서울특별시, 401 
1298,자전거판매점,인천광역시, 106 
1299,자전거판매점,경기도, 610 
1300,자전거판매점,강원도, 89 
1301,자전거판매점,대전광역시, 96 
1302,자전거판매점,충청북도, 84 
1303,자전거판매점,충청남도, 110 
1304,자전거판매점,세종특별자치시, 12 
1305,자전거판매점,광주광역시, 63 
1306,자전거판매점,전라북도, 135 
1307,자전거판매점,전라남도, 97 
1308,자전거판매점,대구광역시, 160 
1309,자전거판매점,경상북도, 167 
1310,자전거판매점,부산광역시, 108 
1311,자전거판매점,울산광역시, 61 
1312,자전거판매점,경상남도, 206 
1313,자전거판매점,제주특별자치도, 33 
1314,장난감가게,합계," 3,070 "
1315,장난감가게,서울특별시, 542 
1316,장난감가게,인천광역시, 142 
1317,장난감가게,경기도, 857 
1318,장난감가게,강원도, 97 
1319,장난감가게,대전광역시, 93 
1320,장난감가게,충청북도, 87 
1321,장난감가게,충청남도, 136 
1322,장난감가게,세종특별자치시, 25 
1323,장난감가게,광주광역시, 81 
1324,장난감가게,전라북도, 107 
1325,장난감가게,전라남도, 104 
1326,장난감가게,대구광역시, 144 
1327,장난감가게,경상북도, 167 
1328,장난감가게,부산광역시, 191 
1329,장난감가게,울산광역시, 59 
1330,장난감가게,경상남도, 173 
1331,장난감가게,제주특별자치도, 65 
1332,정육점,합계," 19,761 "
1333,정육점,서울특별시," 2,776 "
1334,정육점,인천광역시," 1,062 "
1335,정육점,경기도," 4,262 "
1336,정육점,강원도, 855 
1337,정육점,대전광역시, 756 
1338,정육점,충청북도, 791 
1339,정육점,충청남도," 1,008 "
1340,정육점,세종특별자치시, 119 
1341,정육점,광주광역시, 548 
1342,정육점,전라북도," 1,056 "
1343,정육점,전라남도, 813 
1344,정육점,대구광역시," 1,284 "
1345,정육점,경상북도," 1,257 "
1346,정육점,부산광역시," 1,108 "
1347,정육점,울산광역시, 587 
1348,정육점,경상남도," 1,193 "
1349,정육점,제주특별자치도, 286 
1350,제과점,합계," 17,201 "
1351,제과점,서울특별시," 3,588 "
1352,제과점,인천광역시, 804 
1353,제과점,경기도," 3,983 "
1354,제과점,강원도, 561 
1355,제과점,대전광역시, 517 
1356,제과점,충청북도, 534 
1357,제과점,충청남도, 687 
1358,제과점,세종특별자치시, 122 
1359,제과점,광주광역시, 482 
1360,제과점,전라북도, 627 
1361,제과점,전라남도, 559 
1362,제과점,대구광역시, 895 
1363,제과점,경상북도, 905 
1364,제과점,부산광역시," 1,078 "
1365,제과점,울산광역시, 369 
1366,제과점,경상남도," 1,085 "
1367,제과점,제주특별자치도, 405 
1368,종합병원,합계," 3,404 "
1369,종합병원,서울특별시, 439 
1370,종합병원,인천광역시, 145 
1371,종합병원,경기도, 673 
1372,종합병원,강원도, 86 
1373,종합병원,대전광역시, 100 
1374,종합병원,충청북도, 97 
1375,종합병원,충청남도, 142 
1376,종합병원,세종특별자치시, 12 
1377,종합병원,광주광역시, 172 
1378,종합병원,전라북도, 166 
1379,종합병원,전라남도, 200 
1380,종합병원,대구광역시, 190 
1381,종합병원,경상북도, 230 
1382,종합병원,부산광역시, 336 
1383,종합병원,울산광역시, 96 
1384,종합병원,경상남도, 295 
1385,종합병원,제주특별자치도, 25 
1386,주유소,합계," 10,680 "
1387,주유소,서울특별시, 397 
1388,주유소,인천광역시, 273 
1389,주유소,경기도," 2,165 "
1390,주유소,강원도, 625 
1391,주유소,대전광역시, 228 
1392,주유소,충청북도, 714 
1393,주유소,충청남도, 998 
1394,주유소,세종특별자치시, 67 
1395,주유소,광주광역시, 257 
1396,주유소,전라북도, 834 
1397,주유소,전라남도, 813 
1398,주유소,대구광역시, 328 
1399,주유소,경상북도," 1,203 "
1400,주유소,부산광역시, 350 
1401,주유소,울산광역시, 209 
1402,주유소,경상남도," 1,034 "
1403,주유소,제주특별자치도, 185 
1404,주차장운영업,합계," 7,818 "
1405,주차장운영업,서울특별시," 1,755 "
1406,주차장운영업,인천광역시, 305 
1407,주차장운영업,경기도," 1,263 "
1408,주차장운영업,강원도, 150 
1409,주차장운영업,대전광역시, 173 
1410,주차장운영업,충청북도, 154 
1411,주차장운영업,충청남도, 135 
1412,주차장운영업,세종특별자치시, 24 
1413,주차장운영업,광주광역시, 259 
1414,주차장운영업,전라북도, 127 
1415,주차장운영업,전라남도, 99 
1416,주차장운영업,대구광역시, 429 
1417,주차장운영업,경상북도, 251 
1418,주차장운영업,부산광역시," 1,742 "
1419,주차장운영업,울산광역시, 230 
1420,주차장운영업,경상남도, 667 
1421,주차장운영업,제주특별자치도, 55 
1422,중고차판매점,합계," 4,803 "
1423,중고차판매점,서울특별시, 491 
1424,중고차판매점,인천광역시, 275 
1425,중고차판매점,경기도," 1,017 "
1426,중고차판매점,강원도, 154 
1427,중고차판매점,대전광역시, 194 
1428,중고차판매점,충청북도, 194 
1429,중고차판매점,충청남도, 211 
1430,중고차판매점,세종특별자치시, 4 
1431,중고차판매점,광주광역시, 236 
1432,중고차판매점,전라북도, 293 
1433,중고차판매점,전라남도, 219 
1434,중고차판매점,대구광역시, 472 
1435,중고차판매점,경상북도, 320 
1436,중고차판매점,부산광역시, 232 
1437,중고차판매점,울산광역시, 107 
1438,중고차판매점,경상남도, 329 
1439,중고차판매점,제주특별자치도, 55 
1440,중식전문점,합계," 24,675 "
1441,중식전문점,서울특별시," 4,878 "
1442,중식전문점,인천광역시," 1,190 "
1443,중식전문점,경기도," 5,267 "
1444,중식전문점,강원도," 1,027 "
1445,중식전문점,대전광역시, 590 
1446,중식전문점,충청북도, 898 
1447,중식전문점,충청남도," 1,231 "
1448,중식전문점,세종특별자치시, 148 
1449,중식전문점,광주광역시, 494 
1450,중식전문점,전라북도," 1,039 "
1451,중식전문점,전라남도, 829 
1452,중식전문점,대구광역시," 1,253 "
1453,중식전문점,경상북도," 1,496 "
1454,중식전문점,부산광역시," 1,775 "
1455,중식전문점,울산광역시, 501 
1456,중식전문점,경상남도," 1,649 "
1457,중식전문점,제주특별자치도, 410 
1458,채소가게,합계," 11,342 "
1459,채소가게,서울특별시," 1,550 "
1460,채소가게,인천광역시, 536 
1461,채소가게,경기도," 1,987 "
1462,채소가게,강원도, 789 
1463,채소가게,대전광역시, 285 
1464,채소가게,충청북도, 506 
1465,채소가게,충청남도, 696 
1466,채소가게,세종특별자치시, 56 
1467,채소가게,광주광역시, 227 
1468,채소가게,전라북도, 624 
1469,채소가게,전라남도, 737 
1470,채소가게,대구광역시, 435 
1471,채소가게,경상북도, 941 
1472,채소가게,부산광역시, 706 
1473,채소가게,울산광역시, 131 
1474,채소가게,경상남도, 844 
1475,채소가게,제주특별자치도, 292 
1476,철물점,합계," 8,835 "
1477,철물점,서울특별시," 1,395 "
1478,철물점,인천광역시, 503 
1479,철물점,경기도," 1,852 "
1480,철물점,강원도, 457 
1481,철물점,대전광역시, 282 
1482,철물점,충청북도, 353 
1483,철물점,충청남도, 457 
1484,철물점,세종특별자치시, 40 
1485,철물점,광주광역시, 294 
1486,철물점,전라북도, 423 
1487,철물점,전라남도, 456 
1488,철물점,대구광역시, 342 
1489,철물점,경상북도, 489 
1490,철물점,부산광역시, 668 
1491,철물점,울산광역시, 172 
1492,철물점,경상남도, 548 
1493,철물점,제주특별자치도, 104 
1494,치과병원ㆍ의원,합계," 18,255 "
1495,치과병원ㆍ의원,서울특별시," 4,913 "
1496,치과병원ㆍ의원,인천광역시, 915 
1497,치과병원ㆍ의원,경기도," 4,280 "
1498,치과병원ㆍ의원,강원도, 394 
1499,치과병원ㆍ의원,대전광역시, 532 
1500,치과병원ㆍ의원,충청북도, 431 
1501,치과병원ㆍ의원,충청남도, 573 
1502,치과병원ㆍ의원,세종특별자치시, 87 
1503,치과병원ㆍ의원,광주광역시, 639 
1504,치과병원ㆍ의원,전라북도, 583 
1505,치과병원ㆍ의원,전라남도, 492 
1506,치과병원ㆍ의원,대구광역시, 901 
1507,치과병원ㆍ의원,경상북도, 685 
1508,치과병원ㆍ의원,부산광역시," 1,310 "
1509,치과병원ㆍ의원,울산광역시, 389 
1510,치과병원ㆍ의원,경상남도, 915 
1511,치과병원ㆍ의원,제주특별자치도, 216 
1512,침구ㆍ커튼가게,합계," 9,932 "
1513,침구ㆍ커튼가게,서울특별시," 1,300 "
1514,침구ㆍ커튼가게,인천광역시, 427 
1515,침구ㆍ커튼가게,경기도," 1,887 "
1516,침구ㆍ커튼가게,강원도, 403 
1517,침구ㆍ커튼가게,대전광역시, 419 
1518,침구ㆍ커튼가게,충청북도, 394 
1519,침구ㆍ커튼가게,충청남도, 510 
1520,침구ㆍ커튼가게,세종특별자치시, 52 
1521,침구ㆍ커튼가게,광주광역시, 389 
1522,침구ㆍ커튼가게,전라북도, 489 
1523,침구ㆍ커튼가게,전라남도, 482 
1524,침구ㆍ커튼가게,대구광역시, 659 
1525,침구ㆍ커튼가게,경상북도, 669 
1526,침구ㆍ커튼가게,부산광역시, 700 
1527,침구ㆍ커튼가게,울산광역시, 237 
1528,침구ㆍ커튼가게,경상남도, 691 
1529,침구ㆍ커튼가게,제주특별자치도, 224 
1530,커피음료점,합계," 61,340 "
1531,커피음료점,서울특별시," 12,200 "
1532,커피음료점,인천광역시," 3,002 "
1533,커피음료점,경기도," 13,011 "
1534,커피음료점,강원도," 2,172 "
1535,커피음료점,대전광역시," 2,235 "
1536,커피음료점,충청북도," 2,062 "
1537,커피음료점,충청남도," 2,686 "
1538,커피음료점,세종특별자치시, 412 
1539,커피음료점,광주광역시," 1,631 "
1540,커피음료점,전라북도," 2,514 "
1541,커피음료점,전라남도," 2,187 "
1542,커피음료점,대구광역시," 2,893 "
1543,커피음료점,경상북도," 4,284 "
1544,커피음료점,부산광역시," 3,496 "
1545,커피음료점,울산광역시," 1,438 "
1546,커피음료점,경상남도," 3,905 "
1547,커피음료점,제주특별자치도," 1,212 "
1548,컴퓨터판매점,합계," 4,997 "
1549,컴퓨터판매점,서울특별시," 1,013 "
1550,컴퓨터판매점,인천광역시, 211 
1551,컴퓨터판매점,경기도," 1,104 "
1552,컴퓨터판매점,강원도, 185 
1553,컴퓨터판매점,대전광역시, 184 
1554,컴퓨터판매점,충청북도, 187 
1555,컴퓨터판매점,충청남도, 213 
1556,컴퓨터판매점,세종특별자치시, 35 
1557,컴퓨터판매점,광주광역시, 184 
1558,컴퓨터판매점,전라북도, 210 
1559,컴퓨터판매점,전라남도, 179 
1560,컴퓨터판매점,대구광역시, 231 
1561,컴퓨터판매점,경상북도, 318 
1562,컴퓨터판매점,부산광역시, 240 
1563,컴퓨터판매점,울산광역시, 91 
1564,컴퓨터판매점,경상남도, 321 
1565,컴퓨터판매점,제주특별자치도, 91 
1566,통신판매업,합계," 268,382 "
1567,통신판매업,서울특별시," 79,652 "
1568,통신판매업,인천광역시," 17,682 "
1569,통신판매업,경기도," 78,964 "
1570,통신판매업,강원도," 3,576 "
1571,통신판매업,대전광역시," 6,431 "
1572,통신판매업,충청북도," 5,085 "
1573,통신판매업,충청남도," 6,556 "
1574,통신판매업,세종특별자치시," 1,250 "
1575,통신판매업,광주광역시," 6,123 "
1576,통신판매업,전라북도," 5,256 "
1577,통신판매업,전라남도," 4,825 "
1578,통신판매업,대구광역시," 12,708 "
1579,통신판매업,경상북도," 8,481 "
1580,통신판매업,부산광역시," 16,580 "
1581,통신판매업,울산광역시," 3,329 "
1582,통신판매업,경상남도," 9,876 "
1583,통신판매업,제주특별자치도," 2,008 "
1584,패스트푸드점,합계," 38,985 "
1585,패스트푸드점,서울특별시," 6,322 "
1586,패스트푸드점,인천광역시," 1,763 "
1587,패스트푸드점,경기도," 8,505 "
1588,패스트푸드점,강원도," 1,893 "
1589,패스트푸드점,대전광역시," 1,058 "
1590,패스트푸드점,충청북도," 1,586 "
1591,패스트푸드점,충청남도," 2,051 "
1592,패스트푸드점,세종특별자치시, 328 
1593,패스트푸드점,광주광역시," 1,103 "
1594,패스트푸드점,전라북도," 1,656 "
1595,패스트푸드점,전라남도," 1,521 "
1596,패스트푸드점,대구광역시," 1,495 "
1597,패스트푸드점,경상북도," 2,276 "
1598,패스트푸드점,부산광역시," 2,539 "
1599,패스트푸드점,울산광역시, 997 
1600,패스트푸드점,경상남도," 3,264 "
1601,패스트푸드점,제주특별자치도, 628 
1602,펜션ㆍ게스트하우스,합계," 13,545 "
1603,펜션ㆍ게스트하우스,서울특별시, 725 
1604,펜션ㆍ게스트하우스,인천광역시, 618 
1605,펜션ㆍ게스트하우스,경기도," 1,815 "
1606,펜션ㆍ게스트하우스,강원도," 2,292 "
1607,펜션ㆍ게스트하우스,대전광역시, 19 
1608,펜션ㆍ게스트하우스,충청북도, 382 
1609,펜션ㆍ게스트하우스,충청남도," 1,221 "
1610,펜션ㆍ게스트하우스,세종특별자치시, 5 
1611,펜션ㆍ게스트하우스,광주광역시, 23 
1612,펜션ㆍ게스트하우스,전라북도, 405 
1613,펜션ㆍ게스트하우스,전라남도, 724 
1614,펜션ㆍ게스트하우스,대구광역시, 38 
1615,펜션ㆍ게스트하우스,경상북도," 1,175 "
1616,펜션ㆍ게스트하우스,부산광역시, 165 
1617,펜션ㆍ게스트하우스,울산광역시, 126 
1618,펜션ㆍ게스트하우스,경상남도," 1,322 "
1619,펜션ㆍ게스트하우스,제주특별자치도," 2,490 "
1620,편의점,합계," 41,815 "
1621,편의점,서울특별시," 8,004 "
1622,편의점,인천광역시," 2,220 "
1623,편의점,경기도," 10,381 "
1624,편의점,강원도," 1,696 "
1625,편의점,대전광역시," 1,155 "
1626,편의점,충청북도," 1,494 "
1627,편의점,충청남도," 2,218 "
1628,편의점,세종특별자치시, 261 
1629,편의점,광주광역시," 1,043 "
1630,편의점,전라북도," 1,230 "
1631,편의점,전라남도," 1,159 "
1632,편의점,대구광역시," 1,574 "
1633,편의점,경상북도," 1,955 "
1634,편의점,부산광역시," 2,475 "
1635,편의점,울산광역시, 915 
1636,편의점,경상남도," 2,900 "
1637,편의점,제주특별자치도," 1,135 "
1638,피부관리업,합계," 37,673 "
1639,피부관리업,서울특별시," 7,308 "
1640,피부관리업,인천광역시," 2,152 "
1641,피부관리업,경기도," 8,830 "
1642,피부관리업,강원도," 1,074 "
1643,피부관리업,대전광역시," 1,197 "
1644,피부관리업,충청북도," 1,125 "
1645,피부관리업,충청남도," 1,340 "
1646,피부관리업,세종특별자치시, 168 
1647,피부관리업,광주광역시," 1,598 "
1648,피부관리업,전라북도," 1,212 "
1649,피부관리업,전라남도," 1,398 "
1650,피부관리업,대구광역시," 1,624 "
1651,피부관리업,경상북도," 1,599 "
1652,피부관리업,부산광역시," 2,725 "
1653,피부관리업,울산광역시, 828 
1654,피부관리업,경상남도," 2,775 "
1655,피부관리업,제주특별자치도, 720 
1656,피부ㆍ비뇨기과 의원,합계," 3,915 "
1657,피부ㆍ비뇨기과 의원,서울특별시," 1,343 "
1658,피부ㆍ비뇨기과 의원,인천광역시, 174 
1659,피부ㆍ비뇨기과 의원,경기도, 823 
1660,피부ㆍ비뇨기과 의원,강원도, 58 
1661,피부ㆍ비뇨기과 의원,대전광역시, 112 
1662,피부ㆍ비뇨기과 의원,충청북도, 77 
1663,피부ㆍ비뇨기과 의원,충청남도, 99 
1664,피부ㆍ비뇨기과 의원,세종특별자치시, 15 
1665,피부ㆍ비뇨기과 의원,광주광역시, 124 
1666,피부ㆍ비뇨기과 의원,전라북도, 90 
1667,피부ㆍ비뇨기과 의원,전라남도, 75 
1668,피부ㆍ비뇨기과 의원,대구광역시, 201 
1669,피부ㆍ비뇨기과 의원,경상북도, 103 
1670,피부ㆍ비뇨기과 의원,부산광역시, 328 
1671,피부ㆍ비뇨기과 의원,울산광역시, 77 
1672,피부ㆍ비뇨기과 의원,경상남도, 173 
1673,피부ㆍ비뇨기과 의원,제주특별자치도, 43 
1674,한방병원ㆍ한의원,합계," 14,856 "
1675,한방병원ㆍ한의원,서울특별시," 3,701 "
1676,한방병원ㆍ한의원,인천광역시, 697 
1677,한방병원ㆍ한의원,경기도," 3,231 "
1678,한방병원ㆍ한의원,강원도, 366 
1679,한방병원ㆍ한의원,대전광역시, 523 
1680,한방병원ㆍ한의원,충청북도, 406 
1681,한방병원ㆍ한의원,충청남도, 525 
1682,한방병원ㆍ한의원,세종특별자치시, 75 
1683,한방병원ㆍ한의원,광주광역시, 413 
1684,한방병원ㆍ한의원,전라북도, 540 
1685,한방병원ㆍ한의원,전라남도, 395 
1686,한방병원ㆍ한의원,대구광역시, 887 
1687,한방병원ㆍ한의원,경상북도, 646 
1688,한방병원ㆍ한의원,부산광역시," 1,148 "
1689,한방병원ㆍ한의원,울산광역시, 285 
1690,한방병원ㆍ한의원,경상남도, 820 
1691,한방병원ㆍ한의원,제주특별자치도, 198 
1692,한식전문점,합계," 387,597 "
1693,한식전문점,서울특별시," 53,543 "
1694,한식전문점,인천광역시," 17,866 "
1695,한식전문점,경기도," 80,225 "
1696,한식전문점,강원도," 19,583 "
1697,한식전문점,대전광역시," 11,712 "
1698,한식전문점,충청북도," 15,360 "
1699,한식전문점,충청남도," 19,606 "
1700,한식전문점,세종특별자치시," 2,086 "
1701,한식전문점,광주광역시," 9,904 "
1702,한식전문점,전라북도," 14,256 "
1703,한식전문점,전라남도," 17,639 "
1704,한식전문점,대구광역시," 19,631 "
1705,한식전문점,경상북도," 29,444 "
1706,한식전문점,부산광역시," 24,489 "
1707,한식전문점,울산광역시," 10,949 "
1708,한식전문점,경상남도," 32,537 "
1709,한식전문점,제주특별자치도," 8,767 "
1710,헬스클럽,합계," 7,716 "
1711,헬스클럽,서울특별시," 1,855 "
1712,헬스클럽,인천광역시, 417 
1713,헬스클럽,경기도," 1,858 "
1714,헬스클럽,강원도, 221 
1715,헬스클럽,대전광역시, 251 
1716,헬스클럽,충청북도, 269 
1717,헬스클럽,충청남도, 271 
1718,헬스클럽,세종특별자치시, 38 
1719,헬스클럽,광주광역시, 229 
1720,헬스클럽,전라북도, 231 
1721,헬스클럽,전라남도, 170 
1722,헬스클럽,대구광역시, 378 
1723,헬스클럽,경상북도, 358 
1724,헬스클럽,부산광역시, 519 
1725,헬스클럽,울산광역시, 127 
1726,헬스클럽,경상남도, 416 
1727,헬스클럽,제주특별자치도, 108 
1728,호프전문점,합계," 33,423 "
1729,호프전문점,서울특별시," 7,011 "
1730,호프전문점,인천광역시," 1,747 "
1731,호프전문점,경기도," 6,911 "
1732,호프전문점,강원도," 1,400 "
1733,호프전문점,대전광역시, 965 
1734,호프전문점,충청북도," 1,763 "
1735,호프전문점,충청남도," 1,602 "
1736,호프전문점,세종특별자치시, 153 
1737,호프전문점,광주광역시," 2,314 "
1738,호프전문점,전라북도," 1,357 "
1739,호프전문점,전라남도," 2,319 "
1740,호프전문점,대구광역시, 586 
1741,호프전문점,경상북도," 1,042 "
1742,호프전문점,부산광역시," 1,818 "
1743,호프전문점,울산광역시, 346 
1744,호프전문점,경상남도," 1,451 "
1745,호프전문점,제주특별자치도, 638 
1746,화장품가게,합계," 35,228 "
1747,화장품가게,서울특별시," 6,721 "
1748,화장품가게,인천광역시," 1,434 "
1749,화장품가게,경기도," 7,912 "
1750,화장품가게,강원도," 1,114 "
1751,화장품가게,대전광역시," 1,261 "
1752,화장품가게,충청북도," 1,062 "
1753,화장품가게,충청남도," 1,303 "
1754,화장품가게,세종특별자치시, 150 
1755,화장품가게,광주광역시," 1,170 "
1756,화장품가게,전라북도," 1,471 "
1757,화장품가게,전라남도," 1,057 "
1758,화장품가게,대구광역시," 2,141 "
1759,화장품가게,경상북도," 1,877 "
1760,화장품가게,부산광역시," 2,462 "
1761,화장품가게,울산광역시, 974 
1762,화장품가게,경상남도," 2,430 "
1763,화장품가게,제주특별자치도, 689 
1764,휴대폰가게,합계," 18,161 "
1765,휴대폰가게,서울특별시," 3,085 "
1766,휴대폰가게,인천광역시, 938 
1767,휴대폰가게,경기도," 4,037 "
1768,휴대폰가게,강원도, 615 
1769,휴대폰가게,대전광역시, 645 
1770,휴대폰가게,충청북도, 542 
1771,휴대폰가게,충청남도, 858 
1772,휴대폰가게,세종특별자치시, 71 
1773,휴대폰가게,광주광역시, 573 
1774,휴대폰가게,전라북도, 719 
1775,휴대폰가게,전라남도, 595 
1776,휴대폰가게,대구광역시," 1,017 "
1777,휴대폰가게,경상북도," 1,059 "
1778,휴대폰가게,부산광역시," 1,360 "
1779,휴대폰가게,울산광역시, 494 
1780,휴대폰가게,경상남도," 1,319 "
1781,휴대폰가게,제주특별자치도, 234 
1782,LPG 충전소,합계," 1,607 "
1783,LPG 충전소,서울특별시, 75 
1784,LPG 충전소,인천광역시, 68 
1785,LPG 충전소,경기도, 370 
1786,LPG 충전소,강원도, 96 
1787,LPG 충전소,대전광역시, 38 
1788,LPG 충전소,충청북도, 75 
1789,LPG 충전소,충청남도, 127 
1790,LPG 충전소,세종특별자치시, 4 
1791,LPG 충전소,광주광역시, 38 
1792,LPG 충전소,전라북도, 108 
1793,LPG 충전소,전라남도, 122 
1794,LPG 충전소,대구광역시, 44 
1795,LPG 충전소,경상북도, 164 
1796,LPG 충전소,부산광역시, 57 
1797,LPG 충전소,울산광역시, 30 
1798,LPG 충전소,경상남도, 155 
1799,LPG 충전소,제주특별자치도, 36 
1800,PC방,합계," 10,185 "
1801,PC방,서울특별시," 1,646 "
1802,PC방,인천광역시, 519 
1803,PC방,경기도," 2,361 "
1804,PC방,강원도, 431 
1805,PC방,대전광역시, 326 
1806,PC방,충청북도, 341 
1807,PC방,충청남도, 439 
1808,PC방,세종특별자치시, 43 
1809,PC방,광주광역시, 409 
1810,PC방,전라북도, 417 
1811,PC방,전라남도, 363 
1812,PC방,대구광역시, 571 
1813,PC방,경상북도, 572 
1814,PC방,부산광역시, 641 
1815,PC방,울산광역시, 269 
1816,PC방,경상남도, 666 
1817,PC방,제주특별자치도, 171 
