,corp,city,2
0,업종전체,합계,"2,337,954"
1,업종전체,서울특별시,"466,911"
2,업종전체,인천광역시,"118,354"
3,업종전체,경기도,"534,510"
4,업종전체,강원도,"83,778"
5,업종전체,대전광역시,"68,910"
6,업종전체,충청북도,"75,554"
7,업종전체,충청남도,"99,177"
8,업종전체,세종특별자치시,"11,896"
9,업종전체,광주광역시,"69,263"
10,업종전체,전라북도,"83,357"
11,업종전체,전라남도,"83,760"
12,업종전체,대구광역시,"112,636"
13,업종전체,경상북도,"127,050"
14,업종전체,부산광역시,"154,902"
15,업종전체,울산광역시,"50,659"
16,업종전체,경상남도,"154,667"
17,업종전체,제주특별자치도,"42,570"
18,가구점,합계,"7,496"
19,가구점,서울특별시,"1,028"
20,가구점,인천광역시,289
21,가구점,경기도,"1,909"
22,가구점,강원도,303
23,가구점,대전광역시,214
24,가구점,충청북도,291
25,가구점,충청남도,297
26,가구점,세종특별자치시,21
27,가구점,광주광역시,211
28,가구점,전라북도,387
29,가구점,전라남도,270
30,가구점,대구광역시,375
31,가구점,경상북도,465
32,가구점,부산광역시,511
33,가구점,울산광역시,180
34,가구점,경상남도,558
35,가구점,제주특별자치도,187
36,가전제품수리점,합계,"14,855"
37,가전제품수리점,서울특별시,"2,399"
38,가전제품수리점,인천광역시,"1,066"
39,가전제품수리점,경기도,"4,220"
40,가전제품수리점,강원도,510
41,가전제품수리점,대전광역시,507
42,가전제품수리점,충청북도,460
43,가전제품수리점,충청남도,640
44,가전제품수리점,세종특별자치시,58
45,가전제품수리점,광주광역시,441
46,가전제품수리점,전라북도,499
47,가전제품수리점,전라남도,490
48,가전제품수리점,대구광역시,715
49,가전제품수리점,경상북도,533
50,가전제품수리점,부산광역시,937
51,가전제품수리점,울산광역시,302
52,가전제품수리점,경상남도,886
53,가전제품수리점,제주특별자치도,192
54,가전제품판매점,합계,"10,008"
55,가전제품판매점,서울특별시,"1,552"
56,가전제품판매점,인천광역시,362
57,가전제품판매점,경기도,"1,874"
58,가전제품판매점,강원도,457
59,가전제품판매점,대전광역시,303
60,가전제품판매점,충청북도,430
61,가전제품판매점,충청남도,517
62,가전제품판매점,세종특별자치시,36
63,가전제품판매점,광주광역시,348
64,가전제품판매점,전라북도,528
65,가전제품판매점,전라남도,580
66,가전제품판매점,대구광역시,527
67,가전제품판매점,경상북도,698
68,가전제품판매점,부산광역시,618
69,가전제품판매점,울산광역시,201
70,가전제품판매점,경상남도,734
71,가전제품판매점,제주특별자치도,243
72,간이주점,합계,"15,208"
73,간이주점,서울특별시,"4,979"
74,간이주점,인천광역시,"1,575"
75,간이주점,경기도,"2,950"
76,간이주점,강원도,435
77,간이주점,대전광역시,72
78,간이주점,충청북도,463
79,간이주점,충청남도,712
80,간이주점,세종특별자치시,18
81,간이주점,광주광역시,188
82,간이주점,전라북도,331
83,간이주점,전라남도,260
84,간이주점,대구광역시,294
85,간이주점,경상북도,405
86,간이주점,부산광역시,"1,002"
87,간이주점,울산광역시,111
88,간이주점,경상남도,"1,246"
89,간이주점,제주특별자치도,167
90,간판광고물업,합계,"12,967"
91,간판광고물업,서울특별시,"2,697"
92,간판광고물업,인천광역시,542
93,간판광고물업,경기도,"3,143"
94,간판광고물업,강원도,512
95,간판광고물업,대전광역시,399
96,간판광고물업,충청북도,377
97,간판광고물업,충청남도,455
98,간판광고물업,세종특별자치시,28
99,간판광고물업,광주광역시,440
100,간판광고물업,전라북도,499
101,간판광고물업,전라남도,470
102,간판광고물업,대구광역시,778
103,간판광고물업,경상북도,650
104,간판광고물업,부산광역시,841
105,간판광고물업,울산광역시,256
106,간판광고물업,경상남도,690
107,간판광고물업,제주특별자치도,190
108,감정평가사,합계,"1,133"
109,감정평가사,서울특별시,244
110,감정평가사,인천광역시,75
111,감정평가사,경기도,364
112,감정평가사,강원도,30
113,감정평가사,대전광역시,28
114,감정평가사,충청북도,28
115,감정평가사,충청남도,36
116,감정평가사,세종특별자치시,12
117,감정평가사,광주광역시,32
118,감정평가사,전라북도,41
119,감정평가사,전라남도,18
120,감정평가사,대구광역시,55
121,감정평가사,경상북도,19
122,감정평가사,부산광역시,57
123,감정평가사,울산광역시,21
124,감정평가사,경상남도,58
125,감정평가사,제주특별자치도,15
126,건강보조식품가게,합계,"13,186"
127,건강보조식품가게,서울특별시,"2,107"
128,건강보조식품가게,인천광역시,634
129,건강보조식품가게,경기도,"2,577"
130,건강보조식품가게,강원도,503
131,건강보조식품가게,대전광역시,457
132,건강보조식품가게,충청북도,441
133,건강보조식품가게,충청남도,"1,218"
134,건강보조식품가게,세종특별자치시,39
135,건강보조식품가게,광주광역시,396
136,건강보조식품가게,전라북도,699
137,건강보조식품가게,전라남도,486
138,건강보조식품가게,대구광역시,585
139,건강보조식품가게,경상북도,877
140,건강보조식품가게,부산광역시,810
141,건강보조식품가게,울산광역시,218
142,건강보조식품가게,경상남도,978
143,건강보조식품가게,제주특별자치도,161
144,건어물가게,합계,"7,166"
145,건어물가게,서울특별시,754
146,건어물가게,인천광역시,371
147,건어물가게,경기도,800
148,건어물가게,강원도,670
149,건어물가게,대전광역시,116
150,건어물가게,충청북도,116
151,건어물가게,충청남도,641
152,건어물가게,세종특별자치시,12
153,건어물가게,광주광역시,170
154,건어물가게,전라북도,358
155,건어물가게,전라남도,900
156,건어물가게,대구광역시,162
157,건어물가게,경상북도,653
158,건어물가게,부산광역시,495
159,건어물가게,울산광역시,125
160,건어물가게,경상남도,713
161,건어물가게,제주특별자치도,110
162,건축사,합계,"9,724"
163,건축사,서울특별시,"2,476"
164,건축사,인천광역시,347
165,건축사,경기도,"2,027"
166,건축사,강원도,319
167,건축사,대전광역시,211
168,건축사,충청북도,279
169,건축사,충청남도,339
170,건축사,세종특별자치시,57
171,건축사,광주광역시,230
172,건축사,전라북도,348
173,건축사,전라남도,265
174,건축사,대구광역시,672
175,건축사,경상북도,470
176,건축사,부산광역시,678
177,건축사,울산광역시,212
178,건축사,경상남도,505
179,건축사,제주특별자치도,289
180,결혼상담소,합계,"1,575"
181,결혼상담소,서울특별시,434
182,결혼상담소,인천광역시,67
183,결혼상담소,경기도,225
184,결혼상담소,강원도,27
185,결혼상담소,대전광역시,64
186,결혼상담소,충청북도,54
187,결혼상담소,충청남도,73
188,결혼상담소,세종특별자치시,6
189,결혼상담소,광주광역시,74
190,결혼상담소,전라북도,76
191,결혼상담소,전라남도,49
192,결혼상담소,대구광역시,108
193,결혼상담소,경상북도,61
194,결혼상담소,부산광역시,120
195,결혼상담소,울산광역시,18
196,결혼상담소,경상남도,95
197,결혼상담소,제주특별자치도,24
198,곡물가게,합계,"4,994"
199,곡물가게,서울특별시,658
200,곡물가게,인천광역시,195
201,곡물가게,경기도,877
202,곡물가게,강원도,328
203,곡물가게,대전광역시,149
204,곡물가게,충청북도,245
205,곡물가게,충청남도,379
206,곡물가게,세종특별자치시,27
207,곡물가게,광주광역시,108
208,곡물가게,전라북도,357
209,곡물가게,전라남도,387
210,곡물가게,대구광역시,191
211,곡물가게,경상북도,362
212,곡물가게,부산광역시,341
213,곡물가게,울산광역시,40
214,곡물가게,경상남도,279
215,곡물가게,제주특별자치도,71
216,공인노무사,합계,864
217,공인노무사,서울특별시,383
218,공인노무사,인천광역시,37
219,공인노무사,경기도,144
220,공인노무사,강원도,16
221,공인노무사,대전광역시,19
222,공인노무사,충청북도,18
223,공인노무사,충청남도,17
224,공인노무사,세종특별자치시,5
225,공인노무사,광주광역시,24
226,공인노무사,전라북도,21
227,공인노무사,전라남도,10
228,공인노무사,대구광역시,31
229,공인노무사,경상북도,15
230,공인노무사,부산광역시,55
231,공인노무사,울산광역시,22
232,공인노무사,경상남도,40
233,공인노무사,제주특별자치도,7
234,공인회계사,합계,"1,833"
235,공인회계사,서울특별시,851
236,공인회계사,인천광역시,64
237,공인회계사,경기도,310
238,공인회계사,강원도,13
239,공인회계사,대전광역시,35
240,공인회계사,충청북도,32
241,공인회계사,충청남도,46
242,공인회계사,세종특별자치시,9
243,공인회계사,광주광역시,36
244,공인회계사,전라북도,34
245,공인회계사,전라남도,23
246,공인회계사,대구광역시,90
247,공인회계사,경상북도,29
248,공인회계사,부산광역시,130
249,공인회계사,울산광역시,27
250,공인회계사,경상남도,76
251,공인회계사,제주특별자치도,28
252,과일가게,합계,"11,607"
253,과일가게,서울특별시,"1,234"
254,과일가게,인천광역시,413
255,과일가게,경기도,"1,760"
256,과일가게,강원도,298
257,과일가게,대전광역시,312
258,과일가게,충청북도,645
259,과일가게,충청남도,661
260,과일가게,세종특별자치시,89
261,과일가게,광주광역시,283
262,과일가게,전라북도,572
263,과일가게,전라남도,662
264,과일가게,대구광역시,365
265,과일가게,경상북도,"1,345"
266,과일가게,부산광역시,602
267,과일가게,울산광역시,157
268,과일가게,경상남도,"1,202"
269,과일가게,제주특별자치도,"1,007"
270,교습소ㆍ공부방,합계,"31,670"
271,교습소ㆍ공부방,서울특별시,"6,812"
272,교습소ㆍ공부방,인천광역시,"1,615"
273,교습소ㆍ공부방,경기도,"7,612"
274,교습소ㆍ공부방,강원도,871
275,교습소ㆍ공부방,대전광역시,"1,263"
276,교습소ㆍ공부방,충청북도,735
277,교습소ㆍ공부방,충청남도,"1,072"
278,교습소ㆍ공부방,세종특별자치시,204
279,교습소ㆍ공부방,광주광역시,694
280,교습소ㆍ공부방,전라북도,696
281,교습소ㆍ공부방,전라남도,623
282,교습소ㆍ공부방,대구광역시,"2,428"
283,교습소ㆍ공부방,경상북도,"1,647"
284,교습소ㆍ공부방,부산광역시,"2,322"
285,교습소ㆍ공부방,울산광역시,663
286,교습소ㆍ공부방,경상남도,"1,910"
287,교습소ㆍ공부방,제주특별자치도,503
288,교습학원,합계,"55,885"
289,교습학원,서울특별시,"10,403"
290,교습학원,인천광역시,"2,487"
291,교습학원,경기도,"14,703"
292,교습학원,강원도,"1,463"
293,교습학원,대전광역시,"1,300"
294,교습학원,충청북도,"1,468"
295,교습학원,충청남도,"1,827"
296,교습학원,세종특별자치시,383
297,교습학원,광주광역시,"2,426"
298,교습학원,전라북도,"2,442"
299,교습학원,전라남도,"1,816"
300,교습학원,대구광역시,"2,620"
301,교습학원,경상북도,"2,629"
302,교습학원,부산광역시,"3,522"
303,교습학원,울산광역시,"1,689"
304,교습학원,경상남도,"4,008"
305,교습학원,제주특별자치도,699
306,구내식당,합계,"22,782"
307,구내식당,서울특별시,"4,224"
308,구내식당,인천광역시,"1,430"
309,구내식당,경기도,"5,532"
310,구내식당,강원도,632
311,구내식당,대전광역시,719
312,구내식당,충청북도,789
313,구내식당,충청남도,"1,070"
314,구내식당,세종특별자치시,86
315,구내식당,광주광역시,411
316,구내식당,전라북도,828
317,구내식당,전라남도,689
318,구내식당,대구광역시,937
319,구내식당,경상북도,"1,377"
320,구내식당,부산광역시,"1,517"
321,구내식당,울산광역시,459
322,구내식당,경상남도,"1,919"
323,구내식당,제주특별자치도,163
324,기술및직업훈련학원,합계,"12,765"
325,기술및직업훈련학원,서울특별시,"2,884"
326,기술및직업훈련학원,인천광역시,504
327,기술및직업훈련학원,경기도,"2,851"
328,기술및직업훈련학원,강원도,380
329,기술및직업훈련학원,대전광역시,434
330,기술및직업훈련학원,충청북도,345
331,기술및직업훈련학원,충청남도,474
332,기술및직업훈련학원,세종특별자치시,99
333,기술및직업훈련학원,광주광역시,463
334,기술및직업훈련학원,전라북도,462
335,기술및직업훈련학원,전라남도,410
336,기술및직업훈련학원,대구광역시,726
337,기술및직업훈련학원,경상북도,524
338,기술및직업훈련학원,부산광역시,904
339,기술및직업훈련학원,울산광역시,309
340,기술및직업훈련학원,경상남도,772
341,기술및직업훈련학원,제주특별자치도,224
342,기술사,합계,"1,027"
343,기술사,서울특별시,284
344,기술사,인천광역시,27
345,기술사,경기도,231
346,기술사,강원도,37
347,기술사,대전광역시,25
348,기술사,충청북도,37
349,기술사,충청남도,30
350,기술사,세종특별자치시,3
351,기술사,광주광역시,36
352,기술사,전라북도,34
353,기술사,전라남도,34
354,기술사,대구광역시,30
355,기술사,경상북도,39
356,기술사,부산광역시,60
357,기술사,울산광역시,19
358,기술사,경상남도,84
359,기술사,제주특별자치도,17
360,기타 일반의원,합계,"3,230"
361,기타 일반의원,서울특별시,880
362,기타 일반의원,인천광역시,144
363,기타 일반의원,경기도,640
364,기타 일반의원,강원도,63
365,기타 일반의원,대전광역시,142
366,기타 일반의원,충청북도,95
367,기타 일반의원,충청남도,102
368,기타 일반의원,세종특별자치시,19
369,기타 일반의원,광주광역시,126
370,기타 일반의원,전라북도,171
371,기타 일반의원,전라남도,106
372,기타 일반의원,대구광역시,157
373,기타 일반의원,경상북도,106
374,기타 일반의원,부산광역시,229
375,기타 일반의원,울산광역시,50
376,기타 일반의원,경상남도,145
377,기타 일반의원,제주특별자치도,55
378,기타외국식전문점,합계,"23,279"
379,기타외국식전문점,서울특별시,"7,133"
380,기타외국식전문점,인천광역시,769
381,기타외국식전문점,경기도,"4,707"
382,기타외국식전문점,강원도,763
383,기타외국식전문점,대전광역시,594
384,기타외국식전문점,충청북도,476
385,기타외국식전문점,충청남도,687
386,기타외국식전문점,세종특별자치시,166
387,기타외국식전문점,광주광역시,382
388,기타외국식전문점,전라북도,737
389,기타외국식전문점,전라남도,415
390,기타외국식전문점,대구광역시,"1,212"
391,기타외국식전문점,경상북도,702
392,기타외국식전문점,부산광역시,"1,838"
393,기타외국식전문점,울산광역시,718
394,기타외국식전문점,경상남도,"1,208"
395,기타외국식전문점,제주특별자치도,772
396,기타음식점,합계,"24,407"
397,기타음식점,서울특별시,"4,776"
398,기타음식점,인천광역시,"1,052"
399,기타음식점,경기도,"5,646"
400,기타음식점,강원도,"1,027"
401,기타음식점,대전광역시,589
402,기타음식점,충청북도,726
403,기타음식점,충청남도,"1,038"
404,기타음식점,세종특별자치시,105
405,기타음식점,광주광역시,"1,026"
406,기타음식점,전라북도,710
407,기타음식점,전라남도,850
408,기타음식점,대구광역시,"1,287"
409,기타음식점,경상북도,"1,167"
410,기타음식점,부산광역시,"1,667"
411,기타음식점,울산광역시,496
412,기타음식점,경상남도,"1,834"
413,기타음식점,제주특별자치도,411
414,꽃가게,합계,"21,545"
415,꽃가게,서울특별시,"4,226"
416,꽃가게,인천광역시,906
417,꽃가게,경기도,"4,941"
418,꽃가게,강원도,629
419,꽃가게,대전광역시,677
420,꽃가게,충청북도,768
421,꽃가게,충청남도,936
422,꽃가게,세종특별자치시,99
423,꽃가게,광주광역시,734
424,꽃가게,전라북도,888
425,꽃가게,전라남도,906
426,꽃가게,대구광역시,"1,065"
427,꽃가게,경상북도,"1,217"
428,꽃가게,부산광역시,"1,227"
429,꽃가게,울산광역시,484
430,꽃가게,경상남도,"1,539"
431,꽃가게,제주특별자치도,303
432,내과ㆍ소아과 의원,합계,"11,339"
433,내과ㆍ소아과 의원,서울특별시,"2,462"
434,내과ㆍ소아과 의원,인천광역시,592
435,내과ㆍ소아과 의원,경기도,"2,576"
436,내과ㆍ소아과 의원,강원도,323
437,내과ㆍ소아과 의원,대전광역시,384
438,내과ㆍ소아과 의원,충청북도,312
439,내과ㆍ소아과 의원,충청남도,437
440,내과ㆍ소아과 의원,세종특별자치시,64
441,내과ㆍ소아과 의원,광주광역시,335
442,내과ㆍ소아과 의원,전라북도,434
443,내과ㆍ소아과 의원,전라남도,448
444,내과ㆍ소아과 의원,대구광역시,565
445,내과ㆍ소아과 의원,경상북도,535
446,내과ㆍ소아과 의원,부산광역시,813
447,내과ㆍ소아과 의원,울산광역시,230
448,내과ㆍ소아과 의원,경상남도,678
449,내과ㆍ소아과 의원,제주특별자치도,151
450,노래방,합계,"30,932"
451,노래방,서울특별시,"5,876"
452,노래방,인천광역시,"2,346"
453,노래방,경기도,"7,334"
454,노래방,강원도,866
455,노래방,대전광역시,"1,330"
456,노래방,충청북도,"1,152"
457,노래방,충청남도,"1,232"
458,노래방,세종특별자치시,146
459,노래방,광주광역시,"1,095"
460,노래방,전라북도,854
461,노래방,전라남도,760
462,노래방,대구광역시,"1,755"
463,노래방,경상북도,"1,635"
464,노래방,부산광역시,"1,820"
465,노래방,울산광역시,772
466,노래방,경상남도,"1,666"
467,노래방,제주특별자치도,293
468,담배가게,합계,"13,066"
469,담배가게,서울특별시,"2,329"
470,담배가게,인천광역시,362
471,담배가게,경기도,"1,631"
472,담배가게,강원도,601
473,담배가게,대전광역시,304
474,담배가게,충청북도,548
475,담배가게,충청남도,600
476,담배가게,세종특별자치시,39
477,담배가게,광주광역시,316
478,담배가게,전라북도,647
479,담배가게,전라남도,"1,014"
480,담배가게,대구광역시,535
481,담배가게,경상북도,"1,383"
482,담배가게,부산광역시,"1,214"
483,담배가게,울산광역시,244
484,담배가게,경상남도,"1,124"
485,담배가게,제주특별자치도,175
486,당구장,합계,"18,507"
487,당구장,서울특별시,"3,302"
488,당구장,인천광역시,"1,172"
489,당구장,경기도,"4,711"
490,당구장,강원도,807
491,당구장,대전광역시,528
492,당구장,충청북도,709
493,당구장,충청남도,843
494,당구장,세종특별자치시,92
495,당구장,광주광역시,489
496,당구장,전라북도,602
497,당구장,전라남도,706
498,당구장,대구광역시,658
499,당구장,경상북도,929
500,당구장,부산광역시,995
501,당구장,울산광역시,510
502,당구장,경상남도,"1,136"
503,당구장,제주특별자치도,318
504,독서실,합계,"9,893"
505,독서실,서울특별시,"3,552"
506,독서실,인천광역시,451
507,독서실,경기도,"2,439"
508,독서실,강원도,153
509,독서실,대전광역시,233
510,독서실,충청북도,191
511,독서실,충청남도,230
512,독서실,세종특별자치시,29
513,독서실,광주광역시,374
514,독서실,전라북도,268
515,독서실,전라남도,163
516,독서실,대구광역시,408
517,독서실,경상북도,233
518,독서실,부산광역시,449
519,독서실,울산광역시,238
520,독서실,경상남도,398
521,독서실,제주특별자치도,84
522,동물병원,합계,"4,054"
523,동물병원,서울특별시,823
524,동물병원,인천광역시,187
525,동물병원,경기도,"1,040"
526,동물병원,강원도,97
527,동물병원,대전광역시,104
528,동물병원,충청북도,105
529,동물병원,충청남도,181
530,동물병원,세종특별자치시,21
531,동물병원,광주광역시,102
532,동물병원,전라북도,159
533,동물병원,전라남도,155
534,동물병원,대구광역시,165
535,동물병원,경상북도,263
536,동물병원,부산광역시,239
537,동물병원,울산광역시,74
538,동물병원,경상남도,268
539,동물병원,제주특별자치도,71
540,목욕탕,합계,"5,558"
541,목욕탕,서울특별시,737
542,목욕탕,인천광역시,203
543,목욕탕,경기도,772
544,목욕탕,강원도,183
545,목욕탕,대전광역시,100
546,목욕탕,충청북도,146
547,목욕탕,충청남도,194
548,목욕탕,세종특별자치시,12
549,목욕탕,광주광역시,184
550,목욕탕,전라북도,209
551,목욕탕,전라남도,299
552,목욕탕,대구광역시,275
553,목욕탕,경상북도,419
554,목욕탕,부산광역시,758
555,목욕탕,울산광역시,180
556,목욕탕,경상남도,773
557,목욕탕,제주특별자치도,114
558,문구점,합계,"9,250"
559,문구점,서울특별시,"1,576"
560,문구점,인천광역시,476
561,문구점,경기도,"2,129"
562,문구점,강원도,391
563,문구점,대전광역시,315
564,문구점,충청북도,333
565,문구점,충청남도,432
566,문구점,세종특별자치시,74
567,문구점,광주광역시,289
568,문구점,전라북도,432
569,문구점,전라남도,429
570,문구점,대구광역시,343
571,문구점,경상북도,536
572,문구점,부산광역시,521
573,문구점,울산광역시,194
574,문구점,경상남도,629
575,문구점,제주특별자치도,151
576,미용실,합계,"100,086"
577,미용실,서울특별시,"17,859"
578,미용실,인천광역시,"5,368"
579,미용실,경기도,"22,467"
580,미용실,강원도,"3,531"
581,미용실,대전광역시,"3,266"
582,미용실,충청북도,"3,422"
583,미용실,충청남도,"4,167"
584,미용실,세종특별자치시,377
585,미용실,광주광역시,"3,173"
586,미용실,전라북도,"3,805"
587,미용실,전라남도,"3,443"
588,미용실,대구광역시,"5,323"
589,미용실,경상북도,"5,749"
590,미용실,부산광역시,"7,394"
591,미용실,울산광역시,"2,556"
592,미용실,경상남도,"6,854"
593,미용실,제주특별자치도,"1,332"
594,법무사,합계,"6,461"
595,법무사,서울특별시,"1,945"
596,법무사,인천광역시,280
597,법무사,경기도,"1,212"
598,법무사,강원도,189
599,법무사,대전광역시,158
600,법무사,충청북도,167
601,법무사,충청남도,218
602,법무사,세종특별자치시,19
603,법무사,광주광역시,220
604,법무사,전라북도,230
605,법무사,전라남도,214
606,법무사,대구광역시,299
607,법무사,경상북도,261
608,법무사,부산광역시,457
609,법무사,울산광역시,114
610,법무사,경상남도,390
611,법무사,제주특별자치도,88
612,변리사,합계,991
613,변리사,서울특별시,696
614,변리사,인천광역시,15
615,변리사,경기도,91
616,변리사,강원도,*
617,변리사,대전광역시,87
618,변리사,충청북도,4
619,변리사,충청남도,5
620,변리사,세종특별자치시,0
621,변리사,광주광역시,11
622,변리사,전라북도,6
623,변리사,전라남도,*
624,변리사,대구광역시,23
625,변리사,경상북도,3
626,변리사,부산광역시,29
627,변리사,울산광역시,5
628,변리사,경상남도,11
629,변리사,제주특별자치도,*
630,변호사,합계,"7,153"
631,변호사,서울특별시,"3,672"
632,변호사,인천광역시,246
633,변호사,경기도,933
634,변호사,강원도,117
635,변호사,대전광역시,219
636,변호사,충청북도,104
637,변호사,충청남도,133
638,변호사,세종특별자치시,19
639,변호사,광주광역시,212
640,변호사,전라북도,183
641,변호사,전라남도,91
642,변호사,대구광역시,269
643,변호사,경상북도,116
644,변호사,부산광역시,419
645,변호사,울산광역시,120
646,변호사,경상남도,222
647,변호사,제주특별자치도,78
648,부동산중개업,합계,"123,818"
649,부동산중개업,서울특별시,"30,431"
650,부동산중개업,인천광역시,"6,700"
651,부동산중개업,경기도,"34,319"
652,부동산중개업,강원도,"2,587"
653,부동산중개업,대전광역시,"3,230"
654,부동산중개업,충청북도,"2,860"
655,부동산중개업,충청남도,"4,163"
656,부동산중개업,세종특별자치시,"1,306"
657,부동산중개업,광주광역시,"3,988"
658,부동산중개업,전라북도,"3,199"
659,부동산중개업,전라남도,"2,191"
660,부동산중개업,대구광역시,"5,606"
661,부동산중개업,경상북도,"4,192"
662,부동산중개업,부산광역시,"7,899"
663,부동산중개업,울산광역시,"2,307"
664,부동산중개업,경상남도,"6,941"
665,부동산중개업,제주특별자치도,"1,899"
666,분식점,합계,"53,976"
667,분식점,서울특별시,"11,048"
668,분식점,인천광역시,"2,536"
669,분식점,경기도,"12,658"
670,분식점,강원도,"1,593"
671,분식점,대전광역시,"2,040"
672,분식점,충청북도,"2,217"
673,분식점,충청남도,"2,333"
674,분식점,세종특별자치시,193
675,분식점,광주광역시,"1,650"
676,분식점,전라북도,"1,948"
677,분식점,전라남도,"1,430"
678,분식점,대구광역시,"2,340"
679,분식점,경상북도,"2,442"
680,분식점,부산광역시,"4,050"
681,분식점,울산광역시,755
682,분식점,경상남도,"3,944"
683,분식점,제주특별자치도,799
684,사진촬영업,합계,"13,756"
685,사진촬영업,서울특별시,"4,521"
686,사진촬영업,인천광역시,635
687,사진촬영업,경기도,"2,832"
688,사진촬영업,강원도,400
689,사진촬영업,대전광역시,390
690,사진촬영업,충청북도,310
691,사진촬영업,충청남도,389
692,사진촬영업,세종특별자치시,52
693,사진촬영업,광주광역시,395
694,사진촬영업,전라북도,426
695,사진촬영업,전라남도,323
696,사진촬영업,대구광역시,623
697,사진촬영업,경상북도,521
698,사진촬영업,부산광역시,810
699,사진촬영업,울산광역시,218
700,사진촬영업,경상남도,594
701,사진촬영업,제주특별자치도,317
702,산부인과 의원,합계,"1,668"
703,산부인과 의원,서울특별시,502
704,산부인과 의원,인천광역시,78
705,산부인과 의원,경기도,327
706,산부인과 의원,강원도,37
707,산부인과 의원,대전광역시,61
708,산부인과 의원,충청북도,46
709,산부인과 의원,충청남도,48
710,산부인과 의원,세종특별자치시,9
711,산부인과 의원,광주광역시,52
712,산부인과 의원,전라북도,57
713,산부인과 의원,전라남도,25
714,산부인과 의원,대구광역시,105
715,산부인과 의원,경상북도,67
716,산부인과 의원,부산광역시,104
717,산부인과 의원,울산광역시,41
718,산부인과 의원,경상남도,85
719,산부인과 의원,제주특별자치도,24
720,생선가게,합계,"10,987"
721,생선가게,서울특별시,"1,484"
722,생선가게,인천광역시,717
723,생선가게,경기도,"1,168"
724,생선가게,강원도,413
725,생선가게,대전광역시,147
726,생선가게,충청북도,147
727,생선가게,충청남도,726
728,생선가게,세종특별자치시,16
729,생선가게,광주광역시,318
730,생선가게,전라북도,578
731,생선가게,전라남도,"1,523"
732,생선가게,대구광역시,209
733,생선가게,경상북도,839
734,생선가게,부산광역시,"1,054"
735,생선가게,울산광역시,390
736,생선가게,경상남도,842
737,생선가게,제주특별자치도,416
738,서점,합계,"8,214"
739,서점,서울특별시,"1,633"
740,서점,인천광역시,362
741,서점,경기도,"1,881"
742,서점,강원도,234
743,서점,대전광역시,336
744,서점,충청북도,245
745,서점,충청남도,340
746,서점,세종특별자치시,59
747,서점,광주광역시,267
748,서점,전라북도,346
749,서점,전라남도,244
750,서점,대구광역시,512
751,서점,경상북도,376
752,서점,부산광역시,567
753,서점,울산광역시,187
754,서점,경상남도,488
755,서점,제주특별자치도,137
756,성형외과 의원,합계,"1,447"
757,성형외과 의원,서울특별시,706
758,성형외과 의원,인천광역시,46
759,성형외과 의원,경기도,186
760,성형외과 의원,강원도,16
761,성형외과 의원,대전광역시,44
762,성형외과 의원,충청북도,23
763,성형외과 의원,충청남도,28
764,성형외과 의원,세종특별자치시,5
765,성형외과 의원,광주광역시,46
766,성형외과 의원,전라북도,26
767,성형외과 의원,전라남도,14
768,성형외과 의원,대구광역시,76
769,성형외과 의원,경상북도,15
770,성형외과 의원,부산광역시,136
771,성형외과 의원,울산광역시,20
772,성형외과 의원,경상남도,40
773,성형외과 의원,제주특별자치도,20
774,세무사,합계,"12,156"
775,세무사,서울특별시,"4,993"
776,세무사,인천광역시,511
777,세무사,경기도,"2,666"
778,세무사,강원도,169
779,세무사,대전광역시,273
780,세무사,충청북도,166
781,세무사,충청남도,256
782,세무사,세종특별자치시,41
783,세무사,광주광역시,301
784,세무사,전라북도,267
785,세무사,전라남도,129
786,세무사,대구광역시,542
787,세무사,경상북도,230
788,세무사,부산광역시,934
789,세무사,울산광역시,161
790,세무사,경상남도,414
791,세무사,제주특별자치도,103
792,세탁소,합계,"22,910"
793,세탁소,서울특별시,"4,497"
794,세탁소,인천광역시,"1,207"
795,세탁소,경기도,"5,237"
796,세탁소,강원도,907
797,세탁소,대전광역시,868
798,세탁소,충청북도,873
799,세탁소,충청남도,"1,093"
800,세탁소,세종특별자치시,95
801,세탁소,광주광역시,840
802,세탁소,전라북도,865
803,세탁소,전라남도,790
804,세탁소,대구광역시,832
805,세탁소,경상북도,"1,231"
806,세탁소,부산광역시,"1,286"
807,세탁소,울산광역시,434
808,세탁소,경상남도,"1,257"
809,세탁소,제주특별자치도,598
810,슈퍼마켓,합계,"30,115"
811,슈퍼마켓,서울특별시,"4,072"
812,슈퍼마켓,인천광역시,"1,899"
813,슈퍼마켓,경기도,"8,075"
814,슈퍼마켓,강원도,"1,035"
815,슈퍼마켓,대전광역시,687
816,슈퍼마켓,충청북도,"1,001"
817,슈퍼마켓,충청남도,"1,230"
818,슈퍼마켓,세종특별자치시,136
819,슈퍼마켓,광주광역시,860
820,슈퍼마켓,전라북도,"1,003"
821,슈퍼마켓,전라남도,"1,236"
822,슈퍼마켓,대구광역시,"1,746"
823,슈퍼마켓,경상북도,"1,892"
824,슈퍼마켓,부산광역시,"1,943"
825,슈퍼마켓,울산광역시,907
826,슈퍼마켓,경상남도,"1,973"
827,슈퍼마켓,제주특별자치도,420
828,스포츠교육기관,합계,"23,985"
829,스포츠교육기관,서울특별시,"4,406"
830,스포츠교육기관,인천광역시,"1,297"
831,스포츠교육기관,경기도,"6,180"
832,스포츠교육기관,강원도,672
833,스포츠교육기관,대전광역시,784
834,스포츠교육기관,충청북도,719
835,스포츠교육기관,충청남도,867
836,스포츠교육기관,세종특별자치시,175
837,스포츠교육기관,광주광역시,879
838,스포츠교육기관,전라북도,806
839,스포츠교육기관,전라남도,685
840,스포츠교육기관,대구광역시,"1,201"
841,스포츠교육기관,경상북도,"1,093"
842,스포츠교육기관,부산광역시,"1,613"
843,스포츠교육기관,울산광역시,556
844,스포츠교육기관,경상남도,"1,678"
845,스포츠교육기관,제주특별자치도,374
846,스포츠시설운영업,합계,"7,414"
847,스포츠시설운영업,서울특별시,"2,071"
848,스포츠시설운영업,인천광역시,400
849,스포츠시설운영업,경기도,"1,960"
850,스포츠시설운영업,강원도,226
851,스포츠시설운영업,대전광역시,179
852,스포츠시설운영업,충청북도,167
853,스포츠시설운영업,충청남도,189
854,스포츠시설운영업,세종특별자치시,34
855,스포츠시설운영업,광주광역시,219
856,스포츠시설운영업,전라북도,253
857,스포츠시설운영업,전라남도,164
858,스포츠시설운영업,대구광역시,259
859,스포츠시설운영업,경상북도,248
860,스포츠시설운영업,부산광역시,430
861,스포츠시설운영업,울산광역시,120
862,스포츠시설운영업,경상남도,368
863,스포츠시설운영업,제주특별자치도,127
864,스포츠용품점,합계,"15,041"
865,스포츠용품점,서울특별시,"1,473"
866,스포츠용품점,인천광역시,501
867,스포츠용품점,경기도,"3,104"
868,스포츠용품점,강원도,848
869,스포츠용품점,대전광역시,389
870,스포츠용품점,충청북도,647
871,스포츠용품점,충청남도,"1,006"
872,스포츠용품점,세종특별자치시,61
873,스포츠용품점,광주광역시,429
874,스포츠용품점,전라북도,895
875,스포츠용품점,전라남도,918
876,스포츠용품점,대구광역시,683
877,스포츠용품점,경상북도,"1,250"
878,스포츠용품점,부산광역시,721
879,스포츠용품점,울산광역시,289
880,스포츠용품점,경상남도,"1,391"
881,스포츠용품점,제주특별자치도,436
882,시계ㆍ귀금속점,합계,"8,142"
883,시계ㆍ귀금속점,서울특별시,"1,897"
884,시계ㆍ귀금속점,인천광역시,346
885,시계ㆍ귀금속점,경기도,"1,276"
886,시계ㆍ귀금속점,강원도,238
887,시계ㆍ귀금속점,대전광역시,227
888,시계ㆍ귀금속점,충청북도,255
889,시계ㆍ귀금속점,충청남도,317
890,시계ㆍ귀금속점,세종특별자치시,17
891,시계ㆍ귀금속점,광주광역시,261
892,시계ㆍ귀금속점,전라북도,382
893,시계ㆍ귀금속점,전라남도,282
894,시계ㆍ귀금속점,대구광역시,537
895,시계ㆍ귀금속점,경상북도,435
896,시계ㆍ귀금속점,부산광역시,793
897,시계ㆍ귀금속점,울산광역시,221
898,시계ㆍ귀금속점,경상남도,559
899,시계ㆍ귀금속점,제주특별자치도,99
900,식료품가게,합계,"49,520"
901,식료품가게,서울특별시,"5,625"
902,식료품가게,인천광역시,"2,110"
903,식료품가게,경기도,"8,867"
904,식료품가게,강원도,"2,910"
905,식료품가게,대전광역시,"1,386"
906,식료품가게,충청북도,"2,310"
907,식료품가게,충청남도,"3,402"
908,식료품가게,세종특별자치시,225
909,식료품가게,광주광역시,"1,491"
910,식료품가게,전라북도,"3,472"
911,식료품가게,전라남도,"3,682"
912,식료품가게,대구광역시,"1,697"
913,식료품가게,경상북도,"3,592"
914,식료품가게,부산광역시,"3,175"
915,식료품가게,울산광역시,763
916,식료품가게,경상남도,"3,995"
917,식료품가게,제주특별자치도,818
918,신경정신과 의원,합계,"1,698"
919,신경정신과 의원,서울특별시,468
920,신경정신과 의원,인천광역시,69
921,신경정신과 의원,경기도,369
922,신경정신과 의원,강원도,37
923,신경정신과 의원,대전광역시,73
924,신경정신과 의원,충청북도,45
925,신경정신과 의원,충청남도,50
926,신경정신과 의원,세종특별자치시,11
927,신경정신과 의원,광주광역시,48
928,신경정신과 의원,전라북도,66
929,신경정신과 의원,전라남도,42
930,신경정신과 의원,대구광역시,106
931,신경정신과 의원,경상북도,50
932,신경정신과 의원,부산광역시,147
933,신경정신과 의원,울산광역시,25
934,신경정신과 의원,경상남도,71
935,신경정신과 의원,제주특별자치도,21
936,신발가게,합계,"6,726"
937,신발가게,서울특별시,"1,399"
938,신발가게,인천광역시,366
939,신발가게,경기도,"1,238"
940,신발가게,강원도,246
941,신발가게,대전광역시,205
942,신발가게,충청북도,235
943,신발가게,충청남도,289
944,신발가게,세종특별자치시,22
945,신발가게,광주광역시,214
946,신발가게,전라북도,310
947,신발가게,전라남도,264
948,신발가게,대구광역시,336
949,신발가게,경상북도,384
950,신발가게,부산광역시,564
951,신발가게,울산광역시,121
952,신발가게,경상남도,420
953,신발가게,제주특별자치도,113
954,실내스크린골프점,합계,"4,714"
955,실내스크린골프점,서울특별시,653
956,실내스크린골프점,인천광역시,195
957,실내스크린골프점,경기도,"1,217"
958,실내스크린골프점,강원도,149
959,실내스크린골프점,대전광역시,148
960,실내스크린골프점,충청북도,177
961,실내스크린골프점,충청남도,206
962,실내스크린골프점,세종특별자치시,25
963,실내스크린골프점,광주광역시,111
964,실내스크린골프점,전라북도,176
965,실내스크린골프점,전라남도,154
966,실내스크린골프점,대구광역시,282
967,실내스크린골프점,경상북도,273
968,실내스크린골프점,부산광역시,301
969,실내스크린골프점,울산광역시,168
970,실내스크린골프점,경상남도,402
971,실내스크린골프점,제주특별자치도,77
972,실내장식가게,합계,"54,285"
973,실내장식가게,서울특별시,"13,488"
974,실내장식가게,인천광역시,"3,123"
975,실내장식가게,경기도,"15,950"
976,실내장식가게,강원도,"1,031"
977,실내장식가게,대전광역시,"1,768"
978,실내장식가게,충청북도,"1,202"
979,실내장식가게,충청남도,"1,412"
980,실내장식가게,세종특별자치시,207
981,실내장식가게,광주광역시,"1,896"
982,실내장식가게,전라북도,235
983,실내장식가게,전라남도,"1,141"
984,실내장식가게,대구광역시,"2,463"
985,실내장식가게,경상북도,"1,711"
986,실내장식가게,부산광역시,"3,913"
987,실내장식가게,울산광역시,985
988,실내장식가게,경상남도,"2,608"
989,실내장식가게,제주특별자치도,"1,152"
990,실외골프연습장,합계,"2,296"
991,실외골프연습장,서울특별시,369
992,실외골프연습장,인천광역시,79
993,실외골프연습장,경기도,510
994,실외골프연습장,강원도,111
995,실외골프연습장,대전광역시,64
996,실외골프연습장,충청북도,104
997,실외골프연습장,충청남도,102
998,실외골프연습장,세종특별자치시,6
999,실외골프연습장,광주광역시,48
1000,실외골프연습장,전라북도,94
1001,실외골프연습장,전라남도,96
1002,실외골프연습장,대구광역시,99
1003,실외골프연습장,경상북도,198
1004,실외골프연습장,부산광역시,142
1005,실외골프연습장,울산광역시,50
1006,실외골프연습장,경상남도,169
1007,실외골프연습장,제주특별자치도,55
1008,안경점,합계,"9,169"
1009,안경점,서울특별시,"2,061"
1010,안경점,인천광역시,430
1011,안경점,경기도,"1,942"
1012,안경점,강원도,246
1013,안경점,대전광역시,317
1014,안경점,충청북도,287
1015,안경점,충청남도,338
1016,안경점,세종특별자치시,42
1017,안경점,광주광역시,346
1018,안경점,전라북도,349
1019,안경점,전라남도,304
1020,안경점,대구광역시,490
1021,안경점,경상북도,426
1022,안경점,부산광역시,649
1023,안경점,울산광역시,224
1024,안경점,경상남도,597
1025,안경점,제주특별자치도,121
1026,안과 의원,합계,"1,648"
1027,안과 의원,서울특별시,447
1028,안과 의원,인천광역시,67
1029,안과 의원,경기도,351
1030,안과 의원,강원도,43
1031,안과 의원,대전광역시,47
1032,안과 의원,충청북도,38
1033,안과 의원,충청남도,53
1034,안과 의원,세종특별자치시,5
1035,안과 의원,광주광역시,40
1036,안과 의원,전라북도,63
1037,안과 의원,전라남도,50
1038,안과 의원,대구광역시,101
1039,안과 의원,경상북도,68
1040,안과 의원,부산광역시,132
1041,안과 의원,울산광역시,33
1042,안과 의원,경상남도,91
1043,안과 의원,제주특별자치도,19
1044,애완용품점,합계,"7,887"
1045,애완용품점,서울특별시,"1,327"
1046,애완용품점,인천광역시,504
1047,애완용품점,경기도,"2,351"
1048,애완용품점,강원도,209
1049,애완용품점,대전광역시,272
1050,애완용품점,충청북도,229
1051,애완용품점,충청남도,316
1052,애완용품점,세종특별자치시,24
1053,애완용품점,광주광역시,198
1054,애완용품점,전라북도,213
1055,애완용품점,전라남도,181
1056,애완용품점,대구광역시,347
1057,애완용품점,경상북도,397
1058,애완용품점,부산광역시,592
1059,애완용품점,울산광역시,136
1060,애완용품점,경상남도,504
1061,애완용품점,제주특별자치도,87
1062,약국,합계,"22,480"
1063,약국,서울특별시,"5,071"
1064,약국,인천광역시,"1,088"
1065,약국,경기도,"4,926"
1066,약국,강원도,674
1067,약국,대전광역시,737
1068,약국,충청북도,667
1069,약국,충청남도,937
1070,약국,세종특별자치시,113
1071,약국,광주광역시,673
1072,약국,전라북도,909
1073,약국,전라남도,789
1074,약국,대구광역시,"1,277"
1075,약국,경상북도,"1,103"
1076,약국,부산광역시,"1,531"
1077,약국,울산광역시,414
1078,약국,경상남도,"1,283"
1079,약국,제주특별자치도,288
1080,여관ㆍ모텔,합계,"21,259"
1081,여관ㆍ모텔,서울특별시,"2,049"
1082,여관ㆍ모텔,인천광역시,835
1083,여관ㆍ모텔,경기도,"3,292"
1084,여관ㆍ모텔,강원도,"1,573"
1085,여관ㆍ모텔,대전광역시,649
1086,여관ㆍ모텔,충청북도,863
1087,여관ㆍ모텔,충청남도,"1,506"
1088,여관ㆍ모텔,세종특별자치시,67
1089,여관ㆍ모텔,광주광역시,526
1090,여관ㆍ모텔,전라북도,"1,028"
1091,여관ㆍ모텔,전라남도,"1,315"
1092,여관ㆍ모텔,대구광역시,733
1093,여관ㆍ모텔,경상북도,"1,979"
1094,여관ㆍ모텔,부산광역시,"1,430"
1095,여관ㆍ모텔,울산광역시,628
1096,여관ㆍ모텔,경상남도,"2,364"
1097,여관ㆍ모텔,제주특별자치도,422
1098,여행사,합계,"14,093"
1099,여행사,서울특별시,"5,614"
1100,여행사,인천광역시,408
1101,여행사,경기도,"1,726"
1102,여행사,강원도,334
1103,여행사,대전광역시,321
1104,여행사,충청북도,282
1105,여행사,충청남도,314
1106,여행사,세종특별자치시,49
1107,여행사,광주광역시,414
1108,여행사,전라북도,418
1109,여행사,전라남도,435
1110,여행사,대구광역시,528
1111,여행사,경상북도,459
1112,여행사,부산광역시,"1,083"
1113,여행사,울산광역시,190
1114,여행사,경상남도,580
1115,여행사,제주특별자치도,938
1116,예술학원,합계,"30,810"
1117,예술학원,서울특별시,"5,489"
1118,예술학원,인천광역시,"1,511"
1119,예술학원,경기도,"8,512"
1120,예술학원,강원도,866
1121,예술학원,대전광역시,903
1122,예술학원,충청북도,892
1123,예술학원,충청남도,"1,089"
1124,예술학원,세종특별자치시,257
1125,예술학원,광주광역시,"1,089"
1126,예술학원,전라북도,"1,327"
1127,예술학원,전라남도,872
1128,예술학원,대구광역시,"1,372"
1129,예술학원,경상북도,"1,394"
1130,예술학원,부산광역시,"1,804"
1131,예술학원,울산광역시,788
1132,예술학원,경상남도,"2,214"
1133,예술학원,제주특별자치도,431
1134,예식장,합계,935
1135,예식장,서울특별시,172
1136,예식장,인천광역시,29
1137,예식장,경기도,149
1138,예식장,강원도,40
1139,예식장,대전광역시,24
1140,예식장,충청북도,39
1141,예식장,충청남도,71
1142,예식장,세종특별자치시,5
1143,예식장,광주광역시,29
1144,예식장,전라북도,48
1145,예식장,전라남도,43
1146,예식장,대구광역시,43
1147,예식장,경상북도,68
1148,예식장,부산광역시,66
1149,예식장,울산광역시,15
1150,예식장,경상남도,71
1151,예식장,제주특별자치도,23
1152,옷가게,합계,"86,496"
1153,옷가게,서울특별시,"16,037"
1154,옷가게,인천광역시,"4,048"
1155,옷가게,경기도,"17,486"
1156,옷가게,강원도,"3,200"
1157,옷가게,대전광역시,"2,825"
1158,옷가게,충청북도,"2,969"
1159,옷가게,충청남도,"3,321"
1160,옷가게,세종특별자치시,340
1161,옷가게,광주광역시,"3,182"
1162,옷가게,전라북도,"3,498"
1163,옷가게,전라남도,"3,068"
1164,옷가게,대구광역시,"5,340"
1165,옷가게,경상북도,"4,704"
1166,옷가게,부산광역시,"7,153"
1167,옷가게,울산광역시,"1,837"
1168,옷가게,경상남도,"5,831"
1169,옷가게,제주특별자치도,"1,657"
1170,의료용품가게,합계,"7,016"
1171,의료용품가게,서울특별시,"1,592"
1172,의료용품가게,인천광역시,314
1173,의료용품가게,경기도,"1,501"
1174,의료용품가게,강원도,184
1175,의료용품가게,대전광역시,274
1176,의료용품가게,충청북도,176
1177,의료용품가게,충청남도,284
1178,의료용품가게,세종특별자치시,20
1179,의료용품가게,광주광역시,319
1180,의료용품가게,전라북도,325
1181,의료용품가게,전라남도,221
1182,의료용품가게,대구광역시,342
1183,의료용품가게,경상북도,266
1184,의료용품가게,부산광역시,588
1185,의료용품가게,울산광역시,108
1186,의료용품가게,경상남도,421
1187,의료용품가게,제주특별자치도,81
1188,이륜자동차판매점,합계,"2,627"
1189,이륜자동차판매점,서울특별시,462
1190,이륜자동차판매점,인천광역시,96
1191,이륜자동차판매점,경기도,437
1192,이륜자동차판매점,강원도,92
1193,이륜자동차판매점,대전광역시,58
1194,이륜자동차판매점,충청북도,85
1195,이륜자동차판매점,충청남도,146
1196,이륜자동차판매점,세종특별자치시,9
1197,이륜자동차판매점,광주광역시,66
1198,이륜자동차판매점,전라북도,127
1199,이륜자동차판매점,전라남도,147
1200,이륜자동차판매점,대구광역시,151
1201,이륜자동차판매점,경상북도,206
1202,이륜자동차판매점,부산광역시,211
1203,이륜자동차판매점,울산광역시,74
1204,이륜자동차판매점,경상남도,220
1205,이륜자동차판매점,제주특별자치도,40
1206,이발소,합계,"11,811"
1207,이발소,서울특별시,"2,155"
1208,이발소,인천광역시,407
1209,이발소,경기도,"2,088"
1210,이발소,강원도,646
1211,이발소,대전광역시,409
1212,이발소,충청북도,414
1213,이발소,충청남도,605
1214,이발소,세종특별자치시,33
1215,이발소,광주광역시,259
1216,이발소,전라북도,450
1217,이발소,전라남도,550
1218,이발소,대구광역시,587
1219,이발소,경상북도,870
1220,이발소,부산광역시,"1,022"
1221,이발소,울산광역시,370
1222,이발소,경상남도,784
1223,이발소,제주특별자치도,162
1224,이비인후과 의원,합계,"2,563"
1225,이비인후과 의원,서울특별시,679
1226,이비인후과 의원,인천광역시,136
1227,이비인후과 의원,경기도,640
1228,이비인후과 의원,강원도,49
1229,이비인후과 의원,대전광역시,83
1230,이비인후과 의원,충청북도,62
1231,이비인후과 의원,충청남도,55
1232,이비인후과 의원,세종특별자치시,14
1233,이비인후과 의원,광주광역시,76
1234,이비인후과 의원,전라북도,73
1235,이비인후과 의원,전라남도,48
1236,이비인후과 의원,대구광역시,158
1237,이비인후과 의원,경상북도,87
1238,이비인후과 의원,부산광역시,202
1239,이비인후과 의원,울산광역시,47
1240,이비인후과 의원,경상남도,127
1241,이비인후과 의원,제주특별자치도,27
1242,일반외과 의원,합계,"4,769"
1243,일반외과 의원,서울특별시,"1,061"
1244,일반외과 의원,인천광역시,262
1245,일반외과 의원,경기도,"1,113"
1246,일반외과 의원,강원도,129
1247,일반외과 의원,대전광역시,144
1248,일반외과 의원,충청북도,172
1249,일반외과 의원,충청남도,190
1250,일반외과 의원,세종특별자치시,32
1251,일반외과 의원,광주광역시,99
1252,일반외과 의원,전라북도,181
1253,일반외과 의원,전라남도,139
1254,일반외과 의원,대구광역시,302
1255,일반외과 의원,경상북도,234
1256,일반외과 의원,부산광역시,321
1257,일반외과 의원,울산광역시,77
1258,일반외과 의원,경상남도,243
1259,일반외과 의원,제주특별자치도,70
1260,일식전문점,합계,"18,242"
1261,일식전문점,서울특별시,"5,562"
1262,일식전문점,인천광역시,"1,001"
1263,일식전문점,경기도,"3,686"
1264,일식전문점,강원도,"1,005"
1265,일식전문점,대전광역시,449
1266,일식전문점,충청북도,497
1267,일식전문점,충청남도,750
1268,일식전문점,세종특별자치시,89
1269,일식전문점,광주광역시,266
1270,일식전문점,전라북도,502
1271,일식전문점,전라남도,429
1272,일식전문점,대구광역시,832
1273,일식전문점,경상북도,548
1274,일식전문점,부산광역시,"1,059"
1275,일식전문점,울산광역시,272
1276,일식전문점,경상남도,762
1277,일식전문점,제주특별자치도,533
1278,자동차수리점,합계,"43,462"
1279,자동차수리점,서울특별시,"4,858"
1280,자동차수리점,인천광역시,"2,288"
1281,자동차수리점,경기도,"10,863"
1282,자동차수리점,강원도,"1,768"
1283,자동차수리점,대전광역시,"1,404"
1284,자동차수리점,충청북도,"1,803"
1285,자동차수리점,충청남도,"2,403"
1286,자동차수리점,세종특별자치시,187
1287,자동차수리점,광주광역시,"1,512"
1288,자동차수리점,전라북도,"2,002"
1289,자동차수리점,전라남도,"1,987"
1290,자동차수리점,대구광역시,"2,232"
1291,자동차수리점,경상북도,"3,018"
1292,자동차수리점,부산광역시,"2,341"
1293,자동차수리점,울산광역시,"1,070"
1294,자동차수리점,경상남도,"3,175"
1295,자동차수리점,제주특별자치도,551
1296,자전거판매점,합계,"2,573"
1297,자전거판매점,서울특별시,418
1298,자전거판매점,인천광역시,110
1299,자전거판매점,경기도,619
1300,자전거판매점,강원도,90
1301,자전거판매점,대전광역시,97
1302,자전거판매점,충청북도,86
1303,자전거판매점,충청남도,113
1304,자전거판매점,세종특별자치시,12
1305,자전거판매점,광주광역시,63
1306,자전거판매점,전라북도,134
1307,자전거판매점,전라남도,100
1308,자전거판매점,대구광역시,160
1309,자전거판매점,경상북도,165
1310,자전거판매점,부산광역시,109
1311,자전거판매점,울산광역시,61
1312,자전거판매점,경상남도,202
1313,자전거판매점,제주특별자치도,34
1314,장난감가게,합계,"2,154"
1315,장난감가게,서울특별시,425
1316,장난감가게,인천광역시,101
1317,장난감가게,경기도,606
1318,장난감가게,강원도,61
1319,장난감가게,대전광역시,67
1320,장난감가게,충청북도,70
1321,장난감가게,충청남도,92
1322,장난감가게,세종특별자치시,23
1323,장난감가게,광주광역시,55
1324,장난감가게,전라북도,66
1325,장난감가게,전라남도,58
1326,장난감가게,대구광역시,96
1327,장난감가게,경상북도,105
1328,장난감가게,부산광역시,137
1329,장난감가게,울산광역시,38
1330,장난감가게,경상남도,115
1331,장난감가게,제주특별자치도,39
1332,정육점,합계,"19,653"
1333,정육점,서울특별시,"2,801"
1334,정육점,인천광역시,"1,040"
1335,정육점,경기도,"4,285"
1336,정육점,강원도,847
1337,정육점,대전광역시,748
1338,정육점,충청북도,774
1339,정육점,충청남도,"1,019"
1340,정육점,세종특별자치시,113
1341,정육점,광주광역시,535
1342,정육점,전라북도,"1,057"
1343,정육점,전라남도,808
1344,정육점,대구광역시,"1,273"
1345,정육점,경상북도,"1,235"
1346,정육점,부산광역시,"1,098"
1347,정육점,울산광역시,560
1348,정육점,경상남도,"1,182"
1349,정육점,제주특별자치도,278
1350,제과점,합계,"16,787"
1351,제과점,서울특별시,"3,543"
1352,제과점,인천광역시,766
1353,제과점,경기도,"3,846"
1354,제과점,강원도,545
1355,제과점,대전광역시,513
1356,제과점,충청북도,518
1357,제과점,충청남도,675
1358,제과점,세종특별자치시,115
1359,제과점,광주광역시,481
1360,제과점,전라북도,600
1361,제과점,전라남도,555
1362,제과점,대구광역시,896
1363,제과점,경상북도,882
1364,제과점,부산광역시,"1,069"
1365,제과점,울산광역시,353
1366,제과점,경상남도,"1,049"
1367,제과점,제주특별자치도,381
1368,종합병원,합계,"3,372"
1369,종합병원,서울특별시,438
1370,종합병원,인천광역시,141
1371,종합병원,경기도,666
1372,종합병원,강원도,89
1373,종합병원,대전광역시,100
1374,종합병원,충청북도,98
1375,종합병원,충청남도,137
1376,종합병원,세종특별자치시,12
1377,종합병원,광주광역시,164
1378,종합병원,전라북도,168
1379,종합병원,전라남도,194
1380,종합병원,대구광역시,185
1381,종합병원,경상북도,230
1382,종합병원,부산광역시,338
1383,종합병원,울산광역시,92
1384,종합병원,경상남도,295
1385,종합병원,제주특별자치도,25
1386,주유소,합계,"10,766"
1387,주유소,서울특별시,398
1388,주유소,인천광역시,279
1389,주유소,경기도,"2,170"
1390,주유소,강원도,640
1391,주유소,대전광역시,227
1392,주유소,충청북도,706
1393,주유소,충청남도,"1,007"
1394,주유소,세종특별자치시,66
1395,주유소,광주광역시,264
1396,주유소,전라북도,839
1397,주유소,전라남도,818
1398,주유소,대구광역시,326
1399,주유소,경상북도,"1,210"
1400,주유소,부산광역시,363
1401,주유소,울산광역시,221
1402,주유소,경상남도,"1,051"
1403,주유소,제주특별자치도,181
1404,주차장운영업,합계,"7,527"
1405,주차장운영업,서울특별시,"1,740"
1406,주차장운영업,인천광역시,292
1407,주차장운영업,경기도,"1,167"
1408,주차장운영업,강원도,143
1409,주차장운영업,대전광역시,168
1410,주차장운영업,충청북도,146
1411,주차장운영업,충청남도,126
1412,주차장운영업,세종특별자치시,20
1413,주차장운영업,광주광역시,253
1414,주차장운영업,전라북도,112
1415,주차장운영업,전라남도,94
1416,주차장운영업,대구광역시,427
1417,주차장운영업,경상북도,239
1418,주차장운영업,부산광역시,"1,703"
1419,주차장운영업,울산광역시,223
1420,주차장운영업,경상남도,632
1421,주차장운영업,제주특별자치도,42
1422,중고차판매점,합계,"4,803"
1423,중고차판매점,서울특별시,478
1424,중고차판매점,인천광역시,287
1425,중고차판매점,경기도,"1,032"
1426,중고차판매점,강원도,157
1427,중고차판매점,대전광역시,164
1428,중고차판매점,충청북도,195
1429,중고차판매점,충청남도,211
1430,중고차판매점,세종특별자치시,3
1431,중고차판매점,광주광역시,238
1432,중고차판매점,전라북도,292
1433,중고차판매점,전라남도,216
1434,중고차판매점,대구광역시,478
1435,중고차판매점,경상북도,338
1436,중고차판매점,부산광역시,235
1437,중고차판매점,울산광역시,103
1438,중고차판매점,경상남도,324
1439,중고차판매점,제주특별자치도,52
1440,중식전문점,합계,"23,742"
1441,중식전문점,서울특별시,"4,633"
1442,중식전문점,인천광역시,"1,131"
1443,중식전문점,경기도,"4,915"
1444,중식전문점,강원도,"1,008"
1445,중식전문점,대전광역시,550
1446,중식전문점,충청북도,892
1447,중식전문점,충청남도,"1,207"
1448,중식전문점,세종특별자치시,141
1449,중식전문점,광주광역시,487
1450,중식전문점,전라북도,"1,030"
1451,중식전문점,전라남도,813
1452,중식전문점,대구광역시,"1,240"
1453,중식전문점,경상북도,"1,457"
1454,중식전문점,부산광역시,"1,737"
1455,중식전문점,울산광역시,473
1456,중식전문점,경상남도,"1,648"
1457,중식전문점,제주특별자치도,380
1458,채소가게,합계,"10,997"
1459,채소가게,서울특별시,"1,526"
1460,채소가게,인천광역시,516
1461,채소가게,경기도,"1,914"
1462,채소가게,강원도,760
1463,채소가게,대전광역시,266
1464,채소가게,충청북도,490
1465,채소가게,충청남도,671
1466,채소가게,세종특별자치시,52
1467,채소가게,광주광역시,217
1468,채소가게,전라북도,618
1469,채소가게,전라남도,705
1470,채소가게,대구광역시,433
1471,채소가게,경상북도,905
1472,채소가게,부산광역시,699
1473,채소가게,울산광역시,125
1474,채소가게,경상남도,814
1475,채소가게,제주특별자치도,286
1476,철물점,합계,"8,848"
1477,철물점,서울특별시,"1,398"
1478,철물점,인천광역시,503
1479,철물점,경기도,"1,874"
1480,철물점,강원도,455
1481,철물점,대전광역시,279
1482,철물점,충청북도,349
1483,철물점,충청남도,457
1484,철물점,세종특별자치시,38
1485,철물점,광주광역시,292
1486,철물점,전라북도,427
1487,철물점,전라남도,456
1488,철물점,대구광역시,346
1489,철물점,경상북도,487
1490,철물점,부산광역시,670
1491,철물점,울산광역시,174
1492,철물점,경상남도,543
1493,철물점,제주특별자치도,100
1494,치과병원ㆍ의원,합계,"18,117"
1495,치과병원ㆍ의원,서울특별시,"4,890"
1496,치과병원ㆍ의원,인천광역시,909
1497,치과병원ㆍ의원,경기도,"4,231"
1498,치과병원ㆍ의원,강원도,391
1499,치과병원ㆍ의원,대전광역시,532
1500,치과병원ㆍ의원,충청북도,425
1501,치과병원ㆍ의원,충청남도,566
1502,치과병원ㆍ의원,세종특별자치시,84
1503,치과병원ㆍ의원,광주광역시,634
1504,치과병원ㆍ의원,전라북도,578
1505,치과병원ㆍ의원,전라남도,488
1506,치과병원ㆍ의원,대구광역시,898
1507,치과병원ㆍ의원,경상북도,679
1508,치과병원ㆍ의원,부산광역시,"1,303"
1509,치과병원ㆍ의원,울산광역시,385
1510,치과병원ㆍ의원,경상남도,910
1511,치과병원ㆍ의원,제주특별자치도,214
1512,침구ㆍ커튼가게,합계,"9,983"
1513,침구ㆍ커튼가게,서울특별시,"1,327"
1514,침구ㆍ커튼가게,인천광역시,422
1515,침구ㆍ커튼가게,경기도,"1,889"
1516,침구ㆍ커튼가게,강원도,403
1517,침구ㆍ커튼가게,대전광역시,432
1518,침구ㆍ커튼가게,충청북도,398
1519,침구ㆍ커튼가게,충청남도,509
1520,침구ㆍ커튼가게,세종특별자치시,51
1521,침구ㆍ커튼가게,광주광역시,396
1522,침구ㆍ커튼가게,전라북도,495
1523,침구ㆍ커튼가게,전라남도,489
1524,침구ㆍ커튼가게,대구광역시,648
1525,침구ㆍ커튼가게,경상북도,676
1526,침구ㆍ커튼가게,부산광역시,701
1527,침구ㆍ커튼가게,울산광역시,234
1528,침구ㆍ커튼가게,경상남도,692
1529,침구ㆍ커튼가게,제주특별자치도,221
1530,커피음료점,합계,"56,174"
1531,커피음료점,서울특별시,"11,374"
1532,커피음료점,인천광역시,"2,778"
1533,커피음료점,경기도,"11,788"
1534,커피음료점,강원도,"1,973"
1535,커피음료점,대전광역시,"2,064"
1536,커피음료점,충청북도,"1,911"
1537,커피음료점,충청남도,"2,511"
1538,커피음료점,세종특별자치시,363
1539,커피음료점,광주광역시,"1,378"
1540,커피음료점,전라북도,"2,307"
1541,커피음료점,전라남도,"1,933"
1542,커피음료점,대구광역시,"2,637"
1543,커피음료점,경상북도,"3,977"
1544,커피음료점,부산광역시,"3,114"
1545,커피음료점,울산광역시,"1,329"
1546,커피음료점,경상남도,"3,623"
1547,커피음료점,제주특별자치도,"1,114"
1548,컴퓨터판매점,합계,"5,030"
1549,컴퓨터판매점,서울특별시,998
1550,컴퓨터판매점,인천광역시,212
1551,컴퓨터판매점,경기도,"1,121"
1552,컴퓨터판매점,강원도,182
1553,컴퓨터판매점,대전광역시,178
1554,컴퓨터판매점,충청북도,189
1555,컴퓨터판매점,충청남도,215
1556,컴퓨터판매점,세종특별자치시,38
1557,컴퓨터판매점,광주광역시,186
1558,컴퓨터판매점,전라북도,217
1559,컴퓨터판매점,전라남도,184
1560,컴퓨터판매점,대구광역시,225
1561,컴퓨터판매점,경상북도,323
1562,컴퓨터판매점,부산광역시,250
1563,컴퓨터판매점,울산광역시,96
1564,컴퓨터판매점,경상남도,323
1565,컴퓨터판매점,제주특별자치도,93
1566,통신판매업,합계,"239,332"
1567,통신판매업,서울특별시,"71,542"
1568,통신판매업,인천광역시,"15,884"
1569,통신판매업,경기도,"69,747"
1570,통신판매업,강원도,"3,217"
1571,통신판매업,대전광역시,"5,743"
1572,통신판매업,충청북도,"4,528"
1573,통신판매업,충청남도,"5,773"
1574,통신판매업,세종특별자치시,"1,056"
1575,통신판매업,광주광역시,"5,522"
1576,통신판매업,전라북도,"4,656"
1577,통신판매업,전라남도,"4,306"
1578,통신판매업,대구광역시,"11,432"
1579,통신판매업,경상북도,"7,504"
1580,통신판매업,부산광역시,"14,930"
1581,통신판매업,울산광역시,"2,919"
1582,통신판매업,경상남도,"8,757"
1583,통신판매업,제주특별자치도,"1,816"
1584,패스트푸드점,합계,"37,384"
1585,패스트푸드점,서울특별시,"6,013"
1586,패스트푸드점,인천광역시,"1,674"
1587,패스트푸드점,경기도,"8,076"
1588,패스트푸드점,강원도,"1,849"
1589,패스트푸드점,대전광역시,"1,005"
1590,패스트푸드점,충청북도,"1,541"
1591,패스트푸드점,충청남도,"2,005"
1592,패스트푸드점,세종특별자치시,314
1593,패스트푸드점,광주광역시,"1,041"
1594,패스트푸드점,전라북도,"1,598"
1595,패스트푸드점,전라남도,"1,501"
1596,패스트푸드점,대구광역시,"1,367"
1597,패스트푸드점,경상북도,"2,236"
1598,패스트푸드점,부산광역시,"2,469"
1599,패스트푸드점,울산광역시,961
1600,패스트푸드점,경상남도,"3,161"
1601,패스트푸드점,제주특별자치도,573
1602,펜션ㆍ게스트하우스,합계,"12,127"
1603,펜션ㆍ게스트하우스,서울특별시,622
1604,펜션ㆍ게스트하우스,인천광역시,550
1605,펜션ㆍ게스트하우스,경기도,"1,615"
1606,펜션ㆍ게스트하우스,강원도,"2,125"
1607,펜션ㆍ게스트하우스,대전광역시,18
1608,펜션ㆍ게스트하우스,충청북도,337
1609,펜션ㆍ게스트하우스,충청남도,"1,142"
1610,펜션ㆍ게스트하우스,세종특별자치시,4
1611,펜션ㆍ게스트하우스,광주광역시,21
1612,펜션ㆍ게스트하우스,전라북도,360
1613,펜션ㆍ게스트하우스,전라남도,625
1614,펜션ㆍ게스트하우스,대구광역시,23
1615,펜션ㆍ게스트하우스,경상북도,"1,064"
1616,펜션ㆍ게스트하우스,부산광역시,139
1617,펜션ㆍ게스트하우스,울산광역시,118
1618,펜션ㆍ게스트하우스,경상남도,"1,216"
1619,펜션ㆍ게스트하우스,제주특별자치도,"2,148"
1620,편의점,합계,"40,437"
1621,편의점,서울특별시,"7,945"
1622,편의점,인천광역시,"2,152"
1623,편의점,경기도,"9,923"
1624,편의점,강원도,"1,627"
1625,편의점,대전광역시,"1,091"
1626,편의점,충청북도,"1,431"
1627,편의점,충청남도,"2,140"
1628,편의점,세종특별자치시,246
1629,편의점,광주광역시,"1,033"
1630,편의점,전라북도,"1,190"
1631,편의점,전라남도,"1,107"
1632,편의점,대구광역시,"1,510"
1633,편의점,경상북도,"1,857"
1634,편의점,부산광역시,"2,402"
1635,편의점,울산광역시,877
1636,편의점,경상남도,"2,821"
1637,편의점,제주특별자치도,"1,085"
1638,피부관리업,합계,"35,054"
1639,피부관리업,서울특별시,"6,991"
1640,피부관리업,인천광역시,"1,985"
1641,피부관리업,경기도,"8,089"
1642,피부관리업,강원도,"1,018"
1643,피부관리업,대전광역시,"1,133"
1644,피부관리업,충청북도,"1,042"
1645,피부관리업,충청남도,"1,245"
1646,피부관리업,세종특별자치시,151
1647,피부관리업,광주광역시,"1,503"
1648,피부관리업,전라북도,"1,104"
1649,피부관리업,전라남도,"1,293"
1650,피부관리업,대구광역시,"1,490"
1651,피부관리업,경상북도,"1,468"
1652,피부관리업,부산광역시,"2,571"
1653,피부관리업,울산광역시,753
1654,피부관리업,경상남도,"2,542"
1655,피부관리업,제주특별자치도,676
1656,피부ㆍ비뇨기과 의원,합계,"3,855"
1657,피부ㆍ비뇨기과 의원,서울특별시,"1,317"
1658,피부ㆍ비뇨기과 의원,인천광역시,170
1659,피부ㆍ비뇨기과 의원,경기도,806
1660,피부ㆍ비뇨기과 의원,강원도,58
1661,피부ㆍ비뇨기과 의원,대전광역시,110
1662,피부ㆍ비뇨기과 의원,충청북도,75
1663,피부ㆍ비뇨기과 의원,충청남도,99
1664,피부ㆍ비뇨기과 의원,세종특별자치시,15
1665,피부ㆍ비뇨기과 의원,광주광역시,124
1666,피부ㆍ비뇨기과 의원,전라북도,89
1667,피부ㆍ비뇨기과 의원,전라남도,73
1668,피부ㆍ비뇨기과 의원,대구광역시,201
1669,피부ㆍ비뇨기과 의원,경상북도,105
1670,피부ㆍ비뇨기과 의원,부산광역시,327
1671,피부ㆍ비뇨기과 의원,울산광역시,76
1672,피부ㆍ비뇨기과 의원,경상남도,168
1673,피부ㆍ비뇨기과 의원,제주특별자치도,42
1674,한방병원ㆍ한의원,합계,"14,798"
1675,한방병원ㆍ한의원,서울특별시,"3,702"
1676,한방병원ㆍ한의원,인천광역시,690
1677,한방병원ㆍ한의원,경기도,"3,197"
1678,한방병원ㆍ한의원,강원도,359
1679,한방병원ㆍ한의원,대전광역시,524
1680,한방병원ㆍ한의원,충청북도,404
1681,한방병원ㆍ한의원,충청남도,526
1682,한방병원ㆍ한의원,세종특별자치시,74
1683,한방병원ㆍ한의원,광주광역시,414
1684,한방병원ㆍ한의원,전라북도,538
1685,한방병원ㆍ한의원,전라남도,403
1686,한방병원ㆍ한의원,대구광역시,880
1687,한방병원ㆍ한의원,경상북도,646
1688,한방병원ㆍ한의원,부산광역시,"1,147"
1689,한방병원ㆍ한의원,울산광역시,284
1690,한방병원ㆍ한의원,경상남도,818
1691,한방병원ㆍ한의원,제주특별자치도,192
1692,한식전문점,합계,"382,902"
1693,한식전문점,서울특별시,"53,122"
1694,한식전문점,인천광역시,"17,354"
1695,한식전문점,경기도,"79,025"
1696,한식전문점,강원도,"19,448"
1697,한식전문점,대전광역시,"11,532"
1698,한식전문점,충청북도,"15,159"
1699,한식전문점,충청남도,"19,277"
1700,한식전문점,세종특별자치시,"2,003"
1701,한식전문점,광주광역시,"9,708"
1702,한식전문점,전라북도,"14,161"
1703,한식전문점,전라남도,"17,464"
1704,한식전문점,대구광역시,"19,615"
1705,한식전문점,경상북도,"29,281"
1706,한식전문점,부산광역시,"24,116"
1707,한식전문점,울산광역시,"10,903"
1708,한식전문점,경상남도,"32,139"
1709,한식전문점,제주특별자치도,"8,595"
1710,헬스클럽,합계,"7,351"
1711,헬스클럽,서울특별시,"1,760"
1712,헬스클럽,인천광역시,386
1713,헬스클럽,경기도,"1,752"
1714,헬스클럽,강원도,210
1715,헬스클럽,대전광역시,230
1716,헬스클럽,충청북도,257
1717,헬스클럽,충청남도,264
1718,헬스클럽,세종특별자치시,36
1719,헬스클럽,광주광역시,226
1720,헬스클럽,전라북도,222
1721,헬스클럽,전라남도,166
1722,헬스클럽,대구광역시,364
1723,헬스클럽,경상북도,340
1724,헬스클럽,부산광역시,500
1725,헬스클럽,울산광역시,132
1726,헬스클럽,경상남도,399
1727,헬스클럽,제주특별자치도,107
1728,호프전문점,합계,"34,400"
1729,호프전문점,서울특별시,"7,294"
1730,호프전문점,인천광역시,"1,793"
1731,호프전문점,경기도,"7,135"
1732,호프전문점,강원도,"1,451"
1733,호프전문점,대전광역시,"1,013"
1734,호프전문점,충청북도,"1,811"
1735,호프전문점,충청남도,"1,688"
1736,호프전문점,세종특별자치시,156
1737,호프전문점,광주광역시,"2,367"
1738,호프전문점,전라북도,"1,354"
1739,호프전문점,전라남도,"2,392"
1740,호프전문점,대구광역시,569
1741,호프전문점,경상북도,"1,040"
1742,호프전문점,부산광역시,"1,843"
1743,호프전문점,울산광역시,361
1744,호프전문점,경상남도,"1,507"
1745,호프전문점,제주특별자치도,626
1746,화장품가게,합계,"35,072"
1747,화장품가게,서울특별시,"6,772"
1748,화장품가게,인천광역시,"1,441"
1749,화장품가게,경기도,"7,815"
1750,화장품가게,강원도,"1,089"
1751,화장품가게,대전광역시,"1,224"
1752,화장품가게,충청북도,"1,028"
1753,화장품가게,충청남도,"1,312"
1754,화장품가게,세종특별자치시,140
1755,화장품가게,광주광역시,"1,134"
1756,화장품가게,전라북도,"1,413"
1757,화장품가게,전라남도,"1,058"
1758,화장품가게,대구광역시,"2,168"
1759,화장품가게,경상북도,"1,870"
1760,화장품가게,부산광역시,"2,484"
1761,화장품가게,울산광역시,972
1762,화장품가게,경상남도,"2,460"
1763,화장품가게,제주특별자치도,692
1764,휴대폰가게,합계,"18,067"
1765,휴대폰가게,서울특별시,"3,035"
1766,휴대폰가게,인천광역시,914
1767,휴대폰가게,경기도,"3,947"
1768,휴대폰가게,강원도,595
1769,휴대폰가게,대전광역시,663
1770,휴대폰가게,충청북도,550
1771,휴대폰가게,충청남도,862
1772,휴대폰가게,세종특별자치시,72
1773,휴대폰가게,광주광역시,580
1774,휴대폰가게,전라북도,734
1775,휴대폰가게,전라남도,606
1776,휴대폰가게,대구광역시,"1,018"
1777,휴대폰가게,경상북도,"1,072"
1778,휴대폰가게,부산광역시,"1,375"
1779,휴대폰가게,울산광역시,507
1780,휴대폰가게,경상남도,"1,315"
1781,휴대폰가게,제주특별자치도,222
1782,LPG충전소,합계,"1,610"
1783,LPG충전소,서울특별시,77
1784,LPG충전소,인천광역시,70
1785,LPG충전소,경기도,379
1786,LPG충전소,강원도,94
1787,LPG충전소,대전광역시,38
1788,LPG충전소,충청북도,74
1789,LPG충전소,충청남도,126
1790,LPG충전소,세종특별자치시,4
1791,LPG충전소,광주광역시,39
1792,LPG충전소,전라북도,103
1793,LPG충전소,전라남도,123
1794,LPG충전소,대구광역시,45
1795,LPG충전소,경상북도,163
1796,LPG충전소,부산광역시,58
1797,LPG충전소,울산광역시,30
1798,LPG충전소,경상남도,151
1799,LPG충전소,제주특별자치도,36
1800,pc방,합계,"10,408"
1801,pc방,서울특별시,"1,713"
1802,pc방,인천광역시,534
1803,pc방,경기도,"2,420"
1804,pc방,강원도,432
1805,pc방,대전광역시,329
1806,pc방,충청북도,335
1807,pc방,충청남도,439
1808,pc방,세종특별자치시,40
1809,pc방,광주광역시,422
1810,pc방,전라북도,431
1811,pc방,전라남도,378
1812,pc방,대구광역시,569
1813,pc방,경상북도,578
1814,pc방,부산광역시,658
1815,pc방,울산광역시,284
1816,pc방,경상남도,676
1817,pc방,제주특별자치도,170
