,corp,city,2
0,업종전체,합계," 2,397,281 "
1,업종전체,서울특별시," 477,788 "
2,업종전체,인천광역시," 121,917 "
3,업종전체,경기도," 555,330 "
4,업종전체,강원도," 85,423 "
5,업종전체,대전광역시," 70,411 "
6,업종전체,충청북도," 77,071 "
7,업종전체,충청남도," 101,074 "
8,업종전체,세종특별자치시," 12,722 "
9,업종전체,광주광역시," 70,813 "
10,업종전체,전라북도," 84,827 "
11,업종전체,전라남도," 85,346 "
12,업종전체,대구광역시," 114,962 "
13,업종전체,경상북도," 129,234 "
14,업종전체,부산광역시," 157,496 "
15,업종전체,울산광역시," 51,500 "
16,업종전체,경상남도," 157,067 "
17,업종전체,제주특별자치도," 44,300 "
18,가구점,합계," 7,486 "
19,가구점,서울특별시," 1,020 "
20,가구점,인천광역시, 299 
21,가구점,경기도," 1,924 "
22,가구점,강원도, 302 
23,가구점,대전광역시, 209 
24,가구점,충청북도, 283 
25,가구점,충청남도, 296 
26,가구점,세종특별자치시, 24 
27,가구점,광주광역시, 214 
28,가구점,전라북도, 396 
29,가구점,전라남도, 270 
30,가구점,대구광역시, 367 
31,가구점,경상북도, 472 
32,가구점,부산광역시, 498 
33,가구점,울산광역시, 178 
34,가구점,경상남도, 543 
35,가구점,제주특별자치도, 191 
36,가전제품수리점,합계," 15,534 "
37,가전제품수리점,서울특별시," 2,567 "
38,가전제품수리점,인천광역시," 1,091 "
39,가전제품수리점,경기도," 4,500 "
40,가전제품수리점,강원도, 541 
41,가전제품수리점,대전광역시, 526 
42,가전제품수리점,충청북도, 459 
43,가전제품수리점,충청남도, 643 
44,가전제품수리점,세종특별자치시, 70 
45,가전제품수리점,광주광역시, 449 
46,가전제품수리점,전라북도, 508 
47,가전제품수리점,전라남도, 508 
48,가전제품수리점,대구광역시, 758 
49,가전제품수리점,경상북도, 564 
50,가전제품수리점,부산광역시, 943 
51,가전제품수리점,울산광역시, 300 
52,가전제품수리점,경상남도, 911 
53,가전제품수리점,제주특별자치도, 196 
54,가전제품판매점,합계," 10,019 "
55,가전제품판매점,서울특별시," 1,520 "
56,가전제품판매점,인천광역시, 369 
57,가전제품판매점,경기도," 1,932 "
58,가전제품판매점,강원도, 467 
59,가전제품판매점,대전광역시, 298 
60,가전제품판매점,충청북도, 434 
61,가전제품판매점,충청남도, 519 
62,가전제품판매점,세종특별자치시, 41 
63,가전제품판매점,광주광역시, 347 
64,가전제품판매점,전라북도, 528 
65,가전제품판매점,전라남도, 572 
66,가전제품판매점,대구광역시, 512 
67,가전제품판매점,경상북도, 694 
68,가전제품판매점,부산광역시, 606 
69,가전제품판매점,울산광역시, 200 
70,가전제품판매점,경상남도, 739 
71,가전제품판매점,제주특별자치도, 241 
72,간이주점,합계," 14,413 "
73,간이주점,서울특별시," 4,658 "
74,간이주점,인천광역시," 1,496 "
75,간이주점,경기도," 2,834 "
76,간이주점,강원도, 428 
77,간이주점,대전광역시, 74 
78,간이주점,충청북도, 468 
79,간이주점,충청남도, 650 
80,간이주점,세종특별자치시, 13 
81,간이주점,광주광역시, 191 
82,간이주점,전라북도, 327 
83,간이주점,전라남도, 252 
84,간이주점,대구광역시, 272 
85,간이주점,경상북도, 383 
86,간이주점,부산광역시, 918 
87,간이주점,울산광역시, 110 
88,간이주점,경상남도," 1,165 "
89,간이주점,제주특별자치도, 174 
90,간판광고물업,합계," 12,976 "
91,간판광고물업,서울특별시," 2,649 "
92,간판광고물업,인천광역시, 551 
93,간판광고물업,경기도," 3,186 "
94,간판광고물업,강원도, 514 
95,간판광고물업,대전광역시, 394 
96,간판광고물업,충청북도, 377 
97,간판광고물업,충청남도, 458 
98,간판광고물업,세종특별자치시, 29 
99,간판광고물업,광주광역시, 435 
100,간판광고물업,전라북도, 500 
101,간판광고물업,전라남도, 473 
102,간판광고물업,대구광역시, 768 
103,간판광고물업,경상북도, 659 
104,간판광고물업,부산광역시, 833 
105,간판광고물업,울산광역시, 261 
106,간판광고물업,경상남도, 694 
107,간판광고물업,제주특별자치도, 195 
108,감정평가사,합계," 1,169 "
109,감정평가사,서울특별시, 253 
110,감정평가사,인천광역시, 77 
111,감정평가사,경기도, 378 
112,감정평가사,강원도, 33 
113,감정평가사,대전광역시, 30 
114,감정평가사,충청북도, 29 
115,감정평가사,충청남도, 35 
116,감정평가사,세종특별자치시, 12 
117,감정평가사,광주광역시, 36 
118,감정평가사,전라북도, 38 
119,감정평가사,전라남도, 19 
120,감정평가사,대구광역시, 55 
121,감정평가사,경상북도, 21 
122,감정평가사,부산광역시, 57 
123,감정평가사,울산광역시, 19 
124,감정평가사,경상남도, 62 
125,감정평가사,제주특별자치도, 15 
126,건강보조식품가게,합계," 13,454 "
127,건강보조식품가게,서울특별시," 2,161 "
128,건강보조식품가게,인천광역시, 648 
129,건강보조식품가게,경기도," 2,673 "
130,건강보조식품가게,강원도, 500 
131,건강보조식품가게,대전광역시, 457 
132,건강보조식품가게,충청북도, 436 
133,건강보조식품가게,충청남도," 1,243 "
134,건강보조식품가게,세종특별자치시, 52 
135,건강보조식품가게,광주광역시, 399 
136,건강보조식품가게,전라북도, 711 
137,건강보조식품가게,전라남도, 497 
138,건강보조식품가게,대구광역시, 582 
139,건강보조식품가게,경상북도, 895 
140,건강보조식품가게,부산광역시, 823 
141,건강보조식품가게,울산광역시, 211 
142,건강보조식품가게,경상남도," 1,001 "
143,건강보조식품가게,제주특별자치도, 165 
144,건어물가게,합계," 7,190 "
145,건어물가게,서울특별시, 753 
146,건어물가게,인천광역시, 372 
147,건어물가게,경기도, 809 
148,건어물가게,강원도, 656 
149,건어물가게,대전광역시, 123 
150,건어물가게,충청북도, 114 
151,건어물가게,충청남도, 631 
152,건어물가게,세종특별자치시, 12 
153,건어물가게,광주광역시, 177 
154,건어물가게,전라북도, 368 
155,건어물가게,전라남도, 928 
156,건어물가게,대구광역시, 152 
157,건어물가게,경상북도, 655 
158,건어물가게,부산광역시, 494 
159,건어물가게,울산광역시, 129 
160,건어물가게,경상남도, 707 
161,건어물가게,제주특별자치도, 110 
162,건축사,합계," 9,813 "
163,건축사,서울특별시," 2,511 "
164,건축사,인천광역시, 345 
165,건축사,경기도," 2,068 "
166,건축사,강원도, 325 
167,건축사,대전광역시, 213 
168,건축사,충청북도, 276 
169,건축사,충청남도, 345 
170,건축사,세종특별자치시, 54 
171,건축사,광주광역시, 236 
172,건축사,전라북도, 351 
173,건축사,전라남도, 268 
174,건축사,대구광역시, 666 
175,건축사,경상북도, 474 
176,건축사,부산광역시, 674 
177,건축사,울산광역시, 211 
178,건축사,경상남도, 508 
179,건축사,제주특별자치도, 288 
180,결혼상담소,합계," 1,596 "
181,결혼상담소,서울특별시, 429 
182,결혼상담소,인천광역시, 65 
183,결혼상담소,경기도, 246 
184,결혼상담소,강원도, 28 
185,결혼상담소,대전광역시, 68 
186,결혼상담소,충청북도, 53 
187,결혼상담소,충청남도, 73 
188,결혼상담소,세종특별자치시, 7 
189,결혼상담소,광주광역시, 79 
190,결혼상담소,전라북도, 78 
191,결혼상담소,전라남도, 46 
192,결혼상담소,대구광역시, 106 
193,결혼상담소,경상북도, 57 
194,결혼상담소,부산광역시, 107 
195,결혼상담소,울산광역시, 26 
196,결혼상담소,경상남도, 96 
197,결혼상담소,제주특별자치도, 32 
198,곡물가게,합계," 5,009 "
199,곡물가게,서울특별시, 650 
200,곡물가게,인천광역시, 200 
201,곡물가게,경기도, 880 
202,곡물가게,강원도, 332 
203,곡물가게,대전광역시, 146 
204,곡물가게,충청북도, 243 
205,곡물가게,충청남도, 384 
206,곡물가게,세종특별자치시, 30 
207,곡물가게,광주광역시, 116 
208,곡물가게,전라북도, 371 
209,곡물가게,전라남도, 392 
210,곡물가게,대구광역시, 186 
211,곡물가게,경상북도, 362 
212,곡물가게,부산광역시, 334 
213,곡물가게,울산광역시, 43 
214,곡물가게,경상남도, 275 
215,곡물가게,제주특별자치도, 65 
216,공인노무사,합계, 908 
217,공인노무사,서울특별시, 398 
218,공인노무사,인천광역시, 38 
219,공인노무사,경기도, 151 
220,공인노무사,강원도, 15 
221,공인노무사,대전광역시, 20 
222,공인노무사,충청북도, 18 
223,공인노무사,충청남도, 23 
224,공인노무사,세종특별자치시, 5 
225,공인노무사,광주광역시, 29 
226,공인노무사,전라북도, 23 
227,공인노무사,전라남도, 9 
228,공인노무사,대구광역시, 32 
229,공인노무사,경상북도, 16 
230,공인노무사,부산광역시, 57 
231,공인노무사,울산광역시, 24 
232,공인노무사,경상남도, 40 
233,공인노무사,제주특별자치도, 10 
234,공인회계사,합계," 1,826 "
235,공인회계사,서울특별시, 840 
236,공인회계사,인천광역시, 67 
237,공인회계사,경기도, 308 
238,공인회계사,강원도, 13 
239,공인회계사,대전광역시, 38 
240,공인회계사,충청북도, 33 
241,공인회계사,충청남도, 44 
242,공인회계사,세종특별자치시, 11 
243,공인회계사,광주광역시, 37 
244,공인회계사,전라북도, 35 
245,공인회계사,전라남도, 23 
246,공인회계사,대구광역시, 88 
247,공인회계사,경상북도, 30 
248,공인회계사,부산광역시, 129 
249,공인회계사,울산광역시, 26 
250,공인회계사,경상남도, 75 
251,공인회계사,제주특별자치도, 29 
252,과일가게,합계," 11,791 "
253,과일가게,서울특별시," 1,235 "
254,과일가게,인천광역시, 418 
255,과일가게,경기도," 1,815 "
256,과일가게,강원도, 300 
257,과일가게,대전광역시, 302 
258,과일가게,충청북도, 652 
259,과일가게,충청남도, 672 
260,과일가게,세종특별자치시, 105 
261,과일가게,광주광역시, 289 
262,과일가게,전라북도, 578 
263,과일가게,전라남도, 663 
264,과일가게,대구광역시, 368 
265,과일가게,경상북도," 1,382 "
266,과일가게,부산광역시, 600 
267,과일가게,울산광역시, 154 
268,과일가게,경상남도," 1,199 "
269,과일가게,제주특별자치도," 1,059 "
270,교습소･공부방,합계," 33,880 "
271,교습소･공부방,서울특별시," 7,226 "
272,교습소･공부방,인천광역시," 1,650 "
273,교습소･공부방,경기도," 8,296 "
274,교습소･공부방,강원도, 894 
275,교습소･공부방,대전광역시," 1,327 "
276,교습소･공부방,충청북도, 817 
277,교습소･공부방,충청남도," 1,157 "
278,교습소･공부방,세종특별자치시, 248 
279,교습소･공부방,광주광역시, 743 
280,교습소･공부방,전라북도, 755 
281,교습소･공부방,전라남도, 664 
282,교습소･공부방,대구광역시," 2,541 "
283,교습소･공부방,경상북도," 1,749 "
284,교습소･공부방,부산광역시," 2,487 "
285,교습소･공부방,울산광역시, 715 
286,교습소･공부방,경상남도," 2,062 "
287,교습소･공부방,제주특별자치도, 549 
288,교습학원,합계," 55,880 "
289,교습학원,서울특별시," 10,292 "
290,교습학원,인천광역시," 2,497 "
291,교습학원,경기도," 14,882 "
292,교습학원,강원도," 1,454 "
293,교습학원,대전광역시," 1,269 "
294,교습학원,충청북도," 1,437 "
295,교습학원,충청남도," 1,838 "
296,교습학원,세종특별자치시, 421 
297,교습학원,광주광역시," 2,415 "
298,교습학원,전라북도," 2,409 "
299,교습학원,전라남도," 1,815 "
300,교습학원,대구광역시," 2,639 "
301,교습학원,경상북도," 2,597 "
302,교습학원,부산광역시," 3,525 "
303,교습학원,울산광역시," 1,664 "
304,교습학원,경상남도," 4,023 "
305,교습학원,제주특별자치도, 703 
306,구내식당,합계," 21,677 "
307,구내식당,서울특별시," 3,906 "
308,구내식당,인천광역시," 1,371 "
309,구내식당,경기도," 5,274 "
310,구내식당,강원도, 614 
311,구내식당,대전광역시, 693 
312,구내식당,충청북도, 770 
313,구내식당,충청남도," 1,039 "
314,구내식당,세종특별자치시, 80 
315,구내식당,광주광역시, 402 
316,구내식당,전라북도, 796 
317,구내식당,전라남도, 650 
318,구내식당,대구광역시, 891 
319,구내식당,경상북도," 1,305 "
320,구내식당,부산광역시," 1,452 "
321,구내식당,울산광역시, 429 
322,구내식당,경상남도," 1,842 "
323,구내식당,제주특별자치도, 163 
324,기술및직업훈련학원,합계," 13,868 "
325,기술및직업훈련학원,서울특별시," 3,097 "
326,기술및직업훈련학원,인천광역시, 578 
327,기술및직업훈련학원,경기도," 3,121 "
328,기술및직업훈련학원,강원도, 419 
329,기술및직업훈련학원,대전광역시, 465 
330,기술및직업훈련학원,충청북도, 383 
331,기술및직업훈련학원,충청남도, 520 
332,기술및직업훈련학원,세종특별자치시, 110 
333,기술및직업훈련학원,광주광역시, 499 
334,기술및직업훈련학원,전라북도, 510 
335,기술및직업훈련학원,전라남도, 425 
336,기술및직업훈련학원,대구광역시, 786 
337,기술및직업훈련학원,경상북도, 560 
338,기술및직업훈련학원,부산광역시, 954 
339,기술및직업훈련학원,울산광역시, 327 
340,기술및직업훈련학원,경상남도, 846 
341,기술및직업훈련학원,제주특별자치도, 268 
342,기술사,합계," 1,059 "
343,기술사,서울특별시, 291 
344,기술사,인천광역시, 27 
345,기술사,경기도, 246 
346,기술사,강원도, 38 
347,기술사,대전광역시, 26 
348,기술사,충청북도, 35 
349,기술사,충청남도, 29 
350,기술사,세종특별자치시, 3 
351,기술사,광주광역시, 34 
352,기술사,전라북도, 32 
353,기술사,전라남도, 35 
354,기술사,대구광역시, 34 
355,기술사,경상북도, 42 
356,기술사,부산광역시, 65 
357,기술사,울산광역시, 20 
358,기술사,경상남도, 85 
359,기술사,제주특별자치도, 17 
360,기타 일반의원,합계," 3,276 "
361,기타 일반의원,서울특별시, 895 
362,기타 일반의원,인천광역시, 146 
363,기타 일반의원,경기도, 654 
364,기타 일반의원,강원도, 67 
365,기타 일반의원,대전광역시, 145 
366,기타 일반의원,충청북도, 94 
367,기타 일반의원,충청남도, 101 
368,기타 일반의원,세종특별자치시, 20 
369,기타 일반의원,광주광역시, 129 
370,기타 일반의원,전라북도, 173 
371,기타 일반의원,전라남도, 107 
372,기타 일반의원,대구광역시, 161 
373,기타 일반의원,경상북도, 106 
374,기타 일반의원,부산광역시, 227 
375,기타 일반의원,울산광역시, 51 
376,기타 일반의원,경상남도, 145 
377,기타 일반의원,제주특별자치도, 55 
378,기타외국식전문점,합계," 23,778 "
379,기타외국식전문점,서울특별시," 7,239 "
380,기타외국식전문점,인천광역시, 809 
381,기타외국식전문점,경기도," 4,989 "
382,기타외국식전문점,강원도, 777 
383,기타외국식전문점,대전광역시, 597 
384,기타외국식전문점,충청북도, 524 
385,기타외국식전문점,충청남도, 680 
386,기타외국식전문점,세종특별자치시, 159 
387,기타외국식전문점,광주광역시, 385 
388,기타외국식전문점,전라북도, 744 
389,기타외국식전문점,전라남도, 420 
390,기타외국식전문점,대구광역시," 1,208 "
391,기타외국식전문점,경상북도, 700 
392,기타외국식전문점,부산광역시," 1,827 "
393,기타외국식전문점,울산광역시, 692 
394,기타외국식전문점,경상남도," 1,212 "
395,기타외국식전문점,제주특별자치도, 816 
396,기타음식점,합계," 23,474 "
397,기타음식점,서울특별시," 4,494 "
398,기타음식점,인천광역시, 973 
399,기타음식점,경기도," 5,468 "
400,기타음식점,강원도," 1,028 "
401,기타음식점,대전광역시, 578 
402,기타음식점,충청북도, 733 
403,기타음식점,충청남도, 974 
404,기타음식점,세종특별자치시, 105 
405,기타음식점,광주광역시, 979 
406,기타음식점,전라북도, 708 
407,기타음식점,전라남도, 798 
408,기타음식점,대구광역시," 1,231 "
409,기타음식점,경상북도," 1,148 "
410,기타음식점,부산광역시," 1,605 "
411,기타음식점,울산광역시, 502 
412,기타음식점,경상남도," 1,738 "
413,기타음식점,제주특별자치도, 412 
414,꽃가게,합계," 23,742 "
415,꽃가게,서울특별시," 4,348 "
416,꽃가게,인천광역시, 946 
417,꽃가게,경기도," 5,480 "
418,꽃가게,강원도, 744 
419,꽃가게,대전광역시, 698 
420,꽃가게,충청북도, 891 
421,꽃가게,충청남도," 1,093 "
422,꽃가게,세종특별자치시, 106 
423,꽃가게,광주광역시, 767 
424,꽃가게,전라북도," 1,081 "
425,꽃가게,전라남도," 1,149 "
426,꽃가게,대구광역시," 1,132 "
427,꽃가게,경상북도," 1,402 "
428,꽃가게,부산광역시," 1,280 "
429,꽃가게,울산광역시, 517 
430,꽃가게,경상남도," 1,754 "
431,꽃가게,제주특별자치도, 354 
432,내과ㆍ소아과 의원,합계," 11,406 "
433,내과ㆍ소아과 의원,서울특별시," 2,482 "
434,내과ㆍ소아과 의원,인천광역시, 593 
435,내과ㆍ소아과 의원,경기도," 2,602 "
436,내과ㆍ소아과 의원,강원도, 325 
437,내과ㆍ소아과 의원,대전광역시, 382 
438,내과ㆍ소아과 의원,충청북도, 322 
439,내과ㆍ소아과 의원,충청남도, 439 
440,내과ㆍ소아과 의원,세종특별자치시, 64 
441,내과ㆍ소아과 의원,광주광역시, 330 
442,내과ㆍ소아과 의원,전라북도, 429 
443,내과ㆍ소아과 의원,전라남도, 442 
444,내과ㆍ소아과 의원,대구광역시, 572 
445,내과ㆍ소아과 의원,경상북도, 539 
446,내과ㆍ소아과 의원,부산광역시, 824 
447,내과ㆍ소아과 의원,울산광역시, 226 
448,내과ㆍ소아과 의원,경상남도, 680 
449,내과ㆍ소아과 의원,제주특별자치도, 155 
450,노래방,합계," 30,291 "
451,노래방,서울특별시," 5,758 "
452,노래방,인천광역시," 2,305 "
453,노래방,경기도," 7,238 "
454,노래방,강원도, 847 
455,노래방,대전광역시," 1,310 "
456,노래방,충청북도," 1,145 "
457,노래방,충청남도," 1,209 "
458,노래방,세종특별자치시, 145 
459,노래방,광주광역시," 1,065 "
460,노래방,전라북도, 838 
461,노래방,전라남도, 738 
462,노래방,대구광역시," 1,706 "
463,노래방,경상북도," 1,587 "
464,노래방,부산광역시," 1,739 "
465,노래방,울산광역시, 755 
466,노래방,경상남도," 1,607 "
467,노래방,제주특별자치도, 299 
468,담배가게,합계," 12,620 "
469,담배가게,서울특별시," 2,226 "
470,담배가게,인천광역시, 358 
471,담배가게,경기도," 1,639 "
472,담배가게,강원도, 581 
473,담배가게,대전광역시, 286 
474,담배가게,충청북도, 532 
475,담배가게,충청남도, 587 
476,담배가게,세종특별자치시, 39 
477,담배가게,광주광역시, 296 
478,담배가게,전라북도, 635 
479,담배가게,전라남도, 975 
480,담배가게,대구광역시, 500 
481,담배가게,경상북도," 1,341 "
482,담배가게,부산광역시," 1,146 "
483,담배가게,울산광역시, 231 
484,담배가게,경상남도," 1,076 "
485,담배가게,제주특별자치도, 172 
486,당구장,합계," 18,111 "
487,당구장,서울특별시," 3,189 "
488,당구장,인천광역시," 1,140 "
489,당구장,경기도," 4,657 "
490,당구장,강원도, 789 
491,당구장,대전광역시, 515 
492,당구장,충청북도, 708 
493,당구장,충청남도, 807 
494,당구장,세종특별자치시, 89 
495,당구장,광주광역시, 486 
496,당구장,전라북도, 595 
497,당구장,전라남도, 699 
498,당구장,대구광역시, 644 
499,당구장,경상북도, 913 
500,당구장,부산광역시, 964 
501,당구장,울산광역시, 504 
502,당구장,경상남도," 1,095 "
503,당구장,제주특별자치도, 317 
504,독서실,합계," 9,649 "
505,독서실,서울특별시," 3,421 "
506,독서실,인천광역시, 437 
507,독서실,경기도," 2,357 "
508,독서실,강원도, 154 
509,독서실,대전광역시, 238 
510,독서실,충청북도, 189 
511,독서실,충청남도, 236 
512,독서실,세종특별자치시, 35 
513,독서실,광주광역시, 366 
514,독서실,전라북도, 266 
515,독서실,전라남도, 167 
516,독서실,대구광역시, 406 
517,독서실,경상북도, 236 
518,독서실,부산광역시, 438 
519,독서실,울산광역시, 233 
520,독서실,경상남도, 387 
521,독서실,제주특별자치도, 83 
522,동물병원,합계," 4,080 "
523,동물병원,서울특별시, 821 
524,동물병원,인천광역시, 187 
525,동물병원,경기도," 1,050 "
526,동물병원,강원도, 96 
527,동물병원,대전광역시, 96 
528,동물병원,충청북도, 108 
529,동물병원,충청남도, 186 
530,동물병원,세종특별자치시, 24 
531,동물병원,광주광역시, 107 
532,동물병원,전라북도, 160 
533,동물병원,전라남도, 159 
534,동물병원,대구광역시, 166 
535,동물병원,경상북도, 265 
536,동물병원,부산광역시, 237 
537,동물병원,울산광역시, 75 
538,동물병원,경상남도, 270 
539,동물병원,제주특별자치도, 73 
540,목욕탕,합계," 5,495 "
541,목욕탕,서울특별시, 716 
542,목욕탕,인천광역시, 213 
543,목욕탕,경기도, 756 
544,목욕탕,강원도, 180 
545,목욕탕,대전광역시, 99 
546,목욕탕,충청북도, 146 
547,목욕탕,충청남도, 199 
548,목욕탕,세종특별자치시, 12 
549,목욕탕,광주광역시, 180 
550,목욕탕,전라북도, 205 
551,목욕탕,전라남도, 295 
552,목욕탕,대구광역시, 268 
553,목욕탕,경상북도, 419 
554,목욕탕,부산광역시, 741 
555,목욕탕,울산광역시, 182 
556,목욕탕,경상남도, 770 
557,목욕탕,제주특별자치도, 114 
558,문구점,합계," 9,168 "
559,문구점,서울특별시," 1,551 "
560,문구점,인천광역시, 475 
561,문구점,경기도," 2,121 "
562,문구점,강원도, 374 
563,문구점,대전광역시, 322 
564,문구점,충청북도, 329 
565,문구점,충청남도, 440 
566,문구점,세종특별자치시, 78 
567,문구점,광주광역시, 293 
568,문구점,전라북도, 424 
569,문구점,전라남도, 411 
570,문구점,대구광역시, 346 
571,문구점,경상북도, 521 
572,문구점,부산광역시, 516 
573,문구점,울산광역시, 196 
574,문구점,경상남도, 620 
575,문구점,제주특별자치도, 151 
576,미용실,합계," 101,771 "
577,미용실,서울특별시," 18,000 "
578,미용실,인천광역시," 5,439 "
579,미용실,경기도," 22,962 "
580,미용실,강원도," 3,567 "
581,미용실,대전광역시," 3,325 "
582,미용실,충청북도," 3,469 "
583,미용실,충청남도," 4,237 "
584,미용실,세종특별자치시, 408 
585,미용실,광주광역시," 3,247 "
586,미용실,전라북도," 3,878 "
587,미용실,전라남도," 3,514 "
588,미용실,대구광역시," 5,435 "
589,미용실,경상북도," 5,856 "
590,미용실,부산광역시," 7,464 "
591,미용실,울산광역시," 2,613 "
592,미용실,경상남도," 6,996 "
593,미용실,제주특별자치도," 1,361 "
594,법무사,합계," 6,459 "
595,법무사,서울특별시," 1,938 "
596,법무사,인천광역시, 284 
597,법무사,경기도," 1,217 "
598,법무사,강원도, 189 
599,법무사,대전광역시, 165 
600,법무사,충청북도, 170 
601,법무사,충청남도, 217 
602,법무사,세종특별자치시, 22 
603,법무사,광주광역시, 219 
604,법무사,전라북도, 236 
605,법무사,전라남도, 209 
606,법무사,대구광역시, 297 
607,법무사,경상북도, 261 
608,법무사,부산광역시, 456 
609,법무사,울산광역시, 112 
610,법무사,경상남도, 384 
611,법무사,제주특별자치도, 83 
612,변리사,합계," 1,029 "
613,변리사,서울특별시, 730 
614,변리사,인천광역시, 14 
615,변리사,경기도, 91 
616,변리사,강원도, * 
617,변리사,대전광역시, 86 
618,변리사,충청북도, 4 
619,변리사,충청남도, 6 
620,변리사,세종특별자치시, * 
621,변리사,광주광역시, 11 
622,변리사,전라북도, 6 
623,변리사,전라남도, 4 
624,변리사,대구광역시, 23 
625,변리사,경상북도, 4 
626,변리사,부산광역시, 28 
627,변리사,울산광역시, 6 
628,변리사,경상남도, 12 
629,변리사,제주특별자치도, * 
630,변호사,합계," 7,351 "
631,변호사,서울특별시," 3,781 "
632,변호사,인천광역시, 248 
633,변호사,경기도, 966 
634,변호사,강원도, 118 
635,변호사,대전광역시, 223 
636,변호사,충청북도, 106 
637,변호사,충청남도, 140 
638,변호사,세종특별자치시, 18 
639,변호사,광주광역시, 216 
640,변호사,전라북도, 185 
641,변호사,전라남도, 95 
642,변호사,대구광역시, 279 
643,변호사,경상북도, 116 
644,변호사,부산광역시, 431 
645,변호사,울산광역시, 121 
646,변호사,경상남도, 221 
647,변호사,제주특별자치도, 87 
648,부동산중개업,합계," 125,057 "
649,부동산중개업,서울특별시," 30,919 "
650,부동산중개업,인천광역시," 6,737 "
651,부동산중개업,경기도," 34,976 "
652,부동산중개업,강원도," 2,597 "
653,부동산중개업,대전광역시," 3,294 "
654,부동산중개업,충청북도," 2,819 "
655,부동산중개업,충청남도," 4,138 "
656,부동산중개업,세종특별자치시," 1,348 "
657,부동산중개업,광주광역시," 4,076 "
658,부동산중개업,전라북도," 3,166 "
659,부동산중개업,전라남도," 2,207 "
660,부동산중개업,대구광역시," 5,709 "
661,부동산중개업,경상북도," 4,100 "
662,부동산중개업,부산광역시," 7,935 "
663,부동산중개업,울산광역시," 2,287 "
664,부동산중개업,경상남도," 6,809 "
665,부동산중개업,제주특별자치도," 1,940 "
666,분식점,합계," 53,934 "
667,분식점,서울특별시," 10,898 "
668,분식점,인천광역시," 2,561 "
669,분식점,경기도," 12,694 "
670,분식점,강원도," 1,627 "
671,분식점,대전광역시," 1,968 "
672,분식점,충청북도," 2,219 "
673,분식점,충청남도," 2,320 "
674,분식점,세종특별자치시, 203 
675,분식점,광주광역시," 1,563 "
676,분식점,전라북도," 1,973 "
677,분식점,전라남도," 1,474 "
678,분식점,대구광역시," 2,450 "
679,분식점,경상북도," 2,475 "
680,분식점,부산광역시," 4,024 "
681,분식점,울산광역시, 757 
682,분식점,경상남도," 3,931 "
683,분식점,제주특별자치도, 797 
684,사진촬영업,합계," 14,138 "
685,사진촬영업,서울특별시," 4,589 "
686,사진촬영업,인천광역시, 665 
687,사진촬영업,경기도," 3,003 "
688,사진촬영업,강원도, 413 
689,사진촬영업,대전광역시, 403 
690,사진촬영업,충청북도, 313 
691,사진촬영업,충청남도, 399 
692,사진촬영업,세종특별자치시, 57 
693,사진촬영업,광주광역시, 395 
694,사진촬영업,전라북도, 431 
695,사진촬영업,전라남도, 330 
696,사진촬영업,대구광역시, 641 
697,사진촬영업,경상북도, 522 
698,사진촬영업,부산광역시, 820 
699,사진촬영업,울산광역시, 222 
700,사진촬영업,경상남도, 601 
701,사진촬영업,제주특별자치도, 334 
702,산부인과 의원,합계," 1,679 "
703,산부인과 의원,서울특별시, 501 
704,산부인과 의원,인천광역시, 81 
705,산부인과 의원,경기도, 339 
706,산부인과 의원,강원도, 37 
707,산부인과 의원,대전광역시, 60 
708,산부인과 의원,충청북도, 46 
709,산부인과 의원,충청남도, 49 
710,산부인과 의원,세종특별자치시, 9 
711,산부인과 의원,광주광역시, 51 
712,산부인과 의원,전라북도, 56 
713,산부인과 의원,전라남도, 24 
714,산부인과 의원,대구광역시, 107 
715,산부인과 의원,경상북도, 67 
716,산부인과 의원,부산광역시, 100 
717,산부인과 의원,울산광역시, 44 
718,산부인과 의원,경상남도, 84 
719,산부인과 의원,제주특별자치도, 24 
720,생선가게,합계," 11,334 "
721,생선가게,서울특별시," 1,445 "
722,생선가게,인천광역시, 742 
723,생선가게,경기도," 1,220 "
724,생선가게,강원도, 524 
725,생선가게,대전광역시, 159 
726,생선가게,충청북도, 164 
727,생선가게,충청남도, 703 
728,생선가게,세종특별자치시, 25 
729,생선가게,광주광역시, 319 
730,생선가게,전라북도, 601 
731,생선가게,전라남도," 1,576 "
732,생선가게,대구광역시, 217 
733,생선가게,경상북도, 863 
734,생선가게,부산광역시," 1,059 "
735,생선가게,울산광역시, 409 
736,생선가게,경상남도, 868 
737,생선가게,제주특별자치도, 440 
738,서점,합계," 8,287 "
739,서점,서울특별시," 1,633 "
740,서점,인천광역시, 360 
741,서점,경기도," 1,951 "
742,서점,강원도, 238 
743,서점,대전광역시, 332 
744,서점,충청북도, 244 
745,서점,충청남도, 349 
746,서점,세종특별자치시, 65 
747,서점,광주광역시, 275 
748,서점,전라북도, 343 
749,서점,전라남도, 251 
750,서점,대구광역시, 494 
751,서점,경상북도, 382 
752,서점,부산광역시, 556 
753,서점,울산광역시, 186 
754,서점,경상남도, 490 
755,서점,제주특별자치도, 138 
756,성형외과 의원,합계," 1,480 "
757,성형외과 의원,서울특별시, 727 
758,성형외과 의원,인천광역시, 47 
759,성형외과 의원,경기도, 189 
760,성형외과 의원,강원도, 17 
761,성형외과 의원,대전광역시, 45 
762,성형외과 의원,충청북도, 24 
763,성형외과 의원,충청남도, 28 
764,성형외과 의원,세종특별자치시, 5 
765,성형외과 의원,광주광역시, 48 
766,성형외과 의원,전라북도, 26 
767,성형외과 의원,전라남도, 16 
768,성형외과 의원,대구광역시, 76 
769,성형외과 의원,경상북도, 16 
770,성형외과 의원,부산광역시, 136 
771,성형외과 의원,울산광역시, 19 
772,성형외과 의원,경상남도, 39 
773,성형외과 의원,제주특별자치도, 22 
774,세무사,합계," 12,523 "
775,세무사,서울특별시," 5,162 "
776,세무사,인천광역시, 524 
777,세무사,경기도," 2,777 "
778,세무사,강원도, 173 
779,세무사,대전광역시, 278 
780,세무사,충청북도, 169 
781,세무사,충청남도, 263 
782,세무사,세종특별자치시, 41 
783,세무사,광주광역시, 304 
784,세무사,전라북도, 267 
785,세무사,전라남도, 132 
786,세무사,대구광역시, 554 
787,세무사,경상북도, 236 
788,세무사,부산광역시, 942 
789,세무사,울산광역시, 169 
790,세무사,경상남도, 422 
791,세무사,제주특별자치도, 110 
792,세탁소,합계," 23,310 "
793,세탁소,서울특별시," 4,541 "
794,세탁소,인천광역시," 1,241 "
795,세탁소,경기도," 5,363 "
796,세탁소,강원도, 931 
797,세탁소,대전광역시, 880 
798,세탁소,충청북도, 888 
799,세탁소,충청남도," 1,116 "
800,세탁소,세종특별자치시, 96 
801,세탁소,광주광역시, 861 
802,세탁소,전라북도, 880 
803,세탁소,전라남도, 803 
804,세탁소,대구광역시, 838 
805,세탁소,경상북도," 1,256 "
806,세탁소,부산광역시," 1,308 "
807,세탁소,울산광역시, 443 
808,세탁소,경상남도," 1,268 "
809,세탁소,제주특별자치도, 597 
810,슈퍼마켓,합계," 29,289 "
811,슈퍼마켓,서울특별시," 3,912 "
812,슈퍼마켓,인천광역시," 1,826 "
813,슈퍼마켓,경기도," 7,880 "
814,슈퍼마켓,강원도," 1,017 "
815,슈퍼마켓,대전광역시, 677 
816,슈퍼마켓,충청북도, 988 
817,슈퍼마켓,충청남도," 1,207 "
818,슈퍼마켓,세종특별자치시, 137 
819,슈퍼마켓,광주광역시, 856 
820,슈퍼마켓,전라북도, 992 
821,슈퍼마켓,전라남도," 1,203 "
822,슈퍼마켓,대구광역시," 1,679 "
823,슈퍼마켓,경상북도," 1,841 "
824,슈퍼마켓,부산광역시," 1,871 "
825,슈퍼마켓,울산광역시, 866 
826,슈퍼마켓,경상남도," 1,922 "
827,슈퍼마켓,제주특별자치도, 415 
828,스포츠교육기관,합계," 24,945 "
829,스포츠교육기관,서울특별시," 4,592 "
830,스포츠교육기관,인천광역시," 1,352 "
831,스포츠교육기관,경기도," 6,508 "
832,스포츠교육기관,강원도, 680 
833,스포츠교육기관,대전광역시, 823 
834,스포츠교육기관,충청북도, 733 
835,스포츠교육기관,충청남도, 896 
836,스포츠교육기관,세종특별자치시, 196 
837,스포츠교육기관,광주광역시, 904 
838,스포츠교육기관,전라북도, 823 
839,스포츠교육기관,전라남도, 713 
840,스포츠교육기관,대구광역시," 1,219 "
841,스포츠교육기관,경상북도," 1,152 "
842,스포츠교육기관,부산광역시," 1,651 "
843,스포츠교육기관,울산광역시, 567 
844,스포츠교육기관,경상남도," 1,731 "
845,스포츠교육기관,제주특별자치도, 405 
846,스포츠시설운영업,합계," 7,980 "
847,스포츠시설운영업,서울특별시," 2,196 "
848,스포츠시설운영업,인천광역시, 413 
849,스포츠시설운영업,경기도," 2,129 "
850,스포츠시설운영업,강원도, 240 
851,스포츠시설운영업,대전광역시, 184 
852,스포츠시설운영업,충청북도, 183 
853,스포츠시설운영업,충청남도, 214 
854,스포츠시설운영업,세종특별자치시, 41 
855,스포츠시설운영업,광주광역시, 244 
856,스포츠시설운영업,전라북도, 258 
857,스포츠시설운영업,전라남도, 177 
858,스포츠시설운영업,대구광역시, 296 
859,스포츠시설운영업,경상북도, 288 
860,스포츠시설운영업,부산광역시, 459 
861,스포츠시설운영업,울산광역시, 139 
862,스포츠시설운영업,경상남도, 393 
863,스포츠시설운영업,제주특별자치도, 126 
864,스포츠용품점,합계," 14,987 "
865,스포츠용품점,서울특별시," 1,456 "
866,스포츠용품점,인천광역시, 512 
867,스포츠용품점,경기도," 3,163 "
868,스포츠용품점,강원도, 862 
869,스포츠용품점,대전광역시, 375 
870,스포츠용품점,충청북도, 654 
871,스포츠용품점,충청남도," 1,002 "
872,스포츠용품점,세종특별자치시, 66 
873,스포츠용품점,광주광역시, 423 
874,스포츠용품점,전라북도, 886 
875,스포츠용품점,전라남도, 912 
876,스포츠용품점,대구광역시, 640 
877,스포츠용품점,경상북도," 1,242 "
878,스포츠용품점,부산광역시, 700 
879,스포츠용품점,울산광역시, 278 
880,스포츠용품점,경상남도," 1,384 "
881,스포츠용품점,제주특별자치도, 432 
882,시계ㆍ귀금속점,합계," 8,152 "
883,시계ㆍ귀금속점,서울특별시," 1,873 "
884,시계ㆍ귀금속점,인천광역시, 349 
885,시계ㆍ귀금속점,경기도," 1,298 "
886,시계ㆍ귀금속점,강원도, 237 
887,시계ㆍ귀금속점,대전광역시, 225 
888,시계ㆍ귀금속점,충청북도, 259 
889,시계ㆍ귀금속점,충청남도, 313 
890,시계ㆍ귀금속점,세종특별자치시, 18 
891,시계ㆍ귀금속점,광주광역시, 260 
892,시계ㆍ귀금속점,전라북도, 382 
893,시계ㆍ귀금속점,전라남도, 284 
894,시계ㆍ귀금속점,대구광역시, 533 
895,시계ㆍ귀금속점,경상북도, 436 
896,시계ㆍ귀금속점,부산광역시, 791 
897,시계ㆍ귀금속점,울산광역시, 225 
898,시계ㆍ귀금속점,경상남도, 565 
899,시계ㆍ귀금속점,제주특별자치도, 104 
900,식료품가게,합계," 48,680 "
901,식료품가게,서울특별시," 5,452 "
902,식료품가게,인천광역시," 2,099 "
903,식료품가게,경기도," 8,890 "
904,식료품가게,강원도," 2,840 "
905,식료품가게,대전광역시," 1,378 "
906,식료품가게,충청북도," 2,268 "
907,식료품가게,충청남도," 3,360 "
908,식료품가게,세종특별자치시, 231 
909,식료품가게,광주광역시," 1,454 "
910,식료품가게,전라북도," 3,392 "
911,식료품가게,전라남도," 3,632 "
912,식료품가게,대구광역시," 1,634 "
913,식료품가게,경상북도," 3,497 "
914,식료품가게,부산광역시," 3,050 "
915,식료품가게,울산광역시, 766 
916,식료품가게,경상남도," 3,913 "
917,식료품가게,제주특별자치도, 824 
918,신경정신과 의원,합계," 1,748 "
919,신경정신과 의원,서울특별시, 495 
920,신경정신과 의원,인천광역시, 72 
921,신경정신과 의원,경기도, 369 
922,신경정신과 의원,강원도, 40 
923,신경정신과 의원,대전광역시, 74 
924,신경정신과 의원,충청북도, 46 
925,신경정신과 의원,충청남도, 52 
926,신경정신과 의원,세종특별자치시, 11 
927,신경정신과 의원,광주광역시, 49 
928,신경정신과 의원,전라북도, 67 
929,신경정신과 의원,전라남도, 44 
930,신경정신과 의원,대구광역시, 110 
931,신경정신과 의원,경상북도, 51 
932,신경정신과 의원,부산광역시, 149 
933,신경정신과 의원,울산광역시, 25 
934,신경정신과 의원,경상남도, 72 
935,신경정신과 의원,제주특별자치도, 22 
936,신발가게,합계," 6,551 "
937,신발가게,서울특별시," 1,332 "
938,신발가게,인천광역시, 338 
939,신발가게,경기도," 1,237 "
940,신발가게,강원도, 240 
941,신발가게,대전광역시, 201 
942,신발가게,충청북도, 229 
943,신발가게,충청남도, 277 
944,신발가게,세종특별자치시, 23 
945,신발가게,광주광역시, 210 
946,신발가게,전라북도, 297 
947,신발가게,전라남도, 263 
948,신발가게,대구광역시, 336 
949,신발가게,경상북도, 373 
950,신발가게,부산광역시, 558 
951,신발가게,울산광역시, 116 
952,신발가게,경상남도, 407 
953,신발가게,제주특별자치도, 114 
954,실내스크린골프점,합계," 4,925 "
955,실내스크린골프점,서울특별시, 666 
956,실내스크린골프점,인천광역시, 204 
957,실내스크린골프점,경기도," 1,285 "
958,실내스크린골프점,강원도, 162 
959,실내스크린골프점,대전광역시, 150 
960,실내스크린골프점,충청북도, 177 
961,실내스크린골프점,충청남도, 209 
962,실내스크린골프점,세종특별자치시, 27 
963,실내스크린골프점,광주광역시, 113 
964,실내스크린골프점,전라북도, 179 
965,실내스크린골프점,전라남도, 163 
966,실내스크린골프점,대구광역시, 302 
967,실내스크린골프점,경상북도, 288 
968,실내스크린골프점,부산광역시, 310 
969,실내스크린골프점,울산광역시, 174 
970,실내스크린골프점,경상남도, 425 
971,실내스크린골프점,제주특별자치도, 91 
972,실내장식가게,합계," 56,837 "
973,실내장식가게,서울특별시," 13,781 "
974,실내장식가게,인천광역시," 3,282 "
975,실내장식가게,경기도," 16,869 "
976,실내장식가게,강원도," 1,118 "
977,실내장식가게,대전광역시," 1,878 "
978,실내장식가게,충청북도," 1,301 "
979,실내장식가게,충청남도," 1,516 "
980,실내장식가게,세종특별자치시, 235 
981,실내장식가게,광주광역시," 1,993 "
982,실내장식가게,전라북도, 261 
983,실내장식가게,전라남도," 1,191 "
984,실내장식가게,대구광역시," 2,590 "
985,실내장식가게,경상북도," 1,844 "
986,실내장식가게,부산광역시," 3,976 "
987,실내장식가게,울산광역시," 1,017 "
988,실내장식가게,경상남도," 2,768 "
989,실내장식가게,제주특별자치도," 1,217 "
990,실외골프연습장,합계," 2,228 "
991,실외골프연습장,서울특별시, 368 
992,실외골프연습장,인천광역시, 76 
993,실외골프연습장,경기도, 496 
994,실외골프연습장,강원도, 107 
995,실외골프연습장,대전광역시, 66 
996,실외골프연습장,충청북도, 100 
997,실외골프연습장,충청남도, 95 
998,실외골프연습장,세종특별자치시, 4 
999,실외골프연습장,광주광역시, 46 
1000,실외골프연습장,전라북도, 93 
1001,실외골프연습장,전라남도, 98 
1002,실외골프연습장,대구광역시, 92 
1003,실외골프연습장,경상북도, 190 
1004,실외골프연습장,부산광역시, 134 
1005,실외골프연습장,울산광역시, 47 
1006,실외골프연습장,경상남도, 162 
1007,실외골프연습장,제주특별자치도, 54 
1008,안경점,합계," 9,216 "
1009,안경점,서울특별시," 2,048 "
1010,안경점,인천광역시, 429 
1011,안경점,경기도," 1,990 "
1012,안경점,강원도, 253 
1013,안경점,대전광역시, 318 
1014,안경점,충청북도, 289 
1015,안경점,충청남도, 341 
1016,안경점,세종특별자치시, 45 
1017,안경점,광주광역시, 352 
1018,안경점,전라북도, 352 
1019,안경점,전라남도, 309 
1020,안경점,대구광역시, 480 
1021,안경점,경상북도, 430 
1022,안경점,부산광역시, 642 
1023,안경점,울산광역시, 222 
1024,안경점,경상남도, 594 
1025,안경점,제주특별자치도, 122 
1026,안과 의원,합계," 1,665 "
1027,안과 의원,서울특별시, 450 
1028,안과 의원,인천광역시, 66 
1029,안과 의원,경기도, 357 
1030,안과 의원,강원도, 43 
1031,안과 의원,대전광역시, 48 
1032,안과 의원,충청북도, 39 
1033,안과 의원,충청남도, 52 
1034,안과 의원,세종특별자치시, 6 
1035,안과 의원,광주광역시, 40 
1036,안과 의원,전라북도, 64 
1037,안과 의원,전라남도, 50 
1038,안과 의원,대구광역시, 102 
1039,안과 의원,경상북도, 68 
1040,안과 의원,부산광역시, 134 
1041,안과 의원,울산광역시, 33 
1042,안과 의원,경상남도, 93 
1043,안과 의원,제주특별자치도, 20 
1044,애완용품점,합계," 8,000 "
1045,애완용품점,서울특별시," 1,301 "
1046,애완용품점,인천광역시, 500 
1047,애완용품점,경기도," 2,432 "
1048,애완용품점,강원도, 215 
1049,애완용품점,대전광역시, 270 
1050,애완용품점,충청북도, 235 
1051,애완용품점,충청남도, 335 
1052,애완용품점,세종특별자치시, 25 
1053,애완용품점,광주광역시, 203 
1054,애완용품점,전라북도, 221 
1055,애완용품점,전라남도, 183 
1056,애완용품점,대구광역시, 362 
1057,애완용품점,경상북도, 401 
1058,애완용품점,부산광역시, 587 
1059,애완용품점,울산광역시, 141 
1060,애완용품점,경상남도, 493 
1061,애완용품점,제주특별자치도, 96 
1062,약국,합계," 22,687 "
1063,약국,서울특별시," 5,087 "
1064,약국,인천광역시," 1,109 "
1065,약국,경기도," 5,023 "
1066,약국,강원도, 670 
1067,약국,대전광역시, 745 
1068,약국,충청북도, 675 
1069,약국,충청남도, 955 
1070,약국,세종특별자치시, 117 
1071,약국,광주광역시, 668 
1072,약국,전라북도, 918 
1073,약국,전라남도, 789 
1074,약국,대구광역시," 1,289 "
1075,약국,경상북도," 1,105 "
1076,약국,부산광역시," 1,532 "
1077,약국,울산광역시, 416 
1078,약국,경상남도," 1,292 "
1079,약국,제주특별자치도, 297 
1080,여관ㆍ모텔,합계," 20,939 "
1081,여관ㆍ모텔,서울특별시," 1,964 "
1082,여관ㆍ모텔,인천광역시, 825 
1083,여관ㆍ모텔,경기도," 3,229 "
1084,여관ㆍ모텔,강원도," 1,575 "
1085,여관ㆍ모텔,대전광역시, 639 
1086,여관ㆍ모텔,충청북도, 856 
1087,여관ㆍ모텔,충청남도," 1,486 "
1088,여관ㆍ모텔,세종특별자치시, 66 
1089,여관ㆍ모텔,광주광역시, 506 
1090,여관ㆍ모텔,전라북도," 1,026 "
1091,여관ㆍ모텔,전라남도," 1,318 "
1092,여관ㆍ모텔,대구광역시, 706 
1093,여관ㆍ모텔,경상북도," 1,957 "
1094,여관ㆍ모텔,부산광역시," 1,390 "
1095,여관ㆍ모텔,울산광역시, 630 
1096,여관ㆍ모텔,경상남도," 2,345 "
1097,여관ㆍ모텔,제주특별자치도, 421 
1098,여행사,합계," 14,185 "
1099,여행사,서울특별시," 5,578 "
1100,여행사,인천광역시, 410 
1101,여행사,경기도," 1,778 "
1102,여행사,강원도, 345 
1103,여행사,대전광역시, 327 
1104,여행사,충청북도, 281 
1105,여행사,충청남도, 326 
1106,여행사,세종특별자치시, 56 
1107,여행사,광주광역시, 413 
1108,여행사,전라북도, 419 
1109,여행사,전라남도, 446 
1110,여행사,대구광역시, 537 
1111,여행사,경상북도, 461 
1112,여행사,부산광역시," 1,092 "
1113,여행사,울산광역시, 187 
1114,여행사,경상남도, 577 
1115,여행사,제주특별자치도, 952 
1116,예술학원,합계," 30,846 "
1117,예술학원,서울특별시," 5,465 "
1118,예술학원,인천광역시," 1,499 "
1119,예술학원,경기도," 8,531 "
1120,예술학원,강원도, 887 
1121,예술학원,대전광역시, 905 
1122,예술학원,충청북도, 880 
1123,예술학원,충청남도," 1,096 "
1124,예술학원,세종특별자치시, 261 
1125,예술학원,광주광역시," 1,105 "
1126,예술학원,전라북도," 1,318 "
1127,예술학원,전라남도, 861 
1128,예술학원,대구광역시," 1,394 "
1129,예술학원,경상북도," 1,371 "
1130,예술학원,부산광역시," 1,819 "
1131,예술학원,울산광역시, 799 
1132,예술학원,경상남도," 2,216 "
1133,예술학원,제주특별자치도, 439 
1134,예식장,합계, 890 
1135,예식장,서울특별시, 166 
1136,예식장,인천광역시, 26 
1137,예식장,경기도, 140 
1138,예식장,강원도, 39 
1139,예식장,대전광역시, 23 
1140,예식장,충청북도, 34 
1141,예식장,충청남도, 72 
1142,예식장,세종특별자치시, 5 
1143,예식장,광주광역시, 25 
1144,예식장,전라북도, 48 
1145,예식장,전라남도, 43 
1146,예식장,대구광역시, 44 
1147,예식장,경상북도, 66 
1148,예식장,부산광역시, 59 
1149,예식장,울산광역시, 16 
1150,예식장,경상남도, 63 
1151,예식장,제주특별자치도, 21 
1152,옷가게,합계," 86,092 "
1153,옷가게,서울특별시," 15,932 "
1154,옷가게,인천광역시," 4,069 "
1155,옷가게,경기도," 17,493 "
1156,옷가게,강원도," 3,180 "
1157,옷가게,대전광역시," 2,790 "
1158,옷가게,충청북도," 2,964 "
1159,옷가게,충청남도," 3,297 "
1160,옷가게,세종특별자치시, 368 
1161,옷가게,광주광역시," 3,208 "
1162,옷가게,전라북도," 3,460 "
1163,옷가게,전라남도," 3,048 "
1164,옷가게,대구광역시," 5,325 "
1165,옷가게,경상북도," 4,654 "
1166,옷가게,부산광역시," 7,084 "
1167,옷가게,울산광역시," 1,838 "
1168,옷가게,경상남도," 5,708 "
1169,옷가게,제주특별자치도," 1,674 "
1170,의료용품가게,합계," 7,103 "
1171,의료용품가게,서울특별시," 1,599 "
1172,의료용품가게,인천광역시, 306 
1173,의료용품가게,경기도," 1,560 "
1174,의료용품가게,강원도, 183 
1175,의료용품가게,대전광역시, 269 
1176,의료용품가게,충청북도, 185 
1177,의료용품가게,충청남도, 279 
1178,의료용품가게,세종특별자치시, 26 
1179,의료용품가게,광주광역시, 315 
1180,의료용품가게,전라북도, 333 
1181,의료용품가게,전라남도, 224 
1182,의료용품가게,대구광역시, 342 
1183,의료용품가게,경상북도, 281 
1184,의료용품가게,부산광역시, 576 
1185,의료용품가게,울산광역시, 115 
1186,의료용품가게,경상남도, 426 
1187,의료용품가게,제주특별자치도, 84 
1188,이륜자동차판매점,합계," 2,645 "
1189,이륜자동차판매점,서울특별시, 459 
1190,이륜자동차판매점,인천광역시, 92 
1191,이륜자동차판매점,경기도, 454 
1192,이륜자동차판매점,강원도, 92 
1193,이륜자동차판매점,대전광역시, 59 
1194,이륜자동차판매점,충청북도, 90 
1195,이륜자동차판매점,충청남도, 144 
1196,이륜자동차판매점,세종특별자치시, 8 
1197,이륜자동차판매점,광주광역시, 66 
1198,이륜자동차판매점,전라북도, 127 
1199,이륜자동차판매점,전라남도, 150 
1200,이륜자동차판매점,대구광역시, 150 
1201,이륜자동차판매점,경상북도, 207 
1202,이륜자동차판매점,부산광역시, 210 
1203,이륜자동차판매점,울산광역시, 75 
1204,이륜자동차판매점,경상남도, 220 
1205,이륜자동차판매점,제주특별자치도, 42 
1206,이발소,합계," 11,833 "
1207,이발소,서울특별시," 2,162 "
1208,이발소,인천광역시, 415 
1209,이발소,경기도," 2,098 "
1210,이발소,강원도, 652 
1211,이발소,대전광역시, 409 
1212,이발소,충청북도, 419 
1213,이발소,충청남도, 608 
1214,이발소,세종특별자치시, 37 
1215,이발소,광주광역시, 254 
1216,이발소,전라북도, 458 
1217,이발소,전라남도, 547 
1218,이발소,대구광역시, 574 
1219,이발소,경상북도, 875 
1220,이발소,부산광역시," 1,011 "
1221,이발소,울산광역시, 370 
1222,이발소,경상남도, 783 
1223,이발소,제주특별자치도, 161 
1224,이비인후과 의원,합계," 2,592 "
1225,이비인후과 의원,서울특별시, 686 
1226,이비인후과 의원,인천광역시, 137 
1227,이비인후과 의원,경기도, 653 
1228,이비인후과 의원,강원도, 50 
1229,이비인후과 의원,대전광역시, 82 
1230,이비인후과 의원,충청북도, 60 
1231,이비인후과 의원,충청남도, 57 
1232,이비인후과 의원,세종특별자치시, 15 
1233,이비인후과 의원,광주광역시, 77 
1234,이비인후과 의원,전라북도, 75 
1235,이비인후과 의원,전라남도, 48 
1236,이비인후과 의원,대구광역시, 159 
1237,이비인후과 의원,경상북도, 89 
1238,이비인후과 의원,부산광역시, 203 
1239,이비인후과 의원,울산광역시, 47 
1240,이비인후과 의원,경상남도, 126 
1241,이비인후과 의원,제주특별자치도, 28 
1242,일반외과 의원,합계," 4,855 "
1243,일반외과 의원,서울특별시," 1,098 "
1244,일반외과 의원,인천광역시, 271 
1245,일반외과 의원,경기도," 1,137 "
1246,일반외과 의원,강원도, 133 
1247,일반외과 의원,대전광역시, 143 
1248,일반외과 의원,충청북도, 175 
1249,일반외과 의원,충청남도, 193 
1250,일반외과 의원,세종특별자치시, 33 
1251,일반외과 의원,광주광역시, 99 
1252,일반외과 의원,전라북도, 182 
1253,일반외과 의원,전라남도, 137 
1254,일반외과 의원,대구광역시, 304 
1255,일반외과 의원,경상북도, 230 
1256,일반외과 의원,부산광역시, 327 
1257,일반외과 의원,울산광역시, 78 
1258,일반외과 의원,경상남도, 245 
1259,일반외과 의원,제주특별자치도, 70 
1260,일식전문점,합계," 17,955 "
1261,일식전문점,서울특별시," 5,534 "
1262,일식전문점,인천광역시, 953 
1263,일식전문점,경기도," 3,659 "
1264,일식전문점,강원도, 971 
1265,일식전문점,대전광역시, 435 
1266,일식전문점,충청북도, 483 
1267,일식전문점,충청남도, 733 
1268,일식전문점,세종특별자치시, 89 
1269,일식전문점,광주광역시, 265 
1270,일식전문점,전라북도, 504 
1271,일식전문점,전라남도, 425 
1272,일식전문점,대구광역시, 827 
1273,일식전문점,경상북도, 530 
1274,일식전문점,부산광역시," 1,048 "
1275,일식전문점,울산광역시, 266 
1276,일식전문점,경상남도, 721 
1277,일식전문점,제주특별자치도, 512 
1278,자동차수리점,합계," 44,056 "
1279,자동차수리점,서울특별시," 4,946 "
1280,자동차수리점,인천광역시," 2,330 "
1281,자동차수리점,경기도," 11,121 "
1282,자동차수리점,강원도," 1,790 "
1283,자동차수리점,대전광역시," 1,427 "
1284,자동차수리점,충청북도," 1,813 "
1285,자동차수리점,충청남도," 2,438 "
1286,자동차수리점,세종특별자치시, 194 
1287,자동차수리점,광주광역시," 1,500 "
1288,자동차수리점,전라북도," 1,980 "
1289,자동차수리점,전라남도," 2,000 "
1290,자동차수리점,대구광역시," 2,250 "
1291,자동차수리점,경상북도," 3,035 "
1292,자동차수리점,부산광역시," 2,353 "
1293,자동차수리점,울산광역시," 1,091 "
1294,자동차수리점,경상남도," 3,195 "
1295,자동차수리점,제주특별자치도, 593 
1296,자전거판매점,합계," 2,528 "
1297,자전거판매점,서울특별시, 399 
1298,자전거판매점,인천광역시, 105 
1299,자전거판매점,경기도, 605 
1300,자전거판매점,강원도, 90 
1301,자전거판매점,대전광역시, 96 
1302,자전거판매점,충청북도, 83 
1303,자전거판매점,충청남도, 110 
1304,자전거판매점,세종특별자치시, 13 
1305,자전거판매점,광주광역시, 62 
1306,자전거판매점,전라북도, 135 
1307,자전거판매점,전라남도, 97 
1308,자전거판매점,대구광역시, 159 
1309,자전거판매점,경상북도, 167 
1310,자전거판매점,부산광역시, 110 
1311,자전거판매점,울산광역시, 61 
1312,자전거판매점,경상남도, 204 
1313,자전거판매점,제주특별자치도, 32 
1314,장난감가게,합계," 3,051 "
1315,장난감가게,서울특별시, 534 
1316,장난감가게,인천광역시, 141 
1317,장난감가게,경기도, 862 
1318,장난감가게,강원도, 98 
1319,장난감가게,대전광역시, 95 
1320,장난감가게,충청북도, 84 
1321,장난감가게,충청남도, 130 
1322,장난감가게,세종특별자치시, 24 
1323,장난감가게,광주광역시, 80 
1324,장난감가게,전라북도, 106 
1325,장난감가게,전라남도, 103 
1326,장난감가게,대구광역시, 142 
1327,장난감가게,경상북도, 164 
1328,장난감가게,부산광역시, 190 
1329,장난감가게,울산광역시, 57 
1330,장난감가게,경상남도, 175 
1331,장난감가게,제주특별자치도, 66 
1332,정육점,합계," 19,654 "
1333,정육점,서울특별시," 2,763 "
1334,정육점,인천광역시," 1,060 "
1335,정육점,경기도," 4,238 "
1336,정육점,강원도, 853 
1337,정육점,대전광역시, 747 
1338,정육점,충청북도, 785 
1339,정육점,충청남도," 1,002 "
1340,정육점,세종특별자치시, 117 
1341,정육점,광주광역시, 541 
1342,정육점,전라북도," 1,050 "
1343,정육점,전라남도, 818 
1344,정육점,대구광역시," 1,271 "
1345,정육점,경상북도," 1,238 "
1346,정육점,부산광역시," 1,104 "
1347,정육점,울산광역시, 586 
1348,정육점,경상남도," 1,190 "
1349,정육점,제주특별자치도, 291 
1350,제과점,합계," 17,161 "
1351,제과점,서울특별시," 3,576 "
1352,제과점,인천광역시, 795 
1353,제과점,경기도," 3,987 "
1354,제과점,강원도, 563 
1355,제과점,대전광역시, 520 
1356,제과점,충청북도, 539 
1357,제과점,충청남도, 689 
1358,제과점,세종특별자치시, 121 
1359,제과점,광주광역시, 476 
1360,제과점,전라북도, 621 
1361,제과점,전라남도, 561 
1362,제과점,대구광역시, 890 
1363,제과점,경상북도, 898 
1364,제과점,부산광역시," 1,064 "
1365,제과점,울산광역시, 370 
1366,제과점,경상남도," 1,085 "
1367,제과점,제주특별자치도, 406 
1368,종합병원,합계," 3,410 "
1369,종합병원,서울특별시, 439 
1370,종합병원,인천광역시, 145 
1371,종합병원,경기도, 674 
1372,종합병원,강원도, 86 
1373,종합병원,대전광역시, 99 
1374,종합병원,충청북도, 97 
1375,종합병원,충청남도, 141 
1376,종합병원,세종특별자치시, 12 
1377,종합병원,광주광역시, 173 
1378,종합병원,전라북도, 165 
1379,종합병원,전라남도, 199 
1380,종합병원,대구광역시, 190 
1381,종합병원,경상북도, 233 
1382,종합병원,부산광역시, 340 
1383,종합병원,울산광역시, 95 
1384,종합병원,경상남도, 297 
1385,종합병원,제주특별자치도, 25 
1386,주유소,합계," 10,674 "
1387,주유소,서울특별시, 394 
1388,주유소,인천광역시, 272 
1389,주유소,경기도," 2,165 "
1390,주유소,강원도, 630 
1391,주유소,대전광역시, 225 
1392,주유소,충청북도, 711 
1393,주유소,충청남도, 997 
1394,주유소,세종특별자치시, 67 
1395,주유소,광주광역시, 258 
1396,주유소,전라북도, 830 
1397,주유소,전라남도, 811 
1398,주유소,대구광역시, 327 
1399,주유소,경상북도," 1,208 "
1400,주유소,부산광역시, 352 
1401,주유소,울산광역시, 210 
1402,주유소,경상남도," 1,033 "
1403,주유소,제주특별자치도, 184 
1404,주차장운영업,합계," 7,830 "
1405,주차장운영업,서울특별시," 1,761 "
1406,주차장운영업,인천광역시, 291 
1407,주차장운영업,경기도," 1,277 "
1408,주차장운영업,강원도, 148 
1409,주차장운영업,대전광역시, 174 
1410,주차장운영업,충청북도, 153 
1411,주차장운영업,충청남도, 134 
1412,주차장운영업,세종특별자치시, 25 
1413,주차장운영업,광주광역시, 263 
1414,주차장운영업,전라북도, 126 
1415,주차장운영업,전라남도, 102 
1416,주차장운영업,대구광역시, 427 
1417,주차장운영업,경상북도, 256 
1418,주차장운영업,부산광역시," 1,729 "
1419,주차장운영업,울산광역시, 229 
1420,주차장운영업,경상남도, 681 
1421,주차장운영업,제주특별자치도, 54 
1422,중고차판매점,합계," 4,778 "
1423,중고차판매점,서울특별시, 483 
1424,중고차판매점,인천광역시, 276 
1425,중고차판매점,경기도," 1,011 "
1426,중고차판매점,강원도, 153 
1427,중고차판매점,대전광역시, 195 
1428,중고차판매점,충청북도, 192 
1429,중고차판매점,충청남도, 213 
1430,중고차판매점,세종특별자치시, 4 
1431,중고차판매점,광주광역시, 235 
1432,중고차판매점,전라북도, 292 
1433,중고차판매점,전라남도, 217 
1434,중고차판매점,대구광역시, 475 
1435,중고차판매점,경상북도, 316 
1436,중고차판매점,부산광역시, 231 
1437,중고차판매점,울산광역시, 103 
1438,중고차판매점,경상남도, 327 
1439,중고차판매점,제주특별자치도, 55 
1440,중식전문점,합계," 24,610 "
1441,중식전문점,서울특별시," 4,853 "
1442,중식전문점,인천광역시," 1,184 "
1443,중식전문점,경기도," 5,258 "
1444,중식전문점,강원도," 1,035 "
1445,중식전문점,대전광역시, 586 
1446,중식전문점,충청북도, 900 
1447,중식전문점,충청남도," 1,232 "
1448,중식전문점,세종특별자치시, 150 
1449,중식전문점,광주광역시, 487 
1450,중식전문점,전라북도," 1,032 "
1451,중식전문점,전라남도, 827 
1452,중식전문점,대구광역시," 1,245 "
1453,중식전문점,경상북도," 1,503 "
1454,중식전문점,부산광역시," 1,762 "
1455,중식전문점,울산광역시, 496 
1456,중식전문점,경상남도," 1,642 "
1457,중식전문점,제주특별자치도, 418 
1458,채소가게,합계," 11,273 "
1459,채소가게,서울특별시," 1,525 "
1460,채소가게,인천광역시, 533 
1461,채소가게,경기도," 1,981 "
1462,채소가게,강원도, 783 
1463,채소가게,대전광역시, 282 
1464,채소가게,충청북도, 493 
1465,채소가게,충청남도, 695 
1466,채소가게,세종특별자치시, 58 
1467,채소가게,광주광역시, 231 
1468,채소가게,전라북도, 620 
1469,채소가게,전라남도, 733 
1470,채소가게,대구광역시, 439 
1471,채소가게,경상북도, 933 
1472,채소가게,부산광역시, 708 
1473,채소가게,울산광역시, 131 
1474,채소가게,경상남도, 834 
1475,채소가게,제주특별자치도, 294 
1476,철물점,합계," 8,814 "
1477,철물점,서울특별시," 1,388 "
1478,철물점,인천광역시, 504 
1479,철물점,경기도," 1,847 "
1480,철물점,강원도, 457 
1481,철물점,대전광역시, 284 
1482,철물점,충청북도, 355 
1483,철물점,충청남도, 453 
1484,철물점,세종특별자치시, 41 
1485,철물점,광주광역시, 292 
1486,철물점,전라북도, 422 
1487,철물점,전라남도, 456 
1488,철물점,대구광역시, 339 
1489,철물점,경상북도, 490 
1490,철물점,부산광역시, 664 
1491,철물점,울산광역시, 173 
1492,철물점,경상남도, 545 
1493,철물점,제주특별자치도, 104 
1494,치과병원ㆍ의원,합계," 18,256 "
1495,치과병원ㆍ의원,서울특별시," 4,906 "
1496,치과병원ㆍ의원,인천광역시, 920 
1497,치과병원ㆍ의원,경기도," 4,277 "
1498,치과병원ㆍ의원,강원도, 394 
1499,치과병원ㆍ의원,대전광역시, 532 
1500,치과병원ㆍ의원,충청북도, 435 
1501,치과병원ㆍ의원,충청남도, 572 
1502,치과병원ㆍ의원,세종특별자치시, 87 
1503,치과병원ㆍ의원,광주광역시, 641 
1504,치과병원ㆍ의원,전라북도, 584 
1505,치과병원ㆍ의원,전라남도, 494 
1506,치과병원ㆍ의원,대구광역시, 899 
1507,치과병원ㆍ의원,경상북도, 686 
1508,치과병원ㆍ의원,부산광역시," 1,312 "
1509,치과병원ㆍ의원,울산광역시, 386 
1510,치과병원ㆍ의원,경상남도, 916 
1511,치과병원ㆍ의원,제주특별자치도, 215 
1512,침구ㆍ커튼가게,합계," 9,865 "
1513,침구ㆍ커튼가게,서울특별시," 1,291 "
1514,침구ㆍ커튼가게,인천광역시, 420 
1515,침구ㆍ커튼가게,경기도," 1,880 "
1516,침구ㆍ커튼가게,강원도, 402 
1517,침구ㆍ커튼가게,대전광역시, 414 
1518,침구ㆍ커튼가게,충청북도, 394 
1519,침구ㆍ커튼가게,충청남도, 504 
1520,침구ㆍ커튼가게,세종특별자치시, 50 
1521,침구ㆍ커튼가게,광주광역시, 385 
1522,침구ㆍ커튼가게,전라북도, 489 
1523,침구ㆍ커튼가게,전라남도, 481 
1524,침구ㆍ커튼가게,대구광역시, 652 
1525,침구ㆍ커튼가게,경상북도, 667 
1526,침구ㆍ커튼가게,부산광역시, 697 
1527,침구ㆍ커튼가게,울산광역시, 233 
1528,침구ㆍ커튼가게,경상남도, 683 
1529,침구ㆍ커튼가게,제주특별자치도, 223 
1530,커피음료점,합계," 61,548 "
1531,커피음료점,서울특별시," 12,165 "
1532,커피음료점,인천광역시," 3,005 "
1533,커피음료점,경기도," 13,097 "
1534,커피음료점,강원도," 2,191 "
1535,커피음료점,대전광역시," 2,242 "
1536,커피음료점,충청북도," 2,083 "
1537,커피음료점,충청남도," 2,690 "
1538,커피음료점,세종특별자치시, 412 
1539,커피음료점,광주광역시," 1,642 "
1540,커피음료점,전라북도," 2,516 "
1541,커피음료점,전라남도," 2,204 "
1542,커피음료점,대구광역시," 2,880 "
1543,커피음료점,경상북도," 4,286 "
1544,커피음료점,부산광역시," 3,524 "
1545,커피음료점,울산광역시," 1,442 "
1546,커피음료점,경상남도," 3,952 "
1547,커피음료점,제주특별자치도," 1,217 "
1548,컴퓨터판매점,합계," 4,980 "
1549,컴퓨터판매점,서울특별시," 1,015 "
1550,컴퓨터판매점,인천광역시, 212 
1551,컴퓨터판매점,경기도," 1,092 "
1552,컴퓨터판매점,강원도, 185 
1553,컴퓨터판매점,대전광역시, 186 
1554,컴퓨터판매점,충청북도, 185 
1555,컴퓨터판매점,충청남도, 215 
1556,컴퓨터판매점,세종특별자치시, 35 
1557,컴퓨터판매점,광주광역시, 188 
1558,컴퓨터판매점,전라북도, 210 
1559,컴퓨터판매점,전라남도, 176 
1560,컴퓨터판매점,대구광역시, 231 
1561,컴퓨터판매점,경상북도, 315 
1562,컴퓨터판매점,부산광역시, 236 
1563,컴퓨터판매점,울산광역시, 90 
1564,컴퓨터판매점,경상남도, 321 
1565,컴퓨터판매점,제주특별자치도, 88 
1566,통신판매업,합계," 271,383 "
1567,통신판매업,서울특별시," 80,314 "
1568,통신판매업,인천광역시," 17,852 "
1569,통신판매업,경기도," 80,153 "
1570,통신판매업,강원도," 3,665 "
1571,통신판매업,대전광역시," 6,475 "
1572,통신판매업,충청북도," 5,138 "
1573,통신판매업,충청남도," 6,688 "
1574,통신판매업,세종특별자치시," 1,280 "
1575,통신판매업,광주광역시," 6,177 "
1576,통신판매업,전라북도," 5,280 "
1577,통신판매업,전라남도," 4,835 "
1578,통신판매업,대구광역시," 12,755 "
1579,통신판매업,경상북도," 8,561 "
1580,통신판매업,부산광역시," 16,798 "
1581,통신판매업,울산광역시," 3,362 "
1582,통신판매업,경상남도," 9,997 "
1583,통신판매업,제주특별자치도," 2,053 "
1584,패스트푸드점,합계," 38,956 "
1585,패스트푸드점,서울특별시," 6,354 "
1586,패스트푸드점,인천광역시," 1,752 "
1587,패스트푸드점,경기도," 8,515 "
1588,패스트푸드점,강원도," 1,880 "
1589,패스트푸드점,대전광역시," 1,055 "
1590,패스트푸드점,충청북도," 1,578 "
1591,패스트푸드점,충청남도," 2,049 "
1592,패스트푸드점,세종특별자치시, 326 
1593,패스트푸드점,광주광역시," 1,097 "
1594,패스트푸드점,전라북도," 1,642 "
1595,패스트푸드점,전라남도," 1,517 "
1596,패스트푸드점,대구광역시," 1,508 "
1597,패스트푸드점,경상북도," 2,261 "
1598,패스트푸드점,부산광역시," 2,531 "
1599,패스트푸드점,울산광역시, 997 
1600,패스트푸드점,경상남도," 3,262 "
1601,패스트푸드점,제주특별자치도, 632 
1602,펜션ㆍ게스트하우스,합계," 13,638 "
1603,펜션ㆍ게스트하우스,서울특별시, 737 
1604,펜션ㆍ게스트하우스,인천광역시, 617 
1605,펜션ㆍ게스트하우스,경기도," 1,828 "
1606,펜션ㆍ게스트하우스,강원도," 2,314 "
1607,펜션ㆍ게스트하우스,대전광역시, 19 
1608,펜션ㆍ게스트하우스,충청북도, 382 
1609,펜션ㆍ게스트하우스,충청남도," 1,220 "
1610,펜션ㆍ게스트하우스,세종특별자치시, 7 
1611,펜션ㆍ게스트하우스,광주광역시, 23 
1612,펜션ㆍ게스트하우스,전라북도, 409 
1613,펜션ㆍ게스트하우스,전라남도, 733 
1614,펜션ㆍ게스트하우스,대구광역시, 39 
1615,펜션ㆍ게스트하우스,경상북도," 1,201 "
1616,펜션ㆍ게스트하우스,부산광역시, 167 
1617,펜션ㆍ게스트하우스,울산광역시, 124 
1618,펜션ㆍ게스트하우스,경상남도," 1,325 "
1619,펜션ㆍ게스트하우스,제주특별자치도," 2,493 "
1620,편의점,합계," 41,786 "
1621,편의점,서울특별시," 7,953 "
1622,편의점,인천광역시," 2,215 "
1623,편의점,경기도," 10,407 "
1624,편의점,강원도," 1,694 "
1625,편의점,대전광역시," 1,148 "
1626,편의점,충청북도," 1,495 "
1627,편의점,충청남도," 2,200 "
1628,편의점,세종특별자치시, 264 
1629,편의점,광주광역시," 1,049 "
1630,편의점,전라북도," 1,225 "
1631,편의점,전라남도," 1,163 "
1632,편의점,대구광역시," 1,591 "
1633,편의점,경상북도," 1,956 "
1634,편의점,부산광역시," 2,465 "
1635,편의점,울산광역시, 924 
1636,편의점,경상남도," 2,897 "
1637,편의점,제주특별자치도," 1,140 "
1638,피부관리업,합계," 37,874 "
1639,피부관리업,서울특별시," 7,324 "
1640,피부관리업,인천광역시," 2,161 "
1641,피부관리업,경기도," 8,901 "
1642,피부관리업,강원도," 1,094 "
1643,피부관리업,대전광역시," 1,199 "
1644,피부관리업,충청북도," 1,124 "
1645,피부관리업,충청남도," 1,341 "
1646,피부관리업,세종특별자치시, 166 
1647,피부관리업,광주광역시," 1,609 "
1648,피부관리업,전라북도," 1,227 "
1649,피부관리업,전라남도," 1,412 "
1650,피부관리업,대구광역시," 1,639 "
1651,피부관리업,경상북도," 1,609 "
1652,피부관리업,부산광역시," 2,729 "
1653,피부관리업,울산광역시, 834 
1654,피부관리업,경상남도," 2,786 "
1655,피부관리업,제주특별자치도, 719 
1656,피부ㆍ비뇨기과 의원,합계," 3,916 "
1657,피부ㆍ비뇨기과 의원,서울특별시," 1,339 "
1658,피부ㆍ비뇨기과 의원,인천광역시, 176 
1659,피부ㆍ비뇨기과 의원,경기도, 824 
1660,피부ㆍ비뇨기과 의원,강원도, 58 
1661,피부ㆍ비뇨기과 의원,대전광역시, 112 
1662,피부ㆍ비뇨기과 의원,충청북도, 77 
1663,피부ㆍ비뇨기과 의원,충청남도, 99 
1664,피부ㆍ비뇨기과 의원,세종특별자치시, 15 
1665,피부ㆍ비뇨기과 의원,광주광역시, 123 
1666,피부ㆍ비뇨기과 의원,전라북도, 91 
1667,피부ㆍ비뇨기과 의원,전라남도, 75 
1668,피부ㆍ비뇨기과 의원,대구광역시, 201 
1669,피부ㆍ비뇨기과 의원,경상북도, 102 
1670,피부ㆍ비뇨기과 의원,부산광역시, 331 
1671,피부ㆍ비뇨기과 의원,울산광역시, 77 
1672,피부ㆍ비뇨기과 의원,경상남도, 173 
1673,피부ㆍ비뇨기과 의원,제주특별자치도, 43 
1674,한방병원ㆍ한의원,합계," 14,817 "
1675,한방병원ㆍ한의원,서울특별시," 3,694 "
1676,한방병원ㆍ한의원,인천광역시, 697 
1677,한방병원ㆍ한의원,경기도," 3,227 "
1678,한방병원ㆍ한의원,강원도, 365 
1679,한방병원ㆍ한의원,대전광역시, 520 
1680,한방병원ㆍ한의원,충청북도, 404 
1681,한방병원ㆍ한의원,충청남도, 521 
1682,한방병원ㆍ한의원,세종특별자치시, 76 
1683,한방병원ㆍ한의원,광주광역시, 410 
1684,한방병원ㆍ한의원,전라북도, 537 
1685,한방병원ㆍ한의원,전라남도, 395 
1686,한방병원ㆍ한의원,대구광역시, 887 
1687,한방병원ㆍ한의원,경상북도, 639 
1688,한방병원ㆍ한의원,부산광역시," 1,148 "
1689,한방병원ㆍ한의원,울산광역시, 283 
1690,한방병원ㆍ한의원,경상남도, 818 
1691,한방병원ㆍ한의원,제주특별자치도, 196 
1692,한식전문점,합계," 386,161 "
1693,한식전문점,서울특별시," 53,355 "
1694,한식전문점,인천광역시," 17,846 "
1695,한식전문점,경기도," 79,896 "
1696,한식전문점,강원도," 19,552 "
1697,한식전문점,대전광역시," 11,661 "
1698,한식전문점,충청북도," 15,291 "
1699,한식전문점,충청남도," 19,549 "
1700,한식전문점,세종특별자치시," 2,073 "
1701,한식전문점,광주광역시," 9,918 "
1702,한식전문점,전라북도," 14,172 "
1703,한식전문점,전라남도," 17,596 "
1704,한식전문점,대구광역시," 19,544 "
1705,한식전문점,경상북도," 29,306 "
1706,한식전문점,부산광역시," 24,418 "
1707,한식전문점,울산광역시," 10,881 "
1708,한식전문점,경상남도," 32,367 "
1709,한식전문점,제주특별자치도," 8,736 "
1710,헬스클럽,합계," 7,718 "
1711,헬스클럽,서울특별시," 1,854 "
1712,헬스클럽,인천광역시, 414 
1713,헬스클럽,경기도," 1,853 "
1714,헬스클럽,강원도, 223 
1715,헬스클럽,대전광역시, 253 
1716,헬스클럽,충청북도, 265 
1717,헬스클럽,충청남도, 271 
1718,헬스클럽,세종특별자치시, 38 
1719,헬스클럽,광주광역시, 230 
1720,헬스클럽,전라북도, 232 
1721,헬스클럽,전라남도, 171 
1722,헬스클럽,대구광역시, 377 
1723,헬스클럽,경상북도, 357 
1724,헬스클럽,부산광역시, 526 
1725,헬스클럽,울산광역시, 127 
1726,헬스클럽,경상남도, 419 
1727,헬스클럽,제주특별자치도, 108 
1728,호프전문점,합계," 32,992 "
1729,호프전문점,서울특별시," 6,917 "
1730,호프전문점,인천광역시," 1,738 "
1731,호프전문점,경기도," 6,833 "
1732,호프전문점,강원도," 1,375 "
1733,호프전문점,대전광역시, 940 
1734,호프전문점,충청북도," 1,743 "
1735,호프전문점,충청남도," 1,580 "
1736,호프전문점,세종특별자치시, 148 
1737,호프전문점,광주광역시," 2,286 "
1738,호프전문점,전라북도," 1,346 "
1739,호프전문점,전라남도," 2,289 "
1740,호프전문점,대구광역시, 575 
1741,호프전문점,경상북도," 1,029 "
1742,호프전문점,부산광역시," 1,791 "
1743,호프전문점,울산광역시, 342 
1744,호프전문점,경상남도," 1,416 "
1745,호프전문점,제주특별자치도, 644 
1746,화장품가게,합계," 34,922 "
1747,화장품가게,서울특별시," 6,631 "
1748,화장품가게,인천광역시," 1,430 "
1749,화장품가게,경기도," 7,828 "
1750,화장품가게,강원도," 1,103 "
1751,화장품가게,대전광역시," 1,250 "
1752,화장품가게,충청북도," 1,044 "
1753,화장품가게,충청남도," 1,295 "
1754,화장품가게,세종특별자치시, 151 
1755,화장품가게,광주광역시," 1,175 "
1756,화장품가게,전라북도," 1,484 "
1757,화장품가게,전라남도," 1,047 "
1758,화장품가게,대구광역시," 2,121 "
1759,화장품가게,경상북도," 1,855 "
1760,화장품가게,부산광역시," 2,441 "
1761,화장품가게,울산광역시, 974 
1762,화장품가게,경상남도," 2,408 "
1763,화장품가게,제주특별자치도, 685 
1764,휴대폰가게,합계," 18,109 "
1765,휴대폰가게,서울특별시," 3,060 "
1766,휴대폰가게,인천광역시, 928 
1767,휴대폰가게,경기도," 4,045 "
1768,휴대폰가게,강원도, 621 
1769,휴대폰가게,대전광역시, 658 
1770,휴대폰가게,충청북도, 538 
1771,휴대폰가게,충청남도, 852 
1772,휴대폰가게,세종특별자치시, 74 
1773,휴대폰가게,광주광역시, 578 
1774,휴대폰가게,전라북도, 725 
1775,휴대폰가게,전라남도, 591 
1776,휴대폰가게,대구광역시," 1,006 "
1777,휴대폰가게,경상북도," 1,058 "
1778,휴대폰가게,부산광역시," 1,354 "
1779,휴대폰가게,울산광역시, 479 
1780,휴대폰가게,경상남도," 1,308 "
1781,휴대폰가게,제주특별자치도, 234 
1782,LPG 충전소,합계," 1,604 "
1783,LPG 충전소,서울특별시, 77 
1784,LPG 충전소,인천광역시, 67 
1785,LPG 충전소,경기도, 368 
1786,LPG 충전소,강원도, 95 
1787,LPG 충전소,대전광역시, 38 
1788,LPG 충전소,충청북도, 75 
1789,LPG 충전소,충청남도, 126 
1790,LPG 충전소,세종특별자치시, 4 
1791,LPG 충전소,광주광역시, 38 
1792,LPG 충전소,전라북도, 108 
1793,LPG 충전소,전라남도, 122 
1794,LPG 충전소,대구광역시, 44 
1795,LPG 충전소,경상북도, 163 
1796,LPG 충전소,부산광역시, 59 
1797,LPG 충전소,울산광역시, 30 
1798,LPG 충전소,경상남도, 155 
1799,LPG 충전소,제주특별자치도, 35 
1800,PC방,합계," 10,102 "
1801,PC방,서울특별시," 1,629 "
1802,PC방,인천광역시, 517 
1803,PC방,경기도," 2,340 "
1804,PC방,강원도, 428 
1805,PC방,대전광역시, 324 
1806,PC방,충청북도, 339 
1807,PC방,충청남도, 438 
1808,PC방,세종특별자치시, 43 
1809,PC방,광주광역시, 403 
1810,PC방,전라북도, 416 
1811,PC방,전라남도, 359 
1812,PC방,대구광역시, 570 
1813,PC방,경상북도, 567 
1814,PC방,부산광역시, 640 
1815,PC방,울산광역시, 261 
1816,PC방,경상남도, 660 
1817,PC방,제주특별자치도, 168 
