,corp,city,2
0,업종전체,합계,"2,305,692"
1,업종전체,서울특별시,"461,009"
2,업종전체,인천광역시,"116,392"
3,업종전체,경기도,"523,587"
4,업종전체,강원도,"82,869"
5,업종전체,대전광역시,"68,310"
6,업종전체,충청북도,"74,571"
7,업종전체,충청남도,"97,898"
8,업종전체,세종특별자치시,"11,441"
9,업종전체,광주광역시,"68,245"
10,업종전체,전라북도,"82,532"
11,업종전체,전라남도,"83,006"
12,업종전체,대구광역시,"111,380"
13,업종전체,경상북도,"125,839"
14,업종전체,부산광역시,"153,305"
15,업종전체,울산광역시,"50,337"
16,업종전체,경상남도,"153,264"
17,업종전체,제주특별자치도,"41,707"
18,가구점,합계,"7,473"
19,가구점,서울특별시,"1,015"
20,가구점,인천광역시,291
21,가구점,경기도,"1,880"
22,가구점,강원도,302
23,가구점,대전광역시,213
24,가구점,충청북도,288
25,가구점,충청남도,308
26,가구점,세종특별자치시,20
27,가구점,광주광역시,212
28,가구점,전라북도,391
29,가구점,전라남도,268
30,가구점,대구광역시,373
31,가구점,경상북도,461
32,가구점,부산광역시,519
33,가구점,울산광역시,183
34,가구점,경상남도,566
35,가구점,제주특별자치도,183
36,가전제품수리점,합계,"13,495"
37,가전제품수리점,서울특별시,"2,234"
38,가전제품수리점,인천광역시,974
39,가전제품수리점,경기도,"3,784"
40,가전제품수리점,강원도,459
41,가전제품수리점,대전광역시,474
42,가전제품수리점,충청북도,419
43,가전제품수리점,충청남도,562
44,가전제품수리점,세종특별자치시,47
45,가전제품수리점,광주광역시,401
46,가전제품수리점,전라북도,456
47,가전제품수리점,전라남도,453
48,가전제품수리점,대구광역시,659
49,가전제품수리점,경상북도,489
50,가전제품수리점,부산광역시,824
51,가전제품수리점,울산광역시,281
52,가전제품수리점,경상남도,802
53,가전제품수리점,제주특별자치도,177
54,가전제품판매점,합계,"9,891"
55,가전제품판매점,서울특별시,"1,524"
56,가전제품판매점,인천광역시,360
57,가전제품판매점,경기도,"1,829"
58,가전제품판매점,강원도,443
59,가전제품판매점,대전광역시,297
60,가전제품판매점,충청북도,425
61,가전제품판매점,충청남도,516
62,가전제품판매점,세종특별자치시,37
63,가전제품판매점,광주광역시,342
64,가전제품판매점,전라북도,527
65,가전제품판매점,전라남도,580
66,가전제품판매점,대구광역시,524
67,가전제품판매점,경상북도,694
68,가전제품판매점,부산광역시,624
69,가전제품판매점,울산광역시,194
70,가전제품판매점,경상남도,731
71,가전제품판매점,제주특별자치도,244
72,간이주점,합계,"15,542"
73,간이주점,서울특별시,"5,103"
74,간이주점,인천광역시,"1,623"
75,간이주점,경기도,"2,978"
76,간이주점,강원도,435
77,간이주점,대전광역시,75
78,간이주점,충청북도,475
79,간이주점,충청남도,720
80,간이주점,세종특별자치시,19
81,간이주점,광주광역시,187
82,간이주점,전라북도,360
83,간이주점,전라남도,258
84,간이주점,대구광역시,307
85,간이주점,경상북도,405
86,간이주점,부산광역시,"1,024"
87,간이주점,울산광역시,110
88,간이주점,경상남도,"1,297"
89,간이주점,제주특별자치도,166
90,간판광고물업,합계,"12,905"
91,간판광고물업,서울특별시,"2,701"
92,간판광고물업,인천광역시,545
93,간판광고물업,경기도,"3,115"
94,간판광고물업,강원도,505
95,간판광고물업,대전광역시,393
96,간판광고물업,충청북도,379
97,간판광고물업,충청남도,449
98,간판광고물업,세종특별자치시,31
99,간판광고물업,광주광역시,442
100,간판광고물업,전라북도,494
101,간판광고물업,전라남도,463
102,간판광고물업,대구광역시,779
103,간판광고물업,경상북도,640
104,간판광고물업,부산광역시,836
105,간판광고물업,울산광역시,258
106,간판광고물업,경상남도,687
107,간판광고물업,제주특별자치도,188
108,감정평가사,합계,"1,115"
109,감정평가사,서울특별시,241
110,감정평가사,인천광역시,73
111,감정평가사,경기도,358
112,감정평가사,강원도,30
113,감정평가사,대전광역시,28
114,감정평가사,충청북도,28
115,감정평가사,충청남도,35
116,감정평가사,세종특별자치시,12
117,감정평가사,광주광역시,32
118,감정평가사,전라북도,41
119,감정평가사,전라남도,18
120,감정평가사,대구광역시,54
121,감정평가사,경상북도,19
122,감정평가사,부산광역시,56
123,감정평가사,울산광역시,20
124,감정평가사,경상남도,56
125,감정평가사,제주특별자치도,14
126,건강보조식품가게,합계,"13,068"
127,건강보조식품가게,서울특별시,"2,082"
128,건강보조식품가게,인천광역시,620
129,건강보조식품가게,경기도,"2,517"
130,건강보조식품가게,강원도,495
131,건강보조식품가게,대전광역시,442
132,건강보조식품가게,충청북도,437
133,건강보조식품가게,충청남도,"1,207"
134,건강보조식품가게,세종특별자치시,37
135,건강보조식품가게,광주광역시,399
136,건강보조식품가게,전라북도,701
137,건강보조식품가게,전라남도,500
138,건강보조식품가게,대구광역시,589
139,건강보조식품가게,경상북도,887
140,건강보조식품가게,부산광역시,803
141,건강보조식품가게,울산광역시,210
142,건강보조식품가게,경상남도,985
143,건강보조식품가게,제주특별자치도,157
144,건어물가게,합계,"7,137"
145,건어물가게,서울특별시,750
146,건어물가게,인천광역시,366
147,건어물가게,경기도,796
148,건어물가게,강원도,674
149,건어물가게,대전광역시,114
150,건어물가게,충청북도,111
151,건어물가게,충청남도,631
152,건어물가게,세종특별자치시,14
153,건어물가게,광주광역시,163
154,건어물가게,전라북도,351
155,건어물가게,전라남도,890
156,건어물가게,대구광역시,162
157,건어물가게,경상북도,657
158,건어물가게,부산광역시,506
159,건어물가게,울산광역시,126
160,건어물가게,경상남도,715
161,건어물가게,제주특별자치도,111
162,건축사,합계,"9,642"
163,건축사,서울특별시,"2,443"
164,건축사,인천광역시,349
165,건축사,경기도,"2,002"
166,건축사,강원도,319
167,건축사,대전광역시,206
168,건축사,충청북도,275
169,건축사,충청남도,335
170,건축사,세종특별자치시,55
171,건축사,광주광역시,226
172,건축사,전라북도,349
173,건축사,전라남도,263
174,건축사,대구광역시,674
175,건축사,경상북도,465
176,건축사,부산광역시,676
177,건축사,울산광역시,211
178,건축사,경상남도,505
179,건축사,제주특별자치도,289
180,결혼상담소,합계,"1,572"
181,결혼상담소,서울특별시,426
182,결혼상담소,인천광역시,70
183,결혼상담소,경기도,233
184,결혼상담소,강원도,30
185,결혼상담소,대전광역시,61
186,결혼상담소,충청북도,52
187,결혼상담소,충청남도,74
188,결혼상담소,세종특별자치시,5
189,결혼상담소,광주광역시,73
190,결혼상담소,전라북도,78
191,결혼상담소,전라남도,45
192,결혼상담소,대구광역시,108
193,결혼상담소,경상북도,61
194,결혼상담소,부산광역시,122
195,결혼상담소,울산광역시,19
196,결혼상담소,경상남도,94
197,결혼상담소,제주특별자치도,21
198,곡물가게,합계,"5,029"
199,곡물가게,서울특별시,667
200,곡물가게,인천광역시,200
201,곡물가게,경기도,889
202,곡물가게,강원도,332
203,곡물가게,대전광역시,149
204,곡물가게,충청북도,237
205,곡물가게,충청남도,374
206,곡물가게,세종특별자치시,27
207,곡물가게,광주광역시,109
208,곡물가게,전라북도,361
209,곡물가게,전라남도,387
210,곡물가게,대구광역시,193
211,곡물가게,경상북도,372
212,곡물가게,부산광역시,341
213,곡물가게,울산광역시,43
214,곡물가게,경상남도,277
215,곡물가게,제주특별자치도,71
216,공인노무사,합계,840
217,공인노무사,서울특별시,379
218,공인노무사,인천광역시,38
219,공인노무사,경기도,132
220,공인노무사,강원도,14
221,공인노무사,대전광역시,19
222,공인노무사,충청북도,18
223,공인노무사,충청남도,17
224,공인노무사,세종특별자치시,5
225,공인노무사,광주광역시,23
226,공인노무사,전라북도,20
227,공인노무사,전라남도,9
228,공인노무사,대구광역시,32
229,공인노무사,경상북도,15
230,공인노무사,부산광역시,52
231,공인노무사,울산광역시,22
232,공인노무사,경상남도,38
233,공인노무사,제주특별자치도,7
234,공인회계사,합계,"1,817"
235,공인회계사,서울특별시,848
236,공인회계사,인천광역시,64
237,공인회계사,경기도,305
238,공인회계사,강원도,12
239,공인회계사,대전광역시,35
240,공인회계사,충청북도,32
241,공인회계사,충청남도,45
242,공인회계사,세종특별자치시,9
243,공인회계사,광주광역시,35
244,공인회계사,전라북도,34
245,공인회계사,전라남도,24
246,공인회계사,대구광역시,90
247,공인회계사,경상북도,28
248,공인회계사,부산광역시,130
249,공인회계사,울산광역시,27
250,공인회계사,경상남도,72
251,공인회계사,제주특별자치도,27
252,과일가게,합계,"11,590"
253,과일가게,서울특별시,"1,232"
254,과일가게,인천광역시,404
255,과일가게,경기도,"1,752"
256,과일가게,강원도,294
257,과일가게,대전광역시,309
258,과일가게,충청북도,645
259,과일가게,충청남도,668
260,과일가게,세종특별자치시,88
261,과일가게,광주광역시,284
262,과일가게,전라북도,573
263,과일가게,전라남도,670
264,과일가게,대구광역시,365
265,과일가게,경상북도,"1,333"
266,과일가게,부산광역시,601
267,과일가게,울산광역시,158
268,과일가게,경상남도,"1,191"
269,과일가게,제주특별자치도,"1,023"
270,교습소ㆍ공부방,합계,"30,742"
271,교습소ㆍ공부방,서울특별시,"6,684"
272,교습소ㆍ공부방,인천광역시,"1,605"
273,교습소ㆍ공부방,경기도,"7,328"
274,교습소ㆍ공부방,강원도,858
275,교습소ㆍ공부방,대전광역시,"1,237"
276,교습소ㆍ공부방,충청북도,719
277,교습소ㆍ공부방,충청남도,"1,048"
278,교습소ㆍ공부방,세종특별자치시,194
279,교습소ㆍ공부방,광주광역시,671
280,교습소ㆍ공부방,전라북도,658
281,교습소ㆍ공부방,전라남도,612
282,교습소ㆍ공부방,대구광역시,"2,365"
283,교습소ㆍ공부방,경상북도,"1,588"
284,교습소ㆍ공부방,부산광역시,"2,242"
285,교습소ㆍ공부방,울산광역시,622
286,교습소ㆍ공부방,경상남도,"1,841"
287,교습소ㆍ공부방,제주특별자치도,470
288,교습학원,합계,"55,765"
289,교습학원,서울특별시,"10,369"
290,교습학원,인천광역시,"2,466"
291,교습학원,경기도,"14,581"
292,교습학원,강원도,"1,466"
293,교습학원,대전광역시,"1,311"
294,교습학원,충청북도,"1,475"
295,교습학원,충청남도,"1,835"
296,교습학원,세종특별자치시,377
297,교습학원,광주광역시,"2,421"
298,교습학원,전라북도,"2,432"
299,교습학원,전라남도,"1,811"
300,교습학원,대구광역시,"2,630"
301,교습학원,경상북도,"2,638"
302,교습학원,부산광역시,"3,513"
303,교습학원,울산광역시,"1,718"
304,교습학원,경상남도,"4,030"
305,교습학원,제주특별자치도,692
306,구내식당,합계,"23,204"
307,구내식당,서울특별시,"4,340"
308,구내식당,인천광역시,"1,446"
309,구내식당,경기도,"5,648"
310,구내식당,강원도,643
311,구내식당,대전광역시,733
312,구내식당,충청북도,793
313,구내식당,충청남도,"1,085"
314,구내식당,세종특별자치시,84
315,구내식당,광주광역시,418
316,구내식당,전라북도,840
317,구내식당,전라남도,699
318,구내식당,대구광역시,947
319,구내식당,경상북도,"1,399"
320,구내식당,부산광역시,"1,546"
321,구내식당,울산광역시,458
322,구내식당,경상남도,"1,955"
323,구내식당,제주특별자치도,170
324,기술및직업훈련학원,합계,"12,431"
325,기술및직업훈련학원,서울특별시,"2,824"
326,기술및직업훈련학원,인천광역시,491
327,기술및직업훈련학원,경기도,"2,761"
328,기술및직업훈련학원,강원도,360
329,기술및직업훈련학원,대전광역시,432
330,기술및직업훈련학원,충청북도,340
331,기술및직업훈련학원,충청남도,462
332,기술및직업훈련학원,세종특별자치시,88
333,기술및직업훈련학원,광주광역시,474
334,기술및직업훈련학원,전라북도,451
335,기술및직업훈련학원,전라남도,405
336,기술및직업훈련학원,대구광역시,711
337,기술및직업훈련학원,경상북도,513
338,기술및직업훈련학원,부산광역시,881
339,기술및직업훈련학원,울산광역시,301
340,기술및직업훈련학원,경상남도,742
341,기술및직업훈련학원,제주특별자치도,195
342,기술사,합계,"1,006"
343,기술사,서울특별시,280
344,기술사,인천광역시,28
345,기술사,경기도,220
346,기술사,강원도,33
347,기술사,대전광역시,27
348,기술사,충청북도,35
349,기술사,충청남도,27
350,기술사,세종특별자치시,3
351,기술사,광주광역시,35
352,기술사,전라북도,35
353,기술사,전라남도,35
354,기술사,대구광역시,32
355,기술사,경상북도,38
356,기술사,부산광역시,60
357,기술사,울산광역시,19
358,기술사,경상남도,82
359,기술사,제주특별자치도,17
360,기타 일반의원,합계,"3,187"
361,기타 일반의원,서울특별시,873
362,기타 일반의원,인천광역시,144
363,기타 일반의원,경기도,623
364,기타 일반의원,강원도,65
365,기타 일반의원,대전광역시,137
366,기타 일반의원,충청북도,94
367,기타 일반의원,충청남도,99
368,기타 일반의원,세종특별자치시,18
369,기타 일반의원,광주광역시,123
370,기타 일반의원,전라북도,172
371,기타 일반의원,전라남도,106
372,기타 일반의원,대구광역시,154
373,기타 일반의원,경상북도,107
374,기타 일반의원,부산광역시,222
375,기타 일반의원,울산광역시,50
376,기타 일반의원,경상남도,144
377,기타 일반의원,제주특별자치도,56
378,기타외국식전문점,합계,"22,798"
379,기타외국식전문점,서울특별시,"6,996"
380,기타외국식전문점,인천광역시,750
381,기타외국식전문점,경기도,"4,567"
382,기타외국식전문점,강원도,760
383,기타외국식전문점,대전광역시,581
384,기타외국식전문점,충청북도,456
385,기타외국식전문점,충청남도,682
386,기타외국식전문점,세종특별자치시,154
387,기타외국식전문점,광주광역시,361
388,기타외국식전문점,전라북도,724
389,기타외국식전문점,전라남도,396
390,기타외국식전문점,대구광역시,"1,201"
391,기타외국식전문점,경상북도,699
392,기타외국식전문점,부산광역시,"1,821"
393,기타외국식전문점,울산광역시,724
394,기타외국식전문점,경상남도,"1,188"
395,기타외국식전문점,제주특별자치도,738
396,기타음식점,합계,"24,320"
397,기타음식점,서울특별시,"4,805"
398,기타음식점,인천광역시,"1,040"
399,기타음식점,경기도,"5,611"
400,기타음식점,강원도,"1,028"
401,기타음식점,대전광역시,584
402,기타음식점,충청북도,706
403,기타음식점,충청남도,"1,038"
404,기타음식점,세종특별자치시,99
405,기타음식점,광주광역시,"1,042"
406,기타음식점,전라북도,699
407,기타음식점,전라남도,859
408,기타음식점,대구광역시,"1,294"
409,기타음식점,경상북도,"1,161"
410,기타음식점,부산광역시,"1,640"
411,기타음식점,울산광역시,490
412,기타음식점,경상남도,"1,826"
413,기타음식점,제주특별자치도,398
414,꽃가게,합계,"21,253"
415,꽃가게,서울특별시,"4,199"
416,꽃가게,인천광역시,897
417,꽃가게,경기도,"4,845"
418,꽃가게,강원도,617
419,꽃가게,대전광역시,660
420,꽃가게,충청북도,759
421,꽃가게,충청남도,926
422,꽃가게,세종특별자치시,90
423,꽃가게,광주광역시,733
424,꽃가게,전라북도,883
425,꽃가게,전라남도,901
426,꽃가게,대구광역시,"1,044"
427,꽃가게,경상북도,"1,196"
428,꽃가게,부산광역시,"1,226"
429,꽃가게,울산광역시,478
430,꽃가게,경상남도,"1,507"
431,꽃가게,제주특별자치도,292
432,내과ㆍ소아과 의원,합계,"11,315"
433,내과ㆍ소아과 의원,서울특별시,"2,454"
434,내과ㆍ소아과 의원,인천광역시,592
435,내과ㆍ소아과 의원,경기도,"2,558"
436,내과ㆍ소아과 의원,강원도,326
437,내과ㆍ소아과 의원,대전광역시,382
438,내과ㆍ소아과 의원,충청북도,314
439,내과ㆍ소아과 의원,충청남도,442
440,내과ㆍ소아과 의원,세종특별자치시,63
441,내과ㆍ소아과 의원,광주광역시,330
442,내과ㆍ소아과 의원,전라북도,433
443,내과ㆍ소아과 의원,전라남도,449
444,내과ㆍ소아과 의원,대구광역시,565
445,내과ㆍ소아과 의원,경상북도,532
446,내과ㆍ소아과 의원,부산광역시,815
447,내과ㆍ소아과 의원,울산광역시,231
448,내과ㆍ소아과 의원,경상남도,678
449,내과ㆍ소아과 의원,제주특별자치도,151
450,노래방,합계,"31,110"
451,노래방,서울특별시,"5,909"
452,노래방,인천광역시,"2,356"
453,노래방,경기도,"7,380"
454,노래방,강원도,866
455,노래방,대전광역시,"1,342"
456,노래방,충청북도,"1,142"
457,노래방,충청남도,"1,231"
458,노래방,세종특별자치시,142
459,노래방,광주광역시,"1,099"
460,노래방,전라북도,848
461,노래방,전라남도,761
462,노래방,대구광역시,"1,780"
463,노래방,경상북도,"1,647"
464,노래방,부산광역시,"1,844"
465,노래방,울산광역시,782
466,노래방,경상남도,"1,685"
467,노래방,제주특별자치도,296
468,담배가게,합계,"13,309"
469,담배가게,서울특별시,"2,383"
470,담배가게,인천광역시,368
471,담배가게,경기도,"1,634"
472,담배가게,강원도,609
473,담배가게,대전광역시,306
474,담배가게,충청북도,550
475,담배가게,충청남도,612
476,담배가게,세종특별자치시,39
477,담배가게,광주광역시,323
478,담배가게,전라북도,654
479,담배가게,전라남도,"1,038"
480,담배가게,대구광역시,565
481,담배가게,경상북도,"1,408"
482,담배가게,부산광역시,"1,247"
483,담배가게,울산광역시,244
484,담배가게,경상남도,"1,146"
485,담배가게,제주특별자치도,183
486,당구장,합계,"18,548"
487,당구장,서울특별시,"3,315"
488,당구장,인천광역시,"1,169"
489,당구장,경기도,"4,693"
490,당구장,강원도,805
491,당구장,대전광역시,538
492,당구장,충청북도,698
493,당구장,충청남도,850
494,당구장,세종특별자치시,93
495,당구장,광주광역시,480
496,당구장,전라북도,612
497,당구장,전라남도,708
498,당구장,대구광역시,657
499,당구장,경상북도,939
500,당구장,부산광역시,"1,016"
501,당구장,울산광역시,519
502,당구장,경상남도,"1,141"
503,당구장,제주특별자치도,315
504,독서실,합계,"9,884"
505,독서실,서울특별시,"3,570"
506,독서실,인천광역시,440
507,독서실,경기도,"2,452"
508,독서실,강원도,152
509,독서실,대전광역시,234
510,독서실,충청북도,190
511,독서실,충청남도,230
512,독서실,세종특별자치시,25
513,독서실,광주광역시,370
514,독서실,전라북도,269
515,독서실,전라남도,160
516,독서실,대구광역시,404
517,독서실,경상북도,226
518,독서실,부산광역시,443
519,독서실,울산광역시,240
520,독서실,경상남도,397
521,독서실,제주특별자치도,82
522,동물병원,합계,"4,030"
523,동물병원,서울특별시,818
524,동물병원,인천광역시,187
525,동물병원,경기도,"1,030"
526,동물병원,강원도,94
527,동물병원,대전광역시,101
528,동물병원,충청북도,104
529,동물병원,충청남도,180
530,동물병원,세종특별자치시,21
531,동물병원,광주광역시,101
532,동물병원,전라북도,160
533,동물병원,전라남도,154
534,동물병원,대구광역시,166
535,동물병원,경상북도,262
536,동물병원,부산광역시,234
537,동물병원,울산광역시,75
538,동물병원,경상남도,268
539,동물병원,제주특별자치도,75
540,목욕탕,합계,"5,592"
541,목욕탕,서울특별시,751
542,목욕탕,인천광역시,209
543,목욕탕,경기도,764
544,목욕탕,강원도,183
545,목욕탕,대전광역시,100
546,목욕탕,충청북도,143
547,목욕탕,충청남도,196
548,목욕탕,세종특별자치시,12
549,목욕탕,광주광역시,187
550,목욕탕,전라북도,209
551,목욕탕,전라남도,301
552,목욕탕,대구광역시,282
553,목욕탕,경상북도,418
554,목욕탕,부산광역시,762
555,목욕탕,울산광역시,180
556,목욕탕,경상남도,781
557,목욕탕,제주특별자치도,114
558,문구점,합계,"9,310"
559,문구점,서울특별시,"1,594"
560,문구점,인천광역시,474
561,문구점,경기도,"2,143"
562,문구점,강원도,387
563,문구점,대전광역시,322
564,문구점,충청북도,335
565,문구점,충청남도,432
566,문구점,세종특별자치시,75
567,문구점,광주광역시,291
568,문구점,전라북도,438
569,문구점,전라남도,428
570,문구점,대구광역시,348
571,문구점,경상북도,539
572,문구점,부산광역시,514
573,문구점,울산광역시,196
574,문구점,경상남도,645
575,문구점,제주특별자치도,149
576,미용실,합계,"99,073"
577,미용실,서울특별시,"17,780"
578,미용실,인천광역시,"5,333"
579,미용실,경기도,"22,203"
580,미용실,강원도,"3,486"
581,미용실,대전광역시,"3,229"
582,미용실,충청북도,"3,368"
583,미용실,충청남도,"4,094"
584,미용실,세종특별자치시,363
585,미용실,광주광역시,"3,132"
586,미용실,전라북도,"3,743"
587,미용실,전라남도,"3,404"
588,미용실,대구광역시,"5,258"
589,미용실,경상북도,"5,701"
590,미용실,부산광역시,"7,325"
591,미용실,울산광역시,"2,545"
592,미용실,경상남도,"6,790"
593,미용실,제주특별자치도,"1,319"
594,법무사,합계,"6,406"
595,법무사,서울특별시,"1,923"
596,법무사,인천광역시,281
597,법무사,경기도,"1,202"
598,법무사,강원도,192
599,법무사,대전광역시,156
600,법무사,충청북도,164
601,법무사,충청남도,214
602,법무사,세종특별자치시,19
603,법무사,광주광역시,223
604,법무사,전라북도,230
605,법무사,전라남도,210
606,법무사,대구광역시,294
607,법무사,경상북도,257
608,법무사,부산광역시,459
609,법무사,울산광역시,112
610,법무사,경상남도,385
611,법무사,제주특별자치도,85
612,변리사,합계,990
613,변리사,서울특별시,696
614,변리사,인천광역시,16
615,변리사,경기도,88
616,변리사,강원도,*
617,변리사,대전광역시,91
618,변리사,충청북도,4
619,변리사,충청남도,5
620,변리사,세종특별자치시,0
621,변리사,광주광역시,11
622,변리사,전라북도,6
623,변리사,전라남도,*
624,변리사,대구광역시,23
625,변리사,경상북도,3
626,변리사,부산광역시,29
627,변리사,울산광역시,4
628,변리사,경상남도,10
629,변리사,제주특별자치도,*
630,변호사,합계,"7,119"
631,변호사,서울특별시,"3,671"
632,변호사,인천광역시,243
633,변호사,경기도,933
634,변호사,강원도,111
635,변호사,대전광역시,213
636,변호사,충청북도,103
637,변호사,충청남도,132
638,변호사,세종특별자치시,18
639,변호사,광주광역시,212
640,변호사,전라북도,179
641,변호사,전라남도,91
642,변호사,대구광역시,264
643,변호사,경상북도,116
644,변호사,부산광역시,415
645,변호사,울산광역시,118
646,변호사,경상남도,222
647,변호사,제주특별자치도,78
648,부동산중개업,합계,"122,755"
649,부동산중개업,서울특별시,"30,218"
650,부동산중개업,인천광역시,"6,605"
651,부동산중개업,경기도,"33,848"
652,부동산중개업,강원도,"2,571"
653,부동산중개업,대전광역시,"3,181"
654,부동산중개업,충청북도,"2,865"
655,부동산중개업,충청남도,"4,124"
656,부동산중개업,세종특별자치시,"1,292"
657,부동산중개업,광주광역시,"3,884"
658,부동산중개업,전라북도,"3,178"
659,부동산중개업,전라남도,"2,154"
660,부동산중개업,대구광역시,"5,547"
661,부동산중개업,경상북도,"4,190"
662,부동산중개업,부산광역시,"7,913"
663,부동산중개업,울산광역시,"2,306"
664,부동산중개업,경상남도,"6,986"
665,부동산중개업,제주특별자치도,"1,893"
666,분식점,합계,"54,065"
667,분식점,서울특별시,"11,096"
668,분식점,인천광역시,"2,560"
669,분식점,경기도,"12,703"
670,분식점,강원도,"1,574"
671,분식점,대전광역시,"2,042"
672,분식점,충청북도,"2,215"
673,분식점,충청남도,"2,306"
674,분식점,세종특별자치시,195
675,분식점,광주광역시,"1,693"
676,분식점,전라북도,"1,917"
677,분식점,전라남도,"1,402"
678,분식점,대구광역시,"2,325"
679,분식점,경상북도,"2,456"
680,분식점,부산광역시,"4,090"
681,분식점,울산광역시,735
682,분식점,경상남도,"3,970"
683,분식점,제주특별자치도,786
684,사진촬영업,합계,"13,525"
685,사진촬영업,서울특별시,"4,485"
686,사진촬영업,인천광역시,606
687,사진촬영업,경기도,"2,765"
688,사진촬영업,강원도,390
689,사진촬영업,대전광역시,384
690,사진촬영업,충청북도,301
691,사진촬영업,충청남도,376
692,사진촬영업,세종특별자치시,52
693,사진촬영업,광주광역시,389
694,사진촬영업,전라북도,418
695,사진촬영업,전라남도,323
696,사진촬영업,대구광역시,618
697,사진촬영업,경상북도,503
698,사진촬영업,부산광역시,789
699,사진촬영업,울산광역시,224
700,사진촬영업,경상남도,591
701,사진촬영업,제주특별자치도,311
702,산부인과 의원,합계,"1,665"
703,산부인과 의원,서울특별시,504
704,산부인과 의원,인천광역시,77
705,산부인과 의원,경기도,327
706,산부인과 의원,강원도,37
707,산부인과 의원,대전광역시,61
708,산부인과 의원,충청북도,48
709,산부인과 의원,충청남도,48
710,산부인과 의원,세종특별자치시,8
711,산부인과 의원,광주광역시,52
712,산부인과 의원,전라북도,57
713,산부인과 의원,전라남도,25
714,산부인과 의원,대구광역시,103
715,산부인과 의원,경상북도,68
716,산부인과 의원,부산광역시,103
717,산부인과 의원,울산광역시,41
718,산부인과 의원,경상남도,84
719,산부인과 의원,제주특별자치도,22
720,생선가게,합계,"10,955"
721,생선가게,서울특별시,"1,482"
722,생선가게,인천광역시,712
723,생선가게,경기도,"1,153"
724,생선가게,강원도,414
725,생선가게,대전광역시,155
726,생선가게,충청북도,144
727,생선가게,충청남도,719
728,생선가게,세종특별자치시,16
729,생선가게,광주광역시,317
730,생선가게,전라북도,583
731,생선가게,전라남도,"1,513"
732,생선가게,대구광역시,209
733,생선가게,경상북도,837
734,생선가게,부산광역시,"1,050"
735,생선가게,울산광역시,392
736,생선가게,경상남도,846
737,생선가게,제주특별자치도,413
738,서점,합계,"8,209"
739,서점,서울특별시,"1,612"
740,서점,인천광역시,363
741,서점,경기도,"1,853"
742,서점,강원도,236
743,서점,대전광역시,339
744,서점,충청북도,250
745,서점,충청남도,346
746,서점,세종특별자치시,59
747,서점,광주광역시,273
748,서점,전라북도,345
749,서점,전라남도,245
750,서점,대구광역시,511
751,서점,경상북도,377
752,서점,부산광역시,581
753,서점,울산광역시,188
754,서점,경상남도,494
755,서점,제주특별자치도,137
756,성형외과 의원,합계,"1,445"
757,성형외과 의원,서울특별시,699
758,성형외과 의원,인천광역시,47
759,성형외과 의원,경기도,188
760,성형외과 의원,강원도,17
761,성형외과 의원,대전광역시,43
762,성형외과 의원,충청북도,23
763,성형외과 의원,충청남도,28
764,성형외과 의원,세종특별자치시,5
765,성형외과 의원,광주광역시,46
766,성형외과 의원,전라북도,26
767,성형외과 의원,전라남도,16
768,성형외과 의원,대구광역시,77
769,성형외과 의원,경상북도,15
770,성형외과 의원,부산광역시,136
771,성형외과 의원,울산광역시,20
772,성형외과 의원,경상남도,39
773,성형외과 의원,제주특별자치도,20
774,세무사,합계,"12,102"
775,세무사,서울특별시,"4,965"
776,세무사,인천광역시,511
777,세무사,경기도,"2,644"
778,세무사,강원도,169
779,세무사,대전광역시,275
780,세무사,충청북도,166
781,세무사,충청남도,256
782,세무사,세종특별자치시,40
783,세무사,광주광역시,301
784,세무사,전라북도,265
785,세무사,전라남도,131
786,세무사,대구광역시,539
787,세무사,경상북도,230
788,세무사,부산광역시,934
789,세무사,울산광역시,162
790,세무사,경상남도,413
791,세무사,제주특별자치도,101
792,세탁소,합계,"22,790"
793,세탁소,서울특별시,"4,487"
794,세탁소,인천광역시,"1,210"
795,세탁소,경기도,"5,194"
796,세탁소,강원도,901
797,세탁소,대전광역시,870
798,세탁소,충청북도,865
799,세탁소,충청남도,"1,083"
800,세탁소,세종특별자치시,91
801,세탁소,광주광역시,830
802,세탁소,전라북도,856
803,세탁소,전라남도,785
804,세탁소,대구광역시,820
805,세탁소,경상북도,"1,223"
806,세탁소,부산광역시,"1,289"
807,세탁소,울산광역시,431
808,세탁소,경상남도,"1,261"
809,세탁소,제주특별자치도,594
810,슈퍼마켓,합계,"30,033"
811,슈퍼마켓,서울특별시,"4,075"
812,슈퍼마켓,인천광역시,"1,904"
813,슈퍼마켓,경기도,"8,037"
814,슈퍼마켓,강원도,"1,010"
815,슈퍼마켓,대전광역시,686
816,슈퍼마켓,충청북도,974
817,슈퍼마켓,충청남도,"1,210"
818,슈퍼마켓,세종특별자치시,137
819,슈퍼마켓,광주광역시,873
820,슈퍼마켓,전라북도,994
821,슈퍼마켓,전라남도,"1,220"
822,슈퍼마켓,대구광역시,"1,770"
823,슈퍼마켓,경상북도,"1,884"
824,슈퍼마켓,부산광역시,"1,952"
825,슈퍼마켓,울산광역시,911
826,슈퍼마켓,경상남도,"1,977"
827,슈퍼마켓,제주특별자치도,419
828,스포츠교육기관,합계,"23,508"
829,스포츠교육기관,서울특별시,"4,306"
830,스포츠교육기관,인천광역시,"1,289"
831,스포츠교육기관,경기도,"6,013"
832,스포츠교육기관,강원도,661
833,스포츠교육기관,대전광역시,777
834,스포츠교육기관,충청북도,695
835,스포츠교육기관,충청남도,853
836,스포츠교육기관,세종특별자치시,168
837,스포츠교육기관,광주광역시,870
838,스포츠교육기관,전라북도,791
839,스포츠교육기관,전라남도,677
840,스포츠교육기관,대구광역시,"1,205"
841,스포츠교육기관,경상북도,"1,073"
842,스포츠교육기관,부산광역시,"1,574"
843,스포츠교육기관,울산광역시,550
844,스포츠교육기관,경상남도,"1,645"
845,스포츠교육기관,제주특별자치도,361
846,스포츠시설운영업,합계,"7,038"
847,스포츠시설운영업,서울특별시,"1,942"
848,스포츠시설운영업,인천광역시,376
849,스포츠시설운영업,경기도,"1,849"
850,스포츠시설운영업,강원도,227
851,스포츠시설운영업,대전광역시,184
852,스포츠시설운영업,충청북도,162
853,스포츠시설운영업,충청남도,181
854,스포츠시설운영업,세종특별자치시,33
855,스포츠시설운영업,광주광역시,205
856,스포츠시설운영업,전라북도,247
857,스포츠시설운영업,전라남도,147
858,스포츠시설운영업,대구광역시,251
859,스포츠시설운영업,경상북도,238
860,스포츠시설운영업,부산광역시,409
861,스포츠시설운영업,울산광역시,113
862,스포츠시설운영업,경상남도,353
863,스포츠시설운영업,제주특별자치도,121
864,스포츠용품점,합계,"15,006"
865,스포츠용품점,서울특별시,"1,452"
866,스포츠용품점,인천광역시,503
867,스포츠용품점,경기도,"3,065"
868,스포츠용품점,강원도,836
869,스포츠용품점,대전광역시,392
870,스포츠용품점,충청북도,647
871,스포츠용품점,충청남도,998
872,스포츠용품점,세종특별자치시,57
873,스포츠용품점,광주광역시,432
874,스포츠용품점,전라북도,900
875,스포츠용품점,전라남도,947
876,스포츠용품점,대구광역시,699
877,스포츠용품점,경상북도,"1,244"
878,스포츠용품점,부산광역시,715
879,스포츠용품점,울산광역시,290
880,스포츠용품점,경상남도,"1,385"
881,스포츠용품점,제주특별자치도,444
882,시계ㆍ귀금속점,합계,"8,121"
883,시계ㆍ귀금속점,서울특별시,"1,903"
884,시계ㆍ귀금속점,인천광역시,340
885,시계ㆍ귀금속점,경기도,"1,272"
886,시계ㆍ귀금속점,강원도,242
887,시계ㆍ귀금속점,대전광역시,220
888,시계ㆍ귀금속점,충청북도,250
889,시계ㆍ귀금속점,충청남도,316
890,시계ㆍ귀금속점,세종특별자치시,16
891,시계ㆍ귀금속점,광주광역시,258
892,시계ㆍ귀금속점,전라북도,378
893,시계ㆍ귀금속점,전라남도,281
894,시계ㆍ귀금속점,대구광역시,547
895,시계ㆍ귀금속점,경상북도,438
896,시계ㆍ귀금속점,부산광역시,782
897,시계ㆍ귀금속점,울산광역시,220
898,시계ㆍ귀금속점,경상남도,563
899,시계ㆍ귀금속점,제주특별자치도,95
900,식료품가게,합계,"49,914"
901,식료품가게,서울특별시,"5,720"
902,식료품가게,인천광역시,"2,132"
903,식료품가게,경기도,"8,871"
904,식료품가게,강원도,"2,940"
905,식료품가게,대전광역시,"1,418"
906,식료품가게,충청북도,"2,323"
907,식료품가게,충청남도,"3,441"
908,식료품가게,세종특별자치시,226
909,식료품가게,광주광역시,"1,480"
910,식료품가게,전라북도,"3,521"
911,식료품가게,전라남도,"3,715"
912,식료품가게,대구광역시,"1,712"
913,식료품가게,경상북도,"3,592"
914,식료품가게,부산광역시,"3,206"
915,식료품가게,울산광역시,765
916,식료품가게,경상남도,"4,017"
917,식료품가게,제주특별자치도,835
918,신경정신과 의원,합계,"1,666"
919,신경정신과 의원,서울특별시,454
920,신경정신과 의원,인천광역시,68
921,신경정신과 의원,경기도,364
922,신경정신과 의원,강원도,35
923,신경정신과 의원,대전광역시,71
924,신경정신과 의원,충청북도,45
925,신경정신과 의원,충청남도,50
926,신경정신과 의원,세종특별자치시,11
927,신경정신과 의원,광주광역시,48
928,신경정신과 의원,전라북도,66
929,신경정신과 의원,전라남도,41
930,신경정신과 의원,대구광역시,104
931,신경정신과 의원,경상북도,50
932,신경정신과 의원,부산광역시,143
933,신경정신과 의원,울산광역시,25
934,신경정신과 의원,경상남도,70
935,신경정신과 의원,제주특별자치도,21
936,신발가게,합계,"6,760"
937,신발가게,서울특별시,"1,403"
938,신발가게,인천광역시,361
939,신발가게,경기도,"1,250"
940,신발가게,강원도,254
941,신발가게,대전광역시,198
942,신발가게,충청북도,245
943,신발가게,충청남도,295
944,신발가게,세종특별자치시,23
945,신발가게,광주광역시,217
946,신발가게,전라북도,311
947,신발가게,전라남도,265
948,신발가게,대구광역시,338
949,신발가게,경상북도,380
950,신발가게,부산광역시,561
951,신발가게,울산광역시,117
952,신발가게,경상남도,430
953,신발가게,제주특별자치도,112
954,실내스크린골프점,합계,"4,622"
955,실내스크린골프점,서울특별시,645
956,실내스크린골프점,인천광역시,194
957,실내스크린골프점,경기도,"1,178"
958,실내스크린골프점,강원도,140
959,실내스크린골프점,대전광역시,144
960,실내스크린골프점,충청북도,170
961,실내스크린골프점,충청남도,204
962,실내스크린골프점,세종특별자치시,25
963,실내스크린골프점,광주광역시,110
964,실내스크린골프점,전라북도,176
965,실내스크린골프점,전라남도,159
966,실내스크린골프점,대구광역시,276
967,실내스크린골프점,경상북도,271
968,실내스크린골프점,부산광역시,295
969,실내스크린골프점,울산광역시,169
970,실내스크린골프점,경상남도,394
971,실내스크린골프점,제주특별자치도,72
972,실내장식가게,합계,"52,846"
973,실내장식가게,서울특별시,"13,330"
974,실내장식가게,인천광역시,"3,022"
975,실내장식가게,경기도,"15,419"
976,실내장식가게,강원도,987
977,실내장식가게,대전광역시,"1,721"
978,실내장식가게,충청북도,"1,155"
979,실내장식가게,충청남도,"1,349"
980,실내장식가게,세종특별자치시,198
981,실내장식가게,광주광역시,"1,864"
982,실내장식가게,전라북도,225
983,실내장식가게,전라남도,"1,099"
984,실내장식가게,대구광역시,"2,405"
985,실내장식가게,경상북도,"1,662"
986,실내장식가게,부산광역시,"3,814"
987,실내장식가게,울산광역시,974
988,실내장식가게,경상남도,"2,533"
989,실내장식가게,제주특별자치도,"1,089"
990,실외골프연습장,합계,"2,321"
991,실외골프연습장,서울특별시,375
992,실외골프연습장,인천광역시,77
993,실외골프연습장,경기도,520
994,실외골프연습장,강원도,113
995,실외골프연습장,대전광역시,63
996,실외골프연습장,충청북도,103
997,실외골프연습장,충청남도,103
998,실외골프연습장,세종특별자치시,6
999,실외골프연습장,광주광역시,46
1000,실외골프연습장,전라북도,96
1001,실외골프연습장,전라남도,94
1002,실외골프연습장,대구광역시,102
1003,실외골프연습장,경상북도,201
1004,실외골프연습장,부산광역시,146
1005,실외골프연습장,울산광역시,50
1006,실외골프연습장,경상남도,172
1007,실외골프연습장,제주특별자치도,54
1008,안경점,합계,"9,135"
1009,안경점,서울특별시,"2,059"
1010,안경점,인천광역시,426
1011,안경점,경기도,"1,920"
1012,안경점,강원도,248
1013,안경점,대전광역시,318
1014,안경점,충청북도,287
1015,안경점,충청남도,337
1016,안경점,세종특별자치시,39
1017,안경점,광주광역시,347
1018,안경점,전라북도,349
1019,안경점,전라남도,302
1020,안경점,대구광역시,490
1021,안경점,경상북도,427
1022,안경점,부산광역시,650
1023,안경점,울산광역시,226
1024,안경점,경상남도,591
1025,안경점,제주특별자치도,119
1026,안과 의원,합계,"1,640"
1027,안과 의원,서울특별시,441
1028,안과 의원,인천광역시,66
1029,안과 의원,경기도,350
1030,안과 의원,강원도,41
1031,안과 의원,대전광역시,47
1032,안과 의원,충청북도,39
1033,안과 의원,충청남도,51
1034,안과 의원,세종특별자치시,5
1035,안과 의원,광주광역시,40
1036,안과 의원,전라북도,63
1037,안과 의원,전라남도,51
1038,안과 의원,대구광역시,101
1039,안과 의원,경상북도,69
1040,안과 의원,부산광역시,132
1041,안과 의원,울산광역시,33
1042,안과 의원,경상남도,91
1043,안과 의원,제주특별자치도,20
1044,애완용품점,합계,"7,779"
1045,애완용품점,서울특별시,"1,318"
1046,애완용품점,인천광역시,483
1047,애완용품점,경기도,"2,313"
1048,애완용품점,강원도,208
1049,애완용품점,대전광역시,277
1050,애완용품점,충청북도,218
1051,애완용품점,충청남도,315
1052,애완용품점,세종특별자치시,27
1053,애완용품점,광주광역시,199
1054,애완용품점,전라북도,211
1055,애완용품점,전라남도,173
1056,애완용품점,대구광역시,348
1057,애완용품점,경상북도,393
1058,애완용품점,부산광역시,574
1059,애완용품점,울산광역시,133
1060,애완용품점,경상남도,510
1061,애완용품점,제주특별자치도,79
1062,약국,합계,"22,356"
1063,약국,서울특별시,"5,027"
1064,약국,인천광역시,"1,082"
1065,약국,경기도,"4,878"
1066,약국,강원도,669
1067,약국,대전광역시,739
1068,약국,충청북도,660
1069,약국,충청남도,933
1070,약국,세종특별자치시,112
1071,약국,광주광역시,677
1072,약국,전라북도,911
1073,약국,전라남도,788
1074,약국,대구광역시,"1,265"
1075,약국,경상북도,"1,104"
1076,약국,부산광역시,"1,528"
1077,약국,울산광역시,419
1078,약국,경상남도,"1,280"
1079,약국,제주특별자치도,284
1080,여관ㆍ모텔,합계,"21,338"
1081,여관ㆍ모텔,서울특별시,"2,076"
1082,여관ㆍ모텔,인천광역시,839
1083,여관ㆍ모텔,경기도,"3,289"
1084,여관ㆍ모텔,강원도,"1,568"
1085,여관ㆍ모텔,대전광역시,663
1086,여관ㆍ모텔,충청북도,875
1087,여관ㆍ모텔,충청남도,"1,507"
1088,여관ㆍ모텔,세종특별자치시,67
1089,여관ㆍ모텔,광주광역시,527
1090,여관ㆍ모텔,전라북도,"1,036"
1091,여관ㆍ모텔,전라남도,"1,313"
1092,여관ㆍ모텔,대구광역시,749
1093,여관ㆍ모텔,경상북도,"1,978"
1094,여관ㆍ모텔,부산광역시,"1,436"
1095,여관ㆍ모텔,울산광역시,631
1096,여관ㆍ모텔,경상남도,"2,374"
1097,여관ㆍ모텔,제주특별자치도,410
1098,여행사,합계,"13,965"
1099,여행사,서울특별시,"5,594"
1100,여행사,인천광역시,395
1101,여행사,경기도,"1,695"
1102,여행사,강원도,333
1103,여행사,대전광역시,322
1104,여행사,충청북도,275
1105,여행사,충청남도,308
1106,여행사,세종특별자치시,46
1107,여행사,광주광역시,398
1108,여행사,전라북도,417
1109,여행사,전라남도,428
1110,여행사,대구광역시,528
1111,여행사,경상북도,451
1112,여행사,부산광역시,"1,081"
1113,여행사,울산광역시,186
1114,여행사,경상남도,573
1115,여행사,제주특별자치도,935
1116,예술학원,합계,"30,620"
1117,예술학원,서울특별시,"5,468"
1118,예술학원,인천광역시,"1,507"
1119,예술학원,경기도,"8,430"
1120,예술학원,강원도,871
1121,예술학원,대전광역시,903
1122,예술학원,충청북도,887
1123,예술학원,충청남도,"1,078"
1124,예술학원,세종특별자치시,248
1125,예술학원,광주광역시,"1,088"
1126,예술학원,전라북도,"1,329"
1127,예술학원,전라남도,884
1128,예술학원,대구광역시,"1,345"
1129,예술학원,경상북도,"1,389"
1130,예술학원,부산광역시,"1,783"
1131,예술학원,울산광역시,787
1132,예술학원,경상남도,"2,194"
1133,예술학원,제주특별자치도,429
1134,예식장,합계,948
1135,예식장,서울특별시,179
1136,예식장,인천광역시,32
1137,예식장,경기도,151
1138,예식장,강원도,41
1139,예식장,대전광역시,23
1140,예식장,충청북도,40
1141,예식장,충청남도,70
1142,예식장,세종특별자치시,4
1143,예식장,광주광역시,29
1144,예식장,전라북도,48
1145,예식장,전라남도,43
1146,예식장,대구광역시,39
1147,예식장,경상북도,69
1148,예식장,부산광역시,72
1149,예식장,울산광역시,14
1150,예식장,경상남도,70
1151,예식장,제주특별자치도,24
1152,옷가게,합계,"86,726"
1153,옷가게,서울특별시,"16,129"
1154,옷가게,인천광역시,"4,036"
1155,옷가게,경기도,"17,485"
1156,옷가게,강원도,"3,204"
1157,옷가게,대전광역시,"2,829"
1158,옷가게,충청북도,"2,964"
1159,옷가게,충청남도,"3,327"
1160,옷가게,세종특별자치시,321
1161,옷가게,광주광역시,"3,165"
1162,옷가게,전라북도,"3,498"
1163,옷가게,전라남도,"3,074"
1164,옷가게,대구광역시,"5,360"
1165,옷가게,경상북도,"4,710"
1166,옷가게,부산광역시,"7,213"
1167,옷가게,울산광역시,"1,867"
1168,옷가게,경상남도,"5,902"
1169,옷가게,제주특별자치도,"1,642"
1170,의료용품가게,합계,"6,908"
1171,의료용품가게,서울특별시,"1,577"
1172,의료용품가게,인천광역시,317
1173,의료용품가게,경기도,"1,465"
1174,의료용품가게,강원도,175
1175,의료용품가게,대전광역시,275
1176,의료용품가게,충청북도,177
1177,의료용품가게,충청남도,264
1178,의료용품가게,세종특별자치시,19
1179,의료용품가게,광주광역시,316
1180,의료용품가게,전라북도,321
1181,의료용품가게,전라남도,221
1182,의료용품가게,대구광역시,342
1183,의료용품가게,경상북도,255
1184,의료용품가게,부산광역시,593
1185,의료용품가게,울산광역시,106
1186,의료용품가게,경상남도,406
1187,의료용품가게,제주특별자치도,79
1188,이륜자동차판매점,합계,"2,599"
1189,이륜자동차판매점,서울특별시,463
1190,이륜자동차판매점,인천광역시,90
1191,이륜자동차판매점,경기도,437
1192,이륜자동차판매점,강원도,90
1193,이륜자동차판매점,대전광역시,58
1194,이륜자동차판매점,충청북도,83
1195,이륜자동차판매점,충청남도,144
1196,이륜자동차판매점,세종특별자치시,9
1197,이륜자동차판매점,광주광역시,64
1198,이륜자동차판매점,전라북도,127
1199,이륜자동차판매점,전라남도,148
1200,이륜자동차판매점,대구광역시,149
1201,이륜자동차판매점,경상북도,205
1202,이륜자동차판매점,부산광역시,207
1203,이륜자동차판매점,울산광역시,71
1204,이륜자동차판매점,경상남도,216
1205,이륜자동차판매점,제주특별자치도,38
1206,이발소,합계,"11,821"
1207,이발소,서울특별시,"2,159"
1208,이발소,인천광역시,416
1209,이발소,경기도,"2,072"
1210,이발소,강원도,642
1211,이발소,대전광역시,407
1212,이발소,충청북도,414
1213,이발소,충청남도,607
1214,이발소,세종특별자치시,33
1215,이발소,광주광역시,261
1216,이발소,전라북도,448
1217,이발소,전라남도,550
1218,이발소,대구광역시,586
1219,이발소,경상북도,876
1220,이발소,부산광역시,"1,034"
1221,이발소,울산광역시,366
1222,이발소,경상남도,787
1223,이발소,제주특별자치도,163
1224,이비인후과 의원,합계,"2,554"
1225,이비인후과 의원,서울특별시,673
1226,이비인후과 의원,인천광역시,135
1227,이비인후과 의원,경기도,639
1228,이비인후과 의원,강원도,49
1229,이비인후과 의원,대전광역시,82
1230,이비인후과 의원,충청북도,63
1231,이비인후과 의원,충청남도,55
1232,이비인후과 의원,세종특별자치시,14
1233,이비인후과 의원,광주광역시,76
1234,이비인후과 의원,전라북도,73
1235,이비인후과 의원,전라남도,48
1236,이비인후과 의원,대구광역시,160
1237,이비인후과 의원,경상북도,87
1238,이비인후과 의원,부산광역시,200
1239,이비인후과 의원,울산광역시,47
1240,이비인후과 의원,경상남도,126
1241,이비인후과 의원,제주특별자치도,27
1242,일반외과 의원,합계,"4,739"
1243,일반외과 의원,서울특별시,"1,045"
1244,일반외과 의원,인천광역시,258
1245,일반외과 의원,경기도,"1,099"
1246,일반외과 의원,강원도,128
1247,일반외과 의원,대전광역시,148
1248,일반외과 의원,충청북도,170
1249,일반외과 의원,충청남도,192
1250,일반외과 의원,세종특별자치시,30
1251,일반외과 의원,광주광역시,97
1252,일반외과 의원,전라북도,185
1253,일반외과 의원,전라남도,140
1254,일반외과 의원,대구광역시,298
1255,일반외과 의원,경상북도,237
1256,일반외과 의원,부산광역시,324
1257,일반외과 의원,울산광역시,77
1258,일반외과 의원,경상남도,241
1259,일반외과 의원,제주특별자치도,70
1260,일식전문점,합계,"17,902"
1261,일식전문점,서울특별시,"5,480"
1262,일식전문점,인천광역시,"1,005"
1263,일식전문점,경기도,"3,606"
1264,일식전문점,강원도,"1,027"
1265,일식전문점,대전광역시,442
1266,일식전문점,충청북도,489
1267,일식전문점,충청남도,733
1268,일식전문점,세종특별자치시,91
1269,일식전문점,광주광역시,258
1270,일식전문점,전라북도,483
1271,일식전문점,전라남도,426
1272,일식전문점,대구광역시,804
1273,일식전문점,경상북도,527
1274,일식전문점,부산광역시,"1,023"
1275,일식전문점,울산광역시,266
1276,일식전문점,경상남도,729
1277,일식전문점,제주특별자치도,513
1278,자동차수리점,합계,"43,145"
1279,자동차수리점,서울특별시,"4,861"
1280,자동차수리점,인천광역시,"2,258"
1281,자동차수리점,경기도,"10,773"
1282,자동차수리점,강원도,"1,757"
1283,자동차수리점,대전광역시,"1,398"
1284,자동차수리점,충청북도,"1,801"
1285,자동차수리점,충청남도,"2,380"
1286,자동차수리점,세종특별자치시,183
1287,자동차수리점,광주광역시,"1,498"
1288,자동차수리점,전라북도,"1,977"
1289,자동차수리점,전라남도,"1,981"
1290,자동차수리점,대구광역시,"2,194"
1291,자동차수리점,경상북도,"2,994"
1292,자동차수리점,부산광역시,"2,332"
1293,자동차수리점,울산광역시,"1,070"
1294,자동차수리점,경상남도,"3,145"
1295,자동차수리점,제주특별자치도,543
1296,자전거판매점,합계,"2,584"
1297,자전거판매점,서울특별시,412
1298,자전거판매점,인천광역시,111
1299,자전거판매점,경기도,618
1300,자전거판매점,강원도,92
1301,자전거판매점,대전광역시,98
1302,자전거판매점,충청북도,89
1303,자전거판매점,충청남도,114
1304,자전거판매점,세종특별자치시,10
1305,자전거판매점,광주광역시,64
1306,자전거판매점,전라북도,136
1307,자전거판매점,전라남도,101
1308,자전거판매점,대구광역시,161
1309,자전거판매점,경상북도,168
1310,자전거판매점,부산광역시,109
1311,자전거판매점,울산광역시,61
1312,자전거판매점,경상남도,205
1313,자전거판매점,제주특별자치도,35
1314,장난감가게,합계,"2,138"
1315,장난감가게,서울특별시,415
1316,장난감가게,인천광역시,104
1317,장난감가게,경기도,598
1318,장난감가게,강원도,63
1319,장난감가게,대전광역시,69
1320,장난감가게,충청북도,71
1321,장난감가게,충청남도,85
1322,장난감가게,세종특별자치시,23
1323,장난감가게,광주광역시,56
1324,장난감가게,전라북도,66
1325,장난감가게,전라남도,57
1326,장난감가게,대구광역시,96
1327,장난감가게,경상북도,102
1328,장난감가게,부산광역시,142
1329,장난감가게,울산광역시,39
1330,장난감가게,경상남도,115
1331,장난감가게,제주특별자치도,37
1332,정육점,합계,"19,532"
1333,정육점,서울특별시,"2,797"
1334,정육점,인천광역시,"1,047"
1335,정육점,경기도,"4,224"
1336,정육점,강원도,831
1337,정육점,대전광역시,746
1338,정육점,충청북도,770
1339,정육점,충청남도,"1,022"
1340,정육점,세종특별자치시,111
1341,정육점,광주광역시,512
1342,정육점,전라북도,"1,060"
1343,정육점,전라남도,808
1344,정육점,대구광역시,"1,278"
1345,정육점,경상북도,"1,221"
1346,정육점,부산광역시,"1,086"
1347,정육점,울산광역시,570
1348,정육점,경상남도,"1,166"
1349,정육점,제주특별자치도,283
1350,제과점,합계,"16,365"
1351,제과점,서울특별시,"3,472"
1352,제과점,인천광역시,756
1353,제과점,경기도,"3,728"
1354,제과점,강원도,529
1355,제과점,대전광역시,484
1356,제과점,충청북도,492
1357,제과점,충청남도,670
1358,제과점,세종특별자치시,109
1359,제과점,광주광역시,465
1360,제과점,전라북도,582
1361,제과점,전라남도,543
1362,제과점,대구광역시,887
1363,제과점,경상북도,857
1364,제과점,부산광역시,"1,027"
1365,제과점,울산광역시,354
1366,제과점,경상남도,"1,036"
1367,제과점,제주특별자치도,374
1368,종합병원,합계,"3,350"
1369,종합병원,서울특별시,431
1370,종합병원,인천광역시,141
1371,종합병원,경기도,656
1372,종합병원,강원도,87
1373,종합병원,대전광역시,99
1374,종합병원,충청북도,98
1375,종합병원,충청남도,136
1376,종합병원,세종특별자치시,11
1377,종합병원,광주광역시,163
1378,종합병원,전라북도,167
1379,종합병원,전라남도,190
1380,종합병원,대구광역시,185
1381,종합병원,경상북도,233
1382,종합병원,부산광역시,339
1383,종합병원,울산광역시,92
1384,종합병원,경상남도,298
1385,종합병원,제주특별자치도,24
1386,주유소,합계,"10,821"
1387,주유소,서울특별시,411
1388,주유소,인천광역시,288
1389,주유소,경기도,"2,186"
1390,주유소,강원도,631
1391,주유소,대전광역시,232
1392,주유소,충청북도,705
1393,주유소,충청남도,999
1394,주유소,세종특별자치시,68
1395,주유소,광주광역시,268
1396,주유소,전라북도,836
1397,주유소,전라남도,823
1398,주유소,대구광역시,331
1399,주유소,경상북도,"1,210"
1400,주유소,부산광역시,372
1401,주유소,울산광역시,218
1402,주유소,경상남도,"1,061"
1403,주유소,제주특별자치도,182
1404,주차장운영업,합계,"7,424"
1405,주차장운영업,서울특별시,"1,728"
1406,주차장운영업,인천광역시,278
1407,주차장운영업,경기도,"1,096"
1408,주차장운영업,강원도,144
1409,주차장운영업,대전광역시,174
1410,주차장운영업,충청북도,139
1411,주차장운영업,충청남도,125
1412,주차장운영업,세종특별자치시,20
1413,주차장운영업,광주광역시,254
1414,주차장운영업,전라북도,115
1415,주차장운영업,전라남도,92
1416,주차장운영업,대구광역시,437
1417,주차장운영업,경상북도,232
1418,주차장운영업,부산광역시,"1,702"
1419,주차장운영업,울산광역시,224
1420,주차장운영업,경상남도,625
1421,주차장운영업,제주특별자치도,39
1422,중고차판매점,합계,"4,756"
1423,중고차판매점,서울특별시,471
1424,중고차판매점,인천광역시,287
1425,중고차판매점,경기도,"1,013"
1426,중고차판매점,강원도,156
1427,중고차판매점,대전광역시,165
1428,중고차판매점,충청북도,195
1429,중고차판매점,충청남도,212
1430,중고차판매점,세종특별자치시,3
1431,중고차판매점,광주광역시,235
1432,중고차판매점,전라북도,288
1433,중고차판매점,전라남도,215
1434,중고차판매점,대구광역시,470
1435,중고차판매점,경상북도,334
1436,중고차판매점,부산광역시,236
1437,중고차판매점,울산광역시,103
1438,중고차판매점,경상남도,320
1439,중고차판매점,제주특별자치도,53
1440,중식전문점,합계,"23,392"
1441,중식전문점,서울특별시,"4,527"
1442,중식전문점,인천광역시,"1,125"
1443,중식전문점,경기도,"4,804"
1444,중식전문점,강원도,990
1445,중식전문점,대전광역시,543
1446,중식전문점,충청북도,875
1447,중식전문점,충청남도,"1,187"
1448,중식전문점,세종특별자치시,129
1449,중식전문점,광주광역시,491
1450,중식전문점,전라북도,"1,009"
1451,중식전문점,전라남도,804
1452,중식전문점,대구광역시,"1,230"
1453,중식전문점,경상북도,"1,454"
1454,중식전문점,부산광역시,"1,725"
1455,중식전문점,울산광역시,486
1456,중식전문점,경상남도,"1,635"
1457,중식전문점,제주특별자치도,378
1458,채소가게,합계,"10,918"
1459,채소가게,서울특별시,"1,510"
1460,채소가게,인천광역시,509
1461,채소가게,경기도,"1,881"
1462,채소가게,강원도,764
1463,채소가게,대전광역시,260
1464,채소가게,충청북도,482
1465,채소가게,충청남도,673
1466,채소가게,세종특별자치시,52
1467,채소가게,광주광역시,210
1468,채소가게,전라북도,617
1469,채소가게,전라남도,713
1470,채소가게,대구광역시,430
1471,채소가게,경상북도,909
1472,채소가게,부산광역시,689
1473,채소가게,울산광역시,126
1474,채소가게,경상남도,805
1475,채소가게,제주특별자치도,288
1476,철물점,합계,"8,876"
1477,철물점,서울특별시,"1,412"
1478,철물점,인천광역시,505
1479,철물점,경기도,"1,871"
1480,철물점,강원도,455
1481,철물점,대전광역시,284
1482,철물점,충청북도,354
1483,철물점,충청남도,465
1484,철물점,세종특별자치시,40
1485,철물점,광주광역시,290
1486,철물점,전라북도,421
1487,철물점,전라남도,451
1488,철물점,대구광역시,345
1489,철물점,경상북도,488
1490,철물점,부산광역시,679
1491,철물점,울산광역시,173
1492,철물점,경상남도,544
1493,철물점,제주특별자치도,99
1494,치과병원ㆍ의원,합계,"18,008"
1495,치과병원ㆍ의원,서울특별시,"4,872"
1496,치과병원ㆍ의원,인천광역시,906
1497,치과병원ㆍ의원,경기도,"4,191"
1498,치과병원ㆍ의원,강원도,388
1499,치과병원ㆍ의원,대전광역시,530
1500,치과병원ㆍ의원,충청북도,417
1501,치과병원ㆍ의원,충청남도,565
1502,치과병원ㆍ의원,세종특별자치시,80
1503,치과병원ㆍ의원,광주광역시,631
1504,치과병원ㆍ의원,전라북도,574
1505,치과병원ㆍ의원,전라남도,482
1506,치과병원ㆍ의원,대구광역시,898
1507,치과병원ㆍ의원,경상북도,675
1508,치과병원ㆍ의원,부산광역시,"1,293"
1509,치과병원ㆍ의원,울산광역시,386
1510,치과병원ㆍ의원,경상남도,910
1511,치과병원ㆍ의원,제주특별자치도,210
1512,침구ㆍ커튼가게,합계,"10,022"
1513,침구ㆍ커튼가게,서울특별시,"1,325"
1514,침구ㆍ커튼가게,인천광역시,432
1515,침구ㆍ커튼가게,경기도,"1,890"
1516,침구ㆍ커튼가게,강원도,401
1517,침구ㆍ커튼가게,대전광역시,427
1518,침구ㆍ커튼가게,충청북도,398
1519,침구ㆍ커튼가게,충청남도,507
1520,침구ㆍ커튼가게,세종특별자치시,51
1521,침구ㆍ커튼가게,광주광역시,400
1522,침구ㆍ커튼가게,전라북도,501
1523,침구ㆍ커튼가게,전라남도,494
1524,침구ㆍ커튼가게,대구광역시,653
1525,침구ㆍ커튼가게,경상북도,681
1526,침구ㆍ커튼가게,부산광역시,707
1527,침구ㆍ커튼가게,울산광역시,231
1528,침구ㆍ커튼가게,경상남도,703
1529,침구ㆍ커튼가게,제주특별자치도,221
1530,커피음료점,합계,"53,126"
1531,커피음료점,서울특별시,"10,869"
1532,커피음료점,인천광역시,"2,647"
1533,커피음료점,경기도,"11,093"
1534,커피음료점,강원도,"1,859"
1535,커피음료점,대전광역시,"1,969"
1536,커피음료점,충청북도,"1,817"
1537,커피음료점,충청남도,"2,373"
1538,커피음료점,세종특별자치시,328
1539,커피음료점,광주광역시,"1,237"
1540,커피음료점,전라북도,"2,178"
1541,커피음료점,전라남도,"1,795"
1542,커피음료점,대구광역시,"2,501"
1543,커피음료점,경상북도,"3,804"
1544,커피음료점,부산광역시,"2,919"
1545,커피음료점,울산광역시,"1,298"
1546,커피음료점,경상남도,"3,415"
1547,커피음료점,제주특별자치도,"1,024"
1548,컴퓨터판매점,합계,"4,970"
1549,컴퓨터판매점,서울특별시,996
1550,컴퓨터판매점,인천광역시,204
1551,컴퓨터판매점,경기도,"1,105"
1552,컴퓨터판매점,강원도,180
1553,컴퓨터판매점,대전광역시,176
1554,컴퓨터판매점,충청북도,188
1555,컴퓨터판매점,충청남도,205
1556,컴퓨터판매점,세종특별자치시,34
1557,컴퓨터판매점,광주광역시,190
1558,컴퓨터판매점,전라북도,215
1559,컴퓨터판매점,전라남도,179
1560,컴퓨터판매점,대구광역시,228
1561,컴퓨터판매점,경상북도,323
1562,컴퓨터판매점,부산광역시,240
1563,컴퓨터판매점,울산광역시,96
1564,컴퓨터판매점,경상남도,318
1565,컴퓨터판매점,제주특별자치도,93
1566,통신판매업,합계,"227,482"
1567,통신판매업,서울특별시,"68,244"
1568,통신판매업,인천광역시,"14,974"
1569,통신판매업,경기도,"65,715"
1570,통신판매업,강원도,"3,120"
1571,통신판매업,대전광역시,"5,526"
1572,통신판매업,충청북도,"4,325"
1573,통신판매업,충청남도,"5,420"
1574,통신판매업,세종특별자치시,917
1575,통신판매업,광주광역시,"5,217"
1576,통신판매업,전라북도,"4,494"
1577,통신판매업,전라남도,"4,153"
1578,통신판매업,대구광역시,"10,863"
1579,통신판매업,경상북도,"7,155"
1580,통신판매업,부산광역시,"14,387"
1581,통신판매업,울산광역시,"2,849"
1582,통신판매업,경상남도,"8,350"
1583,통신판매업,제주특별자치도,"1,773"
1584,패스트푸드점,합계,"36,523"
1585,패스트푸드점,서울특별시,"5,872"
1586,패스트푸드점,인천광역시,"1,627"
1587,패스트푸드점,경기도,"7,813"
1588,패스트푸드점,강원도,"1,837"
1589,패스트푸드점,대전광역시,997
1590,패스트푸드점,충청북도,"1,500"
1591,패스트푸드점,충청남도,"1,972"
1592,패스트푸드점,세종특별자치시,301
1593,패스트푸드점,광주광역시,"1,013"
1594,패스트푸드점,전라북도,"1,557"
1595,패스트푸드점,전라남도,"1,493"
1596,패스트푸드점,대구광역시,"1,287"
1597,패스트푸드점,경상북도,"2,208"
1598,패스트푸드점,부산광역시,"2,452"
1599,패스트푸드점,울산광역시,936
1600,패스트푸드점,경상남도,"3,105"
1601,패스트푸드점,제주특별자치도,553
1602,펜션ㆍ게스트하우스,합계,"11,353"
1603,펜션ㆍ게스트하우스,서울특별시,593
1604,펜션ㆍ게스트하우스,인천광역시,529
1605,펜션ㆍ게스트하우스,경기도,"1,485"
1606,펜션ㆍ게스트하우스,강원도,"2,024"
1607,펜션ㆍ게스트하우스,대전광역시,17
1608,펜션ㆍ게스트하우스,충청북도,301
1609,펜션ㆍ게스트하우스,충청남도,"1,105"
1610,펜션ㆍ게스트하우스,세종특별자치시,4
1611,펜션ㆍ게스트하우스,광주광역시,15
1612,펜션ㆍ게스트하우스,전라북도,337
1613,펜션ㆍ게스트하우스,전라남도,579
1614,펜션ㆍ게스트하우스,대구광역시,22
1615,펜션ㆍ게스트하우스,경상북도,"1,005"
1616,펜션ㆍ게스트하우스,부산광역시,119
1617,펜션ㆍ게스트하우스,울산광역시,112
1618,펜션ㆍ게스트하우스,경상남도,"1,161"
1619,펜션ㆍ게스트하우스,제주특별자치도,"1,945"
1620,편의점,합계,"39,586"
1621,편의점,서울특별시,"7,833"
1622,편의점,인천광역시,"2,094"
1623,편의점,경기도,"9,649"
1624,편의점,강원도,"1,598"
1625,편의점,대전광역시,"1,069"
1626,편의점,충청북도,"1,411"
1627,편의점,충청남도,"2,099"
1628,편의점,세종특별자치시,229
1629,편의점,광주광역시,"1,016"
1630,편의점,전라북도,"1,169"
1631,편의점,전라남도,"1,077"
1632,편의점,대구광역시,"1,448"
1633,편의점,경상북도,"1,820"
1634,편의점,부산광역시,"2,357"
1635,편의점,울산광역시,854
1636,편의점,경상남도,"2,803"
1637,편의점,제주특별자치도,"1,060"
1638,피부관리업,합계,"33,474"
1639,피부관리업,서울특별시,"6,749"
1640,피부관리업,인천광역시,"1,917"
1641,피부관리업,경기도,"7,651"
1642,피부관리업,강원도,964
1643,피부관리업,대전광역시,"1,089"
1644,피부관리업,충청북도,993
1645,피부관리업,충청남도,"1,180"
1646,피부관리업,세종특별자치시,142
1647,피부관리업,광주광역시,"1,424"
1648,피부관리업,전라북도,"1,060"
1649,피부관리업,전라남도,"1,235"
1650,피부관리업,대구광역시,"1,405"
1651,피부관리업,경상북도,"1,400"
1652,피부관리업,부산광역시,"2,482"
1653,피부관리업,울산광역시,708
1654,피부관리업,경상남도,"2,429"
1655,피부관리업,제주특별자치도,646
1656,피부ㆍ비뇨기과 의원,합계,"3,815"
1657,피부ㆍ비뇨기과 의원,서울특별시,"1,305"
1658,피부ㆍ비뇨기과 의원,인천광역시,169
1659,피부ㆍ비뇨기과 의원,경기도,796
1660,피부ㆍ비뇨기과 의원,강원도,58
1661,피부ㆍ비뇨기과 의원,대전광역시,110
1662,피부ㆍ비뇨기과 의원,충청북도,72
1663,피부ㆍ비뇨기과 의원,충청남도,95
1664,피부ㆍ비뇨기과 의원,세종특별자치시,15
1665,피부ㆍ비뇨기과 의원,광주광역시,126
1666,피부ㆍ비뇨기과 의원,전라북도,89
1667,피부ㆍ비뇨기과 의원,전라남도,72
1668,피부ㆍ비뇨기과 의원,대구광역시,203
1669,피부ㆍ비뇨기과 의원,경상북도,99
1670,피부ㆍ비뇨기과 의원,부산광역시,326
1671,피부ㆍ비뇨기과 의원,울산광역시,76
1672,피부ㆍ비뇨기과 의원,경상남도,165
1673,피부ㆍ비뇨기과 의원,제주특별자치도,39
1674,한방병원ㆍ한의원,합계,"14,722"
1675,한방병원ㆍ한의원,서울특별시,"3,691"
1676,한방병원ㆍ한의원,인천광역시,678
1677,한방병원ㆍ한의원,경기도,"3,170"
1678,한방병원ㆍ한의원,강원도,357
1679,한방병원ㆍ한의원,대전광역시,527
1680,한방병원ㆍ한의원,충청북도,400
1681,한방병원ㆍ한의원,충청남도,523
1682,한방병원ㆍ한의원,세종특별자치시,74
1683,한방병원ㆍ한의원,광주광역시,417
1684,한방병원ㆍ한의원,전라북도,538
1685,한방병원ㆍ한의원,전라남도,401
1686,한방병원ㆍ한의원,대구광역시,880
1687,한방병원ㆍ한의원,경상북도,635
1688,한방병원ㆍ한의원,부산광역시,"1,145"
1689,한방병원ㆍ한의원,울산광역시,286
1690,한방병원ㆍ한의원,경상남도,807
1691,한방병원ㆍ한의원,제주특별자치도,193
1692,한식전문점,합계,"379,459"
1693,한식전문점,서울특별시,"52,817"
1694,한식전문점,인천광역시,"17,081"
1695,한식전문점,경기도,"78,132"
1696,한식전문점,강원도,"19,284"
1697,한식전문점,대전광역시,"11,524"
1698,한식전문점,충청북도,"15,028"
1699,한식전문점,충청남도,"19,116"
1700,한식전문점,세종특별자치시,"1,943"
1701,한식전문점,광주광역시,"9,578"
1702,한식전문점,전라북도,"14,005"
1703,한식전문점,전라남도,"17,298"
1704,한식전문점,대구광역시,"19,578"
1705,한식전문점,경상북도,"29,090"
1706,한식전문점,부산광역시,"23,786"
1707,한식전문점,울산광역시,"10,829"
1708,한식전문점,경상남도,"31,852"
1709,한식전문점,제주특별자치도,"8,518"
1710,헬스클럽,합계,"7,205"
1711,헬스클럽,서울특별시,"1,712"
1712,헬스클럽,인천광역시,382
1713,헬스클럽,경기도,"1,699"
1714,헬스클럽,강원도,204
1715,헬스클럽,대전광역시,228
1716,헬스클럽,충청북도,253
1717,헬스클럽,충청남도,266
1718,헬스클럽,세종특별자치시,36
1719,헬스클럽,광주광역시,217
1720,헬스클럽,전라북도,216
1721,헬스클럽,전라남도,167
1722,헬스클럽,대구광역시,358
1723,헬스클럽,경상북도,344
1724,헬스클럽,부산광역시,493
1725,헬스클럽,울산광역시,134
1726,헬스클럽,경상남도,390
1727,헬스클럽,제주특별자치도,106
1728,호프전문점,합계,"34,627"
1729,호프전문점,서울특별시,"7,359"
1730,호프전문점,인천광역시,"1,831"
1731,호프전문점,경기도,"7,113"
1732,호프전문점,강원도,"1,478"
1733,호프전문점,대전광역시,"1,008"
1734,호프전문점,충청북도,"1,803"
1735,호프전문점,충청남도,"1,720"
1736,호프전문점,세종특별자치시,168
1737,호프전문점,광주광역시,"2,394"
1738,호프전문점,전라북도,"1,376"
1739,호프전문점,전라남도,"2,441"
1740,호프전문점,대구광역시,578
1741,호프전문점,경상북도,"1,055"
1742,호프전문점,부산광역시,"1,828"
1743,호프전문점,울산광역시,354
1744,호프전문점,경상남도,"1,531"
1745,호프전문점,제주특별자치도,590
1746,화장품가게,합계,"35,067"
1747,화장품가게,서울특별시,"6,817"
1748,화장품가게,인천광역시,"1,451"
1749,화장품가게,경기도,"7,782"
1750,화장품가게,강원도,"1,078"
1751,화장품가게,대전광역시,"1,216"
1752,화장품가게,충청북도,"1,040"
1753,화장품가게,충청남도,"1,301"
1754,화장품가게,세종특별자치시,134
1755,화장품가게,광주광역시,"1,118"
1756,화장품가게,전라북도,"1,411"
1757,화장품가게,전라남도,"1,062"
1758,화장품가게,대구광역시,"2,177"
1759,화장품가게,경상북도,"1,877"
1760,화장품가게,부산광역시,"2,511"
1761,화장품가게,울산광역시,964
1762,화장품가게,경상남도,"2,440"
1763,화장품가게,제주특별자치도,688
1764,휴대폰가게,합계,"17,998"
1765,휴대폰가게,서울특별시,"2,985"
1766,휴대폰가게,인천광역시,900
1767,휴대폰가게,경기도,"3,904"
1768,휴대폰가게,강원도,594
1769,휴대폰가게,대전광역시,688
1770,휴대폰가게,충청북도,545
1771,휴대폰가게,충청남도,851
1772,휴대폰가게,세종특별자치시,76
1773,휴대폰가게,광주광역시,586
1774,휴대폰가게,전라북도,734
1775,휴대폰가게,전라남도,614
1776,휴대폰가게,대구광역시,"1,011"
1777,휴대폰가게,경상북도,"1,090"
1778,휴대폰가게,부산광역시,"1,397"
1779,휴대폰가게,울산광역시,503
1780,휴대폰가게,경상남도,"1,305"
1781,휴대폰가게,제주특별자치도,215
1782,LPG충전소,합계,"1,606"
1783,LPG충전소,서울특별시,76
1784,LPG충전소,인천광역시,70
1785,LPG충전소,경기도,373
1786,LPG충전소,강원도,93
1787,LPG충전소,대전광역시,38
1788,LPG충전소,충청북도,75
1789,LPG충전소,충청남도,128
1790,LPG충전소,세종특별자치시,4
1791,LPG충전소,광주광역시,41
1792,LPG충전소,전라북도,101
1793,LPG충전소,전라남도,124
1794,LPG충전소,대구광역시,44
1795,LPG충전소,경상북도,164
1796,LPG충전소,부산광역시,57
1797,LPG충전소,울산광역시,30
1798,LPG충전소,경상남도,152
1799,LPG충전소,제주특별자치도,36
1800,pc방,합계,"10,464"
1801,pc방,서울특별시,"1,727"
1802,pc방,인천광역시,535
1803,pc방,경기도,"2,402"
1804,pc방,강원도,419
1805,pc방,대전광역시,331
1806,pc방,충청북도,334
1807,pc방,충청남도,436
1808,pc방,세종특별자치시,40
1809,pc방,광주광역시,424
1810,pc방,전라북도,443
1811,pc방,전라남도,377
1812,pc방,대구광역시,587
1813,pc방,경상북도,590
1814,pc방,부산광역시,668
1815,pc방,울산광역시,295
1816,pc방,경상남도,681
1817,pc방,제주특별자치도,175
