﻿,corp,city,2
0,?낆쥌?꾩껜,?⑷퀎,"2,295,565"
1,?낆쥌?꾩껜,"?쒖슱?밸퀎??""458","980"""
2,?낆쥌?꾩껜,"?몄쿇愿묒뿭??""115","817"""
3,?낆쥌?꾩껜,"寃쎄린??""520","472"""
4,?낆쥌?꾩껜,"媛뺤썝??""82","677"""
5,?낆쥌?꾩껜,??꾧킅??떆,"68,001"
6,?낆쥌?꾩껜,異⑹껌遺곷룄,"74,301"
7,?낆쥌?꾩껜,異⑹껌?⑤룄,"97,599"
8,?낆쥌?꾩껜,"?몄쥌?밸퀎?먯튂??""11","313"""
9,?낆쥌?꾩껜,"愿묒＜愿묒뿭??""67","965"""
10,?낆쥌?꾩껜,?꾨씪遺곷룄,"82,317"
11,?낆쥌?꾩껜,?꾨씪?⑤룄,"82,774"
12,?낆쥌?꾩껜,?援ш킅??떆,"110,847"
13,?낆쥌?꾩껜,寃쎌긽遺곷룄,"125,481"
14,?낆쥌?꾩껜,遺?곌킅??떆,"152,670"
15,?낆쥌?꾩껜,"?몄궛愿묒뿭??""50","134"""
16,?낆쥌?꾩껜,寃쎌긽?⑤룄,"152,758"
17,?낆쥌?꾩껜,"?쒖＜?밸퀎?먯튂??""41","459"""
18,媛援ъ젏,?⑷퀎,"7,450"
19,媛援ъ젏,"?쒖슱?밸퀎??""1","015"""
20,媛援ъ젏,?몄쿇愿묒뿭??292,
21,媛援ъ젏,"寃쎄린??""1","873"""
22,媛援ъ젏,媛뺤썝??300,
23,媛援ъ젏,??꾧킅??떆,214
24,媛援ъ젏,異⑹껌遺곷룄,287
25,媛援ъ젏,異⑹껌?⑤룄,308
26,媛援ъ젏,?몄쥌?밸퀎?먯튂??20,
27,媛援ъ젏,愿묒＜愿묒뿭??214,
28,媛援ъ젏,?꾨씪遺곷룄,391
29,媛援ъ젏,?꾨씪?⑤룄,267
30,媛援ъ젏,?援ш킅??떆,371
31,媛援ъ젏,寃쎌긽遺곷룄,461
32,媛援ъ젏,遺?곌킅??떆,512
33,媛援ъ젏,?몄궛愿묒뿭??180,
34,媛援ъ젏,寃쎌긽?⑤룄,564
35,媛援ъ젏,?쒖＜?밸퀎?먯튂??181,
36,媛?꾩젣?덉닔由ъ젏,?⑷퀎,"13,299"
37,媛?꾩젣?덉닔由ъ젏,"?쒖슱?밸퀎??""2","183"""
38,媛?꾩젣?덉닔由ъ젏,?몄쿇愿묒뿭??958,
39,媛?꾩젣?덉닔由ъ젏,"寃쎄린??""3","694"""
40,媛?꾩젣?덉닔由ъ젏,媛뺤썝??465,
41,媛?꾩젣?덉닔由ъ젏,??꾧킅??떆,478
42,媛?꾩젣?덉닔由ъ젏,異⑹껌遺곷룄,402
43,媛?꾩젣?덉닔由ъ젏,異⑹껌?⑤룄,556
44,媛?꾩젣?덉닔由ъ젏,?몄쥌?밸퀎?먯튂??47,
45,媛?꾩젣?덉닔由ъ젏,愿묒＜愿묒뿭??393,
46,媛?꾩젣?덉닔由ъ젏,?꾨씪遺곷룄,466
47,媛?꾩젣?덉닔由ъ젏,?꾨씪?⑤룄,456
48,媛?꾩젣?덉닔由ъ젏,?援ш킅??떆,653
49,媛?꾩젣?덉닔由ъ젏,寃쎌긽遺곷룄,489
50,媛?꾩젣?덉닔由ъ젏,遺?곌킅??떆,813
51,媛?꾩젣?덉닔由ъ젏,?몄궛愿묒뿭??281,
52,媛?꾩젣?덉닔由ъ젏,寃쎌긽?⑤룄,790
53,媛?꾩젣?덉닔由ъ젏,?쒖＜?밸퀎?먯튂??175,
54,媛?꾩젣?덊뙋留ㅼ젏,?⑷퀎,"9,817"
55,媛?꾩젣?덊뙋留ㅼ젏,"?쒖슱?밸퀎??""1","495"""
56,媛?꾩젣?덊뙋留ㅼ젏,?몄쿇愿묒뿭??353,
57,媛?꾩젣?덊뙋留ㅼ젏,"寃쎄린??""1","810"""
58,媛?꾩젣?덊뙋留ㅼ젏,媛뺤썝??444,
59,媛?꾩젣?덊뙋留ㅼ젏,??꾧킅??떆,298
60,媛?꾩젣?덊뙋留ㅼ젏,異⑹껌遺곷룄,425
61,媛?꾩젣?덊뙋留ㅼ젏,異⑹껌?⑤룄,514
62,媛?꾩젣?덊뙋留ㅼ젏,?몄쥌?밸퀎?먯튂??37,
63,媛?꾩젣?덊뙋留ㅼ젏,愿묒＜愿묒뿭??339,
64,媛?꾩젣?덊뙋留ㅼ젏,?꾨씪遺곷룄,530
65,媛?꾩젣?덊뙋留ㅼ젏,?꾨씪?⑤룄,576
66,媛?꾩젣?덊뙋留ㅼ젏,?援ш킅??떆,518
67,媛?꾩젣?덊뙋留ㅼ젏,寃쎌긽遺곷룄,693
68,媛?꾩젣?덊뙋留ㅼ젏,遺?곌킅??떆,622
69,媛?꾩젣?덊뙋留ㅼ젏,?몄궛愿묒뿭??195,
70,媛?꾩젣?덊뙋留ㅼ젏,寃쎌긽?⑤룄,727
71,媛?꾩젣?덊뙋留ㅼ젏,?쒖＜?밸퀎?먯튂??241,
72,媛꾩씠二쇱젏,?⑷퀎,"15,649"
73,媛꾩씠二쇱젏,"?쒖슱?밸퀎??""5","138"""
74,媛꾩씠二쇱젏,"?몄쿇愿묒뿭??""1","640"""
75,媛꾩씠二쇱젏,"寃쎄린??""2","997"""
76,媛꾩씠二쇱젏,媛뺤썝??439,
77,媛꾩씠二쇱젏,??꾧킅??떆,73
78,媛꾩씠二쇱젏,異⑹껌遺곷룄,476
79,媛꾩씠二쇱젏,異⑹껌?⑤룄,722
80,媛꾩씠二쇱젏,?몄쥌?밸퀎?먯튂??18,
81,媛꾩씠二쇱젏,愿묒＜愿묒뿭??188,
82,媛꾩씠二쇱젏,?꾨씪遺곷룄,369
83,媛꾩씠二쇱젏,?꾨씪?⑤룄,259
84,媛꾩씠二쇱젏,?援ш킅??떆,310
85,媛꾩씠二쇱젏,寃쎌긽遺곷룄,409
86,媛꾩씠二쇱젏,遺?곌킅??떆,"1,023"
87,媛꾩씠二쇱젏,?몄궛愿묒뿭??108,
88,媛꾩씠二쇱젏,寃쎌긽?⑤룄,"1,314"
89,媛꾩씠二쇱젏,?쒖＜?밸퀎?먯튂??166,
90,媛꾪뙋愿묎퀬臾쇱뾽,?⑷퀎,"12,897"
91,媛꾪뙋愿묎퀬臾쇱뾽,"?쒖슱?밸퀎??""2","704"""
92,媛꾪뙋愿묎퀬臾쇱뾽,?몄쿇愿묒뿭??544,
93,媛꾪뙋愿묎퀬臾쇱뾽,"寃쎄린??""3","113"""
94,媛꾪뙋愿묎퀬臾쇱뾽,媛뺤썝??505,
95,媛꾪뙋愿묎퀬臾쇱뾽,??꾧킅??떆,394
96,媛꾪뙋愿묎퀬臾쇱뾽,異⑹껌遺곷룄,378
97,媛꾪뙋愿묎퀬臾쇱뾽,異⑹껌?⑤룄,453
98,媛꾪뙋愿묎퀬臾쇱뾽,?몄쥌?밸퀎?먯튂??31,
99,媛꾪뙋愿묎퀬臾쇱뾽,愿묒＜愿묒뿭??443,
100,媛꾪뙋愿묎퀬臾쇱뾽,?꾨씪遺곷룄,491
101,媛꾪뙋愿묎퀬臾쇱뾽,?꾨씪?⑤룄,459
102,媛꾪뙋愿묎퀬臾쇱뾽,?援ш킅??떆,777
103,媛꾪뙋愿묎퀬臾쇱뾽,寃쎌긽遺곷룄,641
104,媛꾪뙋愿묎퀬臾쇱뾽,遺?곌킅??떆,837
105,媛꾪뙋愿묎퀬臾쇱뾽,?몄궛愿묒뿭??256,
106,媛꾪뙋愿묎퀬臾쇱뾽,寃쎌긽?⑤룄,685
107,媛꾪뙋愿묎퀬臾쇱뾽,?쒖＜?밸퀎?먯튂??186,
108,媛먯젙?됯????⑷퀎,"1,115",
109,媛먯젙?됯????쒖슱?밸퀎??240,,
110,媛먯젙?됯????몄쿇愿묒뿭??73,,
111,媛먯젙?됯???寃쎄린??358,,
112,媛먯젙?됯???媛뺤썝??29,,
113,媛먯젙?됯?????꾧킅??떆,29,
114,媛먯젙?됯???異⑹껌遺곷룄,28,
115,媛먯젙?됯???異⑹껌?⑤룄,35,
116,媛먯젙?됯????몄쥌?밸퀎?먯튂??12,,
117,媛먯젙?됯???愿묒＜愿묒뿭??32,,
118,媛먯젙?됯????꾨씪遺곷룄,41,
119,媛먯젙?됯????꾨씪?⑤룄,18,
120,媛먯젙?됯????援ш킅??떆,55,
121,媛먯젙?됯???寃쎌긽遺곷룄,19,
122,媛먯젙?됯???遺?곌킅??떆,56,
123,媛먯젙?됯????몄궛愿묒뿭??20,,
124,媛먯젙?됯???寃쎌긽?⑤룄,56,
125,媛먯젙?됯????쒖＜?밸퀎?먯튂??14,,
126,嫄닿컯蹂댁“?앺뭹媛寃??⑷퀎,"13,024",
127,"嫄닿컯蹂댁“?앺뭹媛寃??쒖슱?밸퀎??""2","080""",
128,嫄닿컯蹂댁“?앺뭹媛寃??몄쿇愿묒뿭??617,,
129,"嫄닿컯蹂댁“?앺뭹媛寃?寃쎄린??""2","496""",
130,嫄닿컯蹂댁“?앺뭹媛寃?媛뺤썝??496,,
131,嫄닿컯蹂댁“?앺뭹媛寃???꾧킅??떆,439,
132,嫄닿컯蹂댁“?앺뭹媛寃?異⑹껌遺곷룄,439,
133,嫄닿컯蹂댁“?앺뭹媛寃?異⑹껌?⑤룄,"1,201",
134,嫄닿컯蹂댁“?앺뭹媛寃??몄쥌?밸퀎?먯튂??34,,
135,嫄닿컯蹂댁“?앺뭹媛寃?愿묒＜愿묒뿭??397,,
136,嫄닿컯蹂댁“?앺뭹媛寃??꾨씪遺곷룄,701,
137,嫄닿컯蹂댁“?앺뭹媛寃??꾨씪?⑤룄,499,
138,嫄닿컯蹂댁“?앺뭹媛寃??援ш킅??떆,590,
139,嫄닿컯蹂댁“?앺뭹媛寃?寃쎌긽遺곷룄,886,
140,嫄닿컯蹂댁“?앺뭹媛寃?遺?곌킅??떆,801,
141,嫄닿컯蹂댁“?앺뭹媛寃??몄궛愿묒뿭??208,,
142,嫄닿컯蹂댁“?앺뭹媛寃?寃쎌긽?⑤룄,988,
143,嫄닿컯蹂댁“?앺뭹媛寃??쒖＜?밸퀎?먯튂??152,,
144,嫄댁뼱臾쇨?寃??⑷퀎,"7,143",
145,嫄댁뼱臾쇨?寃??쒖슱?밸퀎??752,,
146,嫄댁뼱臾쇨?寃??몄쿇愿묒뿭??368,,
147,嫄댁뼱臾쇨?寃?寃쎄린??797,,
148,嫄댁뼱臾쇨?寃?媛뺤썝??667,,
149,嫄댁뼱臾쇨?寃???꾧킅??떆,113,
150,嫄댁뼱臾쇨?寃?異⑹껌遺곷룄,110,
151,嫄댁뼱臾쇨?寃?異⑹껌?⑤룄,630,
152,嫄댁뼱臾쇨?寃??몄쥌?밸퀎?먯튂??14,,
153,嫄댁뼱臾쇨?寃?愿묒＜愿묒뿭??167,,
154,嫄댁뼱臾쇨?寃??꾨씪遺곷룄,350,
155,嫄댁뼱臾쇨?寃??꾨씪?⑤룄,888,
156,嫄댁뼱臾쇨?寃??援ш킅??떆,162,
157,嫄댁뼱臾쇨?寃?寃쎌긽遺곷룄,658,
158,嫄댁뼱臾쇨?寃?遺?곌킅??떆,507,
159,嫄댁뼱臾쇨?寃??몄궛愿묒뿭??126,,
160,嫄댁뼱臾쇨?寃?寃쎌긽?⑤룄,723,
161,嫄댁뼱臾쇨?寃??쒖＜?밸퀎?먯튂??111,,
162,嫄댁텞???⑷퀎,"9,573",
163,"嫄댁텞???쒖슱?밸퀎??""2","431""",
164,嫄댁텞???몄쿇愿묒뿭??343,,
165,"嫄댁텞??寃쎄린??""1","973""",
166,嫄댁텞??媛뺤썝??319,,
167,嫄댁텞????꾧킅??떆,206,
168,嫄댁텞??異⑹껌遺곷룄,271,
169,嫄댁텞??異⑹껌?⑤룄,330,
170,嫄댁텞???몄쥌?밸퀎?먯튂??54,,
171,嫄댁텞??愿묒＜愿묒뿭??227,,
172,嫄댁텞???꾨씪遺곷룄,349,
173,嫄댁텞???꾨씪?⑤룄,263,
174,嫄댁텞???援ш킅??떆,675,
175,嫄댁텞??寃쎌긽遺곷룄,462,
176,嫄댁텞??遺?곌킅??떆,669,
177,嫄댁텞???몄궛愿묒뿭??208,,
178,嫄댁텞??寃쎌긽?⑤룄,506,
179,嫄댁텞???쒖＜?밸퀎?먯튂??287,,
180,寃고샎?곷떞???⑷퀎,"1,573",
181,寃고샎?곷떞???쒖슱?밸퀎??426,,
182,寃고샎?곷떞???몄쿇愿묒뿭??70,,
183,寃고샎?곷떞??寃쎄린??232,,
184,寃고샎?곷떞??媛뺤썝??30,,
185,寃고샎?곷떞????꾧킅??떆,62,
186,寃고샎?곷떞??異⑹껌遺곷룄,53,
187,寃고샎?곷떞??異⑹껌?⑤룄,74,
188,寃고샎?곷떞???몄쥌?밸퀎?먯튂??5,,
189,寃고샎?곷떞??愿묒＜愿묒뿭??72,,
190,寃고샎?곷떞???꾨씪遺곷룄,78,
191,寃고샎?곷떞???꾨씪?⑤룄,45,
192,寃고샎?곷떞???援ш킅??떆,107,
193,寃고샎?곷떞??寃쎌긽遺곷룄,60,
194,寃고샎?곷떞??遺?곌킅??떆,125,
195,寃고샎?곷떞???몄궛愿묒뿭??18,,
196,寃고샎?곷떞??寃쎌긽?⑤룄,94,
197,寃고샎?곷떞???쒖＜?밸퀎?먯튂??22,,
198,怨〓Ъ媛寃??⑷퀎,"5,035",
199,怨〓Ъ媛寃??쒖슱?밸퀎??668,,
200,怨〓Ъ媛寃??몄쿇愿묒뿭??202,,
201,怨〓Ъ媛寃?寃쎄린??898,,
202,怨〓Ъ媛寃?媛뺤썝??332,,
203,怨〓Ъ媛寃???꾧킅??떆,149,
204,怨〓Ъ媛寃?異⑹껌遺곷룄,239,
205,怨〓Ъ媛寃?異⑹껌?⑤룄,374,
206,怨〓Ъ媛寃??몄쥌?밸퀎?먯튂??26,,
207,怨〓Ъ媛寃?愿묒＜愿묒뿭??109,,
208,怨〓Ъ媛寃??꾨씪遺곷룄,362,
209,怨〓Ъ媛寃??꾨씪?⑤룄,385,
210,怨〓Ъ媛寃??援ш킅??떆,193,
211,怨〓Ъ媛寃?寃쎌긽遺곷룄,367,
212,怨〓Ъ媛寃?遺?곌킅??떆,342,
213,怨〓Ъ媛寃??몄궛愿묒뿭??43,,
214,怨〓Ъ媛寃?寃쎌긽?⑤룄,276,
215,怨〓Ъ媛寃??쒖＜?밸퀎?먯튂??70,,
216,怨듭씤?몃Т???⑷퀎,837,
217,怨듭씤?몃Т???쒖슱?밸퀎??378,,
218,怨듭씤?몃Т???몄쿇愿묒뿭??38,,
219,怨듭씤?몃Т??寃쎄린??130,,
220,怨듭씤?몃Т??媛뺤썝??14,,
221,怨듭씤?몃Т????꾧킅??떆,19,
222,怨듭씤?몃Т??異⑹껌遺곷룄,18,
223,怨듭씤?몃Т??異⑹껌?⑤룄,17,
224,怨듭씤?몃Т???몄쥌?밸퀎?먯튂??5,,
225,怨듭씤?몃Т??愿묒＜愿묒뿭??22,,
226,怨듭씤?몃Т???꾨씪遺곷룄,20,
227,怨듭씤?몃Т???꾨씪?⑤룄,9,
228,怨듭씤?몃Т???援ш킅??떆,32,
229,怨듭씤?몃Т??寃쎌긽遺곷룄,15,
230,怨듭씤?몃Т??遺?곌킅??떆,51,
231,怨듭씤?몃Т???몄궛愿묒뿭??24,,
232,怨듭씤?몃Т??寃쎌긽?⑤룄,39,
233,怨듭씤?몃Т???쒖＜?밸퀎?먯튂??6,,
234,怨듭씤?뚭퀎???⑷퀎,"1,815",
235,怨듭씤?뚭퀎???쒖슱?밸퀎??847,,
236,怨듭씤?뚭퀎???몄쿇愿묒뿭??64,,
237,怨듭씤?뚭퀎??寃쎄린??304,,
238,怨듭씤?뚭퀎??媛뺤썝??12,,
239,怨듭씤?뚭퀎????꾧킅??떆,35,
240,怨듭씤?뚭퀎??異⑹껌遺곷룄,32,
241,怨듭씤?뚭퀎??異⑹껌?⑤룄,45,
242,怨듭씤?뚭퀎???몄쥌?밸퀎?먯튂??10,,
243,怨듭씤?뚭퀎??愿묒＜愿묒뿭??35,,
244,怨듭씤?뚭퀎???꾨씪遺곷룄,34,
245,怨듭씤?뚭퀎???꾨씪?⑤룄,24,
246,怨듭씤?뚭퀎???援ш킅??떆,89,
247,怨듭씤?뚭퀎??寃쎌긽遺곷룄,28,
248,怨듭씤?뚭퀎??遺?곌킅??떆,130,
249,怨듭씤?뚭퀎???몄궛愿묒뿭??27,,
250,怨듭씤?뚭퀎??寃쎌긽?⑤룄,72,
251,怨듭씤?뚭퀎???쒖＜?밸퀎?먯튂??27,,
252,怨쇱씪媛寃??⑷퀎,"11,615",
253,"怨쇱씪媛寃??쒖슱?밸퀎??""1","227""",
254,怨쇱씪媛寃??몄쿇愿묒뿭??411,,
255,"怨쇱씪媛寃?寃쎄린??""1","750""",
256,怨쇱씪媛寃?媛뺤썝??296,,
257,怨쇱씪媛寃???꾧킅??떆,305,
258,怨쇱씪媛寃?異⑹껌遺곷룄,646,
259,怨쇱씪媛寃?異⑹껌?⑤룄,666,
260,怨쇱씪媛寃??몄쥌?밸퀎?먯튂??89,,
261,怨쇱씪媛寃?愿묒＜愿묒뿭??284,,
262,怨쇱씪媛寃??꾨씪遺곷룄,575,
263,怨쇱씪媛寃??꾨씪?⑤룄,677,
264,怨쇱씪媛寃??援ш킅??떆,364,
265,怨쇱씪媛寃?寃쎌긽遺곷룄,"1,343",
266,怨쇱씪媛寃?遺?곌킅??떆,611,
267,怨쇱씪媛寃??몄궛愿묒뿭??160,,
268,怨쇱씪媛寃?寃쎌긽?⑤룄,"1,188",
269,"怨쇱씪媛寃??쒖＜?밸퀎?먯튂??""1","023""",
270,援먯뒿?뚣냽怨듬?諛??⑷퀎,"30,403",
271,"援먯뒿?뚣냽怨듬?諛??쒖슱?밸퀎??""6","647""",
272,"援먯뒿?뚣냽怨듬?諛??몄쿇愿묒뿭??""1","588""",
273,"援먯뒿?뚣냽怨듬?諛?寃쎄린??""7","235""",
274,援먯뒿?뚣냽怨듬?諛?媛뺤썝??852,,
275,援먯뒿?뚣냽怨듬?諛???꾧킅??떆,"1,223",
276,援먯뒿?뚣냽怨듬?諛?異⑹껌遺곷룄,704,
277,援먯뒿?뚣냽怨듬?諛?異⑹껌?⑤룄,"1,043",
278,援먯뒿?뚣냽怨듬?諛??몄쥌?밸퀎?먯튂??193,,
279,援먯뒿?뚣냽怨듬?諛?愿묒＜愿묒뿭??656,,
280,援먯뒿?뚣냽怨듬?諛??꾨씪遺곷룄,650,
281,援먯뒿?뚣냽怨듬?諛??꾨씪?⑤룄,607,
282,援먯뒿?뚣냽怨듬?諛??援ш킅??떆,"2,336",
283,援먯뒿?뚣냽怨듬?諛?寃쎌긽遺곷룄,"1,581",
284,援먯뒿?뚣냽怨듬?諛?遺?곌킅??떆,"2,215",
285,援먯뒿?뚣냽怨듬?諛??몄궛愿묒뿭??599,,
286,援먯뒿?뚣냽怨듬?諛?寃쎌긽?⑤룄,"1,817",
287,援먯뒿?뚣냽怨듬?諛??쒖＜?밸퀎?먯튂??457,,
288,援먯뒿?숈썝,?⑷퀎,"55,710"
289,援먯뒿?숈썝,"?쒖슱?밸퀎??""10","367"""
290,援먯뒿?숈썝,"?몄쿇愿묒뿭??""2","464"""
291,援먯뒿?숈썝,"寃쎄린??""14","592"""
292,援먯뒿?숈썝,"媛뺤썝??""1","464"""
293,援먯뒿?숈썝,??꾧킅??떆,"1,304"
294,援먯뒿?숈썝,異⑹껌遺곷룄,"1,479"
295,援먯뒿?숈썝,異⑹껌?⑤룄,"1,837"
296,援먯뒿?숈썝,?몄쥌?밸퀎?먯튂??371,
297,援먯뒿?숈썝,"愿묒＜愿묒뿭??""2","410"""
298,援먯뒿?숈썝,?꾨씪遺곷룄,"2,426"
299,援먯뒿?숈썝,?꾨씪?⑤룄,"1,803"
300,援먯뒿?숈썝,?援ш킅??떆,"2,610"
301,援먯뒿?숈썝,寃쎌긽遺곷룄,"2,643"
302,援먯뒿?숈썝,遺?곌킅??떆,"3,505"
303,援먯뒿?숈썝,"?몄궛愿묒뿭??""1","722"""
304,援먯뒿?숈썝,寃쎌긽?⑤룄,"4,021"
305,援먯뒿?숈썝,?쒖＜?밸퀎?먯튂??692,
306,援щ궡?앸떦,?⑷퀎,"23,279"
307,援щ궡?앸떦,"?쒖슱?밸퀎??""4","362"""
308,援щ궡?앸떦,"?몄쿇愿묒뿭??""1","459"""
309,援щ궡?앸떦,"寃쎄린??""5","667"""
310,援щ궡?앸떦,媛뺤썝??647,
311,援щ궡?앸떦,??꾧킅??떆,738
312,援щ궡?앸떦,異⑹껌遺곷룄,794
313,援щ궡?앸떦,異⑹껌?⑤룄,"1,091"
314,援щ궡?앸떦,?몄쥌?밸퀎?먯튂??83,
315,援щ궡?앸떦,愿묒＜愿묒뿭??415,
316,援щ궡?앸떦,?꾨씪遺곷룄,844
317,援щ궡?앸떦,?꾨씪?⑤룄,696
318,援щ궡?앸떦,?援ш킅??떆,949
319,援щ궡?앸떦,寃쎌긽遺곷룄,"1,397"
320,援щ궡?앸떦,遺?곌킅??떆,"1,538"
321,援щ궡?앸떦,?몄궛愿묒뿭??462,
322,援щ궡?앸떦,寃쎌긽?⑤룄,"1,966"
323,援щ궡?앸떦,?쒖＜?밸퀎?먯튂??171,
324,湲곗닠諛륁쭅?낇썕?⑦븰???⑷퀎,"12,320",
325,"湲곗닠諛륁쭅?낇썕?⑦븰???쒖슱?밸퀎??""2","795""",
326,湲곗닠諛륁쭅?낇썕?⑦븰???몄쿇愿묒뿭??486,,
327,"湲곗닠諛륁쭅?낇썕?⑦븰??寃쎄린??""2","736""",
328,湲곗닠諛륁쭅?낇썕?⑦븰??媛뺤썝??356,,
329,湲곗닠諛륁쭅?낇썕?⑦븰????꾧킅??떆,427,
330,湲곗닠諛륁쭅?낇썕?⑦븰??異⑹껌遺곷룄,337,
331,湲곗닠諛륁쭅?낇썕?⑦븰??異⑹껌?⑤룄,454,
332,湲곗닠諛륁쭅?낇썕?⑦븰???몄쥌?밸퀎?먯튂??84,,
333,湲곗닠諛륁쭅?낇썕?⑦븰??愿묒＜愿묒뿭??472,,
334,湲곗닠諛륁쭅?낇썕?⑦븰???꾨씪遺곷룄,454,
335,湲곗닠諛륁쭅?낇썕?⑦븰???꾨씪?⑤룄,395,
336,湲곗닠諛륁쭅?낇썕?⑦븰???援ш킅??떆,702,
337,湲곗닠諛륁쭅?낇썕?⑦븰??寃쎌긽遺곷룄,505,
338,湲곗닠諛륁쭅?낇썕?⑦븰??遺?곌킅??떆,880,
339,湲곗닠諛륁쭅?낇썕?⑦븰???몄궛愿묒뿭??298,,
340,湲곗닠諛륁쭅?낇썕?⑦븰??寃쎌긽?⑤룄,748,
341,湲곗닠諛륁쭅?낇썕?⑦븰???쒖＜?밸퀎?먯튂??191,,
342,湲곗닠???⑷퀎,"1,001",
343,湲곗닠???쒖슱?밸퀎??276,,
344,湲곗닠???몄쿇愿묒뿭??26,,
345,湲곗닠??寃쎄린??224,,
346,湲곗닠??媛뺤썝??33,,
347,湲곗닠????꾧킅??떆,26,
348,湲곗닠??異⑹껌遺곷룄,35,
349,湲곗닠??異⑹껌?⑤룄,27,
350,湲곗닠???몄쥌?밸퀎?먯튂??3,,
351,湲곗닠??愿묒＜愿묒뿭??33,,
352,湲곗닠???꾨씪遺곷룄,34,
353,湲곗닠???꾨씪?⑤룄,38,
354,湲곗닠???援ш킅??떆,32,
355,湲곗닠??寃쎌긽遺곷룄,38,
356,湲곗닠??遺?곌킅??떆,60,
357,湲곗닠???몄궛愿묒뿭??18,,
358,湲곗닠??寃쎌긽?⑤룄,82,
359,湲곗닠???쒖＜?밸퀎?먯튂??16,,
360,湲고? ?쇰컲?섏썝,?⑷퀎,"3,175"
361,湲고? ?쇰컲?섏썝,?쒖슱?밸퀎??864,
362,湲고? ?쇰컲?섏썝,?몄쿇愿묒뿭??145,
363,湲고? ?쇰컲?섏썝,寃쎄린??622,
364,湲고? ?쇰컲?섏썝,媛뺤썝??66,
365,湲고? ?쇰컲?섏썝,??꾧킅??떆,138
366,湲고? ?쇰컲?섏썝,異⑹껌遺곷룄,94
367,湲고? ?쇰컲?섏썝,異⑹껌?⑤룄,99
368,湲고? ?쇰컲?섏썝,?몄쥌?밸퀎?먯튂??18,
369,湲고? ?쇰컲?섏썝,愿묒＜愿묒뿭??123,
370,湲고? ?쇰컲?섏썝,?꾨씪遺곷룄,171
371,湲고? ?쇰컲?섏썝,?꾨씪?⑤룄,106
372,湲고? ?쇰컲?섏썝,?援ш킅??떆,153
373,湲고? ?쇰컲?섏썝,寃쎌긽遺곷룄,106
374,湲고? ?쇰컲?섏썝,遺?곌킅??떆,221
375,湲고? ?쇰컲?섏썝,?몄궛愿묒뿭??51,
376,湲고? ?쇰컲?섏썝,寃쎌긽?⑤룄,143
377,湲고? ?쇰컲?섏썝,?쒖＜?밸퀎?먯튂??55,
378,湲고??멸뎅?앹쟾臾몄젏,?⑷퀎,"22,738"
379,湲고??멸뎅?앹쟾臾몄젏,"?쒖슱?밸퀎??""6","994"""
380,湲고??멸뎅?앹쟾臾몄젏,?몄쿇愿묒뿭??740,
381,湲고??멸뎅?앹쟾臾몄젏,"寃쎄린??""4","534"""
382,湲고??멸뎅?앹쟾臾몄젏,媛뺤썝??757,
383,湲고??멸뎅?앹쟾臾몄젏,??꾧킅??떆,578
384,湲고??멸뎅?앹쟾臾몄젏,異⑹껌遺곷룄,452
385,湲고??멸뎅?앹쟾臾몄젏,異⑹껌?⑤룄,677
386,湲고??멸뎅?앹쟾臾몄젏,?몄쥌?밸퀎?먯튂??150,
387,湲고??멸뎅?앹쟾臾몄젏,愿묒＜愿묒뿭??358,
388,湲고??멸뎅?앹쟾臾몄젏,?꾨씪遺곷룄,721
389,湲고??멸뎅?앹쟾臾몄젏,?꾨씪?⑤룄,394
390,湲고??멸뎅?앹쟾臾몄젏,?援ш킅??떆,"1,196"
391,湲고??멸뎅?앹쟾臾몄젏,寃쎌긽遺곷룄,699
392,湲고??멸뎅?앹쟾臾몄젏,遺?곌킅??떆,"1,831"
393,湲고??멸뎅?앹쟾臾몄젏,?몄궛愿묒뿭??731,
394,湲고??멸뎅?앹쟾臾몄젏,寃쎌긽?⑤룄,"1,191"
395,湲고??멸뎅?앹쟾臾몄젏,?쒖＜?밸퀎?먯튂??735,
396,湲고??뚯떇???⑷퀎,"24,291",
397,"湲고??뚯떇???쒖슱?밸퀎??""4","826""",
398,"湲고??뚯떇???몄쿇愿묒뿭??""1","041""",
399,"湲고??뚯떇??寃쎄린??""5","594""",
400,"湲고??뚯떇??媛뺤썝??""1","024""",
401,湲고??뚯떇????꾧킅??떆,586,
402,湲고??뚯떇??異⑹껌遺곷룄,697,
403,湲고??뚯떇??異⑹껌?⑤룄,"1,043",
404,湲고??뚯떇???몄쥌?밸퀎?먯튂??99,,
405,"湲고??뚯떇??愿묒＜愿묒뿭??""1","049""",
406,湲고??뚯떇???꾨씪遺곷룄,706,
407,湲고??뚯떇???꾨씪?⑤룄,857,
408,湲고??뚯떇???援ш킅??떆,"1,273",
409,湲고??뚯떇??寃쎌긽遺곷룄,"1,158",
410,湲고??뚯떇??遺?곌킅??떆,"1,649",
411,湲고??뚯떇???몄궛愿묒뿭??488,,
412,湲고??뚯떇??寃쎌긽?⑤룄,"1,808",
413,湲고??뚯떇???쒖＜?밸퀎?먯튂??393,,
414,苑껉?寃??⑷퀎,"21,192",
415,"苑껉?寃??쒖슱?밸퀎??""4","183""",
416,苑껉?寃??몄쿇愿묒뿭??893,,
417,"苑껉?寃?寃쎄린??""4","838""",
418,苑껉?寃?媛뺤썝??611,,
419,苑껉?寃???꾧킅??떆,659,
420,苑껉?寃?異⑹껌遺곷룄,765,
421,苑껉?寃?異⑹껌?⑤룄,918,
422,苑껉?寃??몄쥌?밸퀎?먯튂??91,,
423,苑껉?寃?愿묒＜愿묒뿭??733,,
424,苑껉?寃??꾨씪遺곷룄,880,
425,苑껉?寃??꾨씪?⑤룄,902,
426,苑껉?寃??援ш킅??떆,"1,040",
427,苑껉?寃?寃쎌긽遺곷룄,"1,188",
428,苑껉?寃?遺?곌킅??떆,"1,214",
429,苑껉?寃??몄궛愿묒뿭??475,,
430,苑껉?寃?寃쎌긽?⑤룄,"1,511",
431,苑껉?寃??쒖＜?밸퀎?먯튂??291,,
432,?닿낵?띿냼?꾧낵 ?섏썝,?⑷퀎,"11,297"
433,?닿낵?띿냼?꾧낵 ?섏썝,"?쒖슱?밸퀎??""2","453"""
434,?닿낵?띿냼?꾧낵 ?섏썝,?몄쿇愿묒뿭??594,
435,?닿낵?띿냼?꾧낵 ?섏썝,"寃쎄린??""2","548"""
436,?닿낵?띿냼?꾧낵 ?섏썝,媛뺤썝??324,
437,?닿낵?띿냼?꾧낵 ?섏썝,??꾧킅??떆,384
438,?닿낵?띿냼?꾧낵 ?섏썝,異⑹껌遺곷룄,312
439,?닿낵?띿냼?꾧낵 ?섏썝,異⑹껌?⑤룄,441
440,?닿낵?띿냼?꾧낵 ?섏썝,?몄쥌?밸퀎?먯튂??63,
441,?닿낵?띿냼?꾧낵 ?섏썝,愿묒＜愿묒뿭??330,
442,?닿낵?띿냼?꾧낵 ?섏썝,?꾨씪遺곷룄,432
443,?닿낵?띿냼?꾧낵 ?섏썝,?꾨씪?⑤룄,450
444,?닿낵?띿냼?꾧낵 ?섏썝,?援ш킅??떆,565
445,?닿낵?띿냼?꾧낵 ?섏썝,寃쎌긽遺곷룄,532
446,?닿낵?띿냼?꾧낵 ?섏썝,遺?곌킅??떆,816
447,?닿낵?띿냼?꾧낵 ?섏썝,?몄궛愿묒뿭??227,
448,?닿낵?띿냼?꾧낵 ?섏썝,寃쎌긽?⑤룄,676
449,?닿낵?띿냼?꾧낵 ?섏썝,?쒖＜?밸퀎?먯튂??150,
450,?몃옒諛??⑷퀎,"31,179",
451,"?몃옒諛??쒖슱?밸퀎??""5","931""",
452,"?몃옒諛??몄쿇愿묒뿭??""2","361""",
453,"?몃옒諛?寃쎄린??""7","373""",
454,?몃옒諛?媛뺤썝??866,,
455,?몃옒諛???꾧킅??떆,"1,341",
456,?몃옒諛?異⑹껌遺곷룄,"1,146",
457,?몃옒諛?異⑹껌?⑤룄,"1,229",
458,?몃옒諛??몄쥌?밸퀎?먯튂??142,,
459,"?몃옒諛?愿묒＜愿묒뿭??""1","102""",
460,?몃옒諛??꾨씪遺곷룄,849,
461,?몃옒諛??꾨씪?⑤룄,767,
462,?몃옒諛??援ш킅??떆,"1,788",
463,?몃옒諛?寃쎌긽遺곷룄,"1,644",
464,?몃옒諛?遺?곌킅??떆,"1,858",
465,?몃옒諛??몄궛愿묒뿭??792,,
466,?몃옒諛?寃쎌긽?⑤룄,"1,697",
467,?몃옒諛??쒖＜?밸퀎?먯튂??293,,
468,?대같媛寃??⑷퀎,"13,386",
469,"?대같媛寃??쒖슱?밸퀎??""2","399""",
470,?대같媛寃??몄쿇愿묒뿭??370,,
471,"?대같媛寃?寃쎄린??""1","638""",
472,?대같媛寃?媛뺤썝??612,,
473,?대같媛寃???꾧킅??떆,309,
474,?대같媛寃?異⑹껌遺곷룄,552,
475,?대같媛寃?異⑹껌?⑤룄,614,
476,?대같媛寃??몄쥌?밸퀎?먯튂??40,,
477,?대같媛寃?愿묒＜愿묒뿭??325,,
478,?대같媛寃??꾨씪遺곷룄,657,
479,?대같媛寃??꾨씪?⑤룄,"1,045",
480,?대같媛寃??援ш킅??떆,566,
481,?대같媛寃?寃쎌긽遺곷룄,"1,419",
482,?대같媛寃?遺?곌킅??떆,"1,253",
483,?대같媛寃??몄궛愿묒뿭??247,,
484,?대같媛寃?寃쎌긽?⑤룄,"1,155",
485,?대같媛寃??쒖＜?밸퀎?먯튂??185,,
486,?밴뎄???⑷퀎,"18,530",
487,"?밴뎄???쒖슱?밸퀎??""3","323""",
488,"?밴뎄???몄쿇愿묒뿭??""1","171""",
489,"?밴뎄??寃쎄린??""4","688""",
490,?밴뎄??媛뺤썝??800,,
491,?밴뎄????꾧킅??떆,541,
492,?밴뎄??異⑹껌遺곷룄,694,
493,?밴뎄??異⑹껌?⑤룄,847,
494,?밴뎄???몄쥌?밸퀎?먯튂??93,,
495,?밴뎄??愿묒＜愿묒뿭??479,,
496,?밴뎄???꾨씪遺곷룄,612,
497,?밴뎄???꾨씪?⑤룄,701,
498,?밴뎄???援ш킅??떆,657,
499,?밴뎄??寃쎌긽遺곷룄,939,
500,?밴뎄??遺?곌킅??떆,"1,010",
501,?밴뎄???몄궛愿묒뿭??519,,
502,?밴뎄??寃쎌긽?⑤룄,"1,140",
503,?밴뎄???쒖＜?밸퀎?먯튂??316,,
504,?낆꽌???⑷퀎,"9,884",
505,"?낆꽌???쒖슱?밸퀎??""3","577""",
506,?낆꽌???몄쿇愿묒뿭??440,,
507,"?낆꽌??寃쎄린??""2","462""",
508,?낆꽌??媛뺤썝??153,,
509,?낆꽌????꾧킅??떆,236,
510,?낆꽌??異⑹껌遺곷룄,188,
511,?낆꽌??異⑹껌?⑤룄,229,
512,?낆꽌???몄쥌?밸퀎?먯튂??25,,
513,?낆꽌??愿묒＜愿묒뿭??370,,
514,?낆꽌???꾨씪遺곷룄,268,
515,?낆꽌???꾨씪?⑤룄,159,
516,?낆꽌???援ш킅??떆,395,
517,?낆꽌??寃쎌긽遺곷룄,222,
518,?낆꽌??遺?곌킅??떆,444,
519,?낆꽌???몄궛愿묒뿭??236,,
520,?낆꽌??寃쎌긽?⑤룄,397,
521,?낆꽌???쒖＜?밸퀎?먯튂??83,,
522,?숇Ъ蹂묒썝,?⑷퀎,"4,018"
523,?숇Ъ蹂묒썝,?쒖슱?밸퀎??817,
524,?숇Ъ蹂묒썝,?몄쿇愿묒뿭??188,
525,?숇Ъ蹂묒썝,"寃쎄린??""1","029"""
526,?숇Ъ蹂묒썝,媛뺤썝??95,
527,?숇Ъ蹂묒썝,??꾧킅??떆,101
528,?숇Ъ蹂묒썝,異⑹껌遺곷룄,104
529,?숇Ъ蹂묒썝,異⑹껌?⑤룄,177
530,?숇Ъ蹂묒썝,?몄쥌?밸퀎?먯튂??21,
531,?숇Ъ蹂묒썝,愿묒＜愿묒뿭??99,
532,?숇Ъ蹂묒썝,?꾨씪遺곷룄,159
533,?숇Ъ蹂묒썝,?꾨씪?⑤룄,154
534,?숇Ъ蹂묒썝,?援ш킅??떆,165
535,?숇Ъ蹂묒썝,寃쎌긽遺곷룄,262
536,?숇Ъ蹂묒썝,遺?곌킅??떆,233
537,?숇Ъ蹂묒썝,?몄궛愿묒뿭??73,
538,?숇Ъ蹂묒썝,寃쎌긽?⑤룄,266
539,?숇Ъ蹂묒썝,?쒖＜?밸퀎?먯튂??75,
540,紐⑹슃???⑷퀎,"5,606",
541,紐⑹슃???쒖슱?밸퀎??758,,
542,紐⑹슃???몄쿇愿묒뿭??212,,
543,紐⑹슃??寃쎄린??763,,
544,紐⑹슃??媛뺤썝??183,,
545,紐⑹슃????꾧킅??떆,100,
546,紐⑹슃??異⑹껌遺곷룄,143,
547,紐⑹슃??異⑹껌?⑤룄,197,
548,紐⑹슃???몄쥌?밸퀎?먯튂??12,,
549,紐⑹슃??愿묒＜愿묒뿭??187,,
550,紐⑹슃???꾨씪遺곷룄,209,
551,紐⑹슃???꾨씪?⑤룄,300,
552,紐⑹슃???援ш킅??떆,283,
553,紐⑹슃??寃쎌긽遺곷룄,419,
554,紐⑹슃??遺?곌킅??떆,764,
555,紐⑹슃???몄궛愿묒뿭??180,,
556,紐⑹슃??寃쎌긽?⑤룄,783,
557,紐⑹슃???쒖＜?밸퀎?먯튂??113,,
558,臾멸뎄???⑷퀎,"9,284",
559,"臾멸뎄???쒖슱?밸퀎??""1","597""",
560,臾멸뎄???몄쿇愿묒뿭??476,,
561,"臾멸뎄??寃쎄린??""2","131""",
562,臾멸뎄??媛뺤썝??387,,
563,臾멸뎄????꾧킅??떆,312,
564,臾멸뎄??異⑹껌遺곷룄,336,
565,臾멸뎄??異⑹껌?⑤룄,429,
566,臾멸뎄???몄쥌?밸퀎?먯튂??75,,
567,臾멸뎄??愿묒＜愿묒뿭??290,,
568,臾멸뎄???꾨씪遺곷룄,434,
569,臾멸뎄???꾨씪?⑤룄,426,
570,臾멸뎄???援ш킅??떆,352,
571,臾멸뎄??寃쎌긽遺곷룄,539,
572,臾멸뎄??遺?곌킅??떆,514,
573,臾멸뎄???몄궛愿묒뿭??195,,
574,臾멸뎄??寃쎌긽?⑤룄,642,
575,臾멸뎄???쒖＜?밸퀎?먯튂??149,,
576,誘몄슜???⑷퀎,"98,822",
577,"誘몄슜???쒖슱?밸퀎??""17","774""",
578,"誘몄슜???몄쿇愿묒뿭??""5","310""",
579,"誘몄슜??寃쎄린??""22","149""",
580,"誘몄슜??媛뺤썝??""3","473""",
581,誘몄슜????꾧킅??떆,"3,220",
582,誘몄슜??異⑹껌遺곷룄,"3,355",
583,誘몄슜??異⑹껌?⑤룄,"4,078",
584,誘몄슜???몄쥌?밸퀎?먯튂??365,,
585,"誘몄슜??愿묒＜愿묒뿭??""3","111""",
586,誘몄슜???꾨씪遺곷룄,"3,724",
587,誘몄슜???꾨씪?⑤룄,"3,397",
588,誘몄슜???援ш킅??떆,"5,252",
589,誘몄슜??寃쎌긽遺곷룄,"5,685",
590,誘몄슜??遺?곌킅??떆,"7,307",
591,"誘몄슜???몄궛愿묒뿭??""2","543""",
592,誘몄슜??寃쎌긽?⑤룄,"6,764",
593,"誘몄슜???쒖＜?밸퀎?먯튂??""1","315""",
594,踰뺣Т???⑷퀎,"6,396",
595,"踰뺣Т???쒖슱?밸퀎??""1","921""",
596,踰뺣Т???몄쿇愿묒뿭??282,,
597,"踰뺣Т??寃쎄린??""1","201""",
598,踰뺣Т??媛뺤썝??191,,
599,踰뺣Т????꾧킅??떆,156,
600,踰뺣Т??異⑹껌遺곷룄,164,
601,踰뺣Т??異⑹껌?⑤룄,214,
602,踰뺣Т???몄쥌?밸퀎?먯튂??19,,
603,踰뺣Т??愿묒＜愿묒뿭??222,,
604,踰뺣Т???꾨씪遺곷룄,230,
605,踰뺣Т???꾨씪?⑤룄,207,
606,踰뺣Т???援ш킅??떆,291,
607,踰뺣Т??寃쎌긽遺곷룄,258,
608,踰뺣Т??遺?곌킅??떆,460,
609,踰뺣Т???몄궛愿묒뿭??112,,
610,踰뺣Т??寃쎌긽?⑤룄,384,
611,踰뺣Т???쒖＜?밸퀎?먯튂??84,,
612,蹂由ъ궗,?⑷퀎,981
613,蹂由ъ궗,?쒖슱?밸퀎??691,
614,蹂由ъ궗,?몄쿇愿묒뿭??16,
615,蹂由ъ궗,寃쎄린??86,
616,蹂由ъ궗,媛뺤썝??*,
617,蹂由ъ궗,??꾧킅??떆,90
618,蹂由ъ궗,異⑹껌遺곷룄,4
619,蹂由ъ궗,異⑹껌?⑤룄,5
620,蹂由ъ궗,?몄쥌?밸퀎?먯튂??0,
621,蹂由ъ궗,愿묒＜愿묒뿭??11,
622,蹂由ъ궗,?꾨씪遺곷룄,6
623,蹂由ъ궗,?꾨씪?⑤룄,*
624,蹂由ъ궗,?援ш킅??떆,23
625,蹂由ъ궗,寃쎌긽遺곷룄,3
626,蹂由ъ궗,遺?곌킅??떆,29
627,蹂由ъ궗,?몄궛愿묒뿭??4,
628,蹂由ъ궗,寃쎌긽?⑤룄,9
629,蹂由ъ궗,?쒖＜?밸퀎?먯튂??*,
630,蹂?몄궗,?⑷퀎,"7,057"
631,蹂?몄궗,"?쒖슱?밸퀎??""3","637"""
632,蹂?몄궗,?몄쿇愿묒뿭??241,
633,蹂?몄궗,寃쎄린??918,
634,蹂?몄궗,媛뺤썝??110,
635,蹂?몄궗,??꾧킅??떆,215
636,蹂?몄궗,異⑹껌遺곷룄,103
637,蹂?몄궗,異⑹껌?⑤룄,130
638,蹂?몄궗,?몄쥌?밸퀎?먯튂??17,
639,蹂?몄궗,愿묒＜愿묒뿭??210,
640,蹂?몄궗,?꾨씪遺곷룄,179
641,蹂?몄궗,?꾨씪?⑤룄,90
642,蹂?몄궗,?援ш킅??떆,264
643,蹂?몄궗,寃쎌긽遺곷룄,116
644,蹂?몄궗,遺?곌킅??떆,413
645,蹂?몄궗,?몄궛愿묒뿭??118,
646,蹂?몄궗,寃쎌긽?⑤룄,218
647,蹂?몄궗,?쒖＜?밸퀎?먯튂??78,
648,遺?숈궛以묎컻???⑷퀎,"122,294",
649,"遺?숈궛以묎컻???쒖슱?밸퀎??""30","103""",
650,"遺?숈궛以묎컻???몄쿇愿묒뿭??""6","562""",
651,"遺?숈궛以묎컻??寃쎄린??""33","675""",
652,"遺?숈궛以묎컻??媛뺤썝??""2","557""",
653,遺?숈궛以묎컻????꾧킅??떆,"3,169",
654,遺?숈궛以묎컻??異⑹껌遺곷룄,"2,873",
655,遺?숈궛以묎컻??異⑹껌?⑤룄,"4,105",
656,"遺?숈궛以묎컻???몄쥌?밸퀎?먯튂??""1","281""",
657,"遺?숈궛以묎컻??愿묒＜愿묒뿭??""3","889""",
658,遺?숈궛以묎컻???꾨씪遺곷룄,"3,156",
659,遺?숈궛以묎컻???꾨씪?⑤룄,"2,136",
660,遺?숈궛以묎컻???援ш킅??떆,"5,525",
661,遺?숈궛以묎컻??寃쎌긽遺곷룄,"4,192",
662,遺?숈궛以묎컻??遺?곌킅??떆,"7,895",
663,"遺?숈궛以묎컻???몄궛愿묒뿭??""2","313""",
664,遺?숈궛以묎컻??寃쎌긽?⑤룄,"6,975",
665,"遺?숈궛以묎컻???쒖＜?밸퀎?먯튂??""1","888""",
666,遺꾩떇???⑷퀎,"54,046",
667,"遺꾩떇???쒖슱?밸퀎??""11","083""",
668,"遺꾩떇???몄쿇愿묒뿭??""2","550""",
669,"遺꾩떇??寃쎄린??""12","695""",
670,"遺꾩떇??媛뺤썝??""1","575""",
671,遺꾩떇????꾧킅??떆,"2,032",
672,遺꾩떇??異⑹껌遺곷룄,"2,227",
673,遺꾩떇??異⑹껌?⑤룄,"2,306",
674,遺꾩떇???몄쥌?밸퀎?먯튂??195,,
675,"遺꾩떇??愿묒＜愿묒뿭??""1","697""",
676,遺꾩떇???꾨씪遺곷룄,"1,923",
677,遺꾩떇???꾨씪?⑤룄,"1,399",
678,遺꾩떇???援ш킅??떆,"2,310",
679,遺꾩떇??寃쎌긽遺곷룄,"2,454",
680,遺꾩떇??遺?곌킅??떆,"4,097",
681,遺꾩떇???몄궛愿묒뿭??735,,
682,遺꾩떇??寃쎌긽?⑤룄,"3,992",
683,遺꾩떇???쒖＜?밸퀎?먯튂??776,,
684,?ъ쭊珥ъ쁺???⑷퀎,"13,454",
685,"?ъ쭊珥ъ쁺???쒖슱?밸퀎??""4","460""",
686,?ъ쭊珥ъ쁺???몄쿇愿묒뿭??610,,
687,"?ъ쭊珥ъ쁺??寃쎄린??""2","739""",
688,?ъ쭊珥ъ쁺??媛뺤썝??388,,
689,?ъ쭊珥ъ쁺????꾧킅??떆,383,
690,?ъ쭊珥ъ쁺??異⑹껌遺곷룄,301,
691,?ъ쭊珥ъ쁺??異⑹껌?⑤룄,374,
692,?ъ쭊珥ъ쁺???몄쥌?밸퀎?먯튂??51,,
693,?ъ쭊珥ъ쁺??愿묒＜愿묒뿭??385,,
694,?ъ쭊珥ъ쁺???꾨씪遺곷룄,416,
695,?ъ쭊珥ъ쁺???꾨씪?⑤룄,317,
696,?ъ쭊珥ъ쁺???援ш킅??떆,618,
697,?ъ쭊珥ъ쁺??寃쎌긽遺곷룄,500,
698,?ъ쭊珥ъ쁺??遺?곌킅??떆,793,
699,?ъ쭊珥ъ쁺???몄궛愿묒뿭??222,,
700,?ъ쭊珥ъ쁺??寃쎌긽?⑤룄,588,
701,?ъ쭊珥ъ쁺???쒖＜?밸퀎?먯튂??309,,
702,?곕??멸낵 ?섏썝,?⑷퀎,"1,662"
703,?곕??멸낵 ?섏썝,?쒖슱?밸퀎??502,
704,?곕??멸낵 ?섏썝,?몄쿇愿묒뿭??77,
705,?곕??멸낵 ?섏썝,寃쎄린??328,
706,?곕??멸낵 ?섏썝,媛뺤썝??36,
707,?곕??멸낵 ?섏썝,??꾧킅??떆,61
708,?곕??멸낵 ?섏썝,異⑹껌遺곷룄,49
709,?곕??멸낵 ?섏썝,異⑹껌?⑤룄,48
710,?곕??멸낵 ?섏썝,?몄쥌?밸퀎?먯튂??8,
711,?곕??멸낵 ?섏썝,愿묒＜愿묒뿭??52,
712,?곕??멸낵 ?섏썝,?꾨씪遺곷룄,57
713,?곕??멸낵 ?섏썝,?꾨씪?⑤룄,25
714,?곕??멸낵 ?섏썝,?援ш킅??떆,103
715,?곕??멸낵 ?섏썝,寃쎌긽遺곷룄,68
716,?곕??멸낵 ?섏썝,遺?곌킅??떆,102
717,?곕??멸낵 ?섏썝,?몄궛愿묒뿭??41,
718,?곕??멸낵 ?섏썝,寃쎌긽?⑤룄,83
719,?곕??멸낵 ?섏썝,?쒖＜?밸퀎?먯튂??22,
720,?앹꽑媛寃??⑷퀎,"11,006",
721,"?앹꽑媛寃??쒖슱?밸퀎??""1","497""",
722,?앹꽑媛寃??몄쿇愿묒뿭??717,,
723,"?앹꽑媛寃?寃쎄린??""1","158""",
724,?앹꽑媛寃?媛뺤썝??419,,
725,?앹꽑媛寃???꾧킅??떆,158,
726,?앹꽑媛寃?異⑹껌遺곷룄,145,
727,?앹꽑媛寃?異⑹껌?⑤룄,717,
728,?앹꽑媛寃??몄쥌?밸퀎?먯튂??17,,
729,?앹꽑媛寃?愿묒＜愿묒뿭??318,,
730,?앹꽑媛寃??꾨씪遺곷룄,589,
731,?앹꽑媛寃??꾨씪?⑤룄,"1,515",
732,?앹꽑媛寃??援ш킅??떆,209,
733,?앹꽑媛寃?寃쎌긽遺곷룄,841,
734,?앹꽑媛寃?遺?곌킅??떆,"1,054",
735,?앹꽑媛寃??몄궛愿묒뿭??390,,
736,?앹꽑媛寃?寃쎌긽?⑤룄,848,
737,?앹꽑媛寃??쒖＜?밸퀎?먯튂??414,,
738,?쒖젏,?⑷퀎,"8,198"
739,?쒖젏,"?쒖슱?밸퀎??""1","612"""
740,?쒖젏,?몄쿇愿묒뿭??367,
741,?쒖젏,"寃쎄린??""1","850"""
742,?쒖젏,媛뺤썝??239,
743,?쒖젏,??꾧킅??떆,343
744,?쒖젏,異⑹껌遺곷룄,246
745,?쒖젏,異⑹껌?⑤룄,346
746,?쒖젏,?몄쥌?밸퀎?먯튂??59,
747,?쒖젏,愿묒＜愿묒뿭??266,
748,?쒖젏,?꾨씪遺곷룄,342
749,?쒖젏,?꾨씪?⑤룄,245
750,?쒖젏,?援ш킅??떆,516
751,?쒖젏,寃쎌긽遺곷룄,374
752,?쒖젏,遺?곌킅??떆,574
753,?쒖젏,?몄궛愿묒뿭??189,
754,?쒖젏,寃쎌긽?⑤룄,494
755,?쒖젏,?쒖＜?밸퀎?먯튂??136,
756,?깊삎?멸낵 ?섏썝,?⑷퀎,"1,440"
757,?깊삎?멸낵 ?섏썝,?쒖슱?밸퀎??697,
758,?깊삎?멸낵 ?섏썝,?몄쿇愿묒뿭??45,
759,?깊삎?멸낵 ?섏썝,寃쎄린??189,
760,?깊삎?멸낵 ?섏썝,媛뺤썝??17,
761,?깊삎?멸낵 ?섏썝,??꾧킅??떆,43
762,?깊삎?멸낵 ?섏썝,異⑹껌遺곷룄,23
763,?깊삎?멸낵 ?섏썝,異⑹껌?⑤룄,28
764,?깊삎?멸낵 ?섏썝,?몄쥌?밸퀎?먯튂??5,
765,?깊삎?멸낵 ?섏썝,愿묒＜愿묒뿭??46,
766,?깊삎?멸낵 ?섏썝,?꾨씪遺곷룄,26
767,?깊삎?멸낵 ?섏썝,?꾨씪?⑤룄,16
768,?깊삎?멸낵 ?섏썝,?援ш킅??떆,76
769,?깊삎?멸낵 ?섏썝,寃쎌긽遺곷룄,15
770,?깊삎?멸낵 ?섏썝,遺?곌킅??떆,134
771,?깊삎?멸낵 ?섏썝,?몄궛愿묒뿭??20,
772,?깊삎?멸낵 ?섏썝,寃쎌긽?⑤룄,40
773,?깊삎?멸낵 ?섏썝,?쒖＜?밸퀎?먯튂??20,
774,?몃Т???⑷퀎,"12,108",
775,"?몃Т???쒖슱?밸퀎??""4","975""",
776,?몃Т???몄쿇愿묒뿭??506,,
777,"?몃Т??寃쎄린??""2","650""",
778,?몃Т??媛뺤썝??169,,
779,?몃Т????꾧킅??떆,273,
780,?몃Т??異⑹껌遺곷룄,165,
781,?몃Т??異⑹껌?⑤룄,257,
782,?몃Т???몄쥌?밸퀎?먯튂??40,,
783,?몃Т??愿묒＜愿묒뿭??303,,
784,?몃Т???꾨씪遺곷룄,265,
785,?몃Т???꾨씪?⑤룄,130,
786,?몃Т???援ш킅??떆,540,
787,?몃Т??寃쎌긽遺곷룄,229,
788,?몃Т??遺?곌킅??떆,931,
789,?몃Т???몄궛愿묒뿭??160,,
790,?몃Т??寃쎌긽?⑤룄,413,
791,?몃Т???쒖＜?밸퀎?먯튂??102,,
792,?명긽???⑷퀎,"22,742",
793,"?명긽???쒖슱?밸퀎??""4","477""",
794,"?명긽???몄쿇愿묒뿭??""1","204""",
795,"?명긽??寃쎄린??""5","186""",
796,?명긽??媛뺤썝??901,,
797,?명긽????꾧킅??떆,867,
798,?명긽??異⑹껌遺곷룄,866,
799,?명긽??異⑹껌?⑤룄,"1,084",
800,?명긽???몄쥌?밸퀎?먯튂??93,,
801,?명긽??愿묒＜愿묒뿭??827,,
802,?명긽???꾨씪遺곷룄,860,
803,?명긽???꾨씪?⑤룄,786,
804,?명긽???援ш킅??떆,815,
805,?명긽??寃쎌긽遺곷룄,"1,217",
806,?명긽??遺?곌킅??떆,"1,288",
807,?명긽???몄궛愿묒뿭??422,,
808,?명긽??寃쎌긽?⑤룄,"1,255",
809,?명긽???쒖＜?밸퀎?먯튂??594,,
810,?덊띁留덉폆,?⑷퀎,"29,965"
811,?덊띁留덉폆,"?쒖슱?밸퀎??""4","067"""
812,?덊띁留덉폆,"?몄쿇愿묒뿭??""1","901"""
813,?덊띁留덉폆,"寃쎄린??""8","038"""
814,?덊띁留덉폆,"媛뺤썝??""1","016"""
815,?덊띁留덉폆,??꾧킅??떆,683
816,?덊띁留덉폆,異⑹껌遺곷룄,957
817,?덊띁留덉폆,異⑹껌?⑤룄,"1,201"
818,?덊띁留덉폆,?몄쥌?밸퀎?먯튂??135,
819,?덊띁留덉폆,愿묒＜愿묒뿭??875,
820,?덊띁留덉폆,?꾨씪遺곷룄,"1,001"
821,?덊띁留덉폆,?꾨씪?⑤룄,"1,214"
822,?덊띁留덉폆,?援ш킅??떆,"1,766"
823,?덊띁留덉폆,寃쎌긽遺곷룄,"1,872"
824,?덊띁留덉폆,遺?곌킅??떆,"1,950"
825,?덊띁留덉폆,?몄궛愿묒뿭??901,
826,?덊띁留덉폆,寃쎌긽?⑤룄,"1,974"
827,?덊띁留덉폆,?쒖＜?밸퀎?먯튂??414,
828,?ㅽ룷痢좉탳?↔린愿,?⑷퀎,"23,362"
829,?ㅽ룷痢좉탳?↔린愿,"?쒖슱?밸퀎??""4","277"""
830,?ㅽ룷痢좉탳?↔린愿,"?몄쿇愿묒뿭??""1","273"""
831,?ㅽ룷痢좉탳?↔린愿,"寃쎄린??""5","964"""
832,?ㅽ룷痢좉탳?↔린愿,媛뺤썝??659,
833,?ㅽ룷痢좉탳?↔린愿,??꾧킅??떆,771
834,?ㅽ룷痢좉탳?↔린愿,異⑹껌遺곷룄,695
835,?ㅽ룷痢좉탳?↔린愿,異⑹껌?⑤룄,850
836,?ㅽ룷痢좉탳?↔린愿,?몄쥌?밸퀎?먯튂??167,
837,?ㅽ룷痢좉탳?↔린愿,愿묒＜愿묒뿭??866,
838,?ㅽ룷痢좉탳?↔린愿,?꾨씪遺곷룄,790
839,?ㅽ룷痢좉탳?↔린愿,?꾨씪?⑤룄,669
840,?ㅽ룷痢좉탳?↔린愿,?援ш킅??떆,"1,206"
841,?ㅽ룷痢좉탳?↔린愿,寃쎌긽遺곷룄,"1,063"
842,?ㅽ룷痢좉탳?↔린愿,遺?곌킅??떆,"1,571"
843,?ㅽ룷痢좉탳?↔린愿,?몄궛愿묒뿭??552,
844,?ㅽ룷痢좉탳?↔린愿,寃쎌긽?⑤룄,"1,632"
845,?ㅽ룷痢좉탳?↔린愿,?쒖＜?밸퀎?먯튂??357,
846,?ㅽ룷痢좎떆?ㅼ슫?곸뾽,?⑷퀎,"6,930"
847,?ㅽ룷痢좎떆?ㅼ슫?곸뾽,"?쒖슱?밸퀎??""1","920"""
848,?ㅽ룷痢좎떆?ㅼ슫?곸뾽,?몄쿇愿묒뿭??370,
849,?ㅽ룷痢좎떆?ㅼ슫?곸뾽,"寃쎄린??""1","813"""
850,?ㅽ룷痢좎떆?ㅼ슫?곸뾽,媛뺤썝??224,
851,?ㅽ룷痢좎떆?ㅼ슫?곸뾽,??꾧킅??떆,183
852,?ㅽ룷痢좎떆?ㅼ슫?곸뾽,異⑹껌遺곷룄,158
853,?ㅽ룷痢좎떆?ㅼ슫?곸뾽,異⑹껌?⑤룄,180
854,?ㅽ룷痢좎떆?ㅼ슫?곸뾽,?몄쥌?밸퀎?먯튂??34,
855,?ㅽ룷痢좎떆?ㅼ슫?곸뾽,愿묒＜愿묒뿭??202,
856,?ㅽ룷痢좎떆?ㅼ슫?곸뾽,?꾨씪遺곷룄,245
857,?ㅽ룷痢좎떆?ㅼ슫?곸뾽,?꾨씪?⑤룄,142
858,?ㅽ룷痢좎떆?ㅼ슫?곸뾽,?援ш킅??떆,242
859,?ㅽ룷痢좎떆?ㅼ슫?곸뾽,寃쎌긽遺곷룄,235
860,?ㅽ룷痢좎떆?ㅼ슫?곸뾽,遺?곌킅??떆,399
861,?ㅽ룷痢좎떆?ㅼ슫?곸뾽,?몄궛愿묒뿭??112,
862,?ㅽ룷痢좎떆?ㅼ슫?곸뾽,寃쎌긽?⑤룄,352
863,?ㅽ룷痢좎떆?ㅼ슫?곸뾽,?쒖＜?밸퀎?먯튂??119,
864,?ㅽ룷痢좎슜?덉젏,?⑷퀎,"14,982"
865,?ㅽ룷痢좎슜?덉젏,"?쒖슱?밸퀎??""1","445"""
866,?ㅽ룷痢좎슜?덉젏,?몄쿇愿묒뿭??503,
867,?ㅽ룷痢좎슜?덉젏,"寃쎄린??""3","043"""
868,?ㅽ룷痢좎슜?덉젏,媛뺤썝??834,
869,?ㅽ룷痢좎슜?덉젏,??꾧킅??떆,397
870,?ㅽ룷痢좎슜?덉젏,異⑹껌遺곷룄,647
871,?ㅽ룷痢좎슜?덉젏,異⑹껌?⑤룄,998
872,?ㅽ룷痢좎슜?덉젏,?몄쥌?밸퀎?먯튂??53,
873,?ㅽ룷痢좎슜?덉젏,愿묒＜愿묒뿭??434,
874,?ㅽ룷痢좎슜?덉젏,?꾨씪遺곷룄,901
875,?ㅽ룷痢좎슜?덉젏,?꾨씪?⑤룄,954
876,?ㅽ룷痢좎슜?덉젏,?援ш킅??떆,700
877,?ㅽ룷痢좎슜?덉젏,寃쎌긽遺곷룄,"1,236"
878,?ㅽ룷痢좎슜?덉젏,遺?곌킅??떆,720
879,?ㅽ룷痢좎슜?덉젏,?몄궛愿묒뿭??288,
880,?ㅽ룷痢좎슜?덉젏,寃쎌긽?⑤룄,"1,385"
881,?ㅽ룷痢좎슜?덉젏,?쒖＜?밸퀎?먯튂??444,
882,?쒓퀎?띻?湲덉냽???⑷퀎,"8,119",
883,"?쒓퀎?띻?湲덉냽???쒖슱?밸퀎??""1","902""",
884,?쒓퀎?띻?湲덉냽???몄쿇愿묒뿭??340,,
885,"?쒓퀎?띻?湲덉냽??寃쎄린??""1","272""",
886,?쒓퀎?띻?湲덉냽??媛뺤썝??240,,
887,?쒓퀎?띻?湲덉냽????꾧킅??떆,222,
888,?쒓퀎?띻?湲덉냽??異⑹껌遺곷룄,249,
889,?쒓퀎?띻?湲덉냽??異⑹껌?⑤룄,318,
890,?쒓퀎?띻?湲덉냽???몄쥌?밸퀎?먯튂??16,,
891,?쒓퀎?띻?湲덉냽??愿묒＜愿묒뿭??258,,
892,?쒓퀎?띻?湲덉냽???꾨씪遺곷룄,376,
893,?쒓퀎?띻?湲덉냽???꾨씪?⑤룄,282,
894,?쒓퀎?띻?湲덉냽???援ш킅??떆,547,
895,?쒓퀎?띻?湲덉냽??寃쎌긽遺곷룄,439,
896,?쒓퀎?띻?湲덉냽??遺?곌킅??떆,781,
897,?쒓퀎?띻?湲덉냽???몄궛愿묒뿭??220,,
898,?쒓퀎?띻?湲덉냽??寃쎌긽?⑤룄,561,
899,?쒓퀎?띻?湲덉냽???쒖＜?밸퀎?먯튂??96,,
900,?앸즺?덇?寃??⑷퀎,"50,004",
901,"?앸즺?덇?寃??쒖슱?밸퀎??""5","718""",
902,"?앸즺?덇?寃??몄쿇愿묒뿭??""2","140""",
903,"?앸즺?덇?寃?寃쎄린??""8","873""",
904,"?앸즺?덇?寃?媛뺤썝??""2","961""",
905,?앸즺?덇?寃???꾧킅??떆,"1,430",
906,?앸즺?덇?寃?異⑹껌遺곷룄,"2,328",
907,?앸즺?덇?寃?異⑹껌?⑤룄,"3,452",
908,?앸즺?덇?寃??몄쥌?밸퀎?먯튂??227,,
909,"?앸즺?덇?寃?愿묒＜愿묒뿭??""1","477""",
910,?앸즺?덇?寃??꾨씪遺곷룄,"3,521",
911,?앸즺?덇?寃??꾨씪?⑤룄,"3,716",
912,?앸즺?덇?寃??援ш킅??떆,"1,707",
913,?앸즺?덇?寃?寃쎌긽遺곷룄,"3,597",
914,?앸즺?덇?寃?遺?곌킅??떆,"3,219",
915,?앸즺?덇?寃??몄궛愿묒뿭??766,,
916,?앸즺?덇?寃?寃쎌긽?⑤룄,"4,032",
917,?앸즺?덇?寃??쒖＜?밸퀎?먯튂??840,,
918,?좉꼍?뺤떊怨??섏썝,?⑷퀎,"1,649"
919,?좉꼍?뺤떊怨??섏썝,?쒖슱?밸퀎??448,
920,?좉꼍?뺤떊怨??섏썝,?몄쿇愿묒뿭??68,
921,?좉꼍?뺤떊怨??섏썝,寃쎄린??361,
922,?좉꼍?뺤떊怨??섏썝,媛뺤썝??35,
923,?좉꼍?뺤떊怨??섏썝,??꾧킅??떆,71
924,?좉꼍?뺤떊怨??섏썝,異⑹껌遺곷룄,45
925,?좉꼍?뺤떊怨??섏썝,異⑹껌?⑤룄,51
926,?좉꼍?뺤떊怨??섏썝,?몄쥌?밸퀎?먯튂??10,
927,?좉꼍?뺤떊怨??섏썝,愿묒＜愿묒뿭??47,
928,?좉꼍?뺤떊怨??섏썝,?꾨씪遺곷룄,66
929,?좉꼍?뺤떊怨??섏썝,?꾨씪?⑤룄,39
930,?좉꼍?뺤떊怨??섏썝,?援ш킅??떆,103
931,?좉꼍?뺤떊怨??섏썝,寃쎌긽遺곷룄,49
932,?좉꼍?뺤떊怨??섏썝,遺?곌킅??떆,141
933,?좉꼍?뺤떊怨??섏썝,?몄궛愿묒뿭??25,
934,?좉꼍?뺤떊怨??섏썝,寃쎌긽?⑤룄,69
935,?좉꼍?뺤떊怨??섏썝,?쒖＜?밸퀎?먯튂??21,
936,?좊컻媛寃??⑷퀎,"6,784",
937,"?좊컻媛寃??쒖슱?밸퀎??""1","399""",
938,?좊컻媛寃??몄쿇愿묒뿭??361,,
939,"?좊컻媛寃?寃쎄린??""1","265""",
940,?좊컻媛寃?媛뺤썝??256,,
941,?좊컻媛寃???꾧킅??떆,195,
942,?좊컻媛寃?異⑹껌遺곷룄,244,
943,?좊컻媛寃?異⑹껌?⑤룄,295,
944,?좊컻媛寃??몄쥌?밸퀎?먯튂??23,,
945,?좊컻媛寃?愿묒＜愿묒뿭??215,,
946,?좊컻媛寃??꾨씪遺곷룄,313,
947,?좊컻媛寃??꾨씪?⑤룄,265,
948,?좊컻媛寃??援ш킅??떆,338,
949,?좊컻媛寃?寃쎌긽遺곷룄,384,
950,?좊컻媛寃?遺?곌킅??떆,566,
951,?좊컻媛寃??몄궛愿묒뿭??120,,
952,?좊컻媛寃?寃쎌긽?⑤룄,435,
953,?좊컻媛寃??쒖＜?밸퀎?먯튂??110,,
954,?ㅻ궡?ㅽ겕由곌낏?꾩젏,?⑷퀎,"4,590"
955,?ㅻ궡?ㅽ겕由곌낏?꾩젏,?쒖슱?밸퀎??645,
956,?ㅻ궡?ㅽ겕由곌낏?꾩젏,?몄쿇愿묒뿭??190,
957,?ㅻ궡?ㅽ겕由곌낏?꾩젏,"寃쎄린??""1","161"""
958,?ㅻ궡?ㅽ겕由곌낏?꾩젏,媛뺤썝??142,
959,?ㅻ궡?ㅽ겕由곌낏?꾩젏,??꾧킅??떆,144
960,?ㅻ궡?ㅽ겕由곌낏?꾩젏,異⑹껌遺곷룄,170
961,?ㅻ궡?ㅽ겕由곌낏?꾩젏,異⑹껌?⑤룄,202
962,?ㅻ궡?ㅽ겕由곌낏?꾩젏,?몄쥌?밸퀎?먯튂??25,
963,?ㅻ궡?ㅽ겕由곌낏?꾩젏,愿묒＜愿묒뿭??111,
964,?ㅻ궡?ㅽ겕由곌낏?꾩젏,?꾨씪遺곷룄,176
965,?ㅻ궡?ㅽ겕由곌낏?꾩젏,?꾨씪?⑤룄,155
966,?ㅻ궡?ㅽ겕由곌낏?꾩젏,?援ш킅??떆,273
967,?ㅻ궡?ㅽ겕由곌낏?꾩젏,寃쎌긽遺곷룄,267
968,?ㅻ궡?ㅽ겕由곌낏?꾩젏,遺?곌킅??떆,298
969,?ㅻ궡?ㅽ겕由곌낏?꾩젏,?몄궛愿묒뿭??166,
970,?ㅻ궡?ㅽ겕由곌낏?꾩젏,寃쎌긽?⑤룄,394
971,?ㅻ궡?ㅽ겕由곌낏?꾩젏,?쒖＜?밸퀎?먯튂??71,
972,?ㅻ궡?μ떇媛寃??⑷퀎,"52,386",
973,"?ㅻ궡?μ떇媛寃??쒖슱?밸퀎??""13","252""",
974,"?ㅻ궡?μ떇媛寃??몄쿇愿묒뿭??""2","994""",
975,"?ㅻ궡?μ떇媛寃?寃쎄린??""15","302""",
976,?ㅻ궡?μ떇媛寃?媛뺤썝??959,,
977,?ㅻ궡?μ떇媛寃???꾧킅??떆,"1,710",
978,?ㅻ궡?μ떇媛寃?異⑹껌遺곷룄,"1,138",
979,?ㅻ궡?μ떇媛寃?異⑹껌?⑤룄,"1,331",
980,?ㅻ궡?μ떇媛寃??몄쥌?밸퀎?먯튂??194,,
981,"?ㅻ궡?μ떇媛寃?愿묒＜愿묒뿭??""1","862""",
982,?ㅻ궡?μ떇媛寃??꾨씪遺곷룄,217,
983,?ㅻ궡?μ떇媛寃??꾨씪?⑤룄,"1,082",
984,?ㅻ궡?μ떇媛寃??援ш킅??떆,"2,384",
985,?ㅻ궡?μ떇媛寃?寃쎌긽遺곷룄,"1,640",
986,?ㅻ궡?μ떇媛寃?遺?곌킅??떆,"3,784",
987,?ㅻ궡?μ떇媛寃??몄궛愿묒뿭??968,,
988,?ㅻ궡?μ떇媛寃?寃쎌긽?⑤룄,"2,508",
989,"?ㅻ궡?μ떇媛寃??쒖＜?밸퀎?먯튂??""1","061""",
990,?ㅼ쇅怨⑦봽?곗뒿???⑷퀎,"2,324",
991,?ㅼ쇅怨⑦봽?곗뒿???쒖슱?밸퀎??379,,
992,?ㅼ쇅怨⑦봽?곗뒿???몄쿇愿묒뿭??78,,
993,?ㅼ쇅怨⑦봽?곗뒿??寃쎄린??517,,
994,?ㅼ쇅怨⑦봽?곗뒿??媛뺤썝??113,,
995,?ㅼ쇅怨⑦봽?곗뒿????꾧킅??떆,62,
996,?ㅼ쇅怨⑦봽?곗뒿??異⑹껌遺곷룄,105,
997,?ㅼ쇅怨⑦봽?곗뒿??異⑹껌?⑤룄,104,
998,?ㅼ쇅怨⑦봽?곗뒿???몄쥌?밸퀎?먯튂??6,,
999,?ㅼ쇅怨⑦봽?곗뒿??愿묒＜愿묒뿭??46,,
1000,?ㅼ쇅怨⑦봽?곗뒿???꾨씪遺곷룄,96,
1001,?ㅼ쇅怨⑦봽?곗뒿???꾨씪?⑤룄,93,
1002,?ㅼ쇅怨⑦봽?곗뒿???援ш킅??떆,103,
1003,?ㅼ쇅怨⑦봽?곗뒿??寃쎌긽遺곷룄,201,
1004,?ㅼ쇅怨⑦봽?곗뒿??遺?곌킅??떆,145,
1005,?ㅼ쇅怨⑦봽?곗뒿???몄궛愿묒뿭??50,,
1006,?ㅼ쇅怨⑦봽?곗뒿??寃쎌긽?⑤룄,173,
1007,?ㅼ쇅怨⑦봽?곗뒿???쒖＜?밸퀎?먯튂??53,,
1008,?덇꼍???⑷퀎,"9,116",
1009,"?덇꼍???쒖슱?밸퀎??""2","060""",
1010,?덇꼍???몄쿇愿묒뿭??426,,
1011,"?덇꼍??寃쎄린??""1","913""",
1012,?덇꼍??媛뺤썝??244,,
1013,?덇꼍????꾧킅??떆,316,
1014,?덇꼍??異⑹껌遺곷룄,285,
1015,?덇꼍??異⑹껌?⑤룄,334,
1016,?덇꼍???몄쥌?밸퀎?먯튂??39,,
1017,?덇꼍??愿묒＜愿묒뿭??346,,
1018,?덇꼍???꾨씪遺곷룄,349,
1019,?덇꼍???꾨씪?⑤룄,302,
1020,?덇꼍???援ш킅??떆,489,
1021,?덇꼍??寃쎌긽遺곷룄,424,
1022,?덇꼍??遺?곌킅??떆,650,
1023,?덇꼍???몄궛愿묒뿭??228,,
1024,?덇꼍??寃쎌긽?⑤룄,592,
1025,?덇꼍???쒖＜?밸퀎?먯튂??119,,
1026,?덇낵 ?섏썝,?⑷퀎,"1,639"
1027,?덇낵 ?섏썝,?쒖슱?밸퀎??440,
1028,?덇낵 ?섏썝,?몄쿇愿묒뿭??66,
1029,?덇낵 ?섏썝,寃쎄린??348,
1030,?덇낵 ?섏썝,媛뺤썝??41,
1031,?덇낵 ?섏썝,??꾧킅??떆,47
1032,?덇낵 ?섏썝,異⑹껌遺곷룄,40
1033,?덇낵 ?섏썝,異⑹껌?⑤룄,52
1034,?덇낵 ?섏썝,?몄쥌?밸퀎?먯튂??5,
1035,?덇낵 ?섏썝,愿묒＜愿묒뿭??40,
1036,?덇낵 ?섏썝,?꾨씪遺곷룄,63
1037,?덇낵 ?섏썝,?꾨씪?⑤룄,51
1038,?덇낵 ?섏썝,?援ш킅??떆,101
1039,?덇낵 ?섏썝,寃쎌긽遺곷룄,69
1040,?덇낵 ?섏썝,遺?곌킅??떆,132
1041,?덇낵 ?섏썝,?몄궛愿묒뿭??33,
1042,?덇낵 ?섏썝,寃쎌긽?⑤룄,91
1043,?덇낵 ?섏썝,?쒖＜?밸퀎?먯튂??20,
1044,?좎셿?⑺뭹???⑷퀎,"7,732",
1045,"?좎셿?⑺뭹???쒖슱?밸퀎??""1","301""",
1046,?좎셿?⑺뭹???몄쿇愿묒뿭??483,,
1047,"?좎셿?⑺뭹??寃쎄린??""2","295""",
1048,?좎셿?⑺뭹??媛뺤썝??208,,
1049,?좎셿?⑺뭹????꾧킅??떆,268,
1050,?좎셿?⑺뭹??異⑹껌遺곷룄,217,
1051,?좎셿?⑺뭹??異⑹껌?⑤룄,317,
1052,?좎셿?⑺뭹???몄쥌?밸퀎?먯튂??26,,
1053,?좎셿?⑺뭹??愿묒＜愿묒뿭??201,,
1054,?좎셿?⑺뭹???꾨씪遺곷룄,209,
1055,?좎셿?⑺뭹???꾨씪?⑤룄,171,
1056,?좎셿?⑺뭹???援ш킅??떆,351,
1057,?좎셿?⑺뭹??寃쎌긽遺곷룄,394,
1058,?좎셿?⑺뭹??遺?곌킅??떆,572,
1059,?좎셿?⑺뭹???몄궛愿묒뿭??132,,
1060,?좎셿?⑺뭹??寃쎌긽?⑤룄,507,
1061,?좎셿?⑺뭹???쒖＜?밸퀎?먯튂??80,,
1062,?쎄뎅,?⑷퀎,"22,271"
1063,?쎄뎅,"?쒖슱?밸퀎??""5","001"""
1064,?쎄뎅,"?몄쿇愿묒뿭??""1","079"""
1065,?쎄뎅,"寃쎄린??""4","856"""
1066,?쎄뎅,媛뺤썝??669,
1067,?쎄뎅,??꾧킅??떆,739
1068,?쎄뎅,異⑹껌遺곷룄,661
1069,?쎄뎅,異⑹껌?⑤룄,928
1070,?쎄뎅,?몄쥌?밸퀎?먯튂??111,
1071,?쎄뎅,愿묒＜愿묒뿭??671,
1072,?쎄뎅,?꾨씪遺곷룄,910
1073,?쎄뎅,?꾨씪?⑤룄,790
1074,?쎄뎅,?援ш킅??떆,"1,259"
1075,?쎄뎅,寃쎌긽遺곷룄,"1,105"
1076,?쎄뎅,遺?곌킅??떆,"1,520"
1077,?쎄뎅,?몄궛愿묒뿭??416,
1078,?쎄뎅,寃쎌긽?⑤룄,"1,274"
1079,?쎄뎅,?쒖＜?밸퀎?먯튂??282,
1080,?ш??띾え???⑷퀎,"21,342",
1081,"?ш??띾え???쒖슱?밸퀎??""2","083""",
1082,?ш??띾え???몄쿇愿묒뿭??846,,
1083,"?ш??띾え??寃쎄린??""3","294""",
1084,"?ш??띾え??媛뺤썝??""1","568""",
1085,?ш??띾え????꾧킅??떆,664,
1086,?ш??띾え??異⑹껌遺곷룄,878,
1087,?ш??띾え??異⑹껌?⑤룄,"1,509",
1088,?ш??띾え???몄쥌?밸퀎?먯튂??67,,
1089,?ш??띾え??愿묒＜愿묒뿭??527,,
1090,?ш??띾え???꾨씪遺곷룄,"1,035",
1091,?ш??띾え???꾨씪?⑤룄,"1,309",
1092,?ш??띾え???援ш킅??떆,748,
1093,?ш??띾え??寃쎌긽遺곷룄,"1,973",
1094,?ш??띾え??遺?곌킅??떆,"1,440",
1095,?ш??띾え???몄궛愿묒뿭??628,,
1096,?ш??띾え??寃쎌긽?⑤룄,"2,370",
1097,?ш??띾え???쒖＜?밸퀎?먯튂??403,,
1098,?ы뻾???⑷퀎,"13,906",
1099,"?ы뻾???쒖슱?밸퀎??""5","571""",
1100,?ы뻾???몄쿇愿묒뿭??392,,
1101,"?ы뻾??寃쎄린??""1","678""",
1102,?ы뻾??媛뺤썝??331,,
1103,?ы뻾????꾧킅??떆,316,
1104,?ы뻾??異⑹껌遺곷룄,277,
1105,?ы뻾??異⑹껌?⑤룄,305,
1106,?ы뻾???몄쥌?밸퀎?먯튂??47,,
1107,?ы뻾??愿묒＜愿묒뿭??397,,
1108,?ы뻾???꾨씪遺곷룄,417,
1109,?ы뻾???꾨씪?⑤룄,424,
1110,?ы뻾???援ш킅??떆,527,
1111,?ы뻾??寃쎌긽遺곷룄,453,
1112,?ы뻾??遺?곌킅??떆,"1,073",
1113,?ы뻾???몄궛愿묒뿭??187,,
1114,?ы뻾??寃쎌긽?⑤룄,577,
1115,?ы뻾???쒖＜?밸퀎?먯튂??934,,
1116,?덉닠?숈썝,?⑷퀎,"30,501"
1117,?덉닠?숈썝,"?쒖슱?밸퀎??""5","451"""
1118,?덉닠?숈썝,"?몄쿇愿묒뿭??""1","499"""
1119,?덉닠?숈썝,"寃쎄린??""8","377"""
1120,?덉닠?숈썝,媛뺤썝??871,
1121,?덉닠?숈썝,??꾧킅??떆,907
1122,?덉닠?숈썝,異⑹껌遺곷룄,885
1123,?덉닠?숈썝,異⑹껌?⑤룄,"1,075"
1124,?덉닠?숈썝,?몄쥌?밸퀎?먯튂??247,
1125,?덉닠?숈썝,"愿묒＜愿묒뿭??""1","083"""
1126,?덉닠?숈썝,?꾨씪遺곷룄,"1,327"
1127,?덉닠?숈썝,?꾨씪?⑤룄,883
1128,?덉닠?숈썝,?援ш킅??떆,"1,345"
1129,?덉닠?숈썝,寃쎌긽遺곷룄,"1,382"
1130,?덉닠?숈썝,遺?곌킅??떆,"1,772"
1131,?덉닠?숈썝,?몄궛愿묒뿭??789,
1132,?덉닠?숈썝,寃쎌긽?⑤룄,"2,182"
1133,?덉닠?숈썝,?쒖＜?밸퀎?먯튂??426,
1134,?덉떇???⑷퀎,950,
1135,?덉떇???쒖슱?밸퀎??177,,
1136,?덉떇???몄쿇愿묒뿭??31,,
1137,?덉떇??寃쎄린??154,,
1138,?덉떇??媛뺤썝??41,,
1139,?덉떇????꾧킅??떆,23,
1140,?덉떇??異⑹껌遺곷룄,40,
1141,?덉떇??異⑹껌?⑤룄,70,
1142,?덉떇???몄쥌?밸퀎?먯튂??4,,
1143,?덉떇??愿묒＜愿묒뿭??30,,
1144,?덉떇???꾨씪遺곷룄,48,
1145,?덉떇???꾨씪?⑤룄,43,
1146,?덉떇???援ш킅??떆,37,
1147,?덉떇??寃쎌긽遺곷룄,69,
1148,?덉떇??遺?곌킅??떆,75,
1149,?덉떇???몄궛愿묒뿭??14,,
1150,?덉떇??寃쎌긽?⑤룄,71,
1151,?덉떇???쒖＜?밸퀎?먯튂??23,,
1152,?룰?寃??⑷퀎,"86,636",
1153,"?룰?寃??쒖슱?밸퀎??""16","090""",
1154,"?룰?寃??몄쿇愿묒뿭??""4","035""",
1155,"?룰?寃?寃쎄린??""17","475""",
1156,"?룰?寃?媛뺤썝??""3","198""",
1157,?룰?寃???꾧킅??떆,"2,834",
1158,?룰?寃?異⑹껌遺곷룄,"2,962",
1159,?룰?寃?異⑹껌?⑤룄,"3,348",
1160,?룰?寃??몄쥌?밸퀎?먯튂??320,,
1161,"?룰?寃?愿묒＜愿묒뿭??""3","159""",
1162,?룰?寃??꾨씪遺곷룄,"3,499",
1163,?룰?寃??꾨씪?⑤룄,"3,079",
1164,?룰?寃??援ш킅??떆,"5,358",
1165,?룰?寃?寃쎌긽遺곷룄,"4,702",
1166,?룰?寃?遺?곌킅??떆,"7,214",
1167,"?룰?寃??몄궛愿묒뿭??""1","868""",
1168,?룰?寃?寃쎌긽?⑤룄,"5,866",
1169,"?룰?寃??쒖＜?밸퀎?먯튂??""1","629""",
1170,?섎즺?⑺뭹媛寃??⑷퀎,"6,878",
1171,"?섎즺?⑺뭹媛寃??쒖슱?밸퀎??""1","562""",
1172,?섎즺?⑺뭹媛寃??몄쿇愿묒뿭??314,,
1173,"?섎즺?⑺뭹媛寃?寃쎄린??""1","455""",
1174,?섎즺?⑺뭹媛寃?媛뺤썝??174,,
1175,?섎즺?⑺뭹媛寃???꾧킅??떆,275,
1176,?섎즺?⑺뭹媛寃?異⑹껌遺곷룄,176,
1177,?섎즺?⑺뭹媛寃?異⑹껌?⑤룄,264,
1178,?섎즺?⑺뭹媛寃??몄쥌?밸퀎?먯튂??20,,
1179,?섎즺?⑺뭹媛寃?愿묒＜愿묒뿭??318,,
1180,?섎즺?⑺뭹媛寃??꾨씪遺곷룄,317,
1181,?섎즺?⑺뭹媛寃??꾨씪?⑤룄,219,
1182,?섎즺?⑺뭹媛寃??援ш킅??떆,343,
1183,?섎즺?⑺뭹媛寃?寃쎌긽遺곷룄,255,
1184,?섎즺?⑺뭹媛寃?遺?곌킅??떆,599,
1185,?섎즺?⑺뭹媛寃??몄궛愿묒뿭??105,,
1186,?섎즺?⑺뭹媛寃?寃쎌긽?⑤룄,403,
1187,?섎즺?⑺뭹媛寃??쒖＜?밸퀎?먯튂??79,,
1188,?대쪣?먮룞李⑦뙋留ㅼ젏,?⑷퀎,"2,587"
1189,?대쪣?먮룞李⑦뙋留ㅼ젏,?쒖슱?밸퀎??459,
1190,?대쪣?먮룞李⑦뙋留ㅼ젏,?몄쿇愿묒뿭??90,
1191,?대쪣?먮룞李⑦뙋留ㅼ젏,寃쎄린??434,
1192,?대쪣?먮룞李⑦뙋留ㅼ젏,媛뺤썝??89,
1193,?대쪣?먮룞李⑦뙋留ㅼ젏,??꾧킅??떆,57
1194,?대쪣?먮룞李⑦뙋留ㅼ젏,異⑹껌遺곷룄,83
1195,?대쪣?먮룞李⑦뙋留ㅼ젏,異⑹껌?⑤룄,142
1196,?대쪣?먮룞李⑦뙋留ㅼ젏,?몄쥌?밸퀎?먯튂??8,
1197,?대쪣?먮룞李⑦뙋留ㅼ젏,愿묒＜愿묒뿭??65,
1198,?대쪣?먮룞李⑦뙋留ㅼ젏,?꾨씪遺곷룄,128
1199,?대쪣?먮룞李⑦뙋留ㅼ젏,?꾨씪?⑤룄,147
1200,?대쪣?먮룞李⑦뙋留ㅼ젏,?援ш킅??떆,149
1201,?대쪣?먮룞李⑦뙋留ㅼ젏,寃쎌긽遺곷룄,206
1202,?대쪣?먮룞李⑦뙋留ㅼ젏,遺?곌킅??떆,205
1203,?대쪣?먮룞李⑦뙋留ㅼ젏,?몄궛愿묒뿭??71,
1204,?대쪣?먮룞李⑦뙋留ㅼ젏,寃쎌긽?⑤룄,216
1205,?대쪣?먮룞李⑦뙋留ㅼ젏,?쒖＜?밸퀎?먯튂??38,
1206,?대컻???⑷퀎,"11,825",
1207,"?대컻???쒖슱?밸퀎??""2","162""",
1208,?대컻???몄쿇愿묒뿭??411,,
1209,"?대컻??寃쎄린??""2","080""",
1210,?대컻??媛뺤썝??639,,
1211,?대컻????꾧킅??떆,406,
1212,?대컻??異⑹껌遺곷룄,415,
1213,?대컻??異⑹껌?⑤룄,606,
1214,?대컻???몄쥌?밸퀎?먯튂??33,,
1215,?대컻??愿묒＜愿묒뿭??260,,
1216,?대컻???꾨씪遺곷룄,448,
1217,?대컻???꾨씪?⑤룄,554,
1218,?대컻???援ш킅??떆,586,
1219,?대컻??寃쎌긽遺곷룄,872,
1220,?대컻??遺?곌킅??떆,"1,038",
1221,?대컻???몄궛愿묒뿭??364,,
1222,?대컻??寃쎌긽?⑤룄,789,
1223,?대컻???쒖＜?밸퀎?먯튂??162,,
1224,?대퉬?명썑怨??섏썝,?⑷퀎,"2,548"
1225,?대퉬?명썑怨??섏썝,?쒖슱?밸퀎??676,
1226,?대퉬?명썑怨??섏썝,?몄쿇愿묒뿭??134,
1227,?대퉬?명썑怨??섏썝,寃쎄린??632,
1228,?대퉬?명썑怨??섏썝,媛뺤썝??49,
1229,?대퉬?명썑怨??섏썝,??꾧킅??떆,81
1230,?대퉬?명썑怨??섏썝,異⑹껌遺곷룄,63
1231,?대퉬?명썑怨??섏썝,異⑹껌?⑤룄,55
1232,?대퉬?명썑怨??섏썝,?몄쥌?밸퀎?먯튂??14,
1233,?대퉬?명썑怨??섏썝,愿묒＜愿묒뿭??75,
1234,?대퉬?명썑怨??섏썝,?꾨씪遺곷룄,73
1235,?대퉬?명썑怨??섏썝,?꾨씪?⑤룄,48
1236,?대퉬?명썑怨??섏썝,?援ш킅??떆,160
1237,?대퉬?명썑怨??섏썝,寃쎌긽遺곷룄,87
1238,?대퉬?명썑怨??섏썝,遺?곌킅??떆,201
1239,?대퉬?명썑怨??섏썝,?몄궛愿묒뿭??47,
1240,?대퉬?명썑怨??섏썝,寃쎌긽?⑤룄,126
1241,?대퉬?명썑怨??섏썝,?쒖＜?밸퀎?먯튂??27,
1242,?쇰컲?멸낵 ?섏썝,?⑷퀎,"4,719"
1243,?쇰컲?멸낵 ?섏썝,"?쒖슱?밸퀎??""1","041"""
1244,?쇰컲?멸낵 ?섏썝,?몄쿇愿묒뿭??254,
1245,?쇰컲?멸낵 ?섏썝,"寃쎄린??""1","095"""
1246,?쇰컲?멸낵 ?섏썝,媛뺤썝??129,
1247,?쇰컲?멸낵 ?섏썝,??꾧킅??떆,148
1248,?쇰컲?멸낵 ?섏썝,異⑹껌遺곷룄,168
1249,?쇰컲?멸낵 ?섏썝,異⑹껌?⑤룄,191
1250,?쇰컲?멸낵 ?섏썝,?몄쥌?밸퀎?먯튂??31,
1251,?쇰컲?멸낵 ?섏썝,愿묒＜愿묒뿭??95,
1252,?쇰컲?멸낵 ?섏썝,?꾨씪遺곷룄,185
1253,?쇰컲?멸낵 ?섏썝,?꾨씪?⑤룄,138
1254,?쇰컲?멸낵 ?섏썝,?援ш킅??떆,296
1255,?쇰컲?멸낵 ?섏썝,寃쎌긽遺곷룄,239
1256,?쇰컲?멸낵 ?섏썝,遺?곌킅??떆,322
1257,?쇰컲?멸낵 ?섏썝,?몄궛愿묒뿭??77,
1258,?쇰컲?멸낵 ?섏썝,寃쎌긽?⑤룄,240
1259,?쇰컲?멸낵 ?섏썝,?쒖＜?밸퀎?먯튂??70,
1260,?쇱떇?꾨Ц???⑷퀎,"17,768",
1261,"?쇱떇?꾨Ц???쒖슱?밸퀎??""5","438""",
1262,"?쇱떇?꾨Ц???몄쿇愿묒뿭??""1","009""",
1263,"?쇱떇?꾨Ц??寃쎄린??""3","577""",
1264,"?쇱떇?꾨Ц??媛뺤썝??""1","021""",
1265,?쇱떇?꾨Ц????꾧킅??떆,440,
1266,?쇱떇?꾨Ц??異⑹껌遺곷룄,483,
1267,?쇱떇?꾨Ц??異⑹껌?⑤룄,735,
1268,?쇱떇?꾨Ц???몄쥌?밸퀎?먯튂??87,,
1269,?쇱떇?꾨Ц??愿묒＜愿묒뿭??260,,
1270,?쇱떇?꾨Ц???꾨씪遺곷룄,476,
1271,?쇱떇?꾨Ц???꾨씪?⑤룄,423,
1272,?쇱떇?꾨Ц???援ш킅??떆,795,
1273,?쇱떇?꾨Ц??寃쎌긽遺곷룄,522,
1274,?쇱떇?꾨Ц??遺?곌킅??떆,"1,008",
1275,?쇱떇?꾨Ц???몄궛愿묒뿭??256,,
1276,?쇱떇?꾨Ц??寃쎌긽?⑤룄,732,
1277,?쇱떇?꾨Ц???쒖＜?밸퀎?먯튂??506,,
1278,?먮룞李⑥닔由ъ젏,?⑷퀎,"43,087"
1279,?먮룞李⑥닔由ъ젏,"?쒖슱?밸퀎??""4","874"""
1280,?먮룞李⑥닔由ъ젏,"?몄쿇愿묒뿭??""2","249"""
1281,?먮룞李⑥닔由ъ젏,"寃쎄린??""10","733"""
1282,?먮룞李⑥닔由ъ젏,"媛뺤썝??""1","762"""
1283,?먮룞李⑥닔由ъ젏,??꾧킅??떆,"1,391"
1284,?먮룞李⑥닔由ъ젏,異⑹껌遺곷룄,"1,797"
1285,?먮룞李⑥닔由ъ젏,異⑹껌?⑤룄,"2,375"
1286,?먮룞李⑥닔由ъ젏,?몄쥌?밸퀎?먯튂??184,
1287,?먮룞李⑥닔由ъ젏,"愿묒＜愿묒뿭??""1","501"""
1288,?먮룞李⑥닔由ъ젏,?꾨씪遺곷룄,"1,976"
1289,?먮룞李⑥닔由ъ젏,?꾨씪?⑤룄,"1,979"
1290,?먮룞李⑥닔由ъ젏,?援ш킅??떆,"2,188"
1291,?먮룞李⑥닔由ъ젏,寃쎌긽遺곷룄,"2,989"
1292,?먮룞李⑥닔由ъ젏,遺?곌킅??떆,"2,333"
1293,?먮룞李⑥닔由ъ젏,"?몄궛愿묒뿭??""1","066"""
1294,?먮룞李⑥닔由ъ젏,寃쎌긽?⑤룄,"3,148"
1295,?먮룞李⑥닔由ъ젏,?쒖＜?밸퀎?먯튂??542,
1296,?먯쟾嫄고뙋留ㅼ젏,?⑷퀎,"2,581"
1297,?먯쟾嫄고뙋留ㅼ젏,?쒖슱?밸퀎??406,
1298,?먯쟾嫄고뙋留ㅼ젏,?몄쿇愿묒뿭??112,
1299,?먯쟾嫄고뙋留ㅼ젏,寃쎄린??617,
1300,?먯쟾嫄고뙋留ㅼ젏,媛뺤썝??92,
1301,?먯쟾嫄고뙋留ㅼ젏,??꾧킅??떆,99
1302,?먯쟾嫄고뙋留ㅼ젏,異⑹껌遺곷룄,89
1303,?먯쟾嫄고뙋留ㅼ젏,異⑹껌?⑤룄,114
1304,?먯쟾嫄고뙋留ㅼ젏,?몄쥌?밸퀎?먯튂??10,
1305,?먯쟾嫄고뙋留ㅼ젏,愿묒＜愿묒뿭??64,
1306,?먯쟾嫄고뙋留ㅼ젏,?꾨씪遺곷룄,134
1307,?먯쟾嫄고뙋留ㅼ젏,?꾨씪?⑤룄,101
1308,?먯쟾嫄고뙋留ㅼ젏,?援ш킅??떆,163
1309,?먯쟾嫄고뙋留ㅼ젏,寃쎌긽遺곷룄,170
1310,?먯쟾嫄고뙋留ㅼ젏,遺?곌킅??떆,109
1311,?먯쟾嫄고뙋留ㅼ젏,?몄궛愿묒뿭??61,
1312,?먯쟾嫄고뙋留ㅼ젏,寃쎌긽?⑤룄,206
1313,?먯쟾嫄고뙋留ㅼ젏,?쒖＜?밸퀎?먯튂??34,
1314,?λ궃媛먭?寃??⑷퀎,"2,139",
1315,?λ궃媛먭?寃??쒖슱?밸퀎??414,,
1316,?λ궃媛먭?寃??몄쿇愿묒뿭??107,,
1317,?λ궃媛먭?寃?寃쎄린??593,,
1318,?λ궃媛먭?寃?媛뺤썝??62,,
1319,?λ궃媛먭?寃???꾧킅??떆,69,
1320,?λ궃媛먭?寃?異⑹껌遺곷룄,73,
1321,?λ궃媛먭?寃?異⑹껌?⑤룄,86,
1322,?λ궃媛먭?寃??몄쥌?밸퀎?먯튂??24,,
1323,?λ궃媛먭?寃?愿묒＜愿묒뿭??56,,
1324,?λ궃媛먭?寃??꾨씪遺곷룄,65,
1325,?λ궃媛먭?寃??꾨씪?⑤룄,58,
1326,?λ궃媛먭?寃??援ш킅??떆,95,
1327,?λ궃媛먭?寃?寃쎌긽遺곷룄,104,
1328,?λ궃媛먭?寃?遺?곌킅??떆,140,
1329,?λ궃媛먭?寃??몄궛愿묒뿭??40,,
1330,?λ궃媛먭?寃?寃쎌긽?⑤룄,116,
1331,?λ궃媛먭?寃??쒖＜?밸퀎?먯튂??37,,
1332,?뺤쑁???⑷퀎,"19,586",
1333,"?뺤쑁???쒖슱?밸퀎??""2","790""",
1334,"?뺤쑁???몄쿇愿묒뿭??""1","057""",
1335,"?뺤쑁??寃쎄린??""4","231""",
1336,?뺤쑁??媛뺤썝??834,,
1337,?뺤쑁????꾧킅??떆,749,
1338,?뺤쑁??異⑹껌遺곷룄,773,
1339,?뺤쑁??異⑹껌?⑤룄,"1,031",
1340,?뺤쑁???몄쥌?밸퀎?먯튂??112,,
1341,?뺤쑁??愿묒＜愿묒뿭??512,,
1342,?뺤쑁???꾨씪遺곷룄,"1,067",
1343,?뺤쑁???꾨씪?⑤룄,809,
1344,?뺤쑁???援ш킅??떆,"1,283",
1345,?뺤쑁??寃쎌긽遺곷룄,"1,232",
1346,?뺤쑁??遺?곌킅??떆,"1,088",
1347,?뺤쑁???몄궛愿묒뿭??569,,
1348,?뺤쑁??寃쎌긽?⑤룄,"1,165",
1349,?뺤쑁???쒖＜?밸퀎?먯튂??284,,
1350,?쒓낵???⑷퀎,"16,252",
1351,"?쒓낵???쒖슱?밸퀎??""3","443""",
1352,?쒓낵???몄쿇愿묒뿭??749,,
1353,"?쒓낵??寃쎄린??""3","697""",
1354,?쒓낵??媛뺤썝??527,,
1355,?쒓낵????꾧킅??떆,477,
1356,?쒓낵??異⑹껌遺곷룄,486,
1357,?쒓낵??異⑹껌?⑤룄,669,
1358,?쒓낵???몄쥌?밸퀎?먯튂??107,,
1359,?쒓낵??愿묒＜愿묒뿭??462,,
1360,?쒓낵???꾨씪遺곷룄,588,
1361,?쒓낵???꾨씪?⑤룄,542,
1362,?쒓낵???援ш킅??떆,875,
1363,?쒓낵??寃쎌긽遺곷룄,854,
1364,?쒓낵??遺?곌킅??떆,"1,021",
1365,?쒓낵???몄궛愿묒뿭??347,,
1366,?쒓낵??寃쎌긽?⑤룄,"1,031",
1367,?쒓낵???쒖＜?밸퀎?먯튂??377,,
1368,醫낇빀蹂묒썝,?⑷퀎,"3,344"
1369,醫낇빀蹂묒썝,?쒖슱?밸퀎??429,
1370,醫낇빀蹂묒썝,?몄쿇愿묒뿭??141,
1371,醫낇빀蹂묒썝,寃쎄린??650,
1372,醫낇빀蹂묒썝,媛뺤썝??87,
1373,醫낇빀蹂묒썝,??꾧킅??떆,99
1374,醫낇빀蹂묒썝,異⑹껌遺곷룄,98
1375,醫낇빀蹂묒썝,異⑹껌?⑤룄,139
1376,醫낇빀蹂묒썝,?몄쥌?밸퀎?먯튂??11,
1377,醫낇빀蹂묒썝,愿묒＜愿묒뿭??162,
1378,醫낇빀蹂묒썝,?꾨씪遺곷룄,169
1379,醫낇빀蹂묒썝,?꾨씪?⑤룄,191
1380,醫낇빀蹂묒썝,?援ш킅??떆,185
1381,醫낇빀蹂묒썝,寃쎌긽遺곷룄,233
1382,醫낇빀蹂묒썝,遺?곌킅??떆,339
1383,醫낇빀蹂묒썝,?몄궛愿묒뿭??92,
1384,醫낇빀蹂묒썝,寃쎌긽?⑤룄,296
1385,醫낇빀蹂묒썝,?쒖＜?밸퀎?먯튂??23,
1386,二쇱쑀???⑷퀎,"10,825",
1387,二쇱쑀???쒖슱?밸퀎??409,,
1388,二쇱쑀???몄쿇愿묒뿭??291,,
1389,"二쇱쑀??寃쎄린??""2","184""",
1390,二쇱쑀??媛뺤썝??635,,
1391,二쇱쑀????꾧킅??떆,229,
1392,二쇱쑀??異⑹껌遺곷룄,712,
1393,二쇱쑀??異⑹껌?⑤룄,998,
1394,二쇱쑀???몄쥌?밸퀎?먯튂??67,,
1395,二쇱쑀??愿묒＜愿묒뿭??267,,
1396,二쇱쑀???꾨씪遺곷룄,830,
1397,二쇱쑀???꾨씪?⑤룄,828,
1398,二쇱쑀???援ш킅??떆,329,
1399,二쇱쑀??寃쎌긽遺곷룄,"1,210",
1400,二쇱쑀??遺?곌킅??떆,371,
1401,二쇱쑀???몄궛愿묒뿭??218,,
1402,二쇱쑀??寃쎌긽?⑤룄,"1,065",
1403,二쇱쑀???쒖＜?밸퀎?먯튂??182,,
1404,二쇱감?μ슫?곸뾽,?⑷퀎,"7,383"
1405,二쇱감?μ슫?곸뾽,"?쒖슱?밸퀎??""1","723"""
1406,二쇱감?μ슫?곸뾽,?몄쿇愿묒뿭??277,
1407,二쇱감?μ슫?곸뾽,"寃쎄린??""1","093"""
1408,二쇱감?μ슫?곸뾽,媛뺤썝??143,
1409,二쇱감?μ슫?곸뾽,??꾧킅??떆,171
1410,二쇱감?μ슫?곸뾽,異⑹껌遺곷룄,139
1411,二쇱감?μ슫?곸뾽,異⑹껌?⑤룄,122
1412,二쇱감?μ슫?곸뾽,?몄쥌?밸퀎?먯튂??21,
1413,二쇱감?μ슫?곸뾽,愿묒＜愿묒뿭??246,
1414,二쇱감?μ슫?곸뾽,?꾨씪遺곷룄,115
1415,二쇱감?μ슫?곸뾽,?꾨씪?⑤룄,90
1416,二쇱감?μ슫?곸뾽,?援ш킅??떆,437
1417,二쇱감?μ슫?곸뾽,寃쎌긽遺곷룄,234
1418,二쇱감?μ슫?곸뾽,遺?곌킅??떆,"1,687"
1419,二쇱감?μ슫?곸뾽,?몄궛愿묒뿭??222,
1420,二쇱감?μ슫?곸뾽,寃쎌긽?⑤룄,625
1421,二쇱감?μ슫?곸뾽,?쒖＜?밸퀎?먯튂??38,
1422,以묎퀬李⑦뙋留ㅼ젏,?⑷퀎,"4,735"
1423,以묎퀬李⑦뙋留ㅼ젏,?쒖슱?밸퀎??472,
1424,以묎퀬李⑦뙋留ㅼ젏,?몄쿇愿묒뿭??286,
1425,以묎퀬李⑦뙋留ㅼ젏,"寃쎄린??""1","012"""
1426,以묎퀬李⑦뙋留ㅼ젏,媛뺤썝??153,
1427,以묎퀬李⑦뙋留ㅼ젏,??꾧킅??떆,164
1428,以묎퀬李⑦뙋留ㅼ젏,異⑹껌遺곷룄,192
1429,以묎퀬李⑦뙋留ㅼ젏,異⑹껌?⑤룄,211
1430,以묎퀬李⑦뙋留ㅼ젏,?몄쥌?밸퀎?먯튂??3,
1431,以묎퀬李⑦뙋留ㅼ젏,愿묒＜愿묒뿭??233,
1432,以묎퀬李⑦뙋留ㅼ젏,?꾨씪遺곷룄,290
1433,以묎퀬李⑦뙋留ㅼ젏,?꾨씪?⑤룄,212
1434,以묎퀬李⑦뙋留ㅼ젏,?援ш킅??떆,463
1435,以묎퀬李⑦뙋留ㅼ젏,寃쎌긽遺곷룄,336
1436,以묎퀬李⑦뙋留ㅼ젏,遺?곌킅??떆,237
1437,以묎퀬李⑦뙋留ㅼ젏,?몄궛愿묒뿭??103,
1438,以묎퀬李⑦뙋留ㅼ젏,寃쎌긽?⑤룄,315
1439,以묎퀬李⑦뙋留ㅼ젏,?쒖＜?밸퀎?먯튂??53,
1440,以묒떇?꾨Ц???⑷퀎,"23,325",
1441,"以묒떇?꾨Ц???쒖슱?밸퀎??""4","526""",
1442,"以묒떇?꾨Ц???몄쿇愿묒뿭??""1","121""",
1443,"以묒떇?꾨Ц??寃쎄린??""4","793""",
1444,以묒떇?꾨Ц??媛뺤썝??986,,
1445,以묒떇?꾨Ц????꾧킅??떆,545,
1446,以묒떇?꾨Ц??異⑹껌遺곷룄,873,
1447,以묒떇?꾨Ц??異⑹껌?⑤룄,"1,185",
1448,以묒떇?꾨Ц???몄쥌?밸퀎?먯튂??129,,
1449,以묒떇?꾨Ц??愿묒＜愿묒뿭??488,,
1450,以묒떇?꾨Ц???꾨씪遺곷룄,"1,004",
1451,以묒떇?꾨Ц???꾨씪?⑤룄,800,
1452,以묒떇?꾨Ц???援ш킅??떆,"1,222",
1453,以묒떇?꾨Ц??寃쎌긽遺곷룄,"1,447",
1454,以묒떇?꾨Ц??遺?곌킅??떆,"1,715",
1455,以묒떇?꾨Ц???몄궛愿묒뿭??488,,
1456,以묒떇?꾨Ц??寃쎌긽?⑤룄,"1,624",
1457,以묒떇?꾨Ц???쒖＜?밸퀎?먯튂??379,,
1458,梨꾩냼媛寃??⑷퀎,"10,937",
1459,"梨꾩냼媛寃??쒖슱?밸퀎??""1","513""",
1460,梨꾩냼媛寃??몄쿇愿묒뿭??515,,
1461,"梨꾩냼媛寃?寃쎄린??""1","883""",
1462,梨꾩냼媛寃?媛뺤썝??771,,
1463,梨꾩냼媛寃???꾧킅??떆,263,
1464,梨꾩냼媛寃?異⑹껌遺곷룄,481,
1465,梨꾩냼媛寃?異⑹껌?⑤룄,674,
1466,梨꾩냼媛寃??몄쥌?밸퀎?먯튂??50,,
1467,梨꾩냼媛寃?愿묒＜愿묒뿭??211,,
1468,梨꾩냼媛寃??꾨씪遺곷룄,613,
1469,梨꾩냼媛寃??꾨씪?⑤룄,710,
1470,梨꾩냼媛寃??援ш킅??떆,422,
1471,梨꾩냼媛寃?寃쎌긽遺곷룄,919,
1472,梨꾩냼媛寃?遺?곌킅??떆,688,
1473,梨꾩냼媛寃??몄궛愿묒뿭??123,,
1474,梨꾩냼媛寃?寃쎌긽?⑤룄,816,
1475,梨꾩냼媛寃??쒖＜?밸퀎?먯튂??285,,
1476,泥좊Ъ???⑷퀎,"8,870",
1477,"泥좊Ъ???쒖슱?밸퀎??""1","408""",
1478,泥좊Ъ???몄쿇愿묒뿭??504,,
1479,"泥좊Ъ??寃쎄린??""1","864""",
1480,泥좊Ъ??媛뺤썝??456,,
1481,泥좊Ъ????꾧킅??떆,285,
1482,泥좊Ъ??異⑹껌遺곷룄,353,
1483,泥좊Ъ??異⑹껌?⑤룄,464,
1484,泥좊Ъ???몄쥌?밸퀎?먯튂??39,,
1485,泥좊Ъ??愿묒＜愿묒뿭??290,,
1486,泥좊Ъ???꾨씪遺곷룄,425,
1487,泥좊Ъ???꾨씪?⑤룄,452,
1488,泥좊Ъ???援ш킅??떆,347,
1489,泥좊Ъ??寃쎌긽遺곷룄,486,
1490,泥좊Ъ??遺?곌킅??떆,679,
1491,泥좊Ъ???몄궛愿묒뿭??175,,
1492,泥좊Ъ??寃쎌긽?⑤룄,545,
1493,泥좊Ъ???쒖＜?밸퀎?먯튂??98,,
1494,移섍낵蹂묒썝?띿쓽???⑷퀎,"17,975",
1495,"移섍낵蹂묒썝?띿쓽???쒖슱?밸퀎??""4","873""",
1496,移섍낵蹂묒썝?띿쓽???몄쿇愿묒뿭??904,,
1497,"移섍낵蹂묒썝?띿쓽??寃쎄린??""4","176""",
1498,移섍낵蹂묒썝?띿쓽??媛뺤썝??386,,
1499,移섍낵蹂묒썝?띿쓽????꾧킅??떆,530,
1500,移섍낵蹂묒썝?띿쓽??異⑹껌遺곷룄,417,
1501,移섍낵蹂묒썝?띿쓽??異⑹껌?⑤룄,562,
1502,移섍낵蹂묒썝?띿쓽???몄쥌?밸퀎?먯튂??80,,
1503,移섍낵蹂묒썝?띿쓽??愿묒＜愿묒뿭??631,,
1504,移섍낵蹂묒썝?띿쓽???꾨씪遺곷룄,573,
1505,移섍낵蹂묒썝?띿쓽???꾨씪?⑤룄,480,
1506,移섍낵蹂묒썝?띿쓽???援ш킅??떆,898,
1507,移섍낵蹂묒썝?띿쓽??寃쎌긽遺곷룄,673,
1508,移섍낵蹂묒썝?띿쓽??遺?곌킅??떆,"1,294",
1509,移섍낵蹂묒썝?띿쓽???몄궛愿묒뿭??384,,
1510,移섍낵蹂묒썝?띿쓽??寃쎌긽?⑤룄,904,
1511,移섍낵蹂묒썝?띿쓽???쒖＜?밸퀎?먯튂??210,,
1512,移④뎄?띿빱?쇨?寃??⑷퀎,"10,014",
1513,"移④뎄?띿빱?쇨?寃??쒖슱?밸퀎??""1","326""",
1514,移④뎄?띿빱?쇨?寃??몄쿇愿묒뿭??433,,
1515,"移④뎄?띿빱?쇨?寃?寃쎄린??""1","890""",
1516,移④뎄?띿빱?쇨?寃?媛뺤썝??403,,
1517,移④뎄?띿빱?쇨?寃???꾧킅??떆,426,
1518,移④뎄?띿빱?쇨?寃?異⑹껌遺곷룄,394,
1519,移④뎄?띿빱?쇨?寃?異⑹껌?⑤룄,507,
1520,移④뎄?띿빱?쇨?寃??몄쥌?밸퀎?먯튂??51,,
1521,移④뎄?띿빱?쇨?寃?愿묒＜愿묒뿭??400,,
1522,移④뎄?띿빱?쇨?寃??꾨씪遺곷룄,499,
1523,移④뎄?띿빱?쇨?寃??꾨씪?⑤룄,493,
1524,移④뎄?띿빱?쇨?寃??援ш킅??떆,651,
1525,移④뎄?띿빱?쇨?寃?寃쎌긽遺곷룄,678,
1526,移④뎄?띿빱?쇨?寃?遺?곌킅??떆,710,
1527,移④뎄?띿빱?쇨?寃??몄궛愿묒뿭??230,,
1528,移④뎄?띿빱?쇨?寃?寃쎌긽?⑤룄,702,
1529,移④뎄?띿빱?쇨?寃??쒖＜?밸퀎?먯튂??221,,
1530,而ㅽ뵾?뚮즺???⑷퀎,"52,374",
1531,"而ㅽ뵾?뚮즺???쒖슱?밸퀎??""10","764""",
1532,"而ㅽ뵾?뚮즺???몄쿇愿묒뿭??""2","614""",
1533,"而ㅽ뵾?뚮즺??寃쎄린??""10","884""",
1534,"而ㅽ뵾?뚮즺??媛뺤썝??""1","830""",
1535,而ㅽ뵾?뚮즺????꾧킅??떆,"1,929",
1536,而ㅽ뵾?뚮즺??異⑹껌遺곷룄,"1,789",
1537,而ㅽ뵾?뚮즺??異⑹껌?⑤룄,"2,346",
1538,而ㅽ뵾?뚮즺???몄쥌?밸퀎?먯튂??317,,
1539,"而ㅽ뵾?뚮즺??愿묒＜愿묒뿭??""1","198""",
1540,而ㅽ뵾?뚮즺???꾨씪遺곷룄,"2,163",
1541,而ㅽ뵾?뚮즺???꾨씪?⑤룄,"1,763",
1542,而ㅽ뵾?뚮즺???援ш킅??떆,"2,481",
1543,而ㅽ뵾?뚮즺??寃쎌긽遺곷룄,"3,728",
1544,而ㅽ뵾?뚮즺??遺?곌킅??떆,"2,868",
1545,"而ㅽ뵾?뚮즺???몄궛愿묒뿭??""1","293""",
1546,而ㅽ뵾?뚮즺??寃쎌긽?⑤룄,"3,402",
1547,"而ㅽ뵾?뚮즺???쒖＜?밸퀎?먯튂??""1","005""",
1548,而댄벂?고뙋留ㅼ젏,?⑷퀎,"4,936"
1549,而댄벂?고뙋留ㅼ젏,?쒖슱?밸퀎??985,
1550,而댄벂?고뙋留ㅼ젏,?몄쿇愿묒뿭??201,
1551,而댄벂?고뙋留ㅼ젏,"寃쎄린??""1","098"""
1552,而댄벂?고뙋留ㅼ젏,媛뺤썝??179,
1553,而댄벂?고뙋留ㅼ젏,??꾧킅??떆,174
1554,而댄벂?고뙋留ㅼ젏,異⑹껌遺곷룄,187
1555,而댄벂?고뙋留ㅼ젏,異⑹껌?⑤룄,203
1556,而댄벂?고뙋留ㅼ젏,?몄쥌?밸퀎?먯튂??34,
1557,而댄벂?고뙋留ㅼ젏,愿묒＜愿묒뿭??191,
1558,而댄벂?고뙋留ㅼ젏,?꾨씪遺곷룄,214
1559,而댄벂?고뙋留ㅼ젏,?꾨씪?⑤룄,176
1560,而댄벂?고뙋留ㅼ젏,?援ш킅??떆,226
1561,而댄벂?고뙋留ㅼ젏,寃쎌긽遺곷룄,323
1562,而댄벂?고뙋留ㅼ젏,遺?곌킅??떆,243
1563,而댄벂?고뙋留ㅼ젏,?몄궛愿묒뿭??95,
1564,而댄벂?고뙋留ㅼ젏,寃쎌긽?⑤룄,314
1565,而댄벂?고뙋留ㅼ젏,?쒖＜?밸퀎?먯튂??93,
1566,?듭떊?먮ℓ???⑷퀎,"223,126",
1567,"?듭떊?먮ℓ???쒖슱?밸퀎??""67","142""",
1568,"?듭떊?먮ℓ???몄쿇愿묒뿭??""14","659""",
1569,"?듭떊?먮ℓ??寃쎄린??""64","369""",
1570,"?듭떊?먮ℓ??媛뺤썝??""3","061""",
1571,?듭떊?먮ℓ????꾧킅??떆,"5,367",
1572,?듭떊?먮ℓ??異⑹껌遺곷룄,"4,223",
1573,?듭떊?먮ℓ??異⑹껌?⑤룄,"5,346",
1574,?듭떊?먮ℓ???몄쥌?밸퀎?먯튂??867,,
1575,"?듭떊?먮ℓ??愿묒＜愿묒뿭??""5","116""",
1576,?듭떊?먮ℓ???꾨씪遺곷룄,"4,408",
1577,?듭떊?먮ℓ???꾨씪?⑤룄,"4,110",
1578,?듭떊?먮ℓ???援ш킅??떆,"10,636",
1579,?듭떊?먮ℓ??寃쎌긽遺곷룄,"7,029",
1580,?듭떊?먮ℓ??遺?곌킅??떆,"14,099",
1581,"?듭떊?먮ℓ???몄궛愿묒뿭??""2","796""",
1582,?듭떊?먮ℓ??寃쎌긽?⑤룄,"8,143",
1583,"?듭떊?먮ℓ???쒖＜?밸퀎?먯튂??""1","755""",
1584,?⑥뒪?명뫖?쒖젏,?⑷퀎,"36,388"
1585,?⑥뒪?명뫖?쒖젏,"?쒖슱?밸퀎??""5","837"""
1586,?⑥뒪?명뫖?쒖젏,"?몄쿇愿묒뿭??""1","624"""
1587,?⑥뒪?명뫖?쒖젏,"寃쎄린??""7","762"""
1588,?⑥뒪?명뫖?쒖젏,"媛뺤썝??""1","832"""
1589,?⑥뒪?명뫖?쒖젏,??꾧킅??떆,997
1590,?⑥뒪?명뫖?쒖젏,異⑹껌遺곷룄,"1,503"
1591,?⑥뒪?명뫖?쒖젏,異⑹껌?⑤룄,"1,980"
1592,?⑥뒪?명뫖?쒖젏,?몄쥌?밸퀎?먯튂??299,
1593,?⑥뒪?명뫖?쒖젏,"愿묒＜愿묒뿭??""1","002"""
1594,?⑥뒪?명뫖?쒖젏,?꾨씪遺곷룄,"1,554"
1595,?⑥뒪?명뫖?쒖젏,?꾨씪?⑤룄,"1,499"
1596,?⑥뒪?명뫖?쒖젏,?援ш킅??떆,"1,283"
1597,?⑥뒪?명뫖?쒖젏,寃쎌긽遺곷룄,"2,189"
1598,?⑥뒪?명뫖?쒖젏,遺?곌킅??떆,"2,443"
1599,?⑥뒪?명뫖?쒖젏,?몄궛愿묒뿭??928,
1600,?⑥뒪?명뫖?쒖젏,寃쎌긽?⑤룄,"3,102"
1601,?⑥뒪?명뫖?쒖젏,?쒖＜?밸퀎?먯튂??554,
1602,?쒖뀡?띻쾶?ㅽ듃?섏슦???⑷퀎,"11,260",
1603,?쒖뀡?띻쾶?ㅽ듃?섏슦???쒖슱?밸퀎??587,,
1604,?쒖뀡?띻쾶?ㅽ듃?섏슦???몄쿇愿묒뿭??533,,
1605,"?쒖뀡?띻쾶?ㅽ듃?섏슦??寃쎄린??""1","473""",
1606,"?쒖뀡?띻쾶?ㅽ듃?섏슦??媛뺤썝??""2","026""",
1607,?쒖뀡?띻쾶?ㅽ듃?섏슦????꾧킅??떆,17,
1608,?쒖뀡?띻쾶?ㅽ듃?섏슦??異⑹껌遺곷룄,294,
1609,?쒖뀡?띻쾶?ㅽ듃?섏슦??異⑹껌?⑤룄,"1,099",
1610,?쒖뀡?띻쾶?ㅽ듃?섏슦???몄쥌?밸퀎?먯튂??4,,
1611,?쒖뀡?띻쾶?ㅽ듃?섏슦??愿묒＜愿묒뿭??14,,
1612,?쒖뀡?띻쾶?ㅽ듃?섏슦???꾨씪遺곷룄,331,
1613,?쒖뀡?띻쾶?ㅽ듃?섏슦???꾨씪?⑤룄,570,
1614,?쒖뀡?띻쾶?ㅽ듃?섏슦???援ш킅??떆,22,
1615,?쒖뀡?띻쾶?ㅽ듃?섏슦??寃쎌긽遺곷룄,997,
1616,?쒖뀡?띻쾶?ㅽ듃?섏슦??遺?곌킅??떆,119,
1617,?쒖뀡?띻쾶?ㅽ듃?섏슦???몄궛愿묒뿭??111,,
1618,?쒖뀡?띻쾶?ㅽ듃?섏슦??寃쎌긽?⑤룄,"1,153",
1619,"?쒖뀡?띻쾶?ㅽ듃?섏슦???쒖＜?밸퀎?먯튂??""1","910""",
1620,?몄쓽???⑷퀎,"39,366",
1621,"?몄쓽???쒖슱?밸퀎??""7","803""",
1622,"?몄쓽???몄쿇愿묒뿭??""2","088""",
1623,"?몄쓽??寃쎄린??""9","558""",
1624,"?몄쓽??媛뺤썝??""1","589""",
1625,?몄쓽????꾧킅??떆,"1,068",
1626,?몄쓽??異⑹껌遺곷룄,"1,411",
1627,?몄쓽??異⑹껌?⑤룄,"2,074",
1628,?몄쓽???몄쥌?밸퀎?먯튂??231,,
1629,"?몄쓽??愿묒＜愿묒뿭??""1","010""",
1630,?몄쓽???꾨씪遺곷룄,"1,163",
1631,?몄쓽???꾨씪?⑤룄,"1,071",
1632,?몄쓽???援ш킅??떆,"1,441",
1633,?몄쓽??寃쎌긽遺곷룄,"1,808",
1634,?몄쓽??遺?곌킅??떆,"2,346",
1635,?몄쓽???몄궛愿묒뿭??843,,
1636,?몄쓽??寃쎌긽?⑤룄,"2,804",
1637,"?몄쓽???쒖＜?밸퀎?먯튂??""1","058""",
1638,?쇰?愿由ъ뾽,?⑷퀎,"33,073"
1639,?쇰?愿由ъ뾽,"?쒖슱?밸퀎??""6","690"""
1640,?쇰?愿由ъ뾽,"?몄쿇愿묒뿭??""1","880"""
1641,?쇰?愿由ъ뾽,"寃쎄린??""7","548"""
1642,?쇰?愿由ъ뾽,媛뺤썝??951,
1643,?쇰?愿由ъ뾽,??꾧킅??떆,"1,083"
1644,?쇰?愿由ъ뾽,異⑹껌遺곷룄,974
1645,?쇰?愿由ъ뾽,異⑹껌?⑤룄,"1,167"
1646,?쇰?愿由ъ뾽,?몄쥌?밸퀎?먯튂??140,
1647,?쇰?愿由ъ뾽,"愿묒＜愿묒뿭??""1","406"""
1648,?쇰?愿由ъ뾽,?꾨씪遺곷룄,"1,043"
1649,?쇰?愿由ъ뾽,?꾨씪?⑤룄,"1,227"
1650,?쇰?愿由ъ뾽,?援ш킅??떆,"1,395"
1651,?쇰?愿由ъ뾽,寃쎌긽遺곷룄,"1,390"
1652,?쇰?愿由ъ뾽,遺?곌킅??떆,"2,453"
1653,?쇰?愿由ъ뾽,?몄궛愿묒뿭??695,
1654,?쇰?愿由ъ뾽,寃쎌긽?⑤룄,"2,399"
1655,?쇰?愿由ъ뾽,?쒖＜?밸퀎?먯튂??632,
1656,?쇰??띾퉬?④린怨??섏썝,?⑷퀎,"3,794"
1657,?쇰??띾퉬?④린怨??섏썝,"?쒖슱?밸퀎??""1","294"""
1658,?쇰??띾퉬?④린怨??섏썝,?몄쿇愿묒뿭??167,
1659,?쇰??띾퉬?④린怨??섏썝,寃쎄린??793,
1660,?쇰??띾퉬?④린怨??섏썝,媛뺤썝??58,
1661,?쇰??띾퉬?④린怨??섏썝,??꾧킅??떆,109
1662,?쇰??띾퉬?④린怨??섏썝,異⑹껌遺곷룄,72
1663,?쇰??띾퉬?④린怨??섏썝,異⑹껌?⑤룄,95
1664,?쇰??띾퉬?④린怨??섏썝,?몄쥌?밸퀎?먯튂??14,
1665,?쇰??띾퉬?④린怨??섏썝,愿묒＜愿묒뿭??126,
1666,?쇰??띾퉬?④린怨??섏썝,?꾨씪遺곷룄,89
1667,?쇰??띾퉬?④린怨??섏썝,?꾨씪?⑤룄,72
1668,?쇰??띾퉬?④린怨??섏썝,?援ш킅??떆,202
1669,?쇰??띾퉬?④린怨??섏썝,寃쎌긽遺곷룄,98
1670,?쇰??띾퉬?④린怨??섏썝,遺?곌킅??떆,325
1671,?쇰??띾퉬?④린怨??섏썝,?몄궛愿묒뿭??76,
1672,?쇰??띾퉬?④린怨??섏썝,寃쎌긽?⑤룄,165
1673,?쇰??띾퉬?④린怨??섏썝,?쒖＜?밸퀎?먯튂??39,
1674,?쒕갑蹂묒썝?랁븳?섏썝,?⑷퀎,"14,695"
1675,?쒕갑蹂묒썝?랁븳?섏썝,"?쒖슱?밸퀎??""3","679"""
1676,?쒕갑蹂묒썝?랁븳?섏썝,?몄쿇愿묒뿭??679,
1677,?쒕갑蹂묒썝?랁븳?섏썝,"寃쎄린??""3","155"""
1678,?쒕갑蹂묒썝?랁븳?섏썝,媛뺤썝??357,
1679,?쒕갑蹂묒썝?랁븳?섏썝,??꾧킅??떆,527
1680,?쒕갑蹂묒썝?랁븳?섏썝,異⑹껌遺곷룄,401
1681,?쒕갑蹂묒썝?랁븳?섏썝,異⑹껌?⑤룄,522
1682,?쒕갑蹂묒썝?랁븳?섏썝,?몄쥌?밸퀎?먯튂??75,
1683,?쒕갑蹂묒썝?랁븳?섏썝,愿묒＜愿묒뿭??416,
1684,?쒕갑蹂묒썝?랁븳?섏썝,?꾨씪遺곷룄,538
1685,?쒕갑蹂묒썝?랁븳?섏썝,?꾨씪?⑤룄,402
1686,?쒕갑蹂묒썝?랁븳?섏썝,?援ш킅??떆,880
1687,?쒕갑蹂묒썝?랁븳?섏썝,寃쎌긽遺곷룄,635
1688,?쒕갑蹂묒썝?랁븳?섏썝,遺?곌킅??떆,"1,143"
1689,?쒕갑蹂묒썝?랁븳?섏썝,?몄궛愿묒뿭??287,
1690,?쒕갑蹂묒썝?랁븳?섏썝,寃쎌긽?⑤룄,807
1691,?쒕갑蹂묒썝?랁븳?섏썝,?쒖＜?밸퀎?먯튂??192,
1692,?쒖떇?꾨Ц???⑷퀎,"378,724",
1693,"?쒖떇?꾨Ц???쒖슱?밸퀎??""52","736""",
1694,"?쒖떇?꾨Ц???몄쿇愿묒뿭??""17","058""",
1695,"?쒖떇?꾨Ц??寃쎄린??""77","957""",
1696,"?쒖떇?꾨Ц??媛뺤썝??""19","271""",
1697,?쒖떇?꾨Ц????꾧킅??떆,"11,507",
1698,?쒖떇?꾨Ц??異⑹껌遺곷룄,"15,008",
1699,?쒖떇?꾨Ц??異⑹껌?⑤룄,"19,065",
1700,"?쒖떇?꾨Ц???몄쥌?밸퀎?먯튂??""1","928""",
1701,"?쒖떇?꾨Ц??愿묒＜愿묒뿭??""9","558""",
1702,?쒖떇?꾨Ц???꾨씪遺곷룄,"13,973",
1703,?쒖떇?꾨Ц???꾨씪?⑤룄,"17,262",
1704,?쒖떇?꾨Ц???援ш킅??떆,"19,565",
1705,?쒖떇?꾨Ц??寃쎌긽遺곷룄,"29,086",
1706,?쒖떇?꾨Ц??遺?곌킅??떆,"23,703",
1707,"?쒖떇?꾨Ц???몄궛愿묒뿭??""10","801""",
1708,?쒖떇?꾨Ц??寃쎌긽?⑤룄,"31,752",
1709,"?쒖떇?꾨Ц???쒖＜?밸퀎?먯튂??""8","494""",
1710,?ъ뒪?대읇,?⑷퀎,"7,144"
1711,?ъ뒪?대읇,"?쒖슱?밸퀎??""1","704"""
1712,?ъ뒪?대읇,?몄쿇愿묒뿭??381,
1713,?ъ뒪?대읇,"寃쎄린??""1","680"""
1714,?ъ뒪?대읇,媛뺤썝??205,
1715,?ъ뒪?대읇,??꾧킅??떆,224
1716,?ъ뒪?대읇,異⑹껌遺곷룄,249
1717,?ъ뒪?대읇,異⑹껌?⑤룄,264
1718,?ъ뒪?대읇,?몄쥌?밸퀎?먯튂??36,
1719,?ъ뒪?대읇,愿묒＜愿묒뿭??216,
1720,?ъ뒪?대읇,?꾨씪遺곷룄,213
1721,?ъ뒪?대읇,?꾨씪?⑤룄,162
1722,?ъ뒪?대읇,?援ш킅??떆,355
1723,?ъ뒪?대읇,寃쎌긽遺곷룄,343
1724,?ъ뒪?대읇,遺?곌킅??떆,490
1725,?ъ뒪?대읇,?몄궛愿묒뿭??132,
1726,?ъ뒪?대읇,寃쎌긽?⑤룄,386
1727,?ъ뒪?대읇,?쒖＜?밸퀎?먯튂??104,
1728,?명봽?꾨Ц???⑷퀎,"34,777",
1729,"?명봽?꾨Ц???쒖슱?밸퀎??""7","403""",
1730,"?명봽?꾨Ц???몄쿇愿묒뿭??""1","824""",
1731,"?명봽?꾨Ц??寃쎄린??""7","127""",
1732,"?명봽?꾨Ц??媛뺤썝??""1","485""",
1733,?명봽?꾨Ц????꾧킅??떆,"1,016",
1734,?명봽?꾨Ц??異⑹껌遺곷룄,"1,812",
1735,?명봽?꾨Ц??異⑹껌?⑤룄,"1,728",
1736,?명봽?꾨Ц???몄쥌?밸퀎?먯튂??165,,
1737,"?명봽?꾨Ц??愿묒＜愿묒뿭??""2","406""",
1738,?명봽?꾨Ц???꾨씪遺곷룄,"1,377",
1739,?명봽?꾨Ц???꾨씪?⑤룄,"2,458",
1740,?명봽?꾨Ц???援ш킅??떆,587,
1741,?명봽?꾨Ц??寃쎌긽遺곷룄,"1,068",
1742,?명봽?꾨Ц??遺?곌킅??떆,"1,839",
1743,?명봽?꾨Ц???몄궛愿묒뿭??353,,
1744,?명봽?꾨Ц??寃쎌긽?⑤룄,"1,539",
1745,?명봽?꾨Ц???쒖＜?밸퀎?먯튂??590,,
1746,?붿옣?덇?寃??⑷퀎,"34,962",
1747,"?붿옣?덇?寃??쒖슱?밸퀎??""6","811""",
1748,"?붿옣?덇?寃??몄쿇愿묒뿭??""1","449""",
1749,"?붿옣?덇?寃?寃쎄린??""7","771""",
1750,"?붿옣?덇?寃?媛뺤썝??""1","070""",
1751,?붿옣?덇?寃???꾧킅??떆,"1,220",
1752,?붿옣?덇?寃?異⑹껌遺곷룄,"1,032",
1753,?붿옣?덇?寃?異⑹껌?⑤룄,"1,287",
1754,?붿옣?덇?寃??몄쥌?밸퀎?먯튂??131,,
1755,"?붿옣?덇?寃?愿묒＜愿묒뿭??""1","118""",
1756,?붿옣?덇?寃??꾨씪遺곷룄,"1,399",
1757,?붿옣?덇?寃??꾨씪?⑤룄,"1,057",
1758,?붿옣?덇?寃??援ш킅??떆,"2,167",
1759,?붿옣?덇?寃?寃쎌긽遺곷룄,"1,871",
1760,?붿옣?덇?寃?遺?곌킅??떆,"2,496",
1761,?붿옣?덇?寃??몄궛愿묒뿭??955,,
1762,?붿옣?덇?寃?寃쎌긽?⑤룄,"2,434",
1763,?붿옣?덇?寃??쒖＜?밸퀎?먯튂??694,,
1764,?대??곌?寃??⑷퀎,"17,954",
1765,"?대??곌?寃??쒖슱?밸퀎??""2","986""",
1766,?대??곌?寃??몄쿇愿묒뿭??904,,
1767,"?대??곌?寃?寃쎄린??""3","901""",
1768,?대??곌?寃?媛뺤썝??588,,
1769,?대??곌?寃???꾧킅??떆,680,
1770,?대??곌?寃?異⑹껌遺곷룄,539,
1771,?대??곌?寃?異⑹껌?⑤룄,845,
1772,?대??곌?寃??몄쥌?밸퀎?먯튂??74,,
1773,?대??곌?寃?愿묒＜愿묒뿭??588,,
1774,?대??곌?寃??꾨씪遺곷룄,733,
1775,?대??곌?寃??꾨씪?⑤룄,619,
1776,?대??곌?寃??援ш킅??떆,"1,005",
1777,?대??곌?寃?寃쎌긽遺곷룄,"1,086",
1778,?대??곌?寃?遺?곌킅??떆,"1,396",
1779,?대??곌?寃??몄궛愿묒뿭??505,,
1780,?대??곌?寃?寃쎌긽?⑤룄,"1,292",
1781,?대??곌?寃??쒖＜?밸퀎?먯튂??213,,
1782,LPG異⑹쟾???⑷퀎,"1,605",
1783,LPG異⑹쟾???쒖슱?밸퀎??76,,
1784,LPG異⑹쟾???몄쿇愿묒뿭??70,,
1785,LPG異⑹쟾??寃쎄린??372,,
1786,LPG異⑹쟾??媛뺤썝??93,,
1787,LPG異⑹쟾????꾧킅??떆,38,
1788,LPG異⑹쟾??異⑹껌遺곷룄,75,
1789,LPG異⑹쟾??異⑹껌?⑤룄,128,
1790,LPG異⑹쟾???몄쥌?밸퀎?먯튂??4,,
1791,LPG異⑹쟾??愿묒＜愿묒뿭??41,,
1792,LPG異⑹쟾???꾨씪遺곷룄,101,
1793,LPG異⑹쟾???꾨씪?⑤룄,125,
1794,LPG異⑹쟾???援ш킅??떆,44,
1795,LPG異⑹쟾??寃쎌긽遺곷룄,163,
1796,LPG異⑹쟾??遺?곌킅??떆,58,
1797,LPG異⑹쟾???몄궛愿묒뿭??30,,
1798,LPG異⑹쟾??寃쎌긽?⑤룄,151,
1799,LPG異⑹쟾???쒖＜?밸퀎?먯튂??36,,
1800,pc諛??⑷퀎,"10,480",
1801,"pc諛??쒖슱?밸퀎??""1","731""",
1802,pc諛??몄쿇愿묒뿭??539,,
1803,"pc諛?寃쎄린??""2","413""",
1804,pc諛?媛뺤썝??420,,
1805,pc諛???꾧킅??떆,332,
1806,pc諛?異⑹껌遺곷룄,329,
1807,pc諛?異⑹껌?⑤룄,431,
1808,pc諛??몄쥌?밸퀎?먯튂??42,,
1809,pc諛?愿묒＜愿묒뿭??426,,
1810,pc諛??꾨씪遺곷룄,448,
1811,pc諛??꾨씪?⑤룄,375,
1812,pc諛??援ш킅??떆,587,
1813,pc諛?寃쎌긽遺곷룄,593,
1814,pc諛?遺?곌킅??떆,662,
1815,pc諛??몄궛愿묒뿭??297,,
1816,pc諛?寃쎌긽?⑤룄,678,
1817,pc諛??쒖＜?밸퀎?먯튂??177,,
