,corp,city,2
0,업종전체,합계,"2,326,567"
1,업종전체,서울특별시,"464,744"
2,업종전체,인천광역시,"117,732"
3,업종전체,경기도,"530,893"
4,업종전체,강원도,"83,363"
5,업종전체,대전광역시,"68,695"
6,업종전체,충청북도,"75,196"
7,업종전체,충청남도,"98,811"
8,업종전체,세종특별자치시,"11,768"
9,업종전체,광주광역시,"68,951"
10,업종전체,전라북도,"83,088"
11,업종전체,전라남도,"83,436"
12,업종전체,대구광역시,"112,294"
13,업종전체,경상북도,"126,587"
14,업종전체,부산광역시,"154,187"
15,업종전체,울산광역시,"50,524"
16,업종전체,경상남도,"154,097"
17,업종전체,제주특별자치도,"42,201"
18,가구점,합계,"7,490"
19,가구점,서울특별시,"1,027"
20,가구점,인천광역시,290
21,가구점,경기도,"1,902"
22,가구점,강원도,304
23,가구점,대전광역시,214
24,가구점,충청북도,291
25,가구점,충청남도,299
26,가구점,세종특별자치시,19
27,가구점,광주광역시,214
28,가구점,전라북도,390
29,가구점,전라남도,267
30,가구점,대구광역시,374
31,가구점,경상북도,465
32,가구점,부산광역시,510
33,가구점,울산광역시,178
34,가구점,경상남도,563
35,가구점,제주특별자치도,183
36,가전제품수리점,합계,"14,609"
37,가전제품수리점,서울특별시,"2,367"
38,가전제품수리점,인천광역시,"1,045"
39,가전제품수리점,경기도,"4,119"
40,가전제품수리점,강원도,486
41,가전제품수리점,대전광역시,502
42,가전제품수리점,충청북도,449
43,가전제품수리점,충청남도,625
44,가전제품수리점,세종특별자치시,56
45,가전제품수리점,광주광역시,445
46,가전제품수리점,전라북도,508
47,가전제품수리점,전라남도,493
48,가전제품수리점,대구광역시,704
49,가전제품수리점,경상북도,518
50,가전제품수리점,부산광역시,923
51,가전제품수리점,울산광역시,301
52,가전제품수리점,경상남도,876
53,가전제품수리점,제주특별자치도,192
54,가전제품판매점,합계,"9,970"
55,가전제품판매점,서울특별시,"1,539"
56,가전제품판매점,인천광역시,364
57,가전제품판매점,경기도,"1,855"
58,가전제품판매점,강원도,452
59,가전제품판매점,대전광역시,299
60,가전제품판매점,충청북도,428
61,가전제품판매점,충청남도,517
62,가전제품판매점,세종특별자치시,37
63,가전제품판매점,광주광역시,347
64,가전제품판매점,전라북도,532
65,가전제품판매점,전라남도,581
66,가전제품판매점,대구광역시,522
67,가전제품판매점,경상북도,696
68,가전제품판매점,부산광역시,623
69,가전제품판매점,울산광역시,195
70,가전제품판매점,경상남도,740
71,가전제품판매점,제주특별자치도,243
72,간이주점,합계,"15,298"
73,간이주점,서울특별시,"5,012"
74,간이주점,인천광역시,"1,587"
75,간이주점,경기도,"2,963"
76,간이주점,강원도,434
77,간이주점,대전광역시,72
78,간이주점,충청북도,475
79,간이주점,충청남도,719
80,간이주점,세종특별자치시,18
81,간이주점,광주광역시,186
82,간이주점,전라북도,337
83,간이주점,전라남도,257
84,간이주점,대구광역시,301
85,간이주점,경상북도,403
86,간이주점,부산광역시,"1,007"
87,간이주점,울산광역시,111
88,간이주점,경상남도,"1,248"
89,간이주점,제주특별자치도,168
90,간판광고물업,합계,"12,943"
91,간판광고물업,서울특별시,"2,696"
92,간판광고물업,인천광역시,540
93,간판광고물업,경기도,"3,136"
94,간판광고물업,강원도,507
95,간판광고물업,대전광역시,397
96,간판광고물업,충청북도,381
97,간판광고물업,충청남도,454
98,간판광고물업,세종특별자치시,29
99,간판광고물업,광주광역시,437
100,간판광고물업,전라북도,497
101,간판광고물업,전라남도,468
102,간판광고물업,대구광역시,780
103,간판광고물업,경상북도,644
104,간판광고물업,부산광역시,841
105,간판광고물업,울산광역시,257
106,간판광고물업,경상남도,688
107,간판광고물업,제주특별자치도,191
108,감정평가사,합계,"1,125"
109,감정평가사,서울특별시,242
110,감정평가사,인천광역시,75
111,감정평가사,경기도,362
112,감정평가사,강원도,30
113,감정평가사,대전광역시,28
114,감정평가사,충청북도,28
115,감정평가사,충청남도,36
116,감정평가사,세종특별자치시,12
117,감정평가사,광주광역시,32
118,감정평가사,전라북도,41
119,감정평가사,전라남도,18
120,감정평가사,대구광역시,54
121,감정평가사,경상북도,19
122,감정평가사,부산광역시,56
123,감정평가사,울산광역시,21
124,감정평가사,경상남도,57
125,감정평가사,제주특별자치도,14
126,건강보조식품가게,합계,"13,133"
127,건강보조식품가게,서울특별시,"2,085"
128,건강보조식품가게,인천광역시,634
129,건강보조식품가게,경기도,"2,557"
130,건강보조식품가게,강원도,497
131,건강보조식품가게,대전광역시,448
132,건강보조식품가게,충청북도,437
133,건강보조식품가게,충청남도,"1,212"
134,건강보조식품가게,세종특별자치시,38
135,건강보조식품가게,광주광역시,393
136,건강보조식품가게,전라북도,698
137,건강보조식품가게,전라남도,490
138,건강보조식품가게,대구광역시,595
139,건강보조식품가게,경상북도,887
140,건강보조식품가게,부산광역시,804
141,건강보조식품가게,울산광역시,215
142,건강보조식품가게,경상남도,985
143,건강보조식품가게,제주특별자치도,158
144,건어물가게,합계,"7,169"
145,건어물가게,서울특별시,751
146,건어물가게,인천광역시,369
147,건어물가게,경기도,799
148,건어물가게,강원도,672
149,건어물가게,대전광역시,116
150,건어물가게,충청북도,113
151,건어물가게,충청남도,637
152,건어물가게,세종특별자치시,14
153,건어물가게,광주광역시,167
154,건어물가게,전라북도,355
155,건어물가게,전라남도,899
156,건어물가게,대구광역시,164
157,건어물가게,경상북도,659
158,건어물가게,부산광역시,500
159,건어물가게,울산광역시,125
160,건어물가게,경상남도,720
161,건어물가게,제주특별자치도,109
162,건축사,합계,"9,713"
163,건축사,서울특별시,"2,468"
164,건축사,인천광역시,348
165,건축사,경기도,"2,022"
166,건축사,강원도,319
167,건축사,대전광역시,209
168,건축사,충청북도,279
169,건축사,충청남도,337
170,건축사,세종특별자치시,57
171,건축사,광주광역시,230
172,건축사,전라북도,347
173,건축사,전라남도,265
174,건축사,대구광역시,676
175,건축사,경상북도,468
176,건축사,부산광역시,678
177,건축사,울산광역시,212
178,건축사,경상남도,508
179,건축사,제주특별자치도,290
180,결혼상담소,합계,"1,585"
181,결혼상담소,서울특별시,430
182,결혼상담소,인천광역시,68
183,결혼상담소,경기도,232
184,결혼상담소,강원도,29
185,결혼상담소,대전광역시,62
186,결혼상담소,충청북도,54
187,결혼상담소,충청남도,74
188,결혼상담소,세종특별자치시,5
189,결혼상담소,광주광역시,75
190,결혼상담소,전라북도,76
191,결혼상담소,전라남도,49
192,결혼상담소,대구광역시,110
193,결혼상담소,경상북도,61
194,결혼상담소,부산광역시,122
195,결혼상담소,울산광역시,20
196,결혼상담소,경상남도,95
197,결혼상담소,제주특별자치도,23
198,곡물가게,합계,"5,002"
199,곡물가게,서울특별시,658
200,곡물가게,인천광역시,197
201,곡물가게,경기도,880
202,곡물가게,강원도,331
203,곡물가게,대전광역시,149
204,곡물가게,충청북도,243
205,곡물가게,충청남도,377
206,곡물가게,세종특별자치시,27
207,곡물가게,광주광역시,104
208,곡물가게,전라북도,360
209,곡물가게,전라남도,385
210,곡물가게,대구광역시,192
211,곡물가게,경상북도,369
212,곡물가게,부산광역시,339
213,곡물가게,울산광역시,42
214,곡물가게,경상남도,278
215,곡물가게,제주특별자치도,71
216,공인노무사,합계,853
217,공인노무사,서울특별시,378
218,공인노무사,인천광역시,37
219,공인노무사,경기도,141
220,공인노무사,강원도,16
221,공인노무사,대전광역시,19
222,공인노무사,충청북도,18
223,공인노무사,충청남도,17
224,공인노무사,세종특별자치시,5
225,공인노무사,광주광역시,23
226,공인노무사,전라북도,21
227,공인노무사,전라남도,10
228,공인노무사,대구광역시,31
229,공인노무사,경상북도,15
230,공인노무사,부산광역시,54
231,공인노무사,울산광역시,22
232,공인노무사,경상남도,40
233,공인노무사,제주특별자치도,6
234,공인회계사,합계,"1,836"
235,공인회계사,서울특별시,854
236,공인회계사,인천광역시,64
237,공인회계사,경기도,311
238,공인회계사,강원도,13
239,공인회계사,대전광역시,36
240,공인회계사,충청북도,32
241,공인회계사,충청남도,45
242,공인회계사,세종특별자치시,9
243,공인회계사,광주광역시,36
244,공인회계사,전라북도,34
245,공인회계사,전라남도,23
246,공인회계사,대구광역시,90
247,공인회계사,경상북도,29
248,공인회계사,부산광역시,130
249,공인회계사,울산광역시,27
250,공인회계사,경상남도,75
251,공인회계사,제주특별자치도,28
252,과일가게,합계,"11,553"
253,과일가게,서울특별시,"1,230"
254,과일가게,인천광역시,410
255,과일가게,경기도,"1,748"
256,과일가게,강원도,291
257,과일가게,대전광역시,311
258,과일가게,충청북도,643
259,과일가게,충청남도,654
260,과일가게,세종특별자치시,89
261,과일가게,광주광역시,285
262,과일가게,전라북도,577
263,과일가게,전라남도,663
264,과일가게,대구광역시,365
265,과일가게,경상북도,"1,336"
266,과일가게,부산광역시,596
267,과일가게,울산광역시,157
268,과일가게,경상남도,"1,193"
269,과일가게,제주특별자치도,"1,005"
270,교습소ㆍ공부방,합계,"31,432"
271,교습소ㆍ공부방,서울특별시,"6,760"
272,교습소ㆍ공부방,인천광역시,"1,616"
273,교습소ㆍ공부방,경기도,"7,526"
274,교습소ㆍ공부방,강원도,871
275,교습소ㆍ공부방,대전광역시,"1,266"
276,교습소ㆍ공부방,충청북도,733
277,교습소ㆍ공부방,충청남도,"1,069"
278,교습소ㆍ공부방,세종특별자치시,202
279,교습소ㆍ공부방,광주광역시,687
280,교습소ㆍ공부방,전라북도,694
281,교습소ㆍ공부방,전라남도,619
282,교습소ㆍ공부방,대구광역시,"2,418"
283,교습소ㆍ공부방,경상북도,"1,636"
284,교습소ㆍ공부방,부산광역시,"2,305"
285,교습소ㆍ공부방,울산광역시,642
286,교습소ㆍ공부방,경상남도,"1,889"
287,교습소ㆍ공부방,제주특별자치도,499
288,교습학원,합계,"55,839"
289,교습학원,서울특별시,"10,386"
290,교습학원,인천광역시,"2,482"
291,교습학원,경기도,"14,676"
292,교습학원,강원도,"1,461"
293,교습학원,대전광역시,"1,304"
294,교습학원,충청북도,"1,471"
295,교습학원,충청남도,"1,824"
296,교습학원,세종특별자치시,382
297,교습학원,광주광역시,"2,420"
298,교습학원,전라북도,"2,439"
299,교습학원,전라남도,"1,807"
300,교습학원,대구광역시,"2,617"
301,교습학원,경상북도,"2,636"
302,교습학원,부산광역시,"3,517"
303,교습학원,울산광역시,"1,696"
304,교습학원,경상남도,"4,022"
305,교습학원,제주특별자치도,699
306,구내식당,합계,"22,919"
307,구내식당,서울특별시,"4,261"
308,구내식당,인천광역시,"1,440"
309,구내식당,경기도,"5,565"
310,구내식당,강원도,635
311,구내식당,대전광역시,720
312,구내식당,충청북도,792
313,구내식당,충청남도,"1,073"
314,구내식당,세종특별자치시,87
315,구내식당,광주광역시,413
316,구내식당,전라북도,837
317,구내식당,전라남도,693
318,구내식당,대구광역시,940
319,구내식당,경상북도,"1,382"
320,구내식당,부산광역시,"1,525"
321,구내식당,울산광역시,461
322,구내식당,경상남도,"1,932"
323,구내식당,제주특별자치도,163
324,기술및직업훈련학원,합계,"12,662"
325,기술및직업훈련학원,서울특별시,"2,877"
326,기술및직업훈련학원,인천광역시,495
327,기술및직업훈련학원,경기도,"2,827"
328,기술및직업훈련학원,강원도,380
329,기술및직업훈련학원,대전광역시,435
330,기술및직업훈련학원,충청북도,335
331,기술및직업훈련학원,충청남도,472
332,기술및직업훈련학원,세종특별자치시,96
333,기술및직업훈련학원,광주광역시,462
334,기술및직업훈련학원,전라북도,457
335,기술및직업훈련학원,전라남도,404
336,기술및직업훈련학원,대구광역시,724
337,기술및직업훈련학원,경상북도,521
338,기술및직업훈련학원,부산광역시,893
339,기술및직업훈련학원,울산광역시,304
340,기술및직업훈련학원,경상남도,768
341,기술및직업훈련학원,제주특별자치도,212
342,기술사,합계,"1,022"
343,기술사,서울특별시,284
344,기술사,인천광역시,27
345,기술사,경기도,228
346,기술사,강원도,37
347,기술사,대전광역시,25
348,기술사,충청북도,36
349,기술사,충청남도,29
350,기술사,세종특별자치시,3
351,기술사,광주광역시,36
352,기술사,전라북도,34
353,기술사,전라남도,34
354,기술사,대구광역시,31
355,기술사,경상북도,39
356,기술사,부산광역시,61
357,기술사,울산광역시,19
358,기술사,경상남도,82
359,기술사,제주특별자치도,17
360,기타 일반의원,합계,"3,212"
361,기타 일반의원,서울특별시,874
362,기타 일반의원,인천광역시,144
363,기타 일반의원,경기도,634
364,기타 일반의원,강원도,63
365,기타 일반의원,대전광역시,142
366,기타 일반의원,충청북도,93
367,기타 일반의원,충청남도,102
368,기타 일반의원,세종특별자치시,19
369,기타 일반의원,광주광역시,125
370,기타 일반의원,전라북도,170
371,기타 일반의원,전라남도,106
372,기타 일반의원,대구광역시,157
373,기타 일반의원,경상북도,106
374,기타 일반의원,부산광역시,226
375,기타 일반의원,울산광역시,50
376,기타 일반의원,경상남도,145
377,기타 일반의원,제주특별자치도,56
378,기타외국식전문점,합계,"23,114"
379,기타외국식전문점,서울특별시,"7,083"
380,기타외국식전문점,인천광역시,758
381,기타외국식전문점,경기도,"4,660"
382,기타외국식전문점,강원도,759
383,기타외국식전문점,대전광역시,578
384,기타외국식전문점,충청북도,471
385,기타외국식전문점,충청남도,685
386,기타외국식전문점,세종특별자치시,163
387,기타외국식전문점,광주광역시,376
388,기타외국식전문점,전라북도,728
389,기타외국식전문점,전라남도,411
390,기타외국식전문점,대구광역시,"1,205"
391,기타외국식전문점,경상북도,704
392,기타외국식전문점,부산광역시,"1,833"
393,기타외국식전문점,울산광역시,723
394,기타외국식전문점,경상남도,"1,212"
395,기타외국식전문점,제주특별자치도,765
396,기타음식점,합계,"24,361"
397,기타음식점,서울특별시,"4,789"
398,기타음식점,인천광역시,"1,035"
399,기타음식점,경기도,"5,616"
400,기타음식점,강원도,"1,030"
401,기타음식점,대전광역시,597
402,기타음식점,충청북도,716
403,기타음식점,충청남도,"1,046"
404,기타음식점,세종특별자치시,102
405,기타음식점,광주광역시,"1,027"
406,기타음식점,전라북도,705
407,기타음식점,전라남도,853
408,기타음식점,대구광역시,"1,298"
409,기타음식점,경상북도,"1,162"
410,기타음식점,부산광역시,"1,657"
411,기타음식점,울산광역시,497
412,기타음식점,경상남도,"1,830"
413,기타음식점,제주특별자치도,401
414,꽃가게,합계,"21,498"
415,꽃가게,서울특별시,"4,231"
416,꽃가게,인천광역시,905
417,꽃가게,경기도,"4,920"
418,꽃가게,강원도,629
419,꽃가게,대전광역시,676
420,꽃가게,충청북도,763
421,꽃가게,충청남도,937
422,꽃가게,세종특별자치시,93
423,꽃가게,광주광역시,734
424,꽃가게,전라북도,886
425,꽃가게,전라남도,901
426,꽃가게,대구광역시,"1,064"
427,꽃가게,경상북도,"1,213"
428,꽃가게,부산광역시,"1,230"
429,꽃가게,울산광역시,482
430,꽃가게,경상남도,"1,532"
431,꽃가게,제주특별자치도,302
432,내과ㆍ소아과 의원,합계,"11,330"
433,내과ㆍ소아과 의원,서울특별시,"2,461"
434,내과ㆍ소아과 의원,인천광역시,589
435,내과ㆍ소아과 의원,경기도,"2,570"
436,내과ㆍ소아과 의원,강원도,325
437,내과ㆍ소아과 의원,대전광역시,383
438,내과ㆍ소아과 의원,충청북도,312
439,내과ㆍ소아과 의원,충청남도,440
440,내과ㆍ소아과 의원,세종특별자치시,63
441,내과ㆍ소아과 의원,광주광역시,331
442,내과ㆍ소아과 의원,전라북도,435
443,내과ㆍ소아과 의원,전라남도,450
444,내과ㆍ소아과 의원,대구광역시,566
445,내과ㆍ소아과 의원,경상북도,533
446,내과ㆍ소아과 의원,부산광역시,813
447,내과ㆍ소아과 의원,울산광역시,230
448,내과ㆍ소아과 의원,경상남도,677
449,내과ㆍ소아과 의원,제주특별자치도,152
450,노래방,합계,"30,976"
451,노래방,서울특별시,"5,877"
452,노래방,인천광역시,"2,354"
453,노래방,경기도,"7,343"
454,노래방,강원도,864
455,노래방,대전광역시,"1,337"
456,노래방,충청북도,"1,148"
457,노래방,충청남도,"1,225"
458,노래방,세종특별자치시,146
459,노래방,광주광역시,"1,101"
460,노래방,전라북도,852
461,노래방,전라남도,760
462,노래방,대구광역시,"1,760"
463,노래방,경상북도,"1,644"
464,노래방,부산광역시,"1,831"
465,노래방,울산광역시,774
466,노래방,경상남도,"1,669"
467,노래방,제주특별자치도,291
468,담배가게,합계,"13,120"
469,담배가게,서울특별시,"2,342"
470,담배가게,인천광역시,363
471,담배가게,경기도,"1,631"
472,담배가게,강원도,603
473,담배가게,대전광역시,306
474,담배가게,충청북도,549
475,담배가게,충청남도,604
476,담배가게,세종특별자치시,40
477,담배가게,광주광역시,318
478,담배가게,전라북도,646
479,담배가게,전라남도,"1,022"
480,담배가게,대구광역시,544
481,담배가게,경상북도,"1,384"
482,담배가게,부산광역시,"1,220"
483,담배가게,울산광역시,242
484,담배가게,경상남도,"1,131"
485,담배가게,제주특별자치도,175
486,당구장,합계,"18,487"
487,당구장,서울특별시,"3,306"
488,당구장,인천광역시,"1,179"
489,당구장,경기도,"4,693"
490,당구장,강원도,805
491,당구장,대전광역시,529
492,당구장,충청북도,700
493,당구장,충청남도,846
494,당구장,세종특별자치시,94
495,당구장,광주광역시,490
496,당구장,전라북도,604
497,당구장,전라남도,700
498,당구장,대구광역시,664
499,당구장,경상북도,927
500,당구장,부산광역시,996
501,당구장,울산광역시,510
502,당구장,경상남도,"1,130"
503,당구장,제주특별자치도,314
504,독서실,합계,"9,905"
505,독서실,서울특별시,"3,568"
506,독서실,인천광역시,448
507,독서실,경기도,"2,453"
508,독서실,강원도,149
509,독서실,대전광역시,236
510,독서실,충청북도,189
511,독서실,충청남도,232
512,독서실,세종특별자치시,27
513,독서실,광주광역시,370
514,독서실,전라북도,268
515,독서실,전라남도,162
516,독서실,대구광역시,406
517,독서실,경상북도,233
518,독서실,부산광역시,446
519,독서실,울산광역시,238
520,독서실,경상남도,397
521,독서실,제주특별자치도,83
522,동물병원,합계,"4,046"
523,동물병원,서울특별시,823
524,동물병원,인천광역시,188
525,동물병원,경기도,"1,038"
526,동물병원,강원도,94
527,동물병원,대전광역시,104
528,동물병원,충청북도,105
529,동물병원,충청남도,181
530,동물병원,세종특별자치시,21
531,동물병원,광주광역시,102
532,동물병원,전라북도,157
533,동물병원,전라남도,154
534,동물병원,대구광역시,165
535,동물병원,경상북도,263
536,동물병원,부산광역시,238
537,동물병원,울산광역시,74
538,동물병원,경상남도,268
539,동물병원,제주특별자치도,71
540,목욕탕,합계,"5,579"
541,목욕탕,서울특별시,741
542,목욕탕,인천광역시,207
543,목욕탕,경기도,775
544,목욕탕,강원도,185
545,목욕탕,대전광역시,101
546,목욕탕,충청북도,145
547,목욕탕,충청남도,195
548,목욕탕,세종특별자치시,12
549,목욕탕,광주광역시,186
550,목욕탕,전라북도,208
551,목욕탕,전라남도,298
552,목욕탕,대구광역시,275
553,목욕탕,경상북도,421
554,목욕탕,부산광역시,759
555,목욕탕,울산광역시,180
556,목욕탕,경상남도,778
557,목욕탕,제주특별자치도,113
558,문구점,합계,"9,279"
559,문구점,서울특별시,"1,579"
560,문구점,인천광역시,474
561,문구점,경기도,"2,136"
562,문구점,강원도,390
563,문구점,대전광역시,317
564,문구점,충청북도,337
565,문구점,충청남도,434
566,문구점,세종특별자치시,73
567,문구점,광주광역시,288
568,문구점,전라북도,435
569,문구점,전라남도,428
570,문구점,대구광역시,347
571,문구점,경상북도,538
572,문구점,부산광역시,524
573,문구점,울산광역시,194
574,문구점,경상남도,634
575,문구점,제주특별자치도,151
576,미용실,합계,"99,709"
577,미용실,서울특별시,"17,812"
578,미용실,인천광역시,"5,353"
579,미용실,경기도,"22,404"
580,미용실,강원도,"3,508"
581,미용실,대전광역시,"3,251"
582,미용실,충청북도,"3,394"
583,미용실,충청남도,"4,147"
584,미용실,세종특별자치시,375
585,미용실,광주광역시,"3,170"
586,미용실,전라북도,"3,779"
587,미용실,전라남도,"3,434"
588,미용실,대구광역시,"5,285"
589,미용실,경상북도,"5,731"
590,미용실,부산광역시,"7,356"
591,미용실,울산광역시,"2,550"
592,미용실,경상남도,"6,828"
593,미용실,제주특별자치도,"1,332"
594,법무사,합계,"6,446"
595,법무사,서울특별시,"1,933"
596,법무사,인천광역시,282
597,법무사,경기도,"1,211"
598,법무사,강원도,190
599,법무사,대전광역시,158
600,법무사,충청북도,167
601,법무사,충청남도,214
602,법무사,세종특별자치시,19
603,법무사,광주광역시,224
604,법무사,전라북도,230
605,법무사,전라남도,213
606,법무사,대구광역시,297
607,법무사,경상북도,261
608,법무사,부산광역시,459
609,법무사,울산광역시,114
610,법무사,경상남도,386
611,법무사,제주특별자치도,88
612,변리사,합계,987
613,변리사,서울특별시,691
614,변리사,인천광역시,15
615,변리사,경기도,92
616,변리사,강원도,*
617,변리사,대전광역시,88
618,변리사,충청북도,4
619,변리사,충청남도,5
620,변리사,세종특별자치시,0
621,변리사,광주광역시,11
622,변리사,전라북도,6
623,변리사,전라남도,*
624,변리사,대구광역시,23
625,변리사,경상북도,3
626,변리사,부산광역시,29
627,변리사,울산광역시,5
628,변리사,경상남도,10
629,변리사,제주특별자치도,*
630,변호사,합계,"7,141"
631,변호사,서울특별시,"3,679"
632,변호사,인천광역시,244
633,변호사,경기도,930
634,변호사,강원도,114
635,변호사,대전광역시,217
636,변호사,충청북도,104
637,변호사,충청남도,131
638,변호사,세종특별자치시,18
639,변호사,광주광역시,212
640,변호사,전라북도,182
641,변호사,전라남도,90
642,변호사,대구광역시,265
643,변호사,경상북도,115
644,변호사,부산광역시,419
645,변호사,울산광역시,120
646,변호사,경상남도,223
647,변호사,제주특별자치도,78
648,부동산중개업,합계,"123,482"
649,부동산중개업,서울특별시,"30,344"
650,부동산중개업,인천광역시,"6,681"
651,부동산중개업,경기도,"34,168"
652,부동산중개업,강원도,"2,589"
653,부동산중개업,대전광역시,"3,202"
654,부동산중개업,충청북도,"2,859"
655,부동산중개업,충청남도,"4,157"
656,부동산중개업,세종특별자치시,"1,297"
657,부동산중개업,광주광역시,"3,969"
658,부동산중개업,전라북도,"3,194"
659,부동산중개업,전라남도,"2,185"
660,부동산중개업,대구광역시,"5,613"
661,부동산중개업,경상북도,"4,179"
662,부동산중개업,부산광역시,"7,889"
663,부동산중개업,울산광역시,"2,305"
664,부동산중개업,경상남도,"6,954"
665,부동산중개업,제주특별자치도,"1,897"
666,분식점,합계,"53,968"
667,분식점,서울특별시,"11,052"
668,분식점,인천광역시,"2,546"
669,분식점,경기도,"12,655"
670,분식점,강원도,"1,594"
671,분식점,대전광역시,"2,035"
672,분식점,충청북도,"2,226"
673,분식점,충청남도,"2,333"
674,분식점,세종특별자치시,197
675,분식점,광주광역시,"1,657"
676,분식점,전라북도,"1,933"
677,분식점,전라남도,"1,421"
678,분식점,대구광역시,"2,334"
679,분식점,경상북도,"2,449"
680,분식점,부산광역시,"4,055"
681,분식점,울산광역시,743
682,분식점,경상남도,"3,942"
683,분식점,제주특별자치도,796
684,사진촬영업,합계,"13,690"
685,사진촬영업,서울특별시,"4,505"
686,사진촬영업,인천광역시,632
687,사진촬영업,경기도,"2,816"
688,사진촬영업,강원도,398
689,사진촬영업,대전광역시,388
690,사진촬영업,충청북도,308
691,사진촬영업,충청남도,383
692,사진촬영업,세종특별자치시,52
693,사진촬영업,광주광역시,396
694,사진촬영업,전라북도,429
695,사진촬영업,전라남도,323
696,사진촬영업,대구광역시,624
697,사진촬영업,경상북도,514
698,사진촬영업,부산광역시,801
699,사진촬영업,울산광역시,219
700,사진촬영업,경상남도,592
701,사진촬영업,제주특별자치도,310
702,산부인과 의원,합계,"1,660"
703,산부인과 의원,서울특별시,501
704,산부인과 의원,인천광역시,78
705,산부인과 의원,경기도,328
706,산부인과 의원,강원도,37
707,산부인과 의원,대전광역시,61
708,산부인과 의원,충청북도,46
709,산부인과 의원,충청남도,48
710,산부인과 의원,세종특별자치시,9
711,산부인과 의원,광주광역시,52
712,산부인과 의원,전라북도,57
713,산부인과 의원,전라남도,25
714,산부인과 의원,대구광역시,104
715,산부인과 의원,경상북도,66
716,산부인과 의원,부산광역시,102
717,산부인과 의원,울산광역시,41
718,산부인과 의원,경상남도,83
719,산부인과 의원,제주특별자치도,22
720,생선가게,합계,"10,959"
721,생선가게,서울특별시,"1,491"
722,생선가게,인천광역시,713
723,생선가게,경기도,"1,154"
724,생선가게,강원도,405
725,생선가게,대전광역시,150
726,생선가게,충청북도,142
727,생선가게,충청남도,723
728,생선가게,세종특별자치시,16
729,생선가게,광주광역시,315
730,생선가게,전라북도,578
731,생선가게,전라남도,"1,524"
732,생선가게,대구광역시,206
733,생선가게,경상북도,847
734,생선가게,부산광역시,"1,053"
735,생선가게,울산광역시,393
736,생선가게,경상남도,839
737,생선가게,제주특별자치도,410
738,서점,합계,"8,208"
739,서점,서울특별시,"1,625"
740,서점,인천광역시,363
741,서점,경기도,"1,883"
742,서점,강원도,230
743,서점,대전광역시,340
744,서점,충청북도,245
745,서점,충청남도,341
746,서점,세종특별자치시,59
747,서점,광주광역시,267
748,서점,전라북도,345
749,서점,전라남도,244
750,서점,대구광역시,511
751,서점,경상북도,373
752,서점,부산광역시,567
753,서점,울산광역시,187
754,서점,경상남도,492
755,서점,제주특별자치도,136
756,성형외과 의원,합계,"1,444"
757,성형외과 의원,서울특별시,702
758,성형외과 의원,인천광역시,48
759,성형외과 의원,경기도,187
760,성형외과 의원,강원도,16
761,성형외과 의원,대전광역시,43
762,성형외과 의원,충청북도,23
763,성형외과 의원,충청남도,28
764,성형외과 의원,세종특별자치시,5
765,성형외과 의원,광주광역시,46
766,성형외과 의원,전라북도,26
767,성형외과 의원,전라남도,14
768,성형외과 의원,대구광역시,75
769,성형외과 의원,경상북도,15
770,성형외과 의원,부산광역시,136
771,성형외과 의원,울산광역시,20
772,성형외과 의원,경상남도,40
773,성형외과 의원,제주특별자치도,20
774,세무사,합계,"12,130"
775,세무사,서울특별시,"4,981"
776,세무사,인천광역시,510
777,세무사,경기도,"2,661"
778,세무사,강원도,169
779,세무사,대전광역시,273
780,세무사,충청북도,165
781,세무사,충청남도,257
782,세무사,세종특별자치시,41
783,세무사,광주광역시,301
784,세무사,전라북도,266
785,세무사,전라남도,129
786,세무사,대구광역시,541
787,세무사,경상북도,230
788,세무사,부산광역시,930
789,세무사,울산광역시,161
790,세무사,경상남도,413
791,세무사,제주특별자치도,102
792,세탁소,합계,"22,875"
793,세탁소,서울특별시,"4,496"
794,세탁소,인천광역시,"1,206"
795,세탁소,경기도,"5,221"
796,세탁소,강원도,909
797,세탁소,대전광역시,871
798,세탁소,충청북도,870
799,세탁소,충청남도,"1,087"
800,세탁소,세종특별자치시,94
801,세탁소,광주광역시,837
802,세탁소,전라북도,861
803,세탁소,전라남도,789
804,세탁소,대구광역시,830
805,세탁소,경상북도,"1,230"
806,세탁소,부산광역시,"1,286"
807,세탁소,울산광역시,434
808,세탁소,경상남도,"1,259"
809,세탁소,제주특별자치도,595
810,슈퍼마켓,합계,"30,091"
811,슈퍼마켓,서울특별시,"4,075"
812,슈퍼마켓,인천광역시,"1,897"
813,슈퍼마켓,경기도,"8,067"
814,슈퍼마켓,강원도,"1,031"
815,슈퍼마켓,대전광역시,687
816,슈퍼마켓,충청북도,994
817,슈퍼마켓,충청남도,"1,226"
818,슈퍼마켓,세종특별자치시,136
819,슈퍼마켓,광주광역시,869
820,슈퍼마켓,전라북도,"1,004"
821,슈퍼마켓,전라남도,"1,223"
822,슈퍼마켓,대구광역시,"1,755"
823,슈퍼마켓,경상북도,"1,877"
824,슈퍼마켓,부산광역시,"1,948"
825,슈퍼마켓,울산광역시,904
826,슈퍼마켓,경상남도,"1,980"
827,슈퍼마켓,제주특별자치도,418
828,스포츠교육기관,합계,"23,822"
829,스포츠교육기관,서울특별시,"4,373"
830,스포츠교육기관,인천광역시,"1,294"
831,스포츠교육기관,경기도,"6,112"
832,스포츠교육기관,강원도,673
833,스포츠교육기관,대전광역시,786
834,스포츠교육기관,충청북도,716
835,스포츠교육기관,충청남도,863
836,스포츠교육기관,세종특별자치시,173
837,스포츠교육기관,광주광역시,871
838,스포츠교육기관,전라북도,807
839,스포츠교육기관,전라남도,684
840,스포츠교육기관,대구광역시,"1,199"
841,스포츠교육기관,경상북도,"1,080"
842,스포츠교육기관,부산광역시,"1,592"
843,스포츠교육기관,울산광역시,555
844,스포츠교육기관,경상남도,"1,671"
845,스포츠교육기관,제주특별자치도,373
846,스포츠시설운영업,합계,"7,289"
847,스포츠시설운영업,서울특별시,"2,036"
848,스포츠시설운영업,인천광역시,386
849,스포츠시설운영업,경기도,"1,922"
850,스포츠시설운영업,강원도,223
851,스포츠시설운영업,대전광역시,178
852,스포츠시설운영업,충청북도,168
853,스포츠시설운영업,충청남도,186
854,스포츠시설운영업,세종특별자치시,32
855,스포츠시설운영업,광주광역시,211
856,스포츠시설운영업,전라북도,254
857,스포츠시설운영업,전라남도,160
858,스포츠시설운영업,대구광역시,258
859,스포츠시설운영업,경상북도,243
860,스포츠시설운영업,부산광역시,426
861,스포츠시설운영업,울산광역시,117
862,스포츠시설운영업,경상남도,364
863,스포츠시설운영업,제주특별자치도,125
864,스포츠용품점,합계,"15,029"
865,스포츠용품점,서울특별시,"1,462"
866,스포츠용품점,인천광역시,503
867,스포츠용품점,경기도,"3,092"
868,스포츠용품점,강원도,843
869,스포츠용품점,대전광역시,393
870,스포츠용품점,충청북도,649
871,스포츠용품점,충청남도,"1,003"
872,스포츠용품점,세종특별자치시,59
873,스포츠용품점,광주광역시,432
874,스포츠용품점,전라북도,900
875,스포츠용품점,전라남도,931
876,스포츠용품점,대구광역시,685
877,스포츠용품점,경상북도,"1,252"
878,스포츠용품점,부산광역시,716
879,스포츠용품점,울산광역시,286
880,스포츠용품점,경상남도,"1,389"
881,스포츠용품점,제주특별자치도,434
882,시계ㆍ귀금속점,합계,"8,141"
883,시계ㆍ귀금속점,서울특별시,"1,903"
884,시계ㆍ귀금속점,인천광역시,345
885,시계ㆍ귀금속점,경기도,"1,276"
886,시계ㆍ귀금속점,강원도,239
887,시계ㆍ귀금속점,대전광역시,225
888,시계ㆍ귀금속점,충청북도,252
889,시계ㆍ귀금속점,충청남도,316
890,시계ㆍ귀금속점,세종특별자치시,17
891,시계ㆍ귀금속점,광주광역시,261
892,시계ㆍ귀금속점,전라북도,379
893,시계ㆍ귀금속점,전라남도,280
894,시계ㆍ귀금속점,대구광역시,542
895,시계ㆍ귀금속점,경상북도,436
896,시계ㆍ귀금속점,부산광역시,790
897,시계ㆍ귀금속점,울산광역시,222
898,시계ㆍ귀금속점,경상남도,560
899,시계ㆍ귀금속점,제주특별자치도,98
900,식료품가게,합계,"49,608"
901,식료품가게,서울특별시,"5,642"
902,식료품가게,인천광역시,"2,119"
903,식료품가게,경기도,"8,868"
904,식료품가게,강원도,"2,924"
905,식료품가게,대전광역시,"1,393"
906,식료품가게,충청북도,"2,311"
907,식료품가게,충청남도,"3,421"
908,식료품가게,세종특별자치시,225
909,식료품가게,광주광역시,"1,492"
910,식료품가게,전라북도,"3,482"
911,식료품가게,전라남도,"3,682"
912,식료품가게,대구광역시,"1,703"
913,식료품가게,경상북도,"3,581"
914,식료품가게,부산광역시,"3,174"
915,식료품가게,울산광역시,765
916,식료품가게,경상남도,"4,008"
917,식료품가게,제주특별자치도,818
918,신경정신과 의원,합계,"1,683"
919,신경정신과 의원,서울특별시,460
920,신경정신과 의원,인천광역시,69
921,신경정신과 의원,경기도,367
922,신경정신과 의원,강원도,36
923,신경정신과 의원,대전광역시,73
924,신경정신과 의원,충청북도,45
925,신경정신과 의원,충청남도,50
926,신경정신과 의원,세종특별자치시,11
927,신경정신과 의원,광주광역시,48
928,신경정신과 의원,전라북도,66
929,신경정신과 의원,전라남도,42
930,신경정신과 의원,대구광역시,105
931,신경정신과 의원,경상북도,50
932,신경정신과 의원,부산광역시,145
933,신경정신과 의원,울산광역시,25
934,신경정신과 의원,경상남도,70
935,신경정신과 의원,제주특별자치도,21
936,신발가게,합계,"6,738"
937,신발가게,서울특별시,"1,406"
938,신발가게,인천광역시,365
939,신발가게,경기도,"1,242"
940,신발가게,강원도,250
941,신발가게,대전광역시,202
942,신발가게,충청북도,239
943,신발가게,충청남도,290
944,신발가게,세종특별자치시,22
945,신발가게,광주광역시,213
946,신발가게,전라북도,309
947,신발가게,전라남도,263
948,신발가게,대구광역시,335
949,신발가게,경상북도,382
950,신발가게,부산광역시,564
951,신발가게,울산광역시,118
952,신발가게,경상남도,426
953,신발가게,제주특별자치도,112
954,실내스크린골프점,합계,"4,665"
955,실내스크린골프점,서울특별시,646
956,실내스크린골프점,인천광역시,191
957,실내스크린골프점,경기도,"1,199"
958,실내스크린골프점,강원도,145
959,실내스크린골프점,대전광역시,146
960,실내스크린골프점,충청북도,172
961,실내스크린골프점,충청남도,209
962,실내스크린골프점,세종특별자치시,25
963,실내스크린골프점,광주광역시,111
964,실내스크린골프점,전라북도,175
965,실내스크린골프점,전라남도,158
966,실내스크린골프점,대구광역시,278
967,실내스크린골프점,경상북도,271
968,실내스크린골프점,부산광역시,299
969,실내스크린골프점,울산광역시,169
970,실내스크린골프점,경상남도,395
971,실내스크린골프점,제주특별자치도,76
972,실내장식가게,합계,"53,849"
973,실내장식가게,서울특별시,"13,447"
974,실내장식가게,인천광역시,"3,088"
975,실내장식가게,경기도,"15,793"
976,실내장식가게,강원도,"1,021"
977,실내장식가게,대전광역시,"1,747"
978,실내장식가게,충청북도,"1,185"
979,실내장식가게,충청남도,"1,387"
980,실내장식가게,세종특별자치시,206
981,실내장식가게,광주광역시,"1,900"
982,실내장식가게,전라북도,228
983,실내장식가게,전라남도,"1,133"
984,실내장식가게,대구광역시,"2,443"
985,실내장식가게,경상북도,"1,699"
986,실내장식가게,부산광역시,"3,865"
987,실내장식가게,울산광역시,989
988,실내장식가게,경상남도,"2,583"
989,실내장식가게,제주특별자치도,"1,135"
990,실외골프연습장,합계,"2,304"
991,실외골프연습장,서울특별시,371
992,실외골프연습장,인천광역시,79
993,실외골프연습장,경기도,513
994,실외골프연습장,강원도,112
995,실외골프연습장,대전광역시,64
996,실외골프연습장,충청북도,104
997,실외골프연습장,충청남도,102
998,실외골프연습장,세종특별자치시,6
999,실외골프연습장,광주광역시,47
1000,실외골프연습장,전라북도,96
1001,실외골프연습장,전라남도,95
1002,실외골프연습장,대구광역시,100
1003,실외골프연습장,경상북도,199
1004,실외골프연습장,부산광역시,143
1005,실외골프연습장,울산광역시,50
1006,실외골프연습장,경상남도,169
1007,실외골프연습장,제주특별자치도,54
1008,안경점,합계,"9,165"
1009,안경점,서울특별시,"2,062"
1010,안경점,인천광역시,426
1011,안경점,경기도,"1,945"
1012,안경점,강원도,245
1013,안경점,대전광역시,318
1014,안경점,충청북도,287
1015,안경점,충청남도,336
1016,안경점,세종특별자치시,42
1017,안경점,광주광역시,347
1018,안경점,전라북도,348
1019,안경점,전라남도,303
1020,안경점,대구광역시,490
1021,안경점,경상북도,429
1022,안경점,부산광역시,649
1023,안경점,울산광역시,224
1024,안경점,경상남도,595
1025,안경점,제주특별자치도,119
1026,안과 의원,합계,"1,646"
1027,안과 의원,서울특별시,444
1028,안과 의원,인천광역시,67
1029,안과 의원,경기도,351
1030,안과 의원,강원도,42
1031,안과 의원,대전광역시,48
1032,안과 의원,충청북도,39
1033,안과 의원,충청남도,53
1034,안과 의원,세종특별자치시,5
1035,안과 의원,광주광역시,40
1036,안과 의원,전라북도,63
1037,안과 의원,전라남도,50
1038,안과 의원,대구광역시,101
1039,안과 의원,경상북도,68
1040,안과 의원,부산광역시,132
1041,안과 의원,울산광역시,33
1042,안과 의원,경상남도,91
1043,안과 의원,제주특별자치도,19
1044,애완용품점,합계,"7,835"
1045,애완용품점,서울특별시,"1,322"
1046,애완용품점,인천광역시,491
1047,애완용품점,경기도,"2,338"
1048,애완용품점,강원도,208
1049,애완용품점,대전광역시,270
1050,애완용품점,충청북도,227
1051,애완용품점,충청남도,321
1052,애완용품점,세종특별자치시,23
1053,애완용품점,광주광역시,199
1054,애완용품점,전라북도,209
1055,애완용품점,전라남도,180
1056,애완용품점,대구광역시,345
1057,애완용품점,경상북도,394
1058,애완용품점,부산광역시,585
1059,애완용품점,울산광역시,131
1060,애완용품점,경상남도,507
1061,애완용품점,제주특별자치도,85
1062,약국,합계,"22,440"
1063,약국,서울특별시,"5,065"
1064,약국,인천광역시,"1,087"
1065,약국,경기도,"4,901"
1066,약국,강원도,672
1067,약국,대전광역시,742
1068,약국,충청북도,669
1069,약국,충청남도,934
1070,약국,세종특별자치시,112
1071,약국,광주광역시,672
1072,약국,전라북도,910
1073,약국,전라남도,785
1074,약국,대구광역시,"1,278"
1075,약국,경상북도,"1,100"
1076,약국,부산광역시,"1,524"
1077,약국,울산광역시,417
1078,약국,경상남도,"1,285"
1079,약국,제주특별자치도,287
1080,여관ㆍ모텔,합계,"21,275"
1081,여관ㆍ모텔,서울특별시,"2,055"
1082,여관ㆍ모텔,인천광역시,835
1083,여관ㆍ모텔,경기도,"3,290"
1084,여관ㆍ모텔,강원도,"1,569"
1085,여관ㆍ모텔,대전광역시,651
1086,여관ㆍ모텔,충청북도,868
1087,여관ㆍ모텔,충청남도,"1,505"
1088,여관ㆍ모텔,세종특별자치시,67
1089,여관ㆍ모텔,광주광역시,527
1090,여관ㆍ모텔,전라북도,"1,033"
1091,여관ㆍ모텔,전라남도,"1,316"
1092,여관ㆍ모텔,대구광역시,739
1093,여관ㆍ모텔,경상북도,"1,981"
1094,여관ㆍ모텔,부산광역시,"1,425"
1095,여관ㆍ모텔,울산광역시,629
1096,여관ㆍ모텔,경상남도,"2,365"
1097,여관ㆍ모텔,제주특별자치도,420
1098,여행사,합계,"14,057"
1099,여행사,서울특별시,"5,607"
1100,여행사,인천광역시,404
1101,여행사,경기도,"1,720"
1102,여행사,강원도,332
1103,여행사,대전광역시,323
1104,여행사,충청북도,277
1105,여행사,충청남도,315
1106,여행사,세종특별자치시,49
1107,여행사,광주광역시,409
1108,여행사,전라북도,419
1109,여행사,전라남도,432
1110,여행사,대구광역시,528
1111,여행사,경상북도,457
1112,여행사,부산광역시,"1,087"
1113,여행사,울산광역시,189
1114,여행사,경상남도,575
1115,여행사,제주특별자치도,934
1116,예술학원,합계,"30,770"
1117,예술학원,서울특별시,"5,505"
1118,예술학원,인천광역시,"1,507"
1119,예술학원,경기도,"8,484"
1120,예술학원,강원도,867
1121,예술학원,대전광역시,898
1122,예술학원,충청북도,888
1123,예술학원,충청남도,"1,092"
1124,예술학원,세종특별자치시,256
1125,예술학원,광주광역시,"1,087"
1126,예술학원,전라북도,"1,326"
1127,예술학원,전라남도,875
1128,예술학원,대구광역시,"1,368"
1129,예술학원,경상북도,"1,387"
1130,예술학원,부산광역시,"1,802"
1131,예술학원,울산광역시,789
1132,예술학원,경상남도,"2,210"
1133,예술학원,제주특별자치도,429
1134,예식장,합계,933
1135,예식장,서울특별시,175
1136,예식장,인천광역시,29
1137,예식장,경기도,147
1138,예식장,강원도,41
1139,예식장,대전광역시,24
1140,예식장,충청북도,40
1141,예식장,충청남도,71
1142,예식장,세종특별자치시,4
1143,예식장,광주광역시,28
1144,예식장,전라북도,47
1145,예식장,전라남도,44
1146,예식장,대구광역시,41
1147,예식장,경상북도,67
1148,예식장,부산광역시,67
1149,예식장,울산광역시,14
1150,예식장,경상남도,71
1151,예식장,제주특별자치도,23
1152,옷가게,합계,"86,522"
1153,옷가게,서울특별시,"16,048"
1154,옷가게,인천광역시,"4,053"
1155,옷가게,경기도,"17,503"
1156,옷가게,강원도,"3,183"
1157,옷가게,대전광역시,"2,825"
1158,옷가게,충청북도,"2,972"
1159,옷가게,충청남도,"3,321"
1160,옷가게,세종특별자치시,334
1161,옷가게,광주광역시,"3,161"
1162,옷가게,전라북도,"3,509"
1163,옷가게,전라남도,"3,059"
1164,옷가게,대구광역시,"5,337"
1165,옷가게,경상북도,"4,689"
1166,옷가게,부산광역시,"7,170"
1167,옷가게,울산광역시,"1,853"
1168,옷가게,경상남도,"5,854"
1169,옷가게,제주특별자치도,"1,651"
1170,의료용품가게,합계,"6,983"
1171,의료용품가게,서울특별시,"1,592"
1172,의료용품가게,인천광역시,310
1173,의료용품가게,경기도,"1,497"
1174,의료용품가게,강원도,182
1175,의료용품가게,대전광역시,276
1176,의료용품가게,충청북도,177
1177,의료용품가게,충청남도,274
1178,의료용품가게,세종특별자치시,20
1179,의료용품가게,광주광역시,314
1180,의료용품가게,전라북도,327
1181,의료용품가게,전라남도,221
1182,의료용품가게,대구광역시,343
1183,의료용품가게,경상북도,260
1184,의료용품가게,부산광역시,585
1185,의료용품가게,울산광역시,108
1186,의료용품가게,경상남도,417
1187,의료용품가게,제주특별자치도,80
1188,이륜자동차판매점,합계,"2,620"
1189,이륜자동차판매점,서울특별시,467
1190,이륜자동차판매점,인천광역시,94
1191,이륜자동차판매점,경기도,435
1192,이륜자동차판매점,강원도,91
1193,이륜자동차판매점,대전광역시,57
1194,이륜자동차판매점,충청북도,84
1195,이륜자동차판매점,충청남도,145
1196,이륜자동차판매점,세종특별자치시,9
1197,이륜자동차판매점,광주광역시,65
1198,이륜자동차판매점,전라북도,126
1199,이륜자동차판매점,전라남도,148
1200,이륜자동차판매점,대구광역시,151
1201,이륜자동차판매점,경상북도,206
1202,이륜자동차판매점,부산광역시,211
1203,이륜자동차판매점,울산광역시,72
1204,이륜자동차판매점,경상남도,219
1205,이륜자동차판매점,제주특별자치도,40
1206,이발소,합계,"11,789"
1207,이발소,서울특별시,"2,155"
1208,이발소,인천광역시,408
1209,이발소,경기도,"2,079"
1210,이발소,강원도,643
1211,이발소,대전광역시,405
1212,이발소,충청북도,414
1213,이발소,충청남도,603
1214,이발소,세종특별자치시,33
1215,이발소,광주광역시,258
1216,이발소,전라북도,447
1217,이발소,전라남도,545
1218,이발소,대구광역시,589
1219,이발소,경상북도,870
1220,이발소,부산광역시,"1,028"
1221,이발소,울산광역시,371
1222,이발소,경상남도,780
1223,이발소,제주특별자치도,161
1224,이비인후과 의원,합계,"2,561"
1225,이비인후과 의원,서울특별시,678
1226,이비인후과 의원,인천광역시,136
1227,이비인후과 의원,경기도,637
1228,이비인후과 의원,강원도,50
1229,이비인후과 의원,대전광역시,83
1230,이비인후과 의원,충청북도,62
1231,이비인후과 의원,충청남도,55
1232,이비인후과 의원,세종특별자치시,15
1233,이비인후과 의원,광주광역시,76
1234,이비인후과 의원,전라북도,73
1235,이비인후과 의원,전라남도,48
1236,이비인후과 의원,대구광역시,158
1237,이비인후과 의원,경상북도,87
1238,이비인후과 의원,부산광역시,202
1239,이비인후과 의원,울산광역시,47
1240,이비인후과 의원,경상남도,127
1241,이비인후과 의원,제주특별자치도,27
1242,일반외과 의원,합계,"4,766"
1243,일반외과 의원,서울특별시,"1,056"
1244,일반외과 의원,인천광역시,260
1245,일반외과 의원,경기도,"1,113"
1246,일반외과 의원,강원도,129
1247,일반외과 의원,대전광역시,148
1248,일반외과 의원,충청북도,171
1249,일반외과 의원,충청남도,191
1250,일반외과 의원,세종특별자치시,32
1251,일반외과 의원,광주광역시,99
1252,일반외과 의원,전라북도,181
1253,일반외과 의원,전라남도,139
1254,일반외과 의원,대구광역시,301
1255,일반외과 의원,경상북도,236
1256,일반외과 의원,부산광역시,322
1257,일반외과 의원,울산광역시,77
1258,일반외과 의원,경상남도,241
1259,일반외과 의원,제주특별자치도,70
1260,일식전문점,합계,"18,148"
1261,일식전문점,서울특별시,"5,531"
1262,일식전문점,인천광역시,"1,010"
1263,일식전문점,경기도,"3,662"
1264,일식전문점,강원도,"1,010"
1265,일식전문점,대전광역시,449
1266,일식전문점,충청북도,496
1267,일식전문점,충청남도,737
1268,일식전문점,세종특별자치시,89
1269,일식전문점,광주광역시,264
1270,일식전문점,전라북도,500
1271,일식전문점,전라남도,426
1272,일식전문점,대구광역시,826
1273,일식전문점,경상북도,539
1274,일식전문점,부산광역시,"1,048"
1275,일식전문점,울산광역시,269
1276,일식전문점,경상남도,754
1277,일식전문점,제주특별자치도,538
1278,자동차수리점,합계,"43,375"
1279,자동차수리점,서울특별시,"4,833"
1280,자동차수리점,인천광역시,"2,284"
1281,자동차수리점,경기도,"10,842"
1282,자동차수리점,강원도,"1,763"
1283,자동차수리점,대전광역시,"1,406"
1284,자동차수리점,충청북도,"1,803"
1285,자동차수리점,충청남도,"2,398"
1286,자동차수리점,세종특별자치시,188
1287,자동차수리점,광주광역시,"1,510"
1288,자동차수리점,전라북도,"1,999"
1289,자동차수리점,전라남도,"1,988"
1290,자동차수리점,대구광역시,"2,223"
1291,자동차수리점,경상북도,"3,027"
1292,자동차수리점,부산광역시,"2,335"
1293,자동차수리점,울산광역시,"1,070"
1294,자동차수리점,경상남도,"3,161"
1295,자동차수리점,제주특별자치도,545
1296,자전거판매점,합계,"2,578"
1297,자전거판매점,서울특별시,419
1298,자전거판매점,인천광역시,111
1299,자전거판매점,경기도,616
1300,자전거판매점,강원도,92
1301,자전거판매점,대전광역시,97
1302,자전거판매점,충청북도,87
1303,자전거판매점,충청남도,114
1304,자전거판매점,세종특별자치시,12
1305,자전거판매점,광주광역시,62
1306,자전거판매점,전라북도,135
1307,자전거판매점,전라남도,100
1308,자전거판매점,대구광역시,160
1309,자전거판매점,경상북도,166
1310,자전거판매점,부산광역시,109
1311,자전거판매점,울산광역시,61
1312,자전거판매점,경상남도,202
1313,자전거판매점,제주특별자치도,35
1314,장난감가게,합계,"2,159"
1315,장난감가게,서울특별시,425
1316,장난감가게,인천광역시,102
1317,장난감가게,경기도,603
1318,장난감가게,강원도,61
1319,장난감가게,대전광역시,68
1320,장난감가게,충청북도,71
1321,장난감가게,충청남도,91
1322,장난감가게,세종특별자치시,23
1323,장난감가게,광주광역시,54
1324,장난감가게,전라북도,66
1325,장난감가게,전라남도,59
1326,장난감가게,대구광역시,97
1327,장난감가게,경상북도,106
1328,장난감가게,부산광역시,138
1329,장난감가게,울산광역시,39
1330,장난감가게,경상남도,118
1331,장난감가게,제주특별자치도,38
1332,정육점,합계,"19,591"
1333,정육점,서울특별시,"2,796"
1334,정육점,인천광역시,"1,042"
1335,정육점,경기도,"4,260"
1336,정육점,강원도,846
1337,정육점,대전광역시,751
1338,정육점,충청북도,765
1339,정육점,충청남도,"1,010"
1340,정육점,세종특별자치시,114
1341,정육점,광주광역시,524
1342,정육점,전라북도,"1,060"
1343,정육점,전라남도,806
1344,정육점,대구광역시,"1,271"
1345,정육점,경상북도,"1,240"
1346,정육점,부산광역시,"1,092"
1347,정육점,울산광역시,565
1348,정육점,경상남도,"1,174"
1349,정육점,제주특별자치도,275
1350,제과점,합계,"16,660"
1351,제과점,서울특별시,"3,503"
1352,제과점,인천광역시,774
1353,제과점,경기도,"3,817"
1354,제과점,강원도,540
1355,제과점,대전광역시,509
1356,제과점,충청북도,511
1357,제과점,충청남도,676
1358,제과점,세종특별자치시,110
1359,제과점,광주광역시,477
1360,제과점,전라북도,592
1361,제과점,전라남도,548
1362,제과점,대구광역시,891
1363,제과점,경상북도,878
1364,제과점,부산광역시,"1,059"
1365,제과점,울산광역시,350
1366,제과점,경상남도,"1,046"
1367,제과점,제주특별자치도,379
1368,종합병원,합계,"3,357"
1369,종합병원,서울특별시,436
1370,종합병원,인천광역시,142
1371,종합병원,경기도,660
1372,종합병원,강원도,88
1373,종합병원,대전광역시,99
1374,종합병원,충청북도,97
1375,종합병원,충청남도,136
1376,종합병원,세종특별자치시,12
1377,종합병원,광주광역시,163
1378,종합병원,전라북도,168
1379,종합병원,전라남도,191
1380,종합병원,대구광역시,184
1381,종합병원,경상북도,231
1382,종합병원,부산광역시,339
1383,종합병원,울산광역시,92
1384,종합병원,경상남도,295
1385,종합병원,제주특별자치도,24
1386,주유소,합계,"10,903"
1387,주유소,서울특별시,428
1388,주유소,인천광역시,283
1389,주유소,경기도,"2,195"
1390,주유소,강원도,644
1391,주유소,대전광역시,240
1392,주유소,충청북도,710
1393,주유소,충청남도,"1,006"
1394,주유소,세종특별자치시,68
1395,주유소,광주광역시,271
1396,주유소,전라북도,843
1397,주유소,전라남도,827
1398,주유소,대구광역시,336
1399,주유소,경상북도,"1,216"
1400,주유소,부산광역시,378
1401,주유소,울산광역시,220
1402,주유소,경상남도,"1,057"
1403,주유소,제주특별자치도,181
1404,주차장운영업,합계,"7,484"
1405,주차장운영업,서울특별시,"1,742"
1406,주차장운영업,인천광역시,288
1407,주차장운영업,경기도,"1,147"
1408,주차장운영업,강원도,142
1409,주차장운영업,대전광역시,164
1410,주차장운영업,충청북도,142
1411,주차장운영업,충청남도,124
1412,주차장운영업,세종특별자치시,20
1413,주차장운영업,광주광역시,251
1414,주차장운영업,전라북도,113
1415,주차장운영업,전라남도,89
1416,주차장운영업,대구광역시,431
1417,주차장운영업,경상북도,238
1418,주차장운영업,부산광역시,"1,699"
1419,주차장운영업,울산광역시,224
1420,주차장운영업,경상남도,628
1421,주차장운영업,제주특별자치도,42
1422,중고차판매점,합계,"4,786"
1423,중고차판매점,서울특별시,477
1424,중고차판매점,인천광역시,284
1425,중고차판매점,경기도,"1,023"
1426,중고차판매점,강원도,158
1427,중고차판매점,대전광역시,164
1428,중고차판매점,충청북도,197
1429,중고차판매점,충청남도,212
1430,중고차판매점,세종특별자치시,3
1431,중고차판매점,광주광역시,237
1432,중고차판매점,전라북도,289
1433,중고차판매점,전라남도,216
1434,중고차판매점,대구광역시,474
1435,중고차판매점,경상북도,338
1436,중고차판매점,부산광역시,236
1437,중고차판매점,울산광역시,103
1438,중고차판매점,경상남도,322
1439,중고차판매점,제주특별자치도,53
1440,중식전문점,합계,"23,586"
1441,중식전문점,서울특별시,"4,588"
1442,중식전문점,인천광역시,"1,126"
1443,중식전문점,경기도,"4,869"
1444,중식전문점,강원도,"1,002"
1445,중식전문점,대전광역시,548
1446,중식전문점,충청북도,885
1447,중식전문점,충청남도,"1,195"
1448,중식전문점,세종특별자치시,138
1449,중식전문점,광주광역시,489
1450,중식전문점,전라북도,"1,022"
1451,중식전문점,전라남도,811
1452,중식전문점,대구광역시,"1,228"
1453,중식전문점,경상북도,"1,463"
1454,중식전문점,부산광역시,"1,728"
1455,중식전문점,울산광역시,476
1456,중식전문점,경상남도,"1,643"
1457,중식전문점,제주특별자치도,375
1458,채소가게,합계,"10,951"
1459,채소가게,서울특별시,"1,512"
1460,채소가게,인천광역시,518
1461,채소가게,경기도,"1,903"
1462,채소가게,강원도,765
1463,채소가게,대전광역시,266
1464,채소가게,충청북도,490
1465,채소가게,충청남도,670
1466,채소가게,세종특별자치시,51
1467,채소가게,광주광역시,215
1468,채소가게,전라북도,616
1469,채소가게,전라남도,705
1470,채소가게,대구광역시,435
1471,채소가게,경상북도,904
1472,채소가게,부산광역시,691
1473,채소가게,울산광역시,126
1474,채소가게,경상남도,802
1475,채소가게,제주특별자치도,282
1476,철물점,합계,"8,851"
1477,철물점,서울특별시,"1,401"
1478,철물점,인천광역시,505
1479,철물점,경기도,"1,864"
1480,철물점,강원도,452
1481,철물점,대전광역시,282
1482,철물점,충청북도,350
1483,철물점,충청남도,463
1484,철물점,세종특별자치시,40
1485,철물점,광주광역시,290
1486,철물점,전라북도,425
1487,철물점,전라남도,456
1488,철물점,대구광역시,346
1489,철물점,경상북도,490
1490,철물점,부산광역시,672
1491,철물점,울산광역시,172
1492,철물점,경상남도,545
1493,철물점,제주특별자치도,98
1494,치과병원ㆍ의원,합계,"18,067"
1495,치과병원ㆍ의원,서울특별시,"4,871"
1496,치과병원ㆍ의원,인천광역시,908
1497,치과병원ㆍ의원,경기도,"4,221"
1498,치과병원ㆍ의원,강원도,390
1499,치과병원ㆍ의원,대전광역시,530
1500,치과병원ㆍ의원,충청북도,424
1501,치과병원ㆍ의원,충청남도,567
1502,치과병원ㆍ의원,세종특별자치시,81
1503,치과병원ㆍ의원,광주광역시,632
1504,치과병원ㆍ의원,전라북도,578
1505,치과병원ㆍ의원,전라남도,484
1506,치과병원ㆍ의원,대구광역시,898
1507,치과병원ㆍ의원,경상북도,678
1508,치과병원ㆍ의원,부산광역시,"1,298"
1509,치과병원ㆍ의원,울산광역시,385
1510,치과병원ㆍ의원,경상남도,909
1511,치과병원ㆍ의원,제주특별자치도,213
1512,침구ㆍ커튼가게,합계,"9,996"
1513,침구ㆍ커튼가게,서울특별시,"1,329"
1514,침구ㆍ커튼가게,인천광역시,425
1515,침구ㆍ커튼가게,경기도,"1,898"
1516,침구ㆍ커튼가게,강원도,402
1517,침구ㆍ커튼가게,대전광역시,432
1518,침구ㆍ커튼가게,충청북도,393
1519,침구ㆍ커튼가게,충청남도,510
1520,침구ㆍ커튼가게,세종특별자치시,50
1521,침구ㆍ커튼가게,광주광역시,396
1522,침구ㆍ커튼가게,전라북도,498
1523,침구ㆍ커튼가게,전라남도,489
1524,침구ㆍ커튼가게,대구광역시,651
1525,침구ㆍ커튼가게,경상북도,678
1526,침구ㆍ커튼가게,부산광역시,702
1527,침구ㆍ커튼가게,울산광역시,231
1528,침구ㆍ커튼가게,경상남도,692
1529,침구ㆍ커튼가게,제주특별자치도,220
1530,커피음료점,합계,"54,913"
1531,커피음료점,서울특별시,"11,171"
1532,커피음료점,인천광역시,"2,726"
1533,커피음료점,경기도,"11,509"
1534,커피음료점,강원도,"1,910"
1535,커피음료점,대전광역시,"2,022"
1536,커피음료점,충청북도,"1,869"
1537,커피음료점,충청남도,"2,457"
1538,커피음료점,세종특별자치시,350
1539,커피음료점,광주광역시,"1,332"
1540,커피음료점,전라북도,"2,245"
1541,커피음료점,전라남도,"1,874"
1542,커피음료점,대구광역시,"2,579"
1543,커피음료점,경상북도,"3,900"
1544,커피음료점,부산광역시,"3,026"
1545,커피음료점,울산광역시,"1,312"
1546,커피음료점,경상남도,"3,544"
1547,커피음료점,제주특별자치도,"1,087"
1548,컴퓨터판매점,합계,"5,004"
1549,컴퓨터판매점,서울특별시,990
1550,컴퓨터판매점,인천광역시,213
1551,컴퓨터판매점,경기도,"1,110"
1552,컴퓨터판매점,강원도,180
1553,컴퓨터판매점,대전광역시,178
1554,컴퓨터판매점,충청북도,190
1555,컴퓨터판매점,충청남도,211
1556,컴퓨터판매점,세종특별자치시,36
1557,컴퓨터판매점,광주광역시,188
1558,컴퓨터판매점,전라북도,221
1559,컴퓨터판매점,전라남도,182
1560,컴퓨터판매점,대구광역시,226
1561,컴퓨터판매점,경상북도,326
1562,컴퓨터판매점,부산광역시,245
1563,컴퓨터판매점,울산광역시,96
1564,컴퓨터판매점,경상남도,321
1565,컴퓨터판매점,제주특별자치도,91
1566,통신판매업,합계,"235,405"
1567,통신판매업,서울특별시,"70,487"
1568,통신판매업,인천광역시,"15,605"
1569,통신판매업,경기도,"68,435"
1570,통신판매업,강원도,"3,200"
1571,통신판매업,대전광역시,"5,681"
1572,통신판매업,충청북도,"4,475"
1573,통신판매업,충청남도,"5,685"
1574,통신판매업,세종특별자치시,"1,009"
1575,통신판매업,광주광역시,"5,424"
1576,통신판매업,전라북도,"4,589"
1577,통신판매업,전라남도,"4,229"
1578,통신판매업,대구광역시,"11,261"
1579,통신판매업,경상북도,"7,370"
1580,통신판매업,부산광역시,"14,694"
1581,통신판매업,울산광역시,"2,895"
1582,통신판매업,경상남도,"8,577"
1583,통신판매업,제주특별자치도,"1,789"
1584,패스트푸드점,합계,"37,036"
1585,패스트푸드점,서울특별시,"5,943"
1586,패스트푸드점,인천광역시,"1,647"
1587,패스트푸드점,경기도,"7,995"
1588,패스트푸드점,강원도,"1,846"
1589,패스트푸드점,대전광역시,995
1590,패스트푸드점,충청북도,"1,515"
1591,패스트푸드점,충청남도,"2,000"
1592,패스트푸드점,세종특별자치시,308
1593,패스트푸드점,광주광역시,"1,033"
1594,패스트푸드점,전라북도,"1,599"
1595,패스트푸드점,전라남도,"1,500"
1596,패스트푸드점,대구광역시,"1,338"
1597,패스트푸드점,경상북도,"2,229"
1598,패스트푸드점,부산광역시,"2,446"
1599,패스트푸드점,울산광역시,945
1600,패스트푸드점,경상남도,"3,129"
1601,패스트푸드점,제주특별자치도,568
1602,펜션ㆍ게스트하우스,합계,"11,727"
1603,펜션ㆍ게스트하우스,서울특별시,610
1604,펜션ㆍ게스트하우스,인천광역시,542
1605,펜션ㆍ게스트하우스,경기도,"1,542"
1606,펜션ㆍ게스트하우스,강원도,"2,070"
1607,펜션ㆍ게스트하우스,대전광역시,16
1608,펜션ㆍ게스트하우스,충청북도,312
1609,펜션ㆍ게스트하우스,충청남도,"1,115"
1610,펜션ㆍ게스트하우스,세종특별자치시,4
1611,펜션ㆍ게스트하우스,광주광역시,18
1612,펜션ㆍ게스트하우스,전라북도,348
1613,펜션ㆍ게스트하우스,전라남도,598
1614,펜션ㆍ게스트하우스,대구광역시,23
1615,펜션ㆍ게스트하우스,경상북도,"1,031"
1616,펜션ㆍ게스트하우스,부산광역시,126
1617,펜션ㆍ게스트하우스,울산광역시,116
1618,펜션ㆍ게스트하우스,경상남도,"1,189"
1619,펜션ㆍ게스트하우스,제주특별자치도,"2,067"
1620,편의점,합계,"40,139"
1621,편의점,서울특별시,"7,894"
1622,편의점,인천광역시,"2,121"
1623,편의점,경기도,"9,835"
1624,편의점,강원도,"1,624"
1625,편의점,대전광역시,"1,085"
1626,편의점,충청북도,"1,416"
1627,편의점,충청남도,"2,123"
1628,편의점,세종특별자치시,243
1629,편의점,광주광역시,"1,022"
1630,편의점,전라북도,"1,185"
1631,편의점,전라남도,"1,102"
1632,편의점,대구광역시,"1,494"
1633,편의점,경상북도,"1,848"
1634,편의점,부산광역시,"2,386"
1635,편의점,울산광역시,868
1636,편의점,경상남도,"2,815"
1637,편의점,제주특별자치도,"1,078"
1638,피부관리업,합계,"34,524"
1639,피부관리업,서울특별시,"6,901"
1640,피부관리업,인천광역시,"1,955"
1641,피부관리업,경기도,"7,946"
1642,피부관리업,강원도,"1,001"
1643,피부관리업,대전광역시,"1,122"
1644,피부관리업,충청북도,"1,026"
1645,피부관리업,충청남도,"1,223"
1646,피부관리업,세종특별자치시,152
1647,피부관리업,광주광역시,"1,479"
1648,피부관리업,전라북도,"1,086"
1649,피부관리업,전라남도,"1,270"
1650,피부관리업,대구광역시,"1,469"
1651,피부관리업,경상북도,"1,441"
1652,피부관리업,부산광역시,"2,545"
1653,피부관리업,울산광역시,740
1654,피부관리업,경상남도,"2,500"
1655,피부관리업,제주특별자치도,668
1656,피부ㆍ비뇨기과 의원,합계,"3,846"
1657,피부ㆍ비뇨기과 의원,서울특별시,"1,312"
1658,피부ㆍ비뇨기과 의원,인천광역시,171
1659,피부ㆍ비뇨기과 의원,경기도,807
1660,피부ㆍ비뇨기과 의원,강원도,57
1661,피부ㆍ비뇨기과 의원,대전광역시,110
1662,피부ㆍ비뇨기과 의원,충청북도,74
1663,피부ㆍ비뇨기과 의원,충청남도,98
1664,피부ㆍ비뇨기과 의원,세종특별자치시,15
1665,피부ㆍ비뇨기과 의원,광주광역시,124
1666,피부ㆍ비뇨기과 의원,전라북도,89
1667,피부ㆍ비뇨기과 의원,전라남도,72
1668,피부ㆍ비뇨기과 의원,대구광역시,201
1669,피부ㆍ비뇨기과 의원,경상북도,104
1670,피부ㆍ비뇨기과 의원,부산광역시,327
1671,피부ㆍ비뇨기과 의원,울산광역시,76
1672,피부ㆍ비뇨기과 의원,경상남도,167
1673,피부ㆍ비뇨기과 의원,제주특별자치도,42
1674,한방병원ㆍ한의원,합계,"14,774"
1675,한방병원ㆍ한의원,서울특별시,"3,699"
1676,한방병원ㆍ한의원,인천광역시,687
1677,한방병원ㆍ한의원,경기도,"3,185"
1678,한방병원ㆍ한의원,강원도,358
1679,한방병원ㆍ한의원,대전광역시,524
1680,한방병원ㆍ한의원,충청북도,403
1681,한방병원ㆍ한의원,충청남도,527
1682,한방병원ㆍ한의원,세종특별자치시,73
1683,한방병원ㆍ한의원,광주광역시,414
1684,한방병원ㆍ한의원,전라북도,538
1685,한방병원ㆍ한의원,전라남도,403
1686,한방병원ㆍ한의원,대구광역시,880
1687,한방병원ㆍ한의원,경상북도,644
1688,한방병원ㆍ한의원,부산광역시,"1,148"
1689,한방병원ㆍ한의원,울산광역시,284
1690,한방병원ㆍ한의원,경상남도,815
1691,한방병원ㆍ한의원,제주특별자치도,192
1692,한식전문점,합계,"381,505"
1693,한식전문점,서울특별시,"52,995"
1694,한식전문점,인천광역시,"17,260"
1695,한식전문점,경기도,"78,644"
1696,한식전문점,강원도,"19,336"
1697,한식전문점,대전광역시,"11,508"
1698,한식전문점,충청북도,"15,096"
1699,한식전문점,충청남도,"19,239"
1700,한식전문점,세종특별자치시,"1,989"
1701,한식전문점,광주광역시,"9,669"
1702,한식전문점,전라북도,"14,094"
1703,한식전문점,전라남도,"17,409"
1704,한식전문점,대구광역시,"19,621"
1705,한식전문점,경상북도,"29,203"
1706,한식전문점,부산광역시,"23,999"
1707,한식전문점,울산광역시,"10,868"
1708,한식전문점,경상남도,"32,038"
1709,한식전문점,제주특별자치도,"8,537"
1710,헬스클럽,합계,"7,293"
1711,헬스클럽,서울특별시,"1,748"
1712,헬스클럽,인천광역시,389
1713,헬스클럽,경기도,"1,729"
1714,헬스클럽,강원도,208
1715,헬스클럽,대전광역시,227
1716,헬스클럽,충청북도,256
1717,헬스클럽,충청남도,265
1718,헬스클럽,세종특별자치시,35
1719,헬스클럽,광주광역시,220
1720,헬스클럽,전라북도,220
1721,헬스클럽,전라남도,163
1722,헬스클럽,대구광역시,363
1723,헬스클럽,경상북도,341
1724,헬스클럽,부산광역시,496
1725,헬스클럽,울산광역시,136
1726,헬스클럽,경상남도,393
1727,헬스클럽,제주특별자치도,104
1728,호프전문점,합계,"34,499"
1729,호프전문점,서울특별시,"7,292"
1730,호프전문점,인천광역시,"1,808"
1731,호프전문점,경기도,"7,128"
1732,호프전문점,강원도,"1,458"
1733,호프전문점,대전광역시,"1,017"
1734,호프전문점,충청북도,"1,823"
1735,호프전문점,충청남도,"1,697"
1736,호프전문점,세종특별자치시,167
1737,호프전문점,광주광역시,"2,401"
1738,호프전문점,전라북도,"1,357"
1739,호프전문점,전라남도,"2,417"
1740,호프전문점,대구광역시,568
1741,호프전문점,경상북도,"1,034"
1742,호프전문점,부산광역시,"1,840"
1743,호프전문점,울산광역시,358
1744,호프전문점,경상남도,"1,511"
1745,호프전문점,제주특별자치도,623
1746,화장품가게,합계,"35,066"
1747,화장품가게,서울특별시,"6,759"
1748,화장품가게,인천광역시,"1,445"
1749,화장품가게,경기도,"7,824"
1750,화장품가게,강원도,"1,082"
1751,화장품가게,대전광역시,"1,221"
1752,화장품가게,충청북도,"1,037"
1753,화장품가게,충청남도,"1,317"
1754,화장품가게,세종특별자치시,140
1755,화장품가게,광주광역시,"1,124"
1756,화장품가게,전라북도,"1,412"
1757,화장품가게,전라남도,"1,050"
1758,화장품가게,대구광역시,"2,158"
1759,화장품가게,경상북도,"1,883"
1760,화장품가게,부산광역시,"2,493"
1761,화장품가게,울산광역시,978
1762,화장품가게,경상남도,"2,455"
1763,화장품가게,제주특별자치도,688
1764,휴대폰가게,합계,"18,003"
1765,휴대폰가게,서울특별시,"3,014"
1766,휴대폰가게,인천광역시,913
1767,휴대폰가게,경기도,"3,922"
1768,휴대폰가게,강원도,584
1769,휴대폰가게,대전광역시,660
1770,휴대폰가게,충청북도,551
1771,휴대폰가게,충청남도,860
1772,휴대폰가게,세종특별자치시,71
1773,휴대폰가게,광주광역시,577
1774,휴대폰가게,전라북도,732
1775,휴대폰가게,전라남도,613
1776,휴대폰가게,대구광역시,"1,022"
1777,휴대폰가게,경상북도,"1,074"
1778,휴대폰가게,부산광역시,"1,386"
1779,휴대폰가게,울산광역시,506
1780,휴대폰가게,경상남도,"1,298"
1781,휴대폰가게,제주특별자치도,220
1782,LPG충전소,합계,"1,614"
1783,LPG충전소,서울특별시,77
1784,LPG충전소,인천광역시,71
1785,LPG충전소,경기도,381
1786,LPG충전소,강원도,94
1787,LPG충전소,대전광역시,38
1788,LPG충전소,충청북도,74
1789,LPG충전소,충청남도,128
1790,LPG충전소,세종특별자치시,4
1791,LPG충전소,광주광역시,39
1792,LPG충전소,전라북도,101
1793,LPG충전소,전라남도,123
1794,LPG충전소,대구광역시,45
1795,LPG충전소,경상북도,163
1796,LPG충전소,부산광역시,57
1797,LPG충전소,울산광역시,31
1798,LPG충전소,경상남도,151
1799,LPG충전소,제주특별자치도,37
1800,pc방,합계,"10,387"
1801,pc방,서울특별시,"1,718"
1802,pc방,인천광역시,531
1803,pc방,경기도,"2,402"
1804,pc방,강원도,428
1805,pc방,대전광역시,329
1806,pc방,충청북도,329
1807,pc방,충청남도,437
1808,pc방,세종특별자치시,40
1809,pc방,광주광역시,418
1810,pc방,전라북도,436
1811,pc방,전라남도,377
1812,pc방,대구광역시,576
1813,pc방,경상북도,579
1814,pc방,부산광역시,659
1815,pc방,울산광역시,287
1816,pc방,경상남도,671
1817,pc방,제주특별자치도,170
