,corp,city,2
0,업종전체,합계,"2,360,274"
1,업종전체,서울특별시,"470,669"
2,업종전체,인천광역시,"119,897"
3,업종전체,경기도,"541,457"
4,업종전체,강원도,"84,568"
5,업종전체,대전광역시,"69,462"
6,업종전체,충청북도,"76,248"
7,업종전체,충청남도,"100,013"
8,업종전체,세종특별자치시,"12,120"
9,업종전체,광주광역시,"69,721"
10,업종전체,전라북도,"83,996"
11,업종전체,전라남도,"84,551"
12,업종전체,대구광역시,"113,353"
13,업종전체,경상북도,"127,988"
14,업종전체,부산광역시,"155,908"
15,업종전체,울산광역시,"51,004"
16,업종전체,경상남도,"155,906"
17,업종전체,제주특별자치도,"43,413"
18,가구점,합계,"7,489"
19,가구점,서울특별시,"1,022"
20,가구점,인천광역시,290
21,가구점,경기도,"1,894"
22,가구점,강원도,303
23,가구점,대전광역시,211
24,가구점,충청북도,292
25,가구점,충청남도,297
26,가구점,세종특별자치시,24
27,가구점,광주광역시,217
28,가구점,전라북도,387
29,가구점,전라남도,264
30,가구점,대구광역시,373
31,가구점,경상북도,470
32,가구점,부산광역시,517
33,가구점,울산광역시,183
34,가구점,경상남도,555
35,가구점,제주특별자치도,190
36,가전제품수리점,합계,"15,164"
37,가전제품수리점,서울특별시,"2,427"
38,가전제품수리점,인천광역시,"1,084"
39,가전제품수리점,경기도,"4,353"
40,가전제품수리점,강원도,541
41,가전제품수리점,대전광역시,513
42,가전제품수리점,충청북도,465
43,가전제품수리점,충청남도,650
44,가전제품수리점,세종특별자치시,65
45,가전제품수리점,광주광역시,456
46,가전제품수리점,전라북도,500
47,가전제품수리점,전라남도,491
48,가전제품수리점,대구광역시,730
49,가전제품수리점,경상북도,541
50,가전제품수리점,부산광역시,949
51,가전제품수리점,울산광역시,303
52,가전제품수리점,경상남도,901
53,가전제품수리점,제주특별자치도,195
54,가전제품판매점,합계,"10,082"
55,가전제품판매점,서울특별시,"1,555"
56,가전제품판매점,인천광역시,359
57,가전제품판매점,경기도,"1,906"
58,가전제품판매점,강원도,460
59,가전제품판매점,대전광역시,303
60,가전제품판매점,충청북도,438
61,가전제품판매점,충청남도,523
62,가전제품판매점,세종특별자치시,39
63,가전제품판매점,광주광역시,357
64,가전제품판매점,전라북도,532
65,가전제품판매점,전라남도,580
66,가전제품판매점,대구광역시,526
67,가전제품판매점,경상북도,698
68,가전제품판매점,부산광역시,614
69,가전제품판매점,울산광역시,207
70,가전제품판매점,경상남도,742
71,가전제품판매점,제주특별자치도,243
72,간이주점,합계,"15,089"
73,간이주점,서울특별시,"4,914"
74,간이주점,인천광역시,"1,566"
75,간이주점,경기도,"2,964"
76,간이주점,강원도,438
77,간이주점,대전광역시,67
78,간이주점,충청북도,467
79,간이주점,충청남도,696
80,간이주점,세종특별자치시,20
81,간이주점,광주광역시,193
82,간이주점,전라북도,326
83,간이주점,전라남도,255
84,간이주점,대구광역시,290
85,간이주점,경상북도,402
86,간이주점,부산광역시,978
87,간이주점,울산광역시,111
88,간이주점,경상남도,"1,229"
89,간이주점,제주특별자치도,173
90,간판광고물업,합계,"12,974"
91,간판광고물업,서울특별시,"2,690"
92,간판광고물업,인천광역시,534
93,간판광고물업,경기도,"3,154"
94,간판광고물업,강원도,511
95,간판광고물업,대전광역시,396
96,간판광고물업,충청북도,376
97,간판광고물업,충청남도,457
98,간판광고물업,세종특별자치시,27
99,간판광고물업,광주광역시,441
100,간판광고물업,전라북도,500
101,간판광고물업,전라남도,474
102,간판광고물업,대구광역시,777
103,간판광고물업,경상북도,651
104,간판광고물업,부산광역시,838
105,간판광고물업,울산광역시,257
106,간판광고물업,경상남도,700
107,간판광고물업,제주특별자치도,191
108,감정평가사,합계,"1,143"
109,감정평가사,서울특별시,246
110,감정평가사,인천광역시,78
111,감정평가사,경기도,364
112,감정평가사,강원도,30
113,감정평가사,대전광역시,29
114,감정평가사,충청북도,28
115,감정평가사,충청남도,36
116,감정평가사,세종특별자치시,12
117,감정평가사,광주광역시,35
118,감정평가사,전라북도,41
119,감정평가사,전라남도,18
120,감정평가사,대구광역시,55
121,감정평가사,경상북도,19
122,감정평가사,부산광역시,57
123,감정평가사,울산광역시,21
124,감정평가사,경상남도,59
125,감정평가사,제주특별자치도,15
126,건강보조식품가게,합계,"13,292"
127,건강보조식품가게,서울특별시,2128
128,건강보조식품가게,인천광역시,647
129,건강보조식품가게,경기도,2608
130,건강보조식품가게,강원도,502
131,건강보조식품가게,대전광역시,454
132,건강보조식품가게,충청북도,449
133,건강보조식품가게,충청남도,1227
134,건강보조식품가게,세종특별자치시,44
135,건강보조식품가게,광주광역시,393
136,건강보조식품가게,전라북도,700
137,건강보조식품가게,전라남도,486
138,건강보조식품가게,대구광역시,586
139,건강보조식품가게,경상북도,885
140,건강보조식품가게,부산광역시,810
141,건강보조식품가게,울산광역시,218
142,건강보조식품가게,경상남도,990
143,건강보조식품가게,제주특별자치도,165
144,건어물가게,합계,"7,192"
145,건어물가게,서울특별시,749
146,건어물가게,인천광역시,378
147,건어물가게,경기도,808
148,건어물가게,강원도,669
149,건어물가게,대전광역시,115
150,건어물가게,충청북도,112
151,건어물가게,충청남도,642
152,건어물가게,세종특별자치시,11
153,건어물가게,광주광역시,172
154,건어물가게,전라북도,361
155,건어물가게,전라남도,920
156,건어물가게,대구광역시,161
157,건어물가게,경상북도,654
158,건어물가게,부산광역시,489
159,건어물가게,울산광역시,127
160,건어물가게,경상남도,711
161,건어물가게,제주특별자치도,113
162,건축사,합계,"9,747"
163,건축사,서울특별시,2499
164,건축사,인천광역시,346
165,건축사,경기도,2029
166,건축사,강원도,321
167,건축사,대전광역시,211
168,건축사,충청북도,278
169,건축사,충청남도,340
170,건축사,세종특별자치시,55
171,건축사,광주광역시,233
172,건축사,전라북도,348
173,건축사,전라남도,265
174,건축사,대구광역시,670
175,건축사,경상북도,467
176,건축사,부산광역시,677
177,건축사,울산광역시,211
178,건축사,경상남도,508
179,건축사,제주특별자치도,289
180,결혼상담소,합계,"1,591"
181,결혼상담소,서울특별시,432
182,결혼상담소,인천광역시,66
183,결혼상담소,경기도,235
184,결혼상담소,강원도,27
185,결혼상담소,대전광역시,70
186,결혼상담소,충청북도,53
187,결혼상담소,충청남도,76
188,결혼상담소,세종특별자치시,6
189,결혼상담소,광주광역시,75
190,결혼상담소,전라북도,76
191,결혼상담소,전라남도,50
192,결혼상담소,대구광역시,109
193,결혼상담소,경상북도,59
194,결혼상담소,부산광역시,116
195,결혼상담소,울산광역시,20
196,결혼상담소,경상남도,95
197,결혼상담소,제주특별자치도,26
198,곡물가게,합계,"5,003"
199,곡물가게,서울특별시,655
200,곡물가게,인천광역시,193
201,곡물가게,경기도,868
202,곡물가게,강원도,326
203,곡물가게,대전광역시,148
204,곡물가게,충청북도,249
205,곡물가게,충청남도,379
206,곡물가게,세종특별자치시,27
207,곡물가게,광주광역시,110
208,곡물가게,전라북도,363
209,곡물가게,전라남도,387
210,곡물가게,대구광역시,193
211,곡물가게,경상북도,368
212,곡물가게,부산광역시,340
213,곡물가게,울산광역시,43
214,곡물가게,경상남도,285
215,곡물가게,제주특별자치도,69
216,공인노무사,합계,882
217,공인노무사,서울특별시,387
218,공인노무사,인천광역시,40
219,공인노무사,경기도,145
220,공인노무사,강원도,16
221,공인노무사,대전광역시,18
222,공인노무사,충청북도,18
223,공인노무사,충청남도,20
224,공인노무사,세종특별자치시,5
225,공인노무사,광주광역시,25
226,공인노무사,전라북도,21
227,공인노무사,전라남도,10
228,공인노무사,대구광역시,32
229,공인노무사,경상북도,15
230,공인노무사,부산광역시,56
231,공인노무사,울산광역시,24
232,공인노무사,경상남도,40
233,공인노무사,제주특별자치도,10
234,공인회계사,합계,"1,830"
235,공인회계사,서울특별시,850
236,공인회계사,인천광역시,65
237,공인회계사,경기도,306
238,공인회계사,강원도,13
239,공인회계사,대전광역시,36
240,공인회계사,충청북도,33
241,공인회계사,충청남도,45
242,공인회계사,세종특별자치시,9
243,공인회계사,광주광역시,36
244,공인회계사,전라북도,35
245,공인회계사,전라남도,23
246,공인회계사,대구광역시,89
247,공인회계사,경상북도,29
248,공인회계사,부산광역시,130
249,공인회계사,울산광역시,27
250,공인회계사,경상남도,75
251,공인회계사,제주특별자치도,29
252,과일가게,합계,"11,755"
253,과일가게,서울특별시,"1,237"
254,과일가게,인천광역시,426
255,과일가게,경기도,"1,818"
256,과일가게,강원도,300
257,과일가게,대전광역시,312
258,과일가게,충청북도,651
259,과일가게,충청남도,666
260,과일가게,세종특별자치시,102
261,과일가게,광주광역시,288
262,과일가게,전라북도,577
263,과일가게,전라남도,673
264,과일가게,대구광역시,364
265,과일가게,경상북도,"1,363"
266,과일가게,부산광역시,601
267,과일가게,울산광역시,156
268,과일가게,경상남도,"1,205"
269,과일가게,제주특별자치도,"1,016"
270,교습소･공부방,합계,"32,320"
271,교습소･공부방,서울특별시,"6,939"
272,교습소･공부방,인천광역시,"1,620"
273,교습소･공부방,경기도,"7,801"
274,교습소･공부방,강원도,874
275,교습소･공부방,대전광역시,"1,284"
276,교습소･공부방,충청북도,753
277,교습소･공부방,충청남도,"1,101"
278,교습소･공부방,세종특별자치시,213
279,교습소･공부방,광주광역시,711
280,교습소･공부방,전라북도,716
281,교습소･공부방,전라남도,635
282,교습소･공부방,대구광역시,"2,469"
283,교습소･공부방,경상북도,"1,673"
284,교습소･공부방,부산광역시,"2,374"
285,교습소･공부방,울산광역시,682
286,교습소･공부방,경상남도,"1,951"
287,교습소･공부방,제주특별자치도,524
288,교습학원,합계,"56,045"
289,교습학원,서울특별시,"10,390"
290,교습학원,인천광역시,"2,510"
291,교습학원,경기도,"14,785"
292,교습학원,강원도,"1,468"
293,교습학원,대전광역시,"1,295"
294,교습학원,충청북도,"1,464"
295,교습학원,충청남도,"1,845"
296,교습학원,세종특별자치시,384
297,교습학원,광주광역시,"2,419"
298,교습학원,전라북도,"2,437"
299,교습학원,전라남도,"1,822"
300,교습학원,대구광역시,"2,641"
301,교습학원,경상북도,"2,633"
302,교습학원,부산광역시,"3,547"
303,교습학원,울산광역시,"1,683"
304,교습학원,경상남도,"4,025"
305,교습학원,제주특별자치도,697
306,구내식당,합계,"22,497"
307,구내식당,서울특별시,"4,141"
308,구내식당,인천광역시,"1,420"
309,구내식당,경기도,"5,464"
310,구내식당,강원도,621
311,구내식당,대전광역시,713
312,구내식당,충청북도,782
313,구내식당,충청남도,"1,061"
314,구내식당,세종특별자치시,84
315,구내식당,광주광역시,407
316,구내식당,전라북도,817
317,구내식당,전라남도,679
318,구내식당,대구광역시,929
319,구내식당,경상북도,"1,364"
320,구내식당,부산광역시,"1,503"
321,구내식당,울산광역시,451
322,구내식당,경상남도,"1,895"
323,구내식당,제주특별자치도,166
324,기술및직업훈련학원,합계,"13,059"
325,기술및직업훈련학원,서울특별시,"2,938"
326,기술및직업훈련학원,인천광역시,523
327,기술및직업훈련학원,경기도,"2,922"
328,기술및직업훈련학원,강원도,395
329,기술및직업훈련학원,대전광역시,443
330,기술및직업훈련학원,충청북도,354
331,기술및직업훈련학원,충청남도,482
332,기술및직업훈련학원,세종특별자치시,99
333,기술및직업훈련학원,광주광역시,468
334,기술및직업훈련학원,전라북도,480
335,기술및직업훈련학원,전라남도,409
336,기술및직업훈련학원,대구광역시,742
337,기술및직업훈련학원,경상북도,533
338,기술및직업훈련학원,부산광역시,922
339,기술및직업훈련학원,울산광역시,315
340,기술및직업훈련학원,경상남도,793
341,기술및직업훈련학원,제주특별자치도,241
342,기술사,합계,"1,024"
343,기술사,서울특별시,286
344,기술사,인천광역시,28
345,기술사,경기도,229
346,기술사,강원도,37
347,기술사,대전광역시,25
348,기술사,충청북도,36
349,기술사,충청남도,29
350,기술사,세종특별자치시,3
351,기술사,광주광역시,34
352,기술사,전라북도,34
353,기술사,전라남도,37
354,기술사,대구광역시,31
355,기술사,경상북도,38
356,기술사,부산광역시,59
357,기술사,울산광역시,20
358,기술사,경상남도,82
359,기술사,제주특별자치도,16
360,기타 일반의원,합계,"3,236"
361,기타 일반의원,서울특별시,882
362,기타 일반의원,인천광역시,144
363,기타 일반의원,경기도,643
364,기타 일반의원,강원도,63
365,기타 일반의원,대전광역시,141
366,기타 일반의원,충청북도,94
367,기타 일반의원,충청남도,101
368,기타 일반의원,세종특별자치시,19
369,기타 일반의원,광주광역시,127
370,기타 일반의원,전라북도,170
371,기타 일반의원,전라남도,107
372,기타 일반의원,대구광역시,158
373,기타 일반의원,경상북도,107
374,기타 일반의원,부산광역시,230
375,기타 일반의원,울산광역시,50
376,기타 일반의원,경상남도,147
377,기타 일반의원,제주특별자치도,53
378,기타외국식전문점,합계,"23,486"
379,기타외국식전문점,서울특별시,"7,145"
380,기타외국식전문점,인천광역시,794
381,기타외국식전문점,경기도,"4,838"
382,기타외국식전문점,강원도,762
383,기타외국식전문점,대전광역시,597
384,기타외국식전문점,충청북도,484
385,기타외국식전문점,충청남도,677
386,기타외국식전문점,세종특별자치시,166
387,기타외국식전문점,광주광역시,379
388,기타외국식전문점,전라북도,733
389,기타외국식전문점,전라남도,430
390,기타외국식전문점,대구광역시,"1,218"
391,기타외국식전문점,경상북도,709
392,기타외국식전문점,부산광역시,"1,834"
393,기타외국식전문점,울산광역시,708
394,기타외국식전문점,경상남도,"1,226"
395,기타외국식전문점,제주특별자치도,786
396,기타음식점,합계,"24,218"
397,기타음식점,서울특별시,"4,697"
398,기타음식점,인천광역시,"1,042"
399,기타음식점,경기도,"5,596"
400,기타음식점,강원도,"1,040"
401,기타음식점,대전광역시,582
402,기타음식점,충청북도,731
403,기타음식점,충청남도,"1,018"
404,기타음식점,세종특별자치시,102
405,기타음식점,광주광역시,"1,015"
406,기타음식점,전라북도,714
407,기타음식점,전라남도,839
408,기타음식점,대구광역시,"1,265"
409,기타음식점,경상북도,"1,178"
410,기타음식점,부산광역시,"1,670"
411,기타음식점,울산광역시,490
412,기타음식점,경상남도,"1,826"
413,기타음식점,제주특별자치도,413
414,꽃가게,합계,"23,612"
415,꽃가게,서울특별시,"4,318"
416,꽃가게,인천광역시,945
417,꽃가게,경기도,"5,431"
418,꽃가게,강원도,750
419,꽃가게,대전광역시,708
420,꽃가게,충청북도,887
421,꽃가게,충청남도,"1,083"
422,꽃가게,세종특별자치시,113
423,꽃가게,광주광역시,768
424,꽃가게,전라북도,"1,075"
425,꽃가게,전라남도,"1,144"
426,꽃가게,대구광역시,"1,109"
427,꽃가게,경상북도,"1,406"
428,꽃가게,부산광역시,"1,289"
429,꽃가게,울산광역시,509
430,꽃가게,경상남도,"1,725"
431,꽃가게,제주특별자치도,352
432,내과ㆍ소아과 의원,합계,"11,369"
433,내과ㆍ소아과 의원,서울특별시,"2,471"
434,내과ㆍ소아과 의원,인천광역시,601
435,내과ㆍ소아과 의원,경기도,"2,582"
436,내과ㆍ소아과 의원,강원도,322
437,내과ㆍ소아과 의원,대전광역시,383
438,내과ㆍ소아과 의원,충청북도,317
439,내과ㆍ소아과 의원,충청남도,438
440,내과ㆍ소아과 의원,세종특별자치시,63
441,내과ㆍ소아과 의원,광주광역시,333
442,내과ㆍ소아과 의원,전라북도,431
443,내과ㆍ소아과 의원,전라남도,447
444,내과ㆍ소아과 의원,대구광역시,567
445,내과ㆍ소아과 의원,경상북도,539
446,내과ㆍ소아과 의원,부산광역시,822
447,내과ㆍ소아과 의원,울산광역시,225
448,내과ㆍ소아과 의원,경상남도,675
449,내과ㆍ소아과 의원,제주특별자치도,153
450,노래방,합계,"30,733"
451,노래방,서울특별시,"5,833"
452,노래방,인천광역시,"2,346"
453,노래방,경기도,"7,310"
454,노래방,강원도,860
455,노래방,대전광역시,"1,327"
456,노래방,충청북도,"1,150"
457,노래방,충청남도,"1,222"
458,노래방,세종특별자치시,146
459,노래방,광주광역시,"1,080"
460,노래방,전라북도,847
461,노래방,전라남도,749
462,노래방,대구광역시,"1,735"
463,노래방,경상북도,"1,612"
464,노래방,부산광역시,"1,797"
465,노래방,울산광역시,768
466,노래방,경상남도,"1,654"
467,노래방,제주특별자치도,297
468,담배가게,합계,"12,949"
469,담배가게,서울특별시,"2,309"
470,담배가게,인천광역시,361
471,담배가게,경기도,"1,641"
472,담배가게,강원도,601
473,담배가게,대전광역시,300
474,담배가게,충청북도,546
475,담배가게,충청남도,593
476,담배가게,세종특별자치시,38
477,담배가게,광주광역시,307
478,담배가게,전라북도,646
479,담배가게,전라남도,"1,004"
480,담배가게,대구광역시,521
481,담배가게,경상북도,"1,376"
482,담배가게,부산광역시,"1,182"
483,담배가게,울산광역시,239
484,담배가게,경상남도,"1,111"
485,담배가게,제주특별자치도,174
486,당구장,합계,"18,419"
487,당구장,서울특별시,"3,273"
488,당구장,인천광역시,"1,173"
489,당구장,경기도,"4,691"
490,당구장,강원도,817
491,당구장,대전광역시,528
492,당구장,충청북도,707
493,당구장,충청남도,832
494,당구장,세종특별자치시,93
495,당구장,광주광역시,493
496,당구장,전라북도,595
497,당구장,전라남도,698
498,당구장,대구광역시,656
499,당구장,경상북도,924
500,당구장,부산광역시,988
501,당구장,울산광역시,516
502,당구장,경상남도,"1,115"
503,당구장,제주특별자치도,320
504,독서실,합계,"9,902"
505,독서실,서울특별시,"3,537"
506,독서실,인천광역시,449
507,독서실,경기도,"2,443"
508,독서실,강원도,156
509,독서실,대전광역시,237
510,독서실,충청북도,189
511,독서실,충청남도,235
512,독서실,세종특별자치시,30
513,독서실,광주광역시,376
514,독서실,전라북도,269
515,독서실,전라남도,163
516,독서실,대구광역시,408
517,독서실,경상북도,236
518,독서실,부산광역시,450
519,독서실,울산광역시,244
520,독서실,경상남도,396
521,독서실,제주특별자치도,84
522,동물병원,합계,"4,073"
523,동물병원,서울특별시,820
524,동물병원,인천광역시,188
525,동물병원,경기도,"1,045"
526,동물병원,강원도,96
527,동물병원,대전광역시,102
528,동물병원,충청북도,105
529,동물병원,충청남도,181
530,동물병원,세종특별자치시,23
531,동물병원,광주광역시,104
532,동물병원,전라북도,163
533,동물병원,전라남도,158
534,동물병원,대구광역시,166
535,동물병원,경상북도,267
536,동물병원,부산광역시,240
537,동물병원,울산광역시,74
538,동물병원,경상남도,270
539,동물병원,제주특별자치도,71
540,목욕탕,합계,"5,541"
541,목욕탕,서울특별시,732
542,목욕탕,인천광역시,208
543,목욕탕,경기도,773
544,목욕탕,강원도,180
545,목욕탕,대전광역시,100
546,목욕탕,충청북도,145
547,목욕탕,충청남도,194
548,목욕탕,세종특별자치시,12
549,목욕탕,광주광역시,177
550,목욕탕,전라북도,207
551,목욕탕,전라남도,299
552,목욕탕,대구광역시,268
553,목욕탕,경상북도,420
554,목욕탕,부산광역시,752
555,목욕탕,울산광역시,184
556,목욕탕,경상남도,777
557,목욕탕,제주특별자치도,113
558,문구점,합계,"9,251"
559,문구점,서울특별시,"1,573"
560,문구점,인천광역시,482
561,문구점,경기도,"2,130"
562,문구점,강원도,386
563,문구점,대전광역시,321
564,문구점,충청북도,332
565,문구점,충청남도,430
566,문구점,세종특별자치시,75
567,문구점,광주광역시,290
568,문구점,전라북도,434
569,문구점,전라남도,418
570,문구점,대구광역시,340
571,문구점,경상북도,536
572,문구점,부산광역시,520
573,문구점,울산광역시,198
574,문구점,경상남도,635
575,문구점,제주특별자치도,151
576,미용실,합계,"100,664"
577,미용실,서울특별시,"17,900"
578,미용실,인천광역시,"5,415"
579,미용실,경기도,"22,647"
580,미용실,강원도,"3,543"
581,미용실,대전광역시,"3,292"
582,미용실,충청북도,"3,440"
583,미용실,충청남도,"4,178"
584,미용실,세종특별자치시,384
585,미용실,광주광역시,"3,196"
586,미용실,전라북도,"3,829"
587,미용실,전라남도,"3,468"
588,미용실,대구광역시,"5,356"
589,미용실,경상북도,"5,786"
590,미용실,부산광역시,"7,402"
591,미용실,울산광역시,"2,568"
592,미용실,경상남도,"6,919"
593,미용실,제주특별자치도,"1,341"
594,법무사,합계,"6,466"
595,법무사,서울특별시,"1,941"
596,법무사,인천광역시,280
597,법무사,경기도,"1,210"
598,법무사,강원도,189
599,법무사,대전광역시,164
600,법무사,충청북도,167
601,법무사,충청남도,217
602,법무사,세종특별자치시,21
603,법무사,광주광역시,220
604,법무사,전라북도,233
605,법무사,전라남도,215
606,법무사,대구광역시,299
607,법무사,경상북도,261
608,법무사,부산광역시,459
609,법무사,울산광역시,115
610,법무사,경상남도,388
611,법무사,제주특별자치도,87
612,변리사,합계,"1,000"
613,변리사,서울특별시,703
614,변리사,인천광역시,14
615,변리사,경기도,91
616,변리사,강원도,*
617,변리사,대전광역시,89
618,변리사,충청북도,4
619,변리사,충청남도,5
620,변리사,세종특별자치시,0
621,변리사,광주광역시,11
622,변리사,전라북도,6
623,변리사,전라남도,*
624,변리사,대구광역시,23
625,변리사,경상북도,3
626,변리사,부산광역시,29
627,변리사,울산광역시,5
628,변리사,경상남도,12
629,변리사,제주특별자치도,*
630,변호사,합계,"7,221"
631,변호사,서울특별시,"3,712"
632,변호사,인천광역시,246
633,변호사,경기도,953
634,변호사,강원도,117
635,변호사,대전광역시,221
636,변호사,충청북도,104
637,변호사,충청남도,134
638,변호사,세종특별자치시,19
639,변호사,광주광역시,216
640,변호사,전라북도,187
641,변호사,전라남도,91
642,변호사,대구광역시,269
643,변호사,경상북도,114
644,변호사,부산광역시,419
645,변호사,울산광역시,119
646,변호사,경상남도,221
647,변호사,제주특별자치도,79
648,부동산중개업,합계,"124,508"
649,부동산중개업,서울특별시,"30,692"
650,부동산중개업,인천광역시,"6,754"
651,부동산중개업,경기도,"34,610"
652,부동산중개업,강원도,"2,607"
653,부동산중개업,대전광역시,"3,264"
654,부동산중개업,충청북도,"2,863"
655,부동산중개업,충청남도,"4,181"
656,부동산중개업,세종특별자치시,"1,311"
657,부동산중개업,광주광역시,"4,011"
658,부동산중개업,전라북도,"3,188"
659,부동산중개업,전라남도,"2,196"
660,부동산중개업,대구광역시,"5,648"
661,부동산중개업,경상북도,"4,154"
662,부동산중개업,부산광역시,"7,916"
663,부동산중개업,울산광역시,"2,296"
664,부동산중개업,경상남도,"6,897"
665,부동산중개업,제주특별자치도,"1,920"
666,분식점,합계,"53,799"
667,분식점,서울특별시,"10,944"
668,분식점,인천광역시,"2,541"
669,분식점,경기도,"12,579"
670,분식점,강원도,"1,603"
671,분식점,대전광역시,"2,008"
672,분식점,충청북도,"2,235"
673,분식점,충청남도,"2,325"
674,분식점,세종특별자치시,195
675,분식점,광주광역시,"1,619"
676,분식점,전라북도,"1,939"
677,분식점,전라남도,"1,449"
678,분식점,대구광역시,"2,348"
679,분식점,경상북도,"2,455"
680,분식점,부산광역시,"4,041"
681,분식점,울산광역시,754
682,분식점,경상남도,"3,956"
683,분식점,제주특별자치도,808
684,사진촬영업,합계,"13,908"
685,사진촬영업,서울특별시,"4,560"
686,사진촬영업,인천광역시,641
687,사진촬영업,경기도,"2,899"
688,사진촬영업,강원도,406
689,사진촬영업,대전광역시,393
690,사진촬영업,충청북도,312
691,사진촬영업,충청남도,388
692,사진촬영업,세종특별자치시,55
693,사진촬영업,광주광역시,392
694,사진촬영업,전라북도,427
695,사진촬영업,전라남도,327
696,사진촬영업,대구광역시,627
697,사진촬영업,경상북도,522
698,사진촬영업,부산광역시,808
699,사진촬영업,울산광역시,222
700,사진촬영업,경상남도,600
701,사진촬영업,제주특별자치도,329
702,산부인과 의원,합계,"1,672"
703,산부인과 의원,서울특별시,503
704,산부인과 의원,인천광역시,78
705,산부인과 의원,경기도,330
706,산부인과 의원,강원도,37
707,산부인과 의원,대전광역시,61
708,산부인과 의원,충청북도,46
709,산부인과 의원,충청남도,48
710,산부인과 의원,세종특별자치시,9
711,산부인과 의원,광주광역시,52
712,산부인과 의원,전라북도,57
713,산부인과 의원,전라남도,24
714,산부인과 의원,대구광역시,107
715,산부인과 의원,경상북도,67
716,산부인과 의원,부산광역시,103
717,산부인과 의원,울산광역시,41
718,산부인과 의원,경상남도,85
719,산부인과 의원,제주특별자치도,24
720,생선가게,합계,"11,077"
721,생선가게,서울특별시,"1,468"
722,생선가게,인천광역시,730
723,생선가게,경기도,"1,200"
724,생선가게,강원도,419
725,생선가게,대전광역시,148
726,생선가게,충청북도,147
727,생선가게,충청남도,725
728,생선가게,세종특별자치시,18
729,생선가게,광주광역시,317
730,생선가게,전라북도,585
731,생선가게,전라남도,"1,538"
732,생선가게,대구광역시,210
733,생선가게,경상북도,836
734,생선가게,부산광역시,"1,057"
735,생선가게,울산광역시,393
736,생선가게,경상남도,855
737,생선가게,제주특별자치도,431
738,서점,합계,"8,217"
739,서점,서울특별시,"1,631"
740,서점,인천광역시,360
741,서점,경기도,"1,902"
742,서점,강원도,232
743,서점,대전광역시,335
744,서점,충청북도,241
745,서점,충청남도,343
746,서점,세종특별자치시,61
747,서점,광주광역시,266
748,서점,전라북도,344
749,서점,전라남도,245
750,서점,대구광역시,505
751,서점,경상북도,378
752,서점,부산광역시,555
753,서점,울산광역시,191
754,서점,경상남도,489
755,서점,제주특별자치도,139
756,성형외과 의원,합계,"1,463"
757,성형외과 의원,서울특별시,718
758,성형외과 의원,인천광역시,47
759,성형외과 의원,경기도,186
760,성형외과 의원,강원도,16
761,성형외과 의원,대전광역시,45
762,성형외과 의원,충청북도,23
763,성형외과 의원,충청남도,28
764,성형외과 의원,세종특별자치시,5
765,성형외과 의원,광주광역시,46
766,성형외과 의원,전라북도,28
767,성형외과 의원,전라남도,15
768,성형외과 의원,대구광역시,76
769,성형외과 의원,경상북도,15
770,성형외과 의원,부산광역시,136
771,성형외과 의원,울산광역시,20
772,성형외과 의원,경상남도,39
773,성형외과 의원,제주특별자치도,20
774,세무사,합계,"12,318"
775,세무사,서울특별시,"5,061"
776,세무사,인천광역시,519
777,세무사,경기도,"2,715"
778,세무사,강원도,170
779,세무사,대전광역시,273
780,세무사,충청북도,167
781,세무사,충청남도,261
782,세무사,세종특별자치시,42
783,세무사,광주광역시,302
784,세무사,전라북도,268
785,세무사,전라남도,130
786,세무사,대구광역시,548
787,세무사,경상북도,233
788,세무사,부산광역시,945
789,세무사,울산광역시,163
790,세무사,경상남도,415
791,세무사,제주특별자치도,106
792,세탁소,합계,"23,046"
793,세탁소,서울특별시,"4,510"
794,세탁소,인천광역시,"1,226"
795,세탁소,경기도,"5,272"
796,세탁소,강원도,921
797,세탁소,대전광역시,874
798,세탁소,충청북도,886
799,세탁소,충청남도,"1,106"
800,세탁소,세종특별자치시,93
801,세탁소,광주광역시,847
802,세탁소,전라북도,871
803,세탁소,전라남도,790
804,세탁소,대구광역시,831
805,세탁소,경상북도,"1,237"
806,세탁소,부산광역시,"1,291"
807,세탁소,울산광역시,434
808,세탁소,경상남도,"1,261"
809,세탁소,제주특별자치도,596
810,슈퍼마켓,합계,"30,061"
811,슈퍼마켓,서울특별시,"4,057"
812,슈퍼마켓,인천광역시,"1,897"
813,슈퍼마켓,경기도,"8,055"
814,슈퍼마켓,강원도,"1,033"
815,슈퍼마켓,대전광역시,691
816,슈퍼마켓,충청북도,"1,009"
817,슈퍼마켓,충청남도,"1,229"
818,슈퍼마켓,세종특별자치시,134
819,슈퍼마켓,광주광역시,864
820,슈퍼마켓,전라북도,"1,020"
821,슈퍼마켓,전라남도,"1,236"
822,슈퍼마켓,대구광역시,"1,726"
823,슈퍼마켓,경상북도,"1,883"
824,슈퍼마켓,부산광역시,"1,945"
825,슈퍼마켓,울산광역시,896
826,슈퍼마켓,경상남도,"1,959"
827,슈퍼마켓,제주특별자치도,427
828,스포츠교육기관,합계,"24,301"
829,스포츠교육기관,서울특별시,"4,482"
830,스포츠교육기관,인천광역시,"1,324"
831,스포츠교육기관,경기도,"6,279"
832,스포츠교육기관,강원도,674
833,스포츠교육기관,대전광역시,802
834,스포츠교육기관,충청북도,717
835,스포츠교육기관,충청남도,875
836,스포츠교육기관,세종특별자치시,179
837,스포츠교육기관,광주광역시,883
838,스포츠교육기관,전라북도,816
839,스포츠교육기관,전라남도,695
840,스포츠교육기관,대구광역시,"1,201"
841,스포츠교육기관,경상북도,"1,108"
842,스포츠교육기관,부산광역시,"1,627"
843,스포츠교육기관,울산광역시,562
844,스포츠교육기관,경상남도,"1,693"
845,스포츠교육기관,제주특별자치도,384
846,스포츠시설운영업,합계,"7,629"
847,스포츠시설운영업,서울특별시,"2,107"
848,스포츠시설운영업,인천광역시,411
849,스포츠시설운영업,경기도,"2,014"
850,스포츠시설운영업,강원도,231
851,스포츠시설운영업,대전광역시,176
852,스포츠시설운영업,충청북도,172
853,스포츠시설운영업,충청남도,198
854,스포츠시설운영업,세종특별자치시,36
855,스포츠시설운영업,광주광역시,232
856,스포츠시설운영업,전라북도,253
857,스포츠시설운영업,전라남도,169
858,스포츠시설운영업,대구광역시,275
859,스포츠시설운영업,경상북도,262
860,스포츠시설운영업,부산광역시,448
861,스포츠시설운영업,울산광역시,128
862,스포츠시설운영업,경상남도,385
863,스포츠시설운영업,제주특별자치도,132
864,스포츠용품점,합계,"15,037"
865,스포츠용품점,서울특별시,"1,472"
866,스포츠용품점,인천광역시,513
867,스포츠용품점,경기도,"3,119"
868,스포츠용품점,강원도,841
869,스포츠용품점,대전광역시,387
870,스포츠용품점,충청북도,652
871,스포츠용품점,충청남도,"1,009"
872,스포츠용품점,세종특별자치시,61
873,스포츠용품점,광주광역시,426
874,스포츠용품점,전라북도,902
875,스포츠용품점,전라남도,915
876,스포츠용품점,대구광역시,672
877,스포츠용품점,경상북도,"1,244"
878,스포츠용품점,부산광역시,714
879,스포츠용품점,울산광역시,286
880,스포츠용품점,경상남도,"1,397"
881,스포츠용품점,제주특별자치도,427
882,시계ㆍ귀금속점,합계,"8,167"
883,시계ㆍ귀금속점,서울특별시,"1,897"
884,시계ㆍ귀금속점,인천광역시,346
885,시계ㆍ귀금속점,경기도,"1,290"
886,시계ㆍ귀금속점,강원도,238
887,시계ㆍ귀금속점,대전광역시,226
888,시계ㆍ귀금속점,충청북도,257
889,시계ㆍ귀금속점,충청남도,319
890,시계ㆍ귀금속점,세종특별자치시,17
891,시계ㆍ귀금속점,광주광역시,261
892,시계ㆍ귀금속점,전라북도,384
893,시계ㆍ귀금속점,전라남도,280
894,시계ㆍ귀금속점,대구광역시,538
895,시계ㆍ귀금속점,경상북도,439
896,시계ㆍ귀금속점,부산광역시,786
897,시계ㆍ귀금속점,울산광역시,223
898,시계ㆍ귀금속점,경상남도,562
899,시계ㆍ귀금속점,제주특별자치도,104
900,식료품가게,합계,"49,759"
901,식료품가게,서울특별시,"5,605"
902,식료품가게,인천광역시,"2,135"
903,식료품가게,경기도,"8,999"
904,식료품가게,강원도,"2,921"
905,식료품가게,대전광역시,"1,409"
906,식료품가게,충청북도,"2,301"
907,식료품가게,충청남도,"3,421"
908,식료품가게,세종특별자치시,229
909,식료품가게,광주광역시,"1,487"
910,식료품가게,전라북도,"3,469"
911,식료품가게,전라남도,"3,706"
912,식료품가게,대구광역시,"1,685"
913,식료품가게,경상북도,"3,600"
914,식료품가게,부산광역시,"3,156"
915,식료품가게,울산광역시,787
916,식료품가게,경상남도,"4,013"
917,식료품가게,제주특별자치도,836
918,신경정신과 의원,합계,"1,712"
919,신경정신과 의원,서울특별시,476
920,신경정신과 의원,인천광역시,70
921,신경정신과 의원,경기도,368
922,신경정신과 의원,강원도,38
923,신경정신과 의원,대전광역시,73
924,신경정신과 의원,충청북도,45
925,신경정신과 의원,충청남도,52
926,신경정신과 의원,세종특별자치시,11
927,신경정신과 의원,광주광역시,48
928,신경정신과 의원,전라북도,66
929,신경정신과 의원,전라남도,42
930,신경정신과 의원,대구광역시,107
931,신경정신과 의원,경상북도,51
932,신경정신과 의원,부산광역시,146
933,신경정신과 의원,울산광역시,25
934,신경정신과 의원,경상남도,72
935,신경정신과 의원,제주특별자치도,22
936,신발가게,합계,"6,705"
937,신발가게,서울특별시,"1,389"
938,신발가게,인천광역시,356
939,신발가게,경기도,"1,248"
940,신발가게,강원도,246
941,신발가게,대전광역시,205
942,신발가게,충청북도,238
943,신발가게,충청남도,288
944,신발가게,세종특별자치시,22
945,신발가게,광주광역시,212
946,신발가게,전라북도,303
947,신발가게,전라남도,265
948,신발가게,대구광역시,340
949,신발가게,경상북도,386
950,신발가게,부산광역시,563
951,신발가게,울산광역시,118
952,신발가게,경상남도,411
953,신발가게,제주특별자치도,115
954,실내스크린골프점,합계,"4,784"
955,실내스크린골프점,서울특별시,659
956,실내스크린골프점,인천광역시,196
957,실내스크린골프점,경기도,"1,230"
958,실내스크린골프점,강원도,151
959,실내스크린골프점,대전광역시,153
960,실내스크린골프점,충청북도,179
961,실내스크린골프점,충청남도,213
962,실내스크린골프점,세종특별자치시,25
963,실내스크린골프점,광주광역시,114
964,실내스크린골프점,전라북도,177
965,실내스크린골프점,전라남도,155
966,실내스크린골프점,대구광역시,285
967,실내스크린골프점,경상북도,278
968,실내스크린골프점,부산광역시,302
969,실내스크린골프점,울산광역시,172
970,실내스크린골프점,경상남도,412
971,실내스크린골프점,제주특별자치도,83
972,실내장식가게,합계,"55,087"
973,실내장식가게,서울특별시,"13,594"
974,실내장식가게,인천광역시,"3,192"
975,실내장식가게,경기도,"16,245"
976,실내장식가게,강원도,"1,060"
977,실내장식가게,대전광역시,"1,788"
978,실내장식가게,충청북도,"1,226"
979,실내장식가게,충청남도,"1,440"
980,실내장식가게,세종특별자치시,218
981,실내장식가게,광주광역시,"1,916"
982,실내장식가게,전라북도,244
983,실내장식가게,전라남도,"1,154"
984,실내장식가게,대구광역시,"2,510"
985,실내장식가게,경상북도,"1,753"
986,실내장식가게,부산광역시,"3,916"
987,실내장식가게,울산광역시,989
988,실내장식가게,경상남도,"2,662"
989,실내장식가게,제주특별자치도,"1,180"
990,실외골프연습장,합계,"2,272"
991,실외골프연습장,서울특별시,373
992,실외골프연습장,인천광역시,79
993,실외골프연습장,경기도,505
994,실외골프연습장,강원도,109
995,실외골프연습장,대전광역시,61
996,실외골프연습장,충청북도,101
997,실외골프연습장,충청남도,102
998,실외골프연습장,세종특별자치시,6
999,실외골프연습장,광주광역시,45
1000,실외골프연습장,전라북도,94
1001,실외골프연습장,전라남도,98
1002,실외골프연습장,대구광역시,98
1003,실외골프연습장,경상북도,192
1004,실외골프연습장,부산광역시,141
1005,실외골프연습장,울산광역시,48
1006,실외골프연습장,경상남도,166
1007,실외골프연습장,제주특별자치도,54
1008,안경점,합계,"9,217"
1009,안경점,서울특별시,"2,059"
1010,안경점,인천광역시,428
1011,안경점,경기도,"1,970"
1012,안경점,강원도,251
1013,안경점,대전광역시,320
1014,안경점,충청북도,287
1015,안경점,충청남도,343
1016,안경점,세종특별자치시,43
1017,안경점,광주광역시,351
1018,안경점,전라북도,351
1019,안경점,전라남도,307
1020,안경점,대구광역시,491
1021,안경점,경상북도,431
1022,안경점,부산광역시,642
1023,안경점,울산광역시,223
1024,안경점,경상남도,597
1025,안경점,제주특별자치도,123
1026,안과 의원,합계,"1,648"
1027,안과 의원,서울특별시,445
1028,안과 의원,인천광역시,65
1029,안과 의원,경기도,353
1030,안과 의원,강원도,43
1031,안과 의원,대전광역시,48
1032,안과 의원,충청북도,38
1033,안과 의원,충청남도,53
1034,안과 의원,세종특별자치시,5
1035,안과 의원,광주광역시,40
1036,안과 의원,전라북도,63
1037,안과 의원,전라남도,50
1038,안과 의원,대구광역시,101
1039,안과 의원,경상북도,68
1040,안과 의원,부산광역시,131
1041,안과 의원,울산광역시,33
1042,안과 의원,경상남도,92
1043,안과 의원,제주특별자치도,20
1044,애완용품점,합계,"7,936"
1045,애완용품점,서울특별시,"1,322"
1046,애완용품점,인천광역시,505
1047,애완용품점,경기도,"2,378"
1048,애완용품점,강원도,210
1049,애완용품점,대전광역시,272
1050,애완용품점,충청북도,243
1051,애완용품점,충청남도,320
1052,애완용품점,세종특별자치시,24
1053,애완용품점,광주광역시,200
1054,애완용품점,전라북도,213
1055,애완용품점,전라남도,183
1056,애완용품점,대구광역시,356
1057,애완용품점,경상북도,394
1058,애완용품점,부산광역시,596
1059,애완용품점,울산광역시,134
1060,애완용품점,경상남도,496
1061,애완용품점,제주특별자치도,90
1062,약국,합계,"22,521"
1063,약국,서울특별시,"5,068"
1064,약국,인천광역시,"1,099"
1065,약국,경기도,"4,944"
1066,약국,강원도,675
1067,약국,대전광역시,740
1068,약국,충청북도,666
1069,약국,충청남도,945
1070,약국,세종특별자치시,114
1071,약국,광주광역시,674
1072,약국,전라북도,910
1073,약국,전라남도,787
1074,약국,대구광역시,"1,279"
1075,약국,경상북도,"1,104"
1076,약국,부산광역시,"1,524"
1077,약국,울산광역시,417
1078,약국,경상남도,"1,286"
1079,약국,제주특별자치도,289
1080,여관ㆍ모텔,합계,"21,266"
1081,여관ㆍ모텔,서울특별시,"2,037"
1082,여관ㆍ모텔,인천광역시,837
1083,여관ㆍ모텔,경기도,"3,290"
1084,여관ㆍ모텔,강원도,"1,576"
1085,여관ㆍ모텔,대전광역시,653
1086,여관ㆍ모텔,충청북도,860
1087,여관ㆍ모텔,충청남도,"1,515"
1088,여관ㆍ모텔,세종특별자치시,67
1089,여관ㆍ모텔,광주광역시,517
1090,여관ㆍ모텔,전라북도,"1,027"
1091,여관ㆍ모텔,전라남도,"1,320"
1092,여관ㆍ모텔,대구광역시,730
1093,여관ㆍ모텔,경상북도,"1,974"
1094,여관ㆍ모텔,부산광역시,"1,422"
1095,여관ㆍ모텔,울산광역시,634
1096,여관ㆍ모텔,경상남도,"2,379"
1097,여관ㆍ모텔,제주특별자치도,428
1098,여행사,합계,"14,157"
1099,여행사,서울특별시,"5,621"
1100,여행사,인천광역시,417
1101,여행사,경기도,"1,747"
1102,여행사,강원도,339
1103,여행사,대전광역시,320
1104,여행사,충청북도,283
1105,여행사,충청남도,310
1106,여행사,세종특별자치시,52
1107,여행사,광주광역시,417
1108,여행사,전라북도,417
1109,여행사,전라남도,436
1110,여행사,대구광역시,531
1111,여행사,경상북도,461
1112,여행사,부산광역시,"1,084"
1113,여행사,울산광역시,189
1114,여행사,경상남도,588
1115,여행사,제주특별자치도,945
1116,예술학원,합계,"30,885"
1117,예술학원,서울특별시,"5,487"
1118,예술학원,인천광역시,"1,521"
1119,예술학원,경기도,"8,532"
1120,예술학원,강원도,868
1121,예술학원,대전광역시,905
1122,예술학원,충청북도,889
1123,예술학원,충청남도,"1,098"
1124,예술학원,세종특별자치시,258
1125,예술학원,광주광역시,"1,094"
1126,예술학원,전라북도,"1,330"
1127,예술학원,전라남도,872
1128,예술학원,대구광역시,"1,381"
1129,예술학원,경상북도,"1,384"
1130,예술학원,부산광역시,"1,821"
1131,예술학원,울산광역시,794
1132,예술학원,경상남도,"2,221"
1133,예술학원,제주특별자치도,430
1134,예식장,합계,924
1135,예식장,서울특별시,170
1136,예식장,인천광역시,29
1137,예식장,경기도,146
1138,예식장,강원도,41
1139,예식장,대전광역시,25
1140,예식장,충청북도,38
1141,예식장,충청남도,73
1142,예식장,세종특별자치시,5
1143,예식장,광주광역시,28
1144,예식장,전라북도,49
1145,예식장,전라남도,43
1146,예식장,대구광역시,43
1147,예식장,경상북도,67
1148,예식장,부산광역시,64
1149,예식장,울산광역시,15
1150,예식장,경상남도,67
1151,예식장,제주특별자치도,21
1152,옷가게,합계,"86,359"
1153,옷가게,서울특별시,"16,003"
1154,옷가게,인천광역시,"4,055"
1155,옷가게,경기도,"17,520"
1156,옷가게,강원도,"3,209"
1157,옷가게,대전광역시,"2,805"
1158,옷가게,충청북도,"2,962"
1159,옷가게,충청남도,"3,299"
1160,옷가게,세종특별자치시,353
1161,옷가게,광주광역시,"3,180"
1162,옷가게,전라북도,"3,472"
1163,옷가게,전라남도,"3,056"
1164,옷가게,대구광역시,"5,312"
1165,옷가게,경상북도,"4,684"
1166,옷가게,부산광역시,"7,145"
1167,옷가게,울산광역시,"1,844"
1168,옷가게,경상남도,"5,796"
1169,옷가게,제주특별자치도,"1,664"
1170,의료용품가게,합계,"7,022"
1171,의료용품가게,서울특별시,"1,585"
1172,의료용품가게,인천광역시,314
1173,의료용품가게,경기도,"1,507"
1174,의료용품가게,강원도,183
1175,의료용품가게,대전광역시,274
1176,의료용품가게,충청북도,175
1177,의료용품가게,충청남도,288
1178,의료용품가게,세종특별자치시,21
1179,의료용품가게,광주광역시,317
1180,의료용품가게,전라북도,330
1181,의료용품가게,전라남도,223
1182,의료용품가게,대구광역시,344
1183,의료용품가게,경상북도,264
1184,의료용품가게,부산광역시,587
1185,의료용품가게,울산광역시,112
1186,의료용품가게,경상남도,416
1187,의료용품가게,제주특별자치도,82
1188,이륜자동차판매점,합계,"2,652"
1189,이륜자동차판매점,서울특별시,466
1190,이륜자동차판매점,인천광역시,96
1191,이륜자동차판매점,경기도,448
1192,이륜자동차판매점,강원도,93
1193,이륜자동차판매점,대전광역시,57
1194,이륜자동차판매점,충청북도,86
1195,이륜자동차판매점,충청남도,147
1196,이륜자동차판매점,세종특별자치시,9
1197,이륜자동차판매점,광주광역시,66
1198,이륜자동차판매점,전라북도,127
1199,이륜자동차판매점,전라남도,149
1200,이륜자동차판매점,대구광역시,152
1201,이륜자동차판매점,경상북도,207
1202,이륜자동차판매점,부산광역시,212
1203,이륜자동차판매점,울산광역시,76
1204,이륜자동차판매점,경상남도,220
1205,이륜자동차판매점,제주특별자치도,41
1206,이발소,합계,"11,865"
1207,이발소,서울특별시,"2,170"
1208,이발소,인천광역시,410
1209,이발소,경기도,"2,092"
1210,이발소,강원도,650
1211,이발소,대전광역시,410
1212,이발소,충청북도,415
1213,이발소,충청남도,608
1214,이발소,세종특별자치시,34
1215,이발소,광주광역시,259
1216,이발소,전라북도,458
1217,이발소,전라남도,552
1218,이발소,대구광역시,582
1219,이발소,경상북도,878
1220,이발소,부산광역시,"1,027"
1221,이발소,울산광역시,371
1222,이발소,경상남도,788
1223,이발소,제주특별자치도,161
1224,이비인후과 의원,합계,"2,573"
1225,이비인후과 의원,서울특별시,680
1226,이비인후과 의원,인천광역시,136
1227,이비인후과 의원,경기도,647
1228,이비인후과 의원,강원도,49
1229,이비인후과 의원,대전광역시,81
1230,이비인후과 의원,충청북도,61
1231,이비인후과 의원,충청남도,57
1232,이비인후과 의원,세종특별자치시,15
1233,이비인후과 의원,광주광역시,76
1234,이비인후과 의원,전라북도,73
1235,이비인후과 의원,전라남도,48
1236,이비인후과 의원,대구광역시,159
1237,이비인후과 의원,경상북도,87
1238,이비인후과 의원,부산광역시,202
1239,이비인후과 의원,울산광역시,47
1240,이비인후과 의원,경상남도,128
1241,이비인후과 의원,제주특별자치도,27
1242,일반외과 의원,합계,"4,787"
1243,일반외과 의원,서울특별시,"1,072"
1244,일반외과 의원,인천광역시,261
1245,일반외과 의원,경기도,"1,118"
1246,일반외과 의원,강원도,131
1247,일반외과 의원,대전광역시,141
1248,일반외과 의원,충청북도,174
1249,일반외과 의원,충청남도,191
1250,일반외과 의원,세종특별자치시,33
1251,일반외과 의원,광주광역시,99
1252,일반외과 의원,전라북도,181
1253,일반외과 의원,전라남도,138
1254,일반외과 의원,대구광역시,301
1255,일반외과 의원,경상북도,233
1256,일반외과 의원,부산광역시,323
1257,일반외과 의원,울산광역시,77
1258,일반외과 의원,경상남도,243
1259,일반외과 의원,제주특별자치도,71
1260,일식전문점,합계,"18,313"
1261,일식전문점,서울특별시,"5,595"
1262,일식전문점,인천광역시,"1,001"
1263,일식전문점,경기도,"3,681"
1264,일식전문점,강원도,"1,001"
1265,일식전문점,대전광역시,445
1266,일식전문점,충청북도,494
1267,일식전문점,충청남도,744
1268,일식전문점,세종특별자치시,89
1269,일식전문점,광주광역시,268
1270,일식전문점,전라북도,506
1271,일식전문점,전라남도,431
1272,일식전문점,대구광역시,850
1273,일식전문점,경상북도,542
1274,일식전문점,부산광역시,"1,082"
1275,일식전문점,울산광역시,281
1276,일식전문점,경상남도,769
1277,일식전문점,제주특별자치도,534
1278,자동차수리점,합계,"43,674"
1279,자동차수리점,서울특별시,"4,872"
1280,자동차수리점,인천광역시,"2,304"
1281,자동차수리점,경기도,"10,987"
1282,자동차수리점,강원도,"1,769"
1283,자동차수리점,대전광역시,"1,407"
1284,자동차수리점,충청북도,"1,808"
1285,자동차수리점,충청남도,"2,410"
1286,자동차수리점,세종특별자치시,189
1287,자동차수리점,광주광역시,"1,514"
1288,자동차수리점,전라북도,"1,997"
1289,자동차수리점,전라남도,"1,991"
1290,자동차수리점,대구광역시,"2,231"
1291,자동차수리점,경상북도,"3,030"
1292,자동차수리점,부산광역시,"2,341"
1293,자동차수리점,울산광역시,"1,069"
1294,자동차수리점,경상남도,"3,183"
1295,자동차수리점,제주특별자치도,572
1296,자전거판매점,합계,"2,556"
1297,자전거판매점,서울특별시,408
1298,자전거판매점,인천광역시,108
1299,자전거판매점,경기도,617
1300,자전거판매점,강원도,90
1301,자전거판매점,대전광역시,97
1302,자전거판매점,충청북도,83
1303,자전거판매점,충청남도,110
1304,자전거판매점,세종특별자치시,12
1305,자전거판매점,광주광역시,64
1306,자전거판매점,전라북도,135
1307,자전거판매점,전라남도,98
1308,자전거판매점,대구광역시,160
1309,자전거판매점,경상북도,167
1310,자전거판매점,부산광역시,109
1311,자전거판매점,울산광역시,62
1312,자전거판매점,경상남도,203
1313,자전거판매점,제주특별자치도,33
1314,장난감가게,합계,"3,064"
1315,장난감가게,서울특별시,557
1316,장난감가게,인천광역시,140
1317,장난감가게,경기도,858
1318,장난감가게,강원도,96
1319,장난감가게,대전광역시,95
1320,장난감가게,충청북도,91
1321,장난감가게,충청남도,131
1322,장난감가게,세종특별자치시,24
1323,장난감가게,광주광역시,78
1324,장난감가게,전라북도,104
1325,장난감가게,전라남도,103
1326,장난감가게,대구광역시,138
1327,장난감가게,경상북도,166
1328,장난감가게,부산광역시,192
1329,장난감가게,울산광역시,60
1330,장난감가게,경상남도,169
1331,장난감가게,제주특별자치도,62
1332,정육점,합계,"19,746"
1333,정육점,서울특별시,"2,787"
1334,정육점,인천광역시,"1,054"
1335,정육점,경기도,"4,300"
1336,정육점,강원도,850
1337,정육점,대전광역시,761
1338,정육점,충청북도,779
1339,정육점,충청남도,"1,012"
1340,정육점,세종특별자치시,113
1341,정육점,광주광역시,536
1342,정육점,전라북도,"1,051"
1343,정육점,전라남도,814
1344,정육점,대구광역시,"1,280"
1345,정육점,경상북도,"1,251"
1346,정육점,부산광역시,"1,105"
1347,정육점,울산광역시,571
1348,정육점,경상남도,"1,199"
1349,정육점,제주특별자치도,283
1350,제과점,합계,"16,866"
1351,제과점,서울특별시,"3,564"
1352,제과점,인천광역시,778
1353,제과점,경기도,"3,870"
1354,제과점,강원도,550
1355,제과점,대전광역시,509
1356,제과점,충청북도,521
1357,제과점,충청남도,676
1358,제과점,세종특별자치시,112
1359,제과점,광주광역시,476
1360,제과점,전라북도,604
1361,제과점,전라남도,554
1362,제과점,대구광역시,888
1363,제과점,경상북도,884
1364,제과점,부산광역시,"1,073"
1365,제과점,울산광역시,360
1366,제과점,경상남도,"1,053"
1367,제과점,제주특별자치도,394
1368,종합병원,합계,"3,399"
1369,종합병원,서울특별시,437
1370,종합병원,인천광역시,148
1371,종합병원,경기도,671
1372,종합병원,강원도,88
1373,종합병원,대전광역시,101
1374,종합병원,충청북도,98
1375,종합병원,충청남도,141
1376,종합병원,세종특별자치시,12
1377,종합병원,광주광역시,168
1378,종합병원,전라북도,167
1379,종합병원,전라남도,198
1380,종합병원,대구광역시,188
1381,종합병원,경상북도,230
1382,종합병원,부산광역시,337
1383,종합병원,울산광역시,94
1384,종합병원,경상남도,296
1385,종합병원,제주특별자치도,25
1386,주유소,합계,"10,705"
1387,주유소,서울특별시,393
1388,주유소,인천광역시,276
1389,주유소,경기도,"2,160"
1390,주유소,강원도,628
1391,주유소,대전광역시,228
1392,주유소,충청북도,705
1393,주유소,충청남도,"1,002"
1394,주유소,세종특별자치시,66
1395,주유소,광주광역시,265
1396,주유소,전라북도,843
1397,주유소,전라남도,817
1398,주유소,대구광역시,324
1399,주유소,경상북도,"1,211"
1400,주유소,부산광역시,352
1401,주유소,울산광역시,212
1402,주유소,경상남도,"1,039"
1403,주유소,제주특별자치도,184
1404,주차장운영업,합계,"7,668"
1405,주차장운영업,서울특별시,"1,760"
1406,주차장운영업,인천광역시,303
1407,주차장운영업,경기도,"1,206"
1408,주차장운영업,강원도,147
1409,주차장운영업,대전광역시,168
1410,주차장운영업,충청북도,150
1411,주차장운영업,충청남도,129
1412,주차장운영업,세종특별자치시,23
1413,주차장운영업,광주광역시,256
1414,주차장운영업,전라북도,119
1415,주차장운영업,전라남도,96
1416,주차장운영업,대구광역시,430
1417,주차장운영업,경상북도,239
1418,주차장운영업,부산광역시,"1,725"
1419,주차장운영업,울산광역시,224
1420,주차장운영업,경상남도,650
1421,주차장운영업,제주특별자치도,43
1422,중고차판매점,합계,"4,847"
1423,중고차판매점,서울특별시,490
1424,중고차판매점,인천광역시,285
1425,중고차판매점,경기도,"1,058"
1426,중고차판매점,강원도,161
1427,중고차판매점,대전광역시,166
1428,중고차판매점,충청북도,195
1429,중고차판매점,충청남도,211
1430,중고차판매점,세종특별자치시,3
1431,중고차판매점,광주광역시,241
1432,중고차판매점,전라북도,294
1433,중고차판매점,전라남도,216
1434,중고차판매점,대구광역시,477
1435,중고차판매점,경상북도,333
1436,중고차판매점,부산광역시,236
1437,중고차판매점,울산광역시,103
1438,중고차판매점,경상남도,324
1439,중고차판매점,제주특별자치도,54
1440,중식전문점,합계,"24,049"
1441,중식전문점,서울특별시,"4,734"
1442,중식전문점,인천광역시,"1,156"
1443,중식전문점,경기도,"5,030"
1444,중식전문점,강원도,"1,012"
1445,중식전문점,대전광역시,567
1446,중식전문점,충청북도,888
1447,중식전문점,충청남도,"1,212"
1448,중식전문점,세종특별자치시,144
1449,중식전문점,광주광역시,486
1450,중식전문점,전라북도,"1,027"
1451,중식전문점,전라남도,826
1452,중식전문점,대구광역시,"1,252"
1453,중식전문점,경상북도,"1,462"
1454,중식전문점,부산광역시,"1,743"
1455,중식전문점,울산광역시,474
1456,중식전문점,경상남도,"1,642"
1457,중식전문점,제주특별자치도,394
1458,채소가게,합계,"11,128"
1459,채소가게,서울특별시,"1,540"
1460,채소가게,인천광역시,531
1461,채소가게,경기도,"1,950"
1462,채소가게,강원도,772
1463,채소가게,대전광역시,274
1464,채소가게,충청북도,494
1465,채소가게,충청남도,677
1466,채소가게,세종특별자치시,54
1467,채소가게,광주광역시,219
1468,채소가게,전라북도,621
1469,채소가게,전라남도,717
1470,채소가게,대구광역시,439
1471,채소가게,경상북도,906
1472,채소가게,부산광역시,698
1473,채소가게,울산광역시,130
1474,채소가게,경상남도,814
1475,채소가게,제주특별자치도,292
1476,철물점,합계,"8,861"
1477,철물점,서울특별시,"1,407"
1478,철물점,인천광역시,501
1479,철물점,경기도,"1,854"
1480,철물점,강원도,456
1481,철물점,대전광역시,279
1482,철물점,충청북도,353
1483,철물점,충청남도,458
1484,철물점,세종특별자치시,40
1485,철물점,광주광역시,295
1486,철물점,전라북도,426
1487,철물점,전라남도,460
1488,철물점,대구광역시,346
1489,철물점,경상북도,491
1490,철물점,부산광역시,673
1491,철물점,울산광역시,174
1492,철물점,경상남도,547
1493,철물점,제주특별자치도,101
1494,치과병원ㆍ의원,합계,"18,153"
1495,치과병원ㆍ의원,서울특별시,"4,887"
1496,치과병원ㆍ의원,인천광역시,911
1497,치과병원ㆍ의원,경기도,"4,247"
1498,치과병원ㆍ의원,강원도,389
1499,치과병원ㆍ의원,대전광역시,531
1500,치과병원ㆍ의원,충청북도,428
1501,치과병원ㆍ의원,충청남도,571
1502,치과병원ㆍ의원,세종특별자치시,84
1503,치과병원ㆍ의원,광주광역시,635
1504,치과병원ㆍ의원,전라북도,581
1505,치과병원ㆍ의원,전라남도,488
1506,치과병원ㆍ의원,대구광역시,896
1507,치과병원ㆍ의원,경상북도,685
1508,치과병원ㆍ의원,부산광역시,"1,306"
1509,치과병원ㆍ의원,울산광역시,384
1510,치과병원ㆍ의원,경상남도,914
1511,치과병원ㆍ의원,제주특별자치도,216
1512,침구ㆍ커튼가게,합계,"9,962"
1513,침구ㆍ커튼가게,서울특별시,"1,313"
1514,침구ㆍ커튼가게,인천광역시,425
1515,침구ㆍ커튼가게,경기도,"1,892"
1516,침구ㆍ커튼가게,강원도,405
1517,침구ㆍ커튼가게,대전광역시,424
1518,침구ㆍ커튼가게,충청북도,399
1519,침구ㆍ커튼가게,충청남도,508
1520,침구ㆍ커튼가게,세종특별자치시,52
1521,침구ㆍ커튼가게,광주광역시,395
1522,침구ㆍ커튼가게,전라북도,492
1523,침구ㆍ커튼가게,전라남도,486
1524,침구ㆍ커튼가게,대구광역시,655
1525,침구ㆍ커튼가게,경상북도,667
1526,침구ㆍ커튼가게,부산광역시,699
1527,침구ㆍ커튼가게,울산광역시,239
1528,침구ㆍ커튼가게,경상남도,690
1529,침구ㆍ커튼가게,제주특별자치도,221
1530,커피음료점,합계,"58,282"
1531,커피음료점,서울특별시,"11,750"
1532,커피음료점,인천광역시,"2,861"
1533,커피음료점,경기도,"12,238"
1534,커피음료점,강원도,"2,061"
1535,커피음료점,대전광역시,"2,112"
1536,커피음료점,충청북도,"1,965"
1537,커피음료점,충청남도,"2,585"
1538,커피음료점,세종특별자치시,384
1539,커피음료점,광주광역시,"1,486"
1540,커피음료점,전라북도,"2,384"
1541,커피음료점,전라남도,"2,033"
1542,커피음료점,대구광역시,"2,750"
1543,커피음료점,경상북도,"4,110"
1544,커피음료점,부산광역시,"3,272"
1545,커피음료점,울산광역시,"1,368"
1546,커피음료점,경상남도,"3,757"
1547,커피음료점,제주특별자치도,"1,166"
1548,컴퓨터판매점,합계,"5,005"
1549,컴퓨터판매점,서울특별시,"1,008"
1550,컴퓨터판매점,인천광역시,209
1551,컴퓨터판매점,경기도,"1,105"
1552,컴퓨터판매점,강원도,185
1553,컴퓨터판매점,대전광역시,179
1554,컴퓨터판매점,충청북도,186
1555,컴퓨터판매점,충청남도,214
1556,컴퓨터판매점,세종특별자치시,35
1557,컴퓨터판매점,광주광역시,185
1558,컴퓨터판매점,전라북도,213
1559,컴퓨터판매점,전라남도,181
1560,컴퓨터판매점,대구광역시,228
1561,컴퓨터판매점,경상북도,316
1562,컴퓨터판매점,부산광역시,248
1563,컴퓨터판매점,울산광역시,95
1564,컴퓨터판매점,경상남도,326
1565,컴퓨터판매점,제주특별자치도,92
1566,통신판매업,합계,"247,454"
1567,통신판매업,서울특별시,"73,858"
1568,통신판매업,인천광역시,"16,387"
1569,통신판매업,경기도,"72,313"
1570,통신판매업,강원도,"3,300"
1571,통신판매업,대전광역시,"5,931"
1572,통신판매업,충청북도,"4,695"
1573,통신판매업,충청남도,"6,000"
1574,통신판매업,세종특별자치시,"1,116"
1575,통신판매업,광주광역시,"5,677"
1576,통신판매업,전라북도,"4,825"
1577,통신판매업,전라남도,"4,443"
1578,통신판매업,대구광역시,"11,725"
1579,통신판매업,경상북도,"7,802"
1580,통신판매업,부산광역시,"15,398"
1581,통신판매업,울산광역시,"2,989"
1582,통신판매업,경상남도,"9,144"
1583,통신판매업,제주특별자치도,"1,851"
1584,패스트푸드점,합계,"37,821"
1585,패스트푸드점,서울특별시,"6,105"
1586,패스트푸드점,인천광역시,"1,688"
1587,패스트푸드점,경기도,"8,185"
1588,패스트푸드점,강원도,"1,879"
1589,패스트푸드점,대전광역시,"1,026"
1590,패스트푸드점,충청북도,"1,557"
1591,패스트푸드점,충청남도,"2,016"
1592,패스트푸드점,세종특별자치시,314
1593,패스트푸드점,광주광역시,"1,061"
1594,패스트푸드점,전라북도,"1,602"
1595,패스트푸드점,전라남도,"1,500"
1596,패스트푸드점,대구광역시,"1,380"
1597,패스트푸드점,경상북도,"2,258"
1598,패스트푸드점,부산광역시,"2,498"
1599,패스트푸드점,울산광역시,967
1600,패스트푸드점,경상남도,"3,188"
1601,패스트푸드점,제주특별자치도,597
1602,펜션ㆍ게스트하우스,합계,"12,933"
1603,펜션ㆍ게스트하우스,서울특별시,670
1604,펜션ㆍ게스트하우스,인천광역시,592
1605,펜션ㆍ게스트하우스,경기도,"1,730"
1606,펜션ㆍ게스트하우스,강원도,"2,235"
1607,펜션ㆍ게스트하우스,대전광역시,20
1608,펜션ㆍ게스트하우스,충청북도,369
1609,펜션ㆍ게스트하우스,충청남도,"1,183"
1610,펜션ㆍ게스트하우스,세종특별자치시,4
1611,펜션ㆍ게스트하우스,광주광역시,21
1612,펜션ㆍ게스트하우스,전라북도,390
1613,펜션ㆍ게스트하우스,전라남도,669
1614,펜션ㆍ게스트하우스,대구광역시,28
1615,펜션ㆍ게스트하우스,경상북도,"1,118"
1616,펜션ㆍ게스트하우스,부산광역시,155
1617,펜션ㆍ게스트하우스,울산광역시,122
1618,펜션ㆍ게스트하우스,경상남도,"1,287"
1619,펜션ㆍ게스트하우스,제주특별자치도,"2,340"
1620,편의점,합계,"41,052"
1621,편의점,서울특별시,"7,987"
1622,편의점,인천광역시,"2,203"
1623,편의점,경기도,"10,104"
1624,편의점,강원도,"1,647"
1625,편의점,대전광역시,"1,109"
1626,편의점,충청북도,"1,473"
1627,편의점,충청남도,"2,172"
1628,편의점,세종특별자치시,249
1629,편의점,광주광역시,"1,032"
1630,편의점,전라북도,"1,208"
1631,편의점,전라남도,"1,120"
1632,편의점,대구광역시,"1,538"
1633,편의점,경상북도,"1,904"
1634,편의점,부산광역시,"2,435"
1635,편의점,울산광역시,903
1636,편의점,경상남도,"2,854"
1637,편의점,제주특별자치도,"1,114"
1638,피부관리업,합계,"36,171"
1639,피부관리업,서울특별시,"7,110"
1640,피부관리업,인천광역시,"2,088"
1641,피부관리업,경기도,"8,358"
1642,피부관리업,강원도,"1,050"
1643,피부관리업,대전광역시,"1,183"
1644,피부관리업,충청북도,"1,074"
1645,피부관리업,충청남도,"1,287"
1646,피부관리업,세종특별자치시,160
1647,피부관리업,광주광역시,"1,538"
1648,피부관리업,전라북도,"1,148"
1649,피부관리업,전라남도,"1,326"
1650,피부관리업,대구광역시,"1,547"
1651,피부관리업,경상북도,"1,527"
1652,피부관리업,부산광역시,"2,641"
1653,피부관리업,울산광역시,795
1654,피부관리업,경상남도,"2,639"
1655,피부관리업,제주특별자치도,700
1656,피부ㆍ비뇨기과 의원,합계,"3,873"
1657,피부ㆍ비뇨기과 의원,서울특별시,"1,325"
1658,피부ㆍ비뇨기과 의원,인천광역시,170
1659,피부ㆍ비뇨기과 의원,경기도,814
1660,피부ㆍ비뇨기과 의원,강원도,58
1661,피부ㆍ비뇨기과 의원,대전광역시,111
1662,피부ㆍ비뇨기과 의원,충청북도,76
1663,피부ㆍ비뇨기과 의원,충청남도,98
1664,피부ㆍ비뇨기과 의원,세종특별자치시,15
1665,피부ㆍ비뇨기과 의원,광주광역시,124
1666,피부ㆍ비뇨기과 의원,전라북도,89
1667,피부ㆍ비뇨기과 의원,전라남도,73
1668,피부ㆍ비뇨기과 의원,대구광역시,202
1669,피부ㆍ비뇨기과 의원,경상북도,103
1670,피부ㆍ비뇨기과 의원,부산광역시,327
1671,피부ㆍ비뇨기과 의원,울산광역시,76
1672,피부ㆍ비뇨기과 의원,경상남도,169
1673,피부ㆍ비뇨기과 의원,제주특별자치도,43
1674,한방병원ㆍ한의원,합계,"14,820"
1675,한방병원ㆍ한의원,서울특별시,"3,704"
1676,한방병원ㆍ한의원,인천광역시,694
1677,한방병원ㆍ한의원,경기도,"3,201"
1678,한방병원ㆍ한의원,강원도,362
1679,한방병원ㆍ한의원,대전광역시,524
1680,한방병원ㆍ한의원,충청북도,405
1681,한방병원ㆍ한의원,충청남도,530
1682,한방병원ㆍ한의원,세종특별자치시,73
1683,한방병원ㆍ한의원,광주광역시,414
1684,한방병원ㆍ한의원,전라북도,537
1685,한방병원ㆍ한의원,전라남도,401
1686,한방병원ㆍ한의원,대구광역시,886
1687,한방병원ㆍ한의원,경상북도,645
1688,한방병원ㆍ한의원,부산광역시,"1,146"
1689,한방병원ㆍ한의원,울산광역시,287
1690,한방병원ㆍ한의원,경상남도,814
1691,한방병원ㆍ한의원,제주특별자치도,197
1692,한식전문점,합계,"383,595"
1693,한식전문점,서울특별시,"53,145"
1694,한식전문점,인천광역시,"17,480"
1695,한식전문점,경기도,"79,192"
1696,한식전문점,강원도,"19,523"
1697,한식전문점,대전광역시,"11,575"
1698,한식전문점,충청북도,"15,219"
1699,한식전문점,충청남도,"19,362"
1700,한식전문점,세종특별자치시,"2,011"
1701,한식전문점,광주광역시,"9,725"
1702,한식전문점,전라북도,"14,154"
1703,한식전문점,전라남도,"17,516"
1704,한식전문점,대구광역시,"19,543"
1705,한식전문점,경상북도,"29,236"
1706,한식전문점,부산광역시,"24,184"
1707,한식전문점,울산광역시,"10,901"
1708,한식전문점,경상남도,"32,160"
1709,한식전문점,제주특별자치도,"8,669"
1710,헬스클럽,합계,"7,455"
1711,헬스클럽,서울특별시,"1,783"
1712,헬스클럽,인천광역시,399
1713,헬스클럽,경기도,"1,788"
1714,헬스클럽,강원도,213
1715,헬스클럽,대전광역시,233
1716,헬스클럽,충청북도,263
1717,헬스클럽,충청남도,267
1718,헬스클럽,세종특별자치시,34
1719,헬스클럽,광주광역시,223
1720,헬스클럽,전라북도,222
1721,헬스클럽,전라남도,165
1722,헬스클럽,대구광역시,368
1723,헬스클럽,경상북도,346
1724,헬스클럽,부산광역시,508
1725,헬스클럽,울산광역시,132
1726,헬스클럽,경상남도,405
1727,헬스클럽,제주특별자치도,106
1728,호프전문점,합계,"34,026"
1729,호프전문점,서울특별시,"7,202"
1730,호프전문점,인천광역시,"1,803"
1731,호프전문점,경기도,"7,042"
1732,호프전문점,강원도,"1,417"
1733,호프전문점,대전광역시,990
1734,호프전문점,충청북도,"1,795"
1735,호프전문점,충청남도,"1,655"
1736,호프전문점,세종특별자치시,156
1737,호프전문점,광주광역시,"2,346"
1738,호프전문점,전라북도,"1,350"
1739,호프전문점,전라남도,"2,353"
1740,호프전문점,대구광역시,578
1741,호프전문점,경상북도,"1,032"
1742,호프전문점,부산광역시,"1,841"
1743,호프전문점,울산광역시,358
1744,호프전문점,경상남도,"1,484"
1745,호프전문점,제주특별자치도,624
1746,화장품가게,합계,"35,153"
1747,화장품가게,서울특별시,"6,766"
1748,화장품가게,인천광역시,"1,438"
1749,화장품가게,경기도,"7,857"
1750,화장품가게,강원도,"1,090"
1751,화장품가게,대전광역시,"1,231"
1752,화장품가게,충청북도,"1,035"
1753,화장품가게,충청남도,"1,318"
1754,화장품가게,세종특별자치시,144
1755,화장품가게,광주광역시,"1,141"
1756,화장품가게,전라북도,"1,428"
1757,화장품가게,전라남도,"1,064"
1758,화장품가게,대구광역시,"2,161"
1759,화장품가게,경상북도,"1,864"
1760,화장품가게,부산광역시,"2,470"
1761,화장품가게,울산광역시,980
1762,화장품가게,경상남도,"2,475"
1763,화장품가게,제주특별자치도,691
1764,휴대폰가게,합계,"17,994"
1765,휴대폰가게,서울특별시,"3,045"
1766,휴대폰가게,인천광역시,920
1767,휴대폰가게,경기도,"3,933"
1768,휴대폰가게,강원도,599
1769,휴대폰가게,대전광역시,657
1770,휴대폰가게,충청북도,548
1771,휴대폰가게,충청남도,852
1772,휴대폰가게,세종특별자치시,69
1773,휴대폰가게,광주광역시,577
1774,휴대폰가게,전라북도,726
1775,휴대폰가게,전라남도,605
1776,휴대폰가게,대구광역시,"1,017"
1777,휴대폰가게,경상북도,"1,056"
1778,휴대폰가게,부산광역시,"1,367"
1779,휴대폰가게,울산광역시,499
1780,휴대폰가게,경상남도,"1,295"
1781,휴대폰가게,제주특별자치도,229
1782,LPG 충전소,합계,"1,639"
1783,LPG 충전소,서울특별시,76
1784,LPG 충전소,인천광역시,71
1785,LPG 충전소,경기도,389
1786,LPG 충전소,강원도,95
1787,LPG 충전소,대전광역시,38
1788,LPG 충전소,충청북도,75
1789,LPG 충전소,충청남도,131
1790,LPG 충전소,세종특별자치시,4
1791,LPG 충전소,광주광역시,39
1792,LPG 충전소,전라북도,106
1793,LPG 충전소,전라남도,127
1794,LPG 충전소,대구광역시,48
1795,LPG 충전소,경상북도,163
1796,LPG 충전소,부산광역시,59
1797,LPG 충전소,울산광역시,30
1798,LPG 충전소,경상남도,152
1799,LPG 충전소,제주특별자치도,36
1800,PC방,합계,"10,358"
1801,PC방,서울특별시,"1,677"
1802,PC방,인천광역시,524
1803,PC방,경기도,"2,413"
1804,PC방,강원도,434
1805,PC방,대전광역시,333
1806,PC방,충청북도,333
1807,PC방,충청남도,443
1808,PC방,세종특별자치시,42
1809,PC방,광주광역시,416
1810,PC방,전라북도,421
1811,PC방,전라남도,377
1812,PC방,대구광역시,576
1813,PC방,경상북도,579
1814,PC방,부산광역시,652
1815,PC방,울산광역시,280
1816,PC방,경상남도,681
1817,PC방,제주특별자치도,177
