,corp,city,2
0,업종전체,합계," 2,376,170 "
1,업종전체,서울특별시," 473,615 "
2,업종전체,인천광역시," 120,745 "
3,업종전체,경기도," 547,325 "
4,업종전체,강원도," 84,913 "
5,업종전체,대전광역시," 69,892 "
6,업종전체,충청북도," 76,725 "
7,업종전체,충청남도," 100,488 "
8,업종전체,세종특별자치시," 12,312 "
9,업종전체,광주광역시," 70,184 "
10,업종전체,전라북도," 84,358 "
11,업종전체,전라남도," 84,990 "
12,업종전체,대구광역시," 114,022 "
13,업종전체,경상북도," 128,602 "
14,업종전체,부산광역시," 156,472 "
15,업종전체,울산광역시," 51,203 "
16,업종전체,경상남도," 156,563 "
17,업종전체,제주특별자치도," 43,761 "
18,가구점,합계," 7,503 "
19,가구점,서울특별시," 1,023 "
20,가구점,인천광역시, 297 
21,가구점,경기도," 1,901 "
22,가구점,강원도, 301 
23,가구점,대전광역시, 209 
24,가구점,충청북도, 288 
25,가구점,충청남도, 298 
26,가구점,세종특별자치시, 24 
27,가구점,광주광역시, 215 
28,가구점,전라북도, 397 
29,가구점,전라남도, 268 
30,가구점,대구광역시, 374 
31,가구점,경상북도, 471 
32,가구점,부산광역시, 512 
33,가구점,울산광역시, 185 
34,가구점,경상남도, 547 
35,가구점,제주특별자치도, 193 
36,가전제품수리점,합계," 15,212 "
37,가전제품수리점,서울특별시," 2,413 "
38,가전제품수리점,인천광역시," 1,101 "
39,가전제품수리점,경기도," 4,436 "
40,가전제품수리점,강원도, 533 
41,가전제품수리점,대전광역시, 515 
42,가전제품수리점,충청북도, 463 
43,가전제품수리점,충청남도, 647 
44,가전제품수리점,세종특별자치시, 66 
45,가전제품수리점,광주광역시, 450 
46,가전제품수리점,전라북도, 494 
47,가전제품수리점,전라남도, 493 
48,가전제품수리점,대구광역시, 730 
49,가전제품수리점,경상북도, 543 
50,가전제품수리점,부산광역시, 937 
51,가전제품수리점,울산광역시, 303 
52,가전제품수리점,경상남도, 890 
53,가전제품수리점,제주특별자치도, 198 
54,가전제품판매점,합계," 10,082 "
55,가전제품판매점,서울특별시," 1,540 "
56,가전제품판매점,인천광역시, 360 
57,가전제품판매점,경기도," 1,927 "
58,가전제품판매점,강원도, 464 
59,가전제품판매점,대전광역시, 305 
60,가전제품판매점,충청북도, 436 
61,가전제품판매점,충청남도, 524 
62,가전제품판매점,세종특별자치시, 42 
63,가전제품판매점,광주광역시, 350 
64,가전제품판매점,전라북도, 530 
65,가전제품판매점,전라남도, 579 
66,가전제품판매점,대구광역시, 522 
67,가전제품판매점,경상북도, 698 
68,가전제품판매점,부산광역시, 610 
69,가전제품판매점,울산광역시, 201 
70,가전제품판매점,경상남도, 750 
71,가전제품판매점,제주특별자치도, 244 
72,간이주점,합계," 14,916 "
73,간이주점,서울특별시," 4,849 "
74,간이주점,인천광역시," 1,545 "
75,간이주점,경기도," 2,923 "
76,간이주점,강원도, 440 
77,간이주점,대전광역시, 72 
78,간이주점,충청북도, 477 
79,간이주점,충청남도, 683 
80,간이주점,세종특별자치시, 17 
81,간이주점,광주광역시, 188 
82,간이주점,전라북도, 326 
83,간이주점,전라남도, 254 
84,간이주점,대구광역시, 286 
85,간이주점,경상북도, 397 
86,간이주점,부산광역시, 952 
87,간이주점,울산광역시, 112 
88,간이주점,경상남도," 1,220 "
89,간이주점,제주특별자치도, 175 
90,간판광고물업,합계," 12,977 "
91,간판광고물업,서울특별시," 2,672 "
92,간판광고물업,인천광역시, 545 
93,간판광고물업,경기도," 3,164 "
94,간판광고물업,강원도, 512 
95,간판광고물업,대전광역시, 394 
96,간판광고물업,충청북도, 376 
97,간판광고물업,충청남도, 457 
98,간판광고물업,세종특별자치시, 26 
99,간판광고물업,광주광역시, 442 
100,간판광고물업,전라북도, 501 
101,간판광고물업,전라남도, 470 
102,간판광고물업,대구광역시, 782 
103,간판광고물업,경상북도, 652 
104,간판광고물업,부산광역시, 835 
105,간판광고물업,울산광역시, 257 
106,간판광고물업,경상남도, 699 
107,간판광고물업,제주특별자치도, 193 
108,감정평가사,합계," 1,165 "
109,감정평가사,서울특별시, 251 
110,감정평가사,인천광역시, 78 
111,감정평가사,경기도, 375 
112,감정평가사,강원도, 32 
113,감정평가사,대전광역시, 31 
114,감정평가사,충청북도, 28 
115,감정평가사,충청남도, 36 
116,감정평가사,세종특별자치시, 12 
117,감정평가사,광주광역시, 35 
118,감정평가사,전라북도, 39 
119,감정평가사,전라남도, 18 
120,감정평가사,대구광역시, 57 
121,감정평가사,경상북도, 20 
122,감정평가사,부산광역시, 58 
123,감정평가사,울산광역시, 19 
124,감정평가사,경상남도, 61 
125,감정평가사,제주특별자치도, 15 
126,건강보조식품가게,합계," 13,411 "
127,건강보조식품가게,서울특별시," 2,152 "
128,건강보조식품가게,인천광역시, 655 
129,건강보조식품가게,경기도," 2,664 "
130,건강보조식품가게,강원도, 504 
131,건강보조식품가게,대전광역시, 454 
132,건강보조식품가게,충청북도, 447 
133,건강보조식품가게,충청남도," 1,232 "
134,건강보조식품가게,세종특별자치시, 47 
135,건강보조식품가게,광주광역시, 394 
136,건강보조식품가게,전라북도, 711 
137,건강보조식품가게,전라남도, 483 
138,건강보조식품가게,대구광역시, 580 
139,건강보조식품가게,경상북도, 888 
140,건강보조식품가게,부산광역시, 818 
141,건강보조식품가게,울산광역시, 216 
142,건강보조식품가게,경상남도," 1,001 "
143,건강보조식품가게,제주특별자치도, 165 
144,건어물가게,합계," 7,181 "
145,건어물가게,서울특별시, 746 
146,건어물가게,인천광역시, 372 
147,건어물가게,경기도, 814 
148,건어물가게,강원도, 663 
149,건어물가게,대전광역시, 119 
150,건어물가게,충청북도, 116 
151,건어물가게,충청남도, 640 
152,건어물가게,세종특별자치시, 11 
153,건어물가게,광주광역시, 176 
154,건어물가게,전라북도, 363 
155,건어물가게,전라남도, 918 
156,건어물가게,대구광역시, 156 
157,건어물가게,경상북도, 653 
158,건어물가게,부산광역시, 491 
159,건어물가게,울산광역시, 127 
160,건어물가게,경상남도, 705 
161,건어물가게,제주특별자치도, 111 
162,건축사,합계," 9,779 "
163,건축사,서울특별시," 2,507 "
164,건축사,인천광역시, 346 
165,건축사,경기도," 2,046 "
166,건축사,강원도, 323 
167,건축사,대전광역시, 214 
168,건축사,충청북도, 278 
169,건축사,충청남도, 340 
170,건축사,세종특별자치시, 55 
171,건축사,광주광역시, 234 
172,건축사,전라북도, 349 
173,건축사,전라남도, 267 
174,건축사,대구광역시, 668 
175,건축사,경상북도, 469 
176,건축사,부산광역시, 673 
177,건축사,울산광역시, 212 
178,건축사,경상남도, 509 
179,건축사,제주특별자치도, 289 
180,결혼상담소,합계," 1,601 "
181,결혼상담소,서울특별시, 432 
182,결혼상담소,인천광역시, 69 
183,결혼상담소,경기도, 239 
184,결혼상담소,강원도, 26 
185,결혼상담소,대전광역시, 69 
186,결혼상담소,충청북도, 55 
187,결혼상담소,충청남도, 73 
188,결혼상담소,세종특별자치시, 6 
189,결혼상담소,광주광역시, 76 
190,결혼상담소,전라북도, 78 
191,결혼상담소,전라남도, 49 
192,결혼상담소,대구광역시, 109 
193,결혼상담소,경상북도, 60 
194,결혼상담소,부산광역시, 112 
195,결혼상담소,울산광역시, 23 
196,결혼상담소,경상남도, 95 
197,결혼상담소,제주특별자치도, 30 
198,곡물가게,합계," 5,022 "
199,곡물가게,서울특별시, 655 
200,곡물가게,인천광역시, 196 
201,곡물가게,경기도, 874 
202,곡물가게,강원도, 330 
203,곡물가게,대전광역시, 148 
204,곡물가게,충청북도, 245 
205,곡물가게,충청남도, 385 
206,곡물가게,세종특별자치시, 29 
207,곡물가게,광주광역시, 112 
208,곡물가게,전라북도, 371 
209,곡물가게,전라남도, 389 
210,곡물가게,대구광역시, 193 
211,곡물가게,경상북도, 365 
212,곡물가게,부산광역시, 338 
213,곡물가게,울산광역시, 43 
214,곡물가게,경상남도, 282 
215,곡물가게,제주특별자치도, 67 
216,공인노무사,합계, 892 
217,공인노무사,서울특별시, 393 
218,공인노무사,인천광역시, 41 
219,공인노무사,경기도, 146 
220,공인노무사,강원도, 16 
221,공인노무사,대전광역시, 20 
222,공인노무사,충청북도, 18 
223,공인노무사,충청남도, 22 
224,공인노무사,세종특별자치시, 5 
225,공인노무사,광주광역시, 25 
226,공인노무사,전라북도, 21 
227,공인노무사,전라남도, 10 
228,공인노무사,대구광역시, 33 
229,공인노무사,경상북도, 16 
230,공인노무사,부산광역시, 55 
231,공인노무사,울산광역시, 22 
232,공인노무사,경상남도, 39 
233,공인노무사,제주특별자치도, 10 
234,공인회계사,합계," 1,830 "
235,공인회계사,서울특별시, 844 
236,공인회계사,인천광역시, 65 
237,공인회계사,경기도, 311 
238,공인회계사,강원도, 13 
239,공인회계사,대전광역시, 37 
240,공인회계사,충청북도, 33 
241,공인회계사,충청남도, 45 
242,공인회계사,세종특별자치시, 9 
243,공인회계사,광주광역시, 37 
244,공인회계사,전라북도, 35 
245,공인회계사,전라남도, 23 
246,공인회계사,대구광역시, 88 
247,공인회계사,경상북도, 29 
248,공인회계사,부산광역시, 129 
249,공인회계사,울산광역시, 26 
250,공인회계사,경상남도, 77 
251,공인회계사,제주특별자치도, 29 
252,과일가게,합계," 11,857 "
253,과일가게,서울특별시," 1,244 "
254,과일가게,인천광역시, 435 
255,과일가게,경기도," 1,828 "
256,과일가게,강원도, 303 
257,과일가게,대전광역시, 311 
258,과일가게,충청북도, 660 
259,과일가게,충청남도, 669 
260,과일가게,세종특별자치시, 102 
261,과일가게,광주광역시, 290 
262,과일가게,전라북도, 577 
263,과일가게,전라남도, 677 
264,과일가게,대구광역시, 374 
265,과일가게,경상북도," 1,390 "
266,과일가게,부산광역시, 607 
267,과일가게,울산광역시, 157 
268,과일가게,경상남도," 1,204 "
269,과일가게,제주특별자치도," 1,029 "
270,교습소･공부방,합계," 33,029 "
271,교습소･공부방,서울특별시," 7,047 "
272,교습소･공부방,인천광역시," 1,651 "
273,교습소･공부방,경기도," 7,999 "
274,교습소･공부방,강원도, 879 
275,교습소･공부방,대전광역시," 1,299 "
276,교습소･공부방,충청북도, 776 
277,교습소･공부방,충청남도," 1,141 "
278,교습소･공부방,세종특별자치시, 228 
279,교습소･공부방,광주광역시, 723 
280,교습소･공부방,전라북도, 734 
281,교습소･공부방,전라남도, 651 
282,교습소･공부방,대구광역시," 2,526 "
283,교습소･공부방,경상북도," 1,719 "
284,교습소･공부방,부산광역시," 2,414 "
285,교습소･공부방,울산광역시, 699 
286,교습소･공부방,경상남도," 2,014 "
287,교습소･공부방,제주특별자치도, 529 
288,교습학원,합계," 56,071 "
289,교습학원,서울특별시," 10,339 "
290,교습학원,인천광역시," 2,508 "
291,교습학원,경기도," 14,849 "
292,교습학원,강원도," 1,460 "
293,교습학원,대전광역시," 1,290 "
294,교습학원,충청북도," 1,458 "
295,교습학원,충청남도," 1,844 "
296,교습학원,세종특별자치시, 390 
297,교습학원,광주광역시," 2,415 "
298,교습학원,전라북도," 2,428 "
299,교습학원,전라남도," 1,827 "
300,교습학원,대구광역시," 2,637 "
301,교습학원,경상북도," 2,636 "
302,교습학원,부산광역시," 3,562 "
303,교습학원,울산광역시," 1,688 "
304,교습학원,경상남도," 4,038 "
305,교습학원,제주특별자치도, 702 
306,구내식당,합계," 22,199 "
307,구내식당,서울특별시," 4,058 "
308,구내식당,인천광역시," 1,397 "
309,구내식당,경기도," 5,379 "
310,구내식당,강원도, 622 
311,구내식당,대전광역시, 706 
312,구내식당,충청북도, 782 
313,구내식당,충청남도," 1,053 "
314,구내식당,세종특별자치시, 83 
315,구내식당,광주광역시, 406 
316,구내식당,전라북도, 811 
317,구내식당,전라남도, 673 
318,구내식당,대구광역시, 914 
319,구내식당,경상북도," 1,339 "
320,구내식당,부산광역시," 1,483 "
321,구내식당,울산광역시, 442 
322,구내식당,경상남도," 1,883 "
323,구내식당,제주특별자치도, 168 
324,기술및직업훈련학원,합계," 13,371 "
325,기술및직업훈련학원,서울특별시," 3,001 "
326,기술및직업훈련학원,인천광역시, 545 
327,기술및직업훈련학원,경기도," 2,992 "
328,기술및직업훈련학원,강원도, 403 
329,기술및직업훈련학원,대전광역시, 453 
330,기술및직업훈련학원,충청북도, 367 
331,기술및직업훈련학원,충청남도, 494 
332,기술및직업훈련학원,세종특별자치시, 102 
333,기술및직업훈련학원,광주광역시, 480 
334,기술및직업훈련학원,전라북도, 495 
335,기술및직업훈련학원,전라남도, 418 
336,기술및직업훈련학원,대구광역시, 771 
337,기술및직업훈련학원,경상북도, 546 
338,기술및직업훈련학원,부산광역시, 928 
339,기술및직업훈련학원,울산광역시, 321 
340,기술및직업훈련학원,경상남도, 808 
341,기술및직업훈련학원,제주특별자치도, 247 
342,기술사,합계," 1,042 "
343,기술사,서울특별시, 288 
344,기술사,인천광역시, 27 
345,기술사,경기도, 236 
346,기술사,강원도, 38 
347,기술사,대전광역시, 25 
348,기술사,충청북도, 36 
349,기술사,충청남도, 29 
350,기술사,세종특별자치시, 3 
351,기술사,광주광역시, 35 
352,기술사,전라북도, 34 
353,기술사,전라남도, 34 
354,기술사,대구광역시, 32 
355,기술사,경상북도, 39 
356,기술사,부산광역시, 63 
357,기술사,울산광역시, 20 
358,기술사,경상남도, 85 
359,기술사,제주특별자치도, 18 
360,기타 일반의원,합계," 3,251 "
361,기타 일반의원,서울특별시, 893 
362,기타 일반의원,인천광역시, 145 
363,기타 일반의원,경기도, 645 
364,기타 일반의원,강원도, 63 
365,기타 일반의원,대전광역시, 142 
366,기타 일반의원,충청북도, 95 
367,기타 일반의원,충청남도, 100 
368,기타 일반의원,세종특별자치시, 19 
369,기타 일반의원,광주광역시, 127 
370,기타 일반의원,전라북도, 171 
371,기타 일반의원,전라남도, 107 
372,기타 일반의원,대구광역시, 159 
373,기타 일반의원,경상북도, 106 
374,기타 일반의원,부산광역시, 230 
375,기타 일반의원,울산광역시, 50 
376,기타 일반의원,경상남도, 145 
377,기타 일반의원,제주특별자치도, 54 
378,기타외국식전문점,합계," 23,604 "
379,기타외국식전문점,서울특별시," 7,188 "
380,기타외국식전문점,인천광역시, 799 
381,기타외국식전문점,경기도," 4,890 "
382,기타외국식전문점,강원도, 761 
383,기타외국식전문점,대전광역시, 602 
384,기타외국식전문점,충청북도, 502 
385,기타외국식전문점,충청남도, 672 
386,기타외국식전문점,세종특별자치시, 164 
387,기타외국식전문점,광주광역시, 383 
388,기타외국식전문점,전라북도, 730 
389,기타외국식전문점,전라남도, 428 
390,기타외국식전문점,대구광역시," 1,213 "
391,기타외국식전문점,경상북도, 706 
392,기타외국식전문점,부산광역시," 1,825 "
393,기타외국식전문점,울산광역시, 707 
394,기타외국식전문점,경상남도," 1,227 "
395,기타외국식전문점,제주특별자치도, 807 
396,기타음식점,합계," 24,004 "
397,기타음식점,서울특별시," 4,644 "
398,기타음식점,인천광역시," 1,025 "
399,기타음식점,경기도," 5,576 "
400,기타음식점,강원도," 1,036 "
401,기타음식점,대전광역시, 573 
402,기타음식점,충청북도, 724 
403,기타음식점,충청남도," 1,006 "
404,기타음식점,세종특별자치시, 103 
405,기타음식점,광주광역시," 1,005 "
406,기타음식점,전라북도, 717 
407,기타음식점,전라남도, 829 
408,기타음식점,대구광역시," 1,248 "
409,기타음식점,경상북도," 1,171 "
410,기타음식점,부산광역시," 1,650 "
411,기타음식점,울산광역시, 489 
412,기타음식점,경상남도," 1,801 "
413,기타음식점,제주특별자치도, 407 
414,꽃가게,합계," 23,689 "
415,꽃가게,서울특별시," 4,341 "
416,꽃가게,인천광역시, 948 
417,꽃가게,경기도," 5,444 "
418,꽃가게,강원도, 748 
419,꽃가게,대전광역시, 707 
420,꽃가게,충청북도, 895 
421,꽃가게,충청남도," 1,086 "
422,꽃가게,세종특별자치시, 113 
423,꽃가게,광주광역시, 767 
424,꽃가게,전라북도," 1,080 "
425,꽃가게,전라남도," 1,147 "
426,꽃가게,대구광역시," 1,113 "
427,꽃가게,경상북도," 1,407 "
428,꽃가게,부산광역시," 1,279 "
429,꽃가게,울산광역시, 517 
430,꽃가게,경상남도," 1,740 "
431,꽃가게,제주특별자치도, 357 
432,내과ㆍ소아과 의원,합계," 11,389 "
433,내과ㆍ소아과 의원,서울특별시," 2,478 "
434,내과ㆍ소아과 의원,인천광역시, 601 
435,내과ㆍ소아과 의원,경기도," 2,595 "
436,내과ㆍ소아과 의원,강원도, 321 
437,내과ㆍ소아과 의원,대전광역시, 380 
438,내과ㆍ소아과 의원,충청북도, 317 
439,내과ㆍ소아과 의원,충청남도, 439 
440,내과ㆍ소아과 의원,세종특별자치시, 63 
441,내과ㆍ소아과 의원,광주광역시, 334 
442,내과ㆍ소아과 의원,전라북도, 432 
443,내과ㆍ소아과 의원,전라남도, 442 
444,내과ㆍ소아과 의원,대구광역시, 568 
445,내과ㆍ소아과 의원,경상북도, 540 
446,내과ㆍ소아과 의원,부산광역시, 823 
447,내과ㆍ소아과 의원,울산광역시, 224 
448,내과ㆍ소아과 의원,경상남도, 678 
449,내과ㆍ소아과 의원,제주특별자치도, 154 
450,노래방,합계," 30,514 "
451,노래방,서울특별시," 5,802 "
452,노래방,인천광역시," 2,335 "
453,노래방,경기도," 7,272 "
454,노래방,강원도, 857 
455,노래방,대전광역시," 1,326 "
456,노래방,충청북도," 1,145 "
457,노래방,충청남도," 1,216 "
458,노래방,세종특별자치시, 142 
459,노래방,광주광역시," 1,072 "
460,노래방,전라북도, 845 
461,노래방,전라남도, 743 
462,노래방,대구광역시," 1,709 "
463,노래방,경상북도," 1,605 "
464,노래방,부산광역시," 1,757 "
465,노래방,울산광역시, 758 
466,노래방,경상남도," 1,632 "
467,노래방,제주특별자치도, 298 
468,담배가게,합계," 12,900 "
469,담배가게,서울특별시," 2,292 "
470,담배가게,인천광역시, 369 
471,담배가게,경기도," 1,654 "
472,담배가게,강원도, 595 
473,담배가게,대전광역시, 300 
474,담배가게,충청북도, 548 
475,담배가게,충청남도, 591 
476,담배가게,세종특별자치시, 38 
477,담배가게,광주광역시, 307 
478,담배가게,전라북도, 645 
479,담배가게,전라남도, 999 
480,담배가게,대구광역시, 508 
481,담배가게,경상북도," 1,369 "
482,담배가게,부산광역시," 1,173 "
483,담배가게,울산광역시, 236 
484,담배가게,경상남도," 1,102 "
485,담배가게,제주특별자치도, 174 
486,당구장,합계," 18,321 "
487,당구장,서울특별시," 3,247 "
488,당구장,인천광역시," 1,167 "
489,당구장,경기도," 4,663 "
490,당구장,강원도, 803 
491,당구장,대전광역시, 524 
492,당구장,충청북도, 703 
493,당구장,충청남도, 829 
494,당구장,세종특별자치시, 92 
495,당구장,광주광역시, 492 
496,당구장,전라북도, 598 
497,당구장,전라남도, 704 
498,당구장,대구광역시, 648 
499,당구장,경상북도, 914 
500,당구장,부산광역시, 989 
501,당구장,울산광역시, 514 
502,당구장,경상남도," 1,110 "
503,당구장,제주특별자치도, 324 
504,독서실,합계," 9,882 "
505,독서실,서울특별시," 3,523 "
506,독서실,인천광역시, 447 
507,독서실,경기도," 2,425 "
508,독서실,강원도, 155 
509,독서실,대전광역시, 239 
510,독서실,충청북도, 189 
511,독서실,충청남도, 236 
512,독서실,세종특별자치시, 32 
513,독서실,광주광역시, 376 
514,독서실,전라북도, 269 
515,독서실,전라남도, 166 
516,독서실,대구광역시, 413 
517,독서실,경상북도, 237 
518,독서실,부산광역시, 452 
519,독서실,울산광역시, 241 
520,독서실,경상남도, 398 
521,독서실,제주특별자치도, 84 
522,동물병원,합계," 4,087 "
523,동물병원,서울특별시, 823 
524,동물병원,인천광역시, 190 
525,동물병원,경기도," 1,050 "
526,동물병원,강원도, 95 
527,동물병원,대전광역시, 100 
528,동물병원,충청북도, 107 
529,동물병원,충청남도, 182 
530,동물병원,세종특별자치시, 23 
531,동물병원,광주광역시, 103 
532,동물병원,전라북도, 162 
533,동물병원,전라남도, 160 
534,동물병원,대구광역시, 168 
535,동물병원,경상북도, 268 
536,동물병원,부산광역시, 241 
537,동물병원,울산광역시, 74 
538,동물병원,경상남도, 270 
539,동물병원,제주특별자치도, 71 
540,목욕탕,합계," 5,547 "
541,목욕탕,서울특별시, 724 
542,목욕탕,인천광역시, 211 
543,목욕탕,경기도, 770 
544,목욕탕,강원도, 183 
545,목욕탕,대전광역시, 100 
546,목욕탕,충청북도, 147 
547,목욕탕,충청남도, 197 
548,목욕탕,세종특별자치시, 12 
549,목욕탕,광주광역시, 178 
550,목욕탕,전라북도, 206 
551,목욕탕,전라남도, 296 
552,목욕탕,대구광역시, 271 
553,목욕탕,경상북도, 421 
554,목욕탕,부산광역시, 749 
555,목욕탕,울산광역시, 186 
556,목욕탕,경상남도, 781 
557,목욕탕,제주특별자치도, 115 
558,문구점,합계," 9,225 "
559,문구점,서울특별시," 1,565 "
560,문구점,인천광역시, 470 
561,문구점,경기도," 2,126 "
562,문구점,강원도, 381 
563,문구점,대전광역시, 318 
564,문구점,충청북도, 337 
565,문구점,충청남도, 432 
566,문구점,세종특별자치시, 79 
567,문구점,광주광역시, 291 
568,문구점,전라북도, 432 
569,문구점,전라남도, 413 
570,문구점,대구광역시, 344 
571,문구점,경상북도, 535 
572,문구점,부산광역시, 520 
573,문구점,울산광역시, 197 
574,문구점,경상남도, 635 
575,문구점,제주특별자치도, 150 
576,미용실,합계," 101,168 "
577,미용실,서울특별시," 17,920 "
578,미용실,인천광역시," 5,421 "
579,미용실,경기도," 22,817 "
580,미용실,강원도," 3,546 "
581,미용실,대전광역시," 3,308 "
582,미용실,충청북도," 3,458 "
583,미용실,충청남도," 4,203 "
584,미용실,세종특별자치시, 394 
585,미용실,광주광역시," 3,228 "
586,미용실,전라북도," 3,849 "
587,미용실,전라남도," 3,493 "
588,미용실,대구광역시," 5,387 "
589,미용실,경상북도," 5,818 "
590,미용실,부산광역시," 7,431 "
591,미용실,울산광역시," 2,581 "
592,미용실,경상남도," 6,956 "
593,미용실,제주특별자치도," 1,358 "
594,법무사,합계," 6,476 "
595,법무사,서울특별시," 1,940 "
596,법무사,인천광역시, 280 
597,법무사,경기도," 1,218 "
598,법무사,강원도, 188 
599,법무사,대전광역시, 169 
600,법무사,충청북도, 170 
601,법무사,충청남도, 216 
602,법무사,세종특별자치시, 22 
603,법무사,광주광역시, 220 
604,법무사,전라북도, 232 
605,법무사,전라남도, 214 
606,법무사,대구광역시, 299 
607,법무사,경상북도, 261 
608,법무사,부산광역시, 457 
609,법무사,울산광역시, 113 
610,법무사,경상남도, 390 
611,법무사,제주특별자치도, 87 
612,변리사,합계," 1,002 "
613,변리사,서울특별시, 705 
614,변리사,인천광역시, 14 
615,변리사,경기도, 92 
616,변리사,강원도,*
617,변리사,대전광역시, 88 
618,변리사,충청북도, 4 
619,변리사,충청남도, 5 
620,변리사,세종특별자치시,*
621,변리사,광주광역시, 11 
622,변리사,전라북도, 6 
623,변리사,전라남도,*
624,변리사,대구광역시, 23 
625,변리사,경상북도, 3 
626,변리사,부산광역시, 28 
627,변리사,울산광역시, 6 
628,변리사,경상남도, 11 
629,변리사,제주특별자치도,*
630,변호사,합계," 7,275 "
631,변호사,서울특별시," 3,739 "
632,변호사,인천광역시, 245 
633,변호사,경기도, 959 
634,변호사,강원도, 118 
635,변호사,대전광역시, 221 
636,변호사,충청북도, 107 
637,변호사,충청남도, 137 
638,변호사,세종특별자치시, 19 
639,변호사,광주광역시, 215 
640,변호사,전라북도, 187 
641,변호사,전라남도, 93 
642,변호사,대구광역시, 274 
643,변호사,경상북도, 117 
644,변호사,부산광역시, 425 
645,변호사,울산광역시, 120 
646,변호사,경상남도, 218 
647,변호사,제주특별자치도, 81 
648,부동산중개업,합계," 124,673 "
649,부동산중개업,서울특별시," 30,820 "
650,부동산중개업,인천광역시," 6,759 "
651,부동산중개업,경기도," 34,744 "
652,부동산중개업,강원도," 2,608 "
653,부동산중개업,대전광역시," 3,279 "
654,부동산중개업,충청북도," 2,851 "
655,부동산중개업,충청남도," 4,146 "
656,부동산중개업,세종특별자치시," 1,311 "
657,부동산중개업,광주광역시," 4,037 "
658,부동산중개업,전라북도," 3,160 "
659,부동산중개업,전라남도," 2,186 "
660,부동산중개업,대구광역시," 5,653 "
661,부동산중개업,경상북도," 4,141 "
662,부동산중개업,부산광역시," 7,938 "
663,부동산중개업,울산광역시," 2,280 "
664,부동산중개업,경상남도," 6,843 "
665,부동산중개업,제주특별자치도," 1,917 "
666,분식점,합계," 53,869 "
667,분식점,서울특별시," 10,915 "
668,분식점,인천광역시," 2,552 "
669,분식점,경기도," 12,671 "
670,분식점,강원도," 1,616 "
671,분식점,대전광역시," 1,994 "
672,분식점,충청북도," 2,233 "
673,분식점,충청남도," 2,319 "
674,분식점,세종특별자치시, 193 
675,분식점,광주광역시," 1,603 "
676,분식점,전라북도," 1,949 "
677,분식점,전라남도," 1,475 "
678,분식점,대구광역시," 2,373 "
679,분식점,경상북도," 2,451 "
680,분식점,부산광역시," 4,017 "
681,분식점,울산광역시, 755 
682,분식점,경상남도," 3,940 "
683,분식점,제주특별자치도, 813 
684,사진촬영업,합계," 14,029 "
685,사진촬영업,서울특별시," 4,580 "
686,사진촬영업,인천광역시, 654 
687,사진촬영업,경기도," 2,934 "
688,사진촬영업,강원도, 409 
689,사진촬영업,대전광역시, 398 
690,사진촬영업,충청북도, 315 
691,사진촬영업,충청남도, 394 
692,사진촬영업,세종특별자치시, 56 
693,사진촬영업,광주광역시, 399 
694,사진촬영업,전라북도, 432 
695,사진촬영업,전라남도, 327 
696,사진촬영업,대구광역시, 626 
697,사진촬영업,경상북도, 523 
698,사진촬영업,부산광역시, 825 
699,사진촬영업,울산광역시, 221 
700,사진촬영업,경상남도, 604 
701,사진촬영업,제주특별자치도, 332 
702,산부인과 의원,합계," 1,676 "
703,산부인과 의원,서울특별시, 502 
704,산부인과 의원,인천광역시, 78 
705,산부인과 의원,경기도, 333 
706,산부인과 의원,강원도, 37 
707,산부인과 의원,대전광역시, 61 
708,산부인과 의원,충청북도, 46 
709,산부인과 의원,충청남도, 49 
710,산부인과 의원,세종특별자치시, 9 
711,산부인과 의원,광주광역시, 52 
712,산부인과 의원,전라북도, 56 
713,산부인과 의원,전라남도, 24 
714,산부인과 의원,대구광역시, 108 
715,산부인과 의원,경상북도, 67 
716,산부인과 의원,부산광역시, 103 
717,산부인과 의원,울산광역시, 43 
718,산부인과 의원,경상남도, 84 
719,산부인과 의원,제주특별자치도, 24 
720,생선가게,합계," 11,161 "
721,생선가게,서울특별시," 1,460 "
722,생선가게,인천광역시, 744 
723,생선가게,경기도," 1,210 "
724,생선가게,강원도, 423 
725,생선가게,대전광역시, 150 
726,생선가게,충청북도, 156 
727,생선가게,충청남도, 727 
728,생선가게,세종특별자치시, 21 
729,생선가게,광주광역시, 322 
730,생선가게,전라북도, 586 
731,생선가게,전라남도," 1,547 "
732,생선가게,대구광역시, 216 
733,생선가게,경상북도, 842 
734,생선가게,부산광역시," 1,057 "
735,생선가게,울산광역시, 397 
736,생선가게,경상남도, 862 
737,생선가게,제주특별자치도, 441 
738,서점,합계," 8,271 "
739,서점,서울특별시," 1,631 "
740,서점,인천광역시, 359 
741,서점,경기도," 1,922 "
742,서점,강원도, 238 
743,서점,대전광역시, 334 
744,서점,충청북도, 244 
745,서점,충청남도, 349 
746,서점,세종특별자치시, 62 
747,서점,광주광역시, 271 
748,서점,전라북도, 349 
749,서점,전라남도, 250 
750,서점,대구광역시, 507 
751,서점,경상북도, 384 
752,서점,부산광역시, 554 
753,서점,울산광역시, 188 
754,서점,경상남도, 487 
755,서점,제주특별자치도, 142 
756,성형외과 의원,합계," 1,462 "
757,성형외과 의원,서울특별시, 717 
758,성형외과 의원,인천광역시, 47 
759,성형외과 의원,경기도, 187 
760,성형외과 의원,강원도, 16 
761,성형외과 의원,대전광역시, 45 
762,성형외과 의원,충청북도, 23 
763,성형외과 의원,충청남도, 28 
764,성형외과 의원,세종특별자치시, 5 
765,성형외과 의원,광주광역시, 47 
766,성형외과 의원,전라북도, 26 
767,성형외과 의원,전라남도, 16 
768,성형외과 의원,대구광역시, 77 
769,성형외과 의원,경상북도, 15 
770,성형외과 의원,부산광역시, 136 
771,성형외과 의원,울산광역시, 19 
772,성형외과 의원,경상남도, 38 
773,성형외과 의원,제주특별자치도, 20 
774,세무사,합계," 12,406 "
775,세무사,서울특별시," 5,111 "
776,세무사,인천광역시, 518 
777,세무사,경기도," 2,739 "
778,세무사,강원도, 173 
779,세무사,대전광역시, 275 
780,세무사,충청북도, 167 
781,세무사,충청남도, 262 
782,세무사,세종특별자치시, 42 
783,세무사,광주광역시, 303 
784,세무사,전라북도, 267 
785,세무사,전라남도, 131 
786,세무사,대구광역시, 546 
787,세무사,경상북도, 234 
788,세무사,부산광역시, 950 
789,세무사,울산광역시, 165 
790,세무사,경상남도, 416 
791,세무사,제주특별자치도, 107 
792,세탁소,합계," 23,162 "
793,세탁소,서울특별시," 4,531 "
794,세탁소,인천광역시," 1,229 "
795,세탁소,경기도," 5,312 "
796,세탁소,강원도, 926 
797,세탁소,대전광역시, 871 
798,세탁소,충청북도, 888 
799,세탁소,충청남도," 1,112 "
800,세탁소,세종특별자치시, 95 
801,세탁소,광주광역시, 858 
802,세탁소,전라북도, 872 
803,세탁소,전라남도, 792 
804,세탁소,대구광역시, 837 
805,세탁소,경상북도," 1,234 "
806,세탁소,부산광역시," 1,303 "
807,세탁소,울산광역시, 436 
808,세탁소,경상남도," 1,269 "
809,세탁소,제주특별자치도, 597 
810,슈퍼마켓,합계," 29,779 "
811,슈퍼마켓,서울특별시," 3,996 "
812,슈퍼마켓,인천광역시," 1,876 "
813,슈퍼마켓,경기도," 7,989 "
814,슈퍼마켓,강원도," 1,033 "
815,슈퍼마켓,대전광역시, 677 
816,슈퍼마켓,충청북도, 999 
817,슈퍼마켓,충청남도," 1,226 "
818,슈퍼마켓,세종특별자치시, 131 
819,슈퍼마켓,광주광역시, 860 
820,슈퍼마켓,전라북도," 1,007 "
821,슈퍼마켓,전라남도," 1,221 "
822,슈퍼마켓,대구광역시," 1,710 "
823,슈퍼마켓,경상북도," 1,877 "
824,슈퍼마켓,부산광역시," 1,918 "
825,슈퍼마켓,울산광역시, 884 
826,슈퍼마켓,경상남도," 1,951 "
827,슈퍼마켓,제주특별자치도, 424 
828,스포츠교육기관,합계," 24,557 "
829,스포츠교육기관,서울특별시," 4,537 "
830,스포츠교육기관,인천광역시," 1,339 "
831,스포츠교육기관,경기도," 6,378 "
832,스포츠교육기관,강원도, 677 
833,스포츠교육기관,대전광역시, 800 
834,스포츠교육기관,충청북도, 724 
835,스포츠교육기관,충청남도, 880 
836,스포츠교육기관,세종특별자치시, 179 
837,스포츠교육기관,광주광역시, 890 
838,스포츠교육기관,전라북도, 822 
839,스포츠교육기관,전라남도, 704 
840,스포츠교육기관,대구광역시," 1,207 "
841,스포츠교육기관,경상북도," 1,125 "
842,스포츠교육기관,부산광역시," 1,630 "
843,스포츠교육기관,울산광역시, 561 
844,스포츠교육기관,경상남도," 1,712 "
845,스포츠교육기관,제주특별자치도, 392 
846,스포츠시설운영업,합계," 7,749 "
847,스포츠시설운영업,서울특별시," 2,148 "
848,스포츠시설운영업,인천광역시, 404 
849,스포츠시설운영업,경기도," 2,052 "
850,스포츠시설운영업,강원도, 233 
851,스포츠시설운영업,대전광역시, 171 
852,스포츠시설운영업,충청북도, 174 
853,스포츠시설운영업,충청남도, 204 
854,스포츠시설운영업,세종특별자치시, 37 
855,스포츠시설운영업,광주광역시, 239 
856,스포츠시설운영업,전라북도, 257 
857,스포츠시설운영업,전라남도, 171 
858,스포츠시설운영업,대구광역시, 280 
859,스포츠시설운영업,경상북도, 280 
860,스포츠시설운영업,부산광역시, 452 
861,스포츠시설운영업,울산광역시, 131 
862,스포츠시설운영업,경상남도, 387 
863,스포츠시설운영업,제주특별자치도, 129 
864,스포츠용품점,합계," 15,083 "
865,스포츠용품점,서울특별시," 1,473 "
866,스포츠용품점,인천광역시, 522 
867,스포츠용품점,경기도," 3,158 "
868,스포츠용품점,강원도, 861 
869,스포츠용품점,대전광역시, 385 
870,스포츠용품점,충청북도, 655 
871,스포츠용품점,충청남도," 1,000 "
872,스포츠용품점,세종특별자치시, 64 
873,스포츠용품점,광주광역시, 429 
874,스포츠용품점,전라북도, 894 
875,스포츠용품점,전라남도, 919 
876,스포츠용품점,대구광역시, 658 
877,스포츠용품점,경상북도," 1,244 "
878,스포츠용품점,부산광역시, 709 
879,스포츠용품점,울산광역시, 284 
880,스포츠용품점,경상남도," 1,400 "
881,스포츠용품점,제주특별자치도, 428 
882,시계ㆍ귀금속점,합계," 8,182 "
883,시계ㆍ귀금속점,서울특별시," 1,889 "
884,시계ㆍ귀금속점,인천광역시, 351 
885,시계ㆍ귀금속점,경기도," 1,302 "
886,시계ㆍ귀금속점,강원도, 238 
887,시계ㆍ귀금속점,대전광역시, 226 
888,시계ㆍ귀금속점,충청북도, 257 
889,시계ㆍ귀금속점,충청남도, 321 
890,시계ㆍ귀금속점,세종특별자치시, 17 
891,시계ㆍ귀금속점,광주광역시, 261 
892,시계ㆍ귀금속점,전라북도, 383 
893,시계ㆍ귀금속점,전라남도, 281 
894,시계ㆍ귀금속점,대구광역시, 534 
895,시계ㆍ귀금속점,경상북도, 439 
896,시계ㆍ귀금속점,부산광역시, 789 
897,시계ㆍ귀금속점,울산광역시, 223 
898,시계ㆍ귀금속점,경상남도, 568 
899,시계ㆍ귀금속점,제주특별자치도, 103 
900,식료품가게,합계," 49,416 "
901,식료품가게,서울특별시," 5,528 "
902,식료품가게,인천광역시," 2,117 "
903,식료품가게,경기도," 9,003 "
904,식료품가게,강원도," 2,893 "
905,식료품가게,대전광역시," 1,395 "
906,식료품가게,충청북도," 2,295 "
907,식료품가게,충청남도," 3,411 "
908,식료품가게,세종특별자치시, 234 
909,식료품가게,광주광역시," 1,470 "
910,식료품가게,전라북도," 3,436 "
911,식료품가게,전라남도," 3,693 "
912,식료품가게,대구광역시," 1,664 "
913,식료품가게,경상북도," 3,567 "
914,식료품가게,부산광역시," 3,115 "
915,식료품가게,울산광역시, 777 
916,식료품가게,경상남도," 3,984 "
917,식료품가게,제주특별자치도, 834 
918,신경정신과 의원,합계," 1,722 "
919,신경정신과 의원,서울특별시, 480 
920,신경정신과 의원,인천광역시, 72 
921,신경정신과 의원,경기도, 370 
922,신경정신과 의원,강원도, 39 
923,신경정신과 의원,대전광역시, 73 
924,신경정신과 의원,충청북도, 45 
925,신경정신과 의원,충청남도, 52 
926,신경정신과 의원,세종특별자치시, 11 
927,신경정신과 의원,광주광역시, 48 
928,신경정신과 의원,전라북도, 66 
929,신경정신과 의원,전라남도, 42 
930,신경정신과 의원,대구광역시, 108 
931,신경정신과 의원,경상북도, 51 
932,신경정신과 의원,부산광역시, 146 
933,신경정신과 의원,울산광역시, 25 
934,신경정신과 의원,경상남도, 72 
935,신경정신과 의원,제주특별자치도, 22 
936,신발가게,합계," 6,637 "
937,신발가게,서울특별시," 1,357 "
938,신발가게,인천광역시, 355 
939,신발가게,경기도," 1,252 "
940,신발가게,강원도, 242 
941,신발가게,대전광역시, 203 
942,신발가게,충청북도, 231 
943,신발가게,충청남도, 278 
944,신발가게,세종특별자치시, 22 
945,신발가게,광주광역시, 211 
946,신발가게,전라북도, 301 
947,신발가게,전라남도, 265 
948,신발가게,대구광역시, 338 
949,신발가게,경상북도, 378 
950,신발가게,부산광역시, 561 
951,신발가게,울산광역시, 117 
952,신발가게,경상남도, 410 
953,신발가게,제주특별자치도, 116 
954,실내스크린골프점,합계," 4,845 "
955,실내스크린골프점,서울특별시, 667 
956,실내스크린골프점,인천광역시, 196 
957,실내스크린골프점,경기도," 1,257 "
958,실내스크린골프점,강원도, 154 
959,실내스크린골프점,대전광역시, 154 
960,실내스크린골프점,충청북도, 176 
961,실내스크린골프점,충청남도, 213 
962,실내스크린골프점,세종특별자치시, 26 
963,실내스크린골프점,광주광역시, 113 
964,실내스크린골프점,전라북도, 180 
965,실내스크린골프점,전라남도, 158 
966,실내스크린골프점,대구광역시, 291 
967,실내스크린골프점,경상북도, 279 
968,실내스크린골프점,부산광역시, 307 
969,실내스크린골프점,울산광역시, 172 
970,실내스크린골프점,경상남도, 416 
971,실내스크린골프점,제주특별자치도, 86 
972,실내장식가게,합계," 55,690 "
973,실내장식가게,서울특별시," 13,642 "
974,실내장식가게,인천광역시," 3,209 "
975,실내장식가게,경기도," 16,476 "
976,실내장식가게,강원도," 1,086 "
977,실내장식가게,대전광역시," 1,821 "
978,실내장식가게,충청북도," 1,254 "
979,실내장식가게,충청남도," 1,465 "
980,실내장식가게,세종특별자치시, 223 
981,실내장식가게,광주광역시," 1,972 "
982,실내장식가게,전라북도, 246 
983,실내장식가게,전라남도," 1,167 "
984,실내장식가게,대구광역시," 2,531 "
985,실내장식가게,경상북도," 1,791 "
986,실내장식가게,부산광역시," 3,926 "
987,실내장식가게,울산광역시," 1,001 "
988,실내장식가게,경상남도," 2,696 "
989,실내장식가게,제주특별자치도," 1,184 "
990,실외골프연습장,합계," 2,257 "
991,실외골프연습장,서울특별시, 371 
992,실외골프연습장,인천광역시, 79 
993,실외골프연습장,경기도, 502 
994,실외골프연습장,강원도, 108 
995,실외골프연습장,대전광역시, 66 
996,실외골프연습장,충청북도, 102 
997,실외골프연습장,충청남도, 98 
998,실외골프연습장,세종특별자치시, 4 
999,실외골프연습장,광주광역시, 45 
1000,실외골프연습장,전라북도, 93 
1001,실외골프연습장,전라남도, 99 
1002,실외골프연습장,대구광역시, 94 
1003,실외골프연습장,경상북도, 193 
1004,실외골프연습장,부산광역시, 136 
1005,실외골프연습장,울산광역시, 48 
1006,실외골프연습장,경상남도, 166 
1007,실외골프연습장,제주특별자치도, 53 
1008,안경점,합계," 9,228 "
1009,안경점,서울특별시," 2,059 "
1010,안경점,인천광역시, 427 
1011,안경점,경기도," 1,989 "
1012,안경점,강원도, 252 
1013,안경점,대전광역시, 319 
1014,안경점,충청북도, 288 
1015,안경점,충청남도, 341 
1016,안경점,세종특별자치시, 45 
1017,안경점,광주광역시, 349 
1018,안경점,전라북도, 351 
1019,안경점,전라남도, 309 
1020,안경점,대구광역시, 485 
1021,안경점,경상북도, 430 
1022,안경점,부산광역시, 642 
1023,안경점,울산광역시, 223 
1024,안경점,경상남도, 597 
1025,안경점,제주특별자치도, 122 
1026,안과 의원,합계," 1,653 "
1027,안과 의원,서울특별시, 448 
1028,안과 의원,인천광역시, 65 
1029,안과 의원,경기도, 354 
1030,안과 의원,강원도, 43 
1031,안과 의원,대전광역시, 48 
1032,안과 의원,충청북도, 38 
1033,안과 의원,충청남도, 53 
1034,안과 의원,세종특별자치시, 5 
1035,안과 의원,광주광역시, 40 
1036,안과 의원,전라북도, 63 
1037,안과 의원,전라남도, 50 
1038,안과 의원,대구광역시, 101 
1039,안과 의원,경상북도, 68 
1040,안과 의원,부산광역시, 132 
1041,안과 의원,울산광역시, 33 
1042,안과 의원,경상남도, 92 
1043,안과 의원,제주특별자치도, 20 
1044,애완용품점,합계," 7,952 "
1045,애완용품점,서울특별시," 1,306 "
1046,애완용품점,인천광역시, 499 
1047,애완용품점,경기도," 2,382 "
1048,애완용품점,강원도, 215 
1049,애완용품점,대전광역시, 277 
1050,애완용품점,충청북도, 243 
1051,애완용품점,충청남도, 327 
1052,애완용품점,세종특별자치시, 25 
1053,애완용품점,광주광역시, 199 
1054,애완용품점,전라북도, 220 
1055,애완용품점,전라남도, 186 
1056,애완용품점,대구광역시, 356 
1057,애완용품점,경상북도, 399 
1058,애완용품점,부산광역시, 591 
1059,애완용품점,울산광역시, 135 
1060,애완용품점,경상남도, 499 
1061,애완용품점,제주특별자치도, 93 
1062,약국,합계," 22,582 "
1063,약국,서울특별시," 5,064 "
1064,약국,인천광역시," 1,108 "
1065,약국,경기도," 4,984 "
1066,약국,강원도, 674 
1067,약국,대전광역시, 738 
1068,약국,충청북도, 671 
1069,약국,충청남도, 951 
1070,약국,세종특별자치시, 116 
1071,약국,광주광역시, 672 
1072,약국,전라북도, 915 
1073,약국,전라남도, 788 
1074,약국,대구광역시," 1,280 "
1075,약국,경상북도," 1,104 "
1076,약국,부산광역시," 1,525 "
1077,약국,울산광역시, 413 
1078,약국,경상남도," 1,286 "
1079,약국,제주특별자치도, 293 
1080,여관ㆍ모텔,합계," 21,154 "
1081,여관ㆍ모텔,서울특별시," 2,008 "
1082,여관ㆍ모텔,인천광역시, 831 
1083,여관ㆍ모텔,경기도," 3,271 "
1084,여관ㆍ모텔,강원도," 1,572 "
1085,여관ㆍ모텔,대전광역시, 643 
1086,여관ㆍ모텔,충청북도, 865 
1087,여관ㆍ모텔,충청남도," 1,507 "
1088,여관ㆍ모텔,세종특별자치시, 67 
1089,여관ㆍ모텔,광주광역시, 510 
1090,여관ㆍ모텔,전라북도," 1,024 "
1091,여관ㆍ모텔,전라남도," 1,319 "
1092,여관ㆍ모텔,대구광역시, 727 
1093,여관ㆍ모텔,경상북도," 1,967 "
1094,여관ㆍ모텔,부산광역시," 1,413 "
1095,여관ㆍ모텔,울산광역시, 631 
1096,여관ㆍ모텔,경상남도," 2,375 "
1097,여관ㆍ모텔,제주특별자치도, 424 
1098,여행사,합계," 14,178 "
1099,여행사,서울특별시," 5,594 "
1100,여행사,인천광역시, 418 
1101,여행사,경기도," 1,761 "
1102,여행사,강원도, 342 
1103,여행사,대전광역시, 325 
1104,여행사,충청북도, 282 
1105,여행사,충청남도, 314 
1106,여행사,세종특별자치시, 54 
1107,여행사,광주광역시, 418 
1108,여행사,전라북도, 418 
1109,여행사,전라남도, 442 
1110,여행사,대구광역시, 534 
1111,여행사,경상북도, 465 
1112,여행사,부산광역시," 1,086 "
1113,여행사,울산광역시, 187 
1114,여행사,경상남도, 588 
1115,여행사,제주특별자치도, 950 
1116,예술학원,합계," 30,949 "
1117,예술학원,서울특별시," 5,483 "
1118,예술학원,인천광역시," 1,528 "
1119,예술학원,경기도," 8,529 "
1120,예술학원,강원도, 875 
1121,예술학원,대전광역시, 907 
1122,예술학원,충청북도, 899 
1123,예술학원,충청남도," 1,105 "
1124,예술학원,세종특별자치시, 258 
1125,예술학원,광주광역시," 1,097 "
1126,예술학원,전라북도," 1,335 "
1127,예술학원,전라남도, 871 
1128,예술학원,대구광역시," 1,389 "
1129,예술학원,경상북도," 1,382 "
1130,예술학원,부산광역시," 1,825 "
1131,예술학원,울산광역시, 797 
1132,예술학원,경상남도," 2,234 "
1133,예술학원,제주특별자치도, 435 
1134,예식장,합계, 903 
1135,예식장,서울특별시, 171 
1136,예식장,인천광역시, 24 
1137,예식장,경기도, 144 
1138,예식장,강원도, 40 
1139,예식장,대전광역시, 23 
1140,예식장,충청북도, 38 
1141,예식장,충청남도, 71 
1142,예식장,세종특별자치시, 5 
1143,예식장,광주광역시, 26 
1144,예식장,전라북도, 45 
1145,예식장,전라남도, 44 
1146,예식장,대구광역시, 41 
1147,예식장,경상북도, 67 
1148,예식장,부산광역시, 62 
1149,예식장,울산광역시, 15 
1150,예식장,경상남도, 66 
1151,예식장,제주특별자치도, 21 
1152,옷가게,합계," 86,461 "
1153,옷가게,서울특별시," 16,020 "
1154,옷가게,인천광역시," 4,075 "
1155,옷가게,경기도," 17,555 "
1156,옷가게,강원도," 3,205 "
1157,옷가게,대전광역시," 2,814 "
1158,옷가게,충청북도," 2,967 "
1159,옷가게,충청남도," 3,304 "
1160,옷가게,세종특별자치시, 352 
1161,옷가게,광주광역시," 3,197 "
1162,옷가게,전라북도," 3,477 "
1163,옷가게,전라남도," 3,061 "
1164,옷가게,대구광역시," 5,320 "
1165,옷가게,경상북도," 4,677 "
1166,옷가게,부산광역시," 7,148 "
1167,옷가게,울산광역시," 1,833 "
1168,옷가게,경상남도," 5,787 "
1169,옷가게,제주특별자치도," 1,669 "
1170,의료용품가게,합계," 7,061 "
1171,의료용품가게,서울특별시," 1,595 "
1172,의료용품가게,인천광역시, 313 
1173,의료용품가게,경기도," 1,532 "
1174,의료용품가게,강원도, 183 
1175,의료용품가게,대전광역시, 277 
1176,의료용품가게,충청북도, 177 
1177,의료용품가게,충청남도, 284 
1178,의료용품가게,세종특별자치시, 24 
1179,의료용품가게,광주광역시, 320 
1180,의료용품가게,전라북도, 331 
1181,의료용품가게,전라남도, 225 
1182,의료용품가게,대구광역시, 337 
1183,의료용품가게,경상북도, 269 
1184,의료용품가게,부산광역시, 590 
1185,의료용품가게,울산광역시, 113 
1186,의료용품가게,경상남도, 410 
1187,의료용품가게,제주특별자치도, 81 
1188,이륜자동차판매점,합계," 2,656 "
1189,이륜자동차판매점,서울특별시, 464 
1190,이륜자동차판매점,인천광역시, 95 
1191,이륜자동차판매점,경기도, 451 
1192,이륜자동차판매점,강원도, 93 
1193,이륜자동차판매점,대전광역시, 58 
1194,이륜자동차판매점,충청북도, 90 
1195,이륜자동차판매점,충청남도, 146 
1196,이륜자동차판매점,세종특별자치시, 9 
1197,이륜자동차판매점,광주광역시, 66 
1198,이륜자동차판매점,전라북도, 127 
1199,이륜자동차판매점,전라남도, 149 
1200,이륜자동차판매점,대구광역시, 151 
1201,이륜자동차판매점,경상북도, 208 
1202,이륜자동차판매점,부산광역시, 212 
1203,이륜자동차판매점,울산광역시, 76 
1204,이륜자동차판매점,경상남도, 221 
1205,이륜자동차판매점,제주특별자치도, 40 
1206,이발소,합계," 11,874 "
1207,이발소,서울특별시," 2,163 "
1208,이발소,인천광역시, 419 
1209,이발소,경기도," 2,101 "
1210,이발소,강원도, 654 
1211,이발소,대전광역시, 413 
1212,이발소,충청북도, 417 
1213,이발소,충청남도, 608 
1214,이발소,세종특별자치시, 36 
1215,이발소,광주광역시, 255 
1216,이발소,전라북도, 458 
1217,이발소,전라남도, 551 
1218,이발소,대구광역시, 577 
1219,이발소,경상북도, 872 
1220,이발소,부산광역시," 1,025 "
1221,이발소,울산광역시, 373 
1222,이발소,경상남도, 791 
1223,이발소,제주특별자치도, 161 
1224,이비인후과 의원,합계," 2,574 "
1225,이비인후과 의원,서울특별시, 680 
1226,이비인후과 의원,인천광역시, 136 
1227,이비인후과 의원,경기도, 648 
1228,이비인후과 의원,강원도, 49 
1229,이비인후과 의원,대전광역시, 82 
1230,이비인후과 의원,충청북도, 61 
1231,이비인후과 의원,충청남도, 56 
1232,이비인후과 의원,세종특별자치시, 15 
1233,이비인후과 의원,광주광역시, 76 
1234,이비인후과 의원,전라북도, 73 
1235,이비인후과 의원,전라남도, 48 
1236,이비인후과 의원,대구광역시, 159 
1237,이비인후과 의원,경상북도, 87 
1238,이비인후과 의원,부산광역시, 202 
1239,이비인후과 의원,울산광역시, 47 
1240,이비인후과 의원,경상남도, 128 
1241,이비인후과 의원,제주특별자치도, 27 
1242,일반외과 의원,합계," 4,812 "
1243,일반외과 의원,서울특별시," 1,079 "
1244,일반외과 의원,인천광역시, 264 
1245,일반외과 의원,경기도," 1,129 "
1246,일반외과 의원,강원도, 133 
1247,일반외과 의원,대전광역시, 141 
1248,일반외과 의원,충청북도, 175 
1249,일반외과 의원,충청남도, 190 
1250,일반외과 의원,세종특별자치시, 33 
1251,일반외과 의원,광주광역시, 100 
1252,일반외과 의원,전라북도, 181 
1253,일반외과 의원,전라남도, 136 
1254,일반외과 의원,대구광역시, 305 
1255,일반외과 의원,경상북도, 231 
1256,일반외과 의원,부산광역시, 324 
1257,일반외과 의원,울산광역시, 77 
1258,일반외과 의원,경상남도, 244 
1259,일반외과 의원,제주특별자치도, 70 
1260,일식전문점,합계," 18,225 "
1261,일식전문점,서울특별시," 5,567 "
1262,일식전문점,인천광역시, 973 
1263,일식전문점,경기도," 3,687 "
1264,일식전문점,강원도, 993 
1265,일식전문점,대전광역시, 443 
1266,일식전문점,충청북도, 494 
1267,일식전문점,충청남도, 742 
1268,일식전문점,세종특별자치시, 90 
1269,일식전문점,광주광역시, 269 
1270,일식전문점,전라북도, 507 
1271,일식전문점,전라남도, 426 
1272,일식전문점,대구광역시, 848 
1273,일식전문점,경상북도, 544 
1274,일식전문점,부산광역시," 1,077 "
1275,일식전문점,울산광역시, 279 
1276,일식전문점,경상남도, 759 
1277,일식전문점,제주특별자치도, 527 
1278,자동차수리점,합계," 43,763 "
1279,자동차수리점,서울특별시," 4,872 "
1280,자동차수리점,인천광역시," 2,308 "
1281,자동차수리점,경기도," 11,033 "
1282,자동차수리점,강원도," 1,779 "
1283,자동차수리점,대전광역시," 1,403 "
1284,자동차수리점,충청북도," 1,811 "
1285,자동차수리점,충청남도," 2,414 "
1286,자동차수리점,세종특별자치시, 193 
1287,자동차수리점,광주광역시," 1,504 "
1288,자동차수리점,전라북도," 1,987 "
1289,자동차수리점,전라남도," 2,000 "
1290,자동차수리점,대구광역시," 2,241 "
1291,자동차수리점,경상북도," 3,032 "
1292,자동차수리점,부산광역시," 2,344 "
1293,자동차수리점,울산광역시," 1,076 "
1294,자동차수리점,경상남도," 3,181 "
1295,자동차수리점,제주특별자치도, 585 
1296,자전거판매점,합계," 2,550 "
1297,자전거판매점,서울특별시, 410 
1298,자전거판매점,인천광역시, 107 
1299,자전거판매점,경기도, 614 
1300,자전거판매점,강원도, 89 
1301,자전거판매점,대전광역시, 97 
1302,자전거판매점,충청북도, 83 
1303,자전거판매점,충청남도, 110 
1304,자전거판매점,세종특별자치시, 12 
1305,자전거판매점,광주광역시, 63 
1306,자전거판매점,전라북도, 135 
1307,자전거판매점,전라남도, 97 
1308,자전거판매점,대구광역시, 159 
1309,자전거판매점,경상북도, 169 
1310,자전거판매점,부산광역시, 107 
1311,자전거판매점,울산광역시, 62 
1312,자전거판매점,경상남도, 203 
1313,자전거판매점,제주특별자치도, 33 
1314,장난감가게,합계," 3,071 "
1315,장난감가게,서울특별시, 556 
1316,장난감가게,인천광역시, 140 
1317,장난감가게,경기도, 854 
1318,장난감가게,강원도, 100 
1319,장난감가게,대전광역시, 92 
1320,장난감가게,충청북도, 87 
1321,장난감가게,충청남도, 134 
1322,장난감가게,세종특별자치시, 25 
1323,장난감가게,광주광역시, 78 
1324,장난감가게,전라북도, 105 
1325,장난감가게,전라남도, 107 
1326,장난감가게,대구광역시, 143 
1327,장난감가게,경상북도, 166 
1328,장난감가게,부산광역시, 188 
1329,장난감가게,울산광역시, 61 
1330,장난감가게,경상남도, 170 
1331,장난감가게,제주특별자치도, 65 
1332,정육점,합계," 19,738 "
1333,정육점,서울특별시," 2,791 "
1334,정육점,인천광역시," 1,061 "
1335,정육점,경기도," 4,269 "
1336,정육점,강원도, 854 
1337,정육점,대전광역시, 757 
1338,정육점,충청북도, 783 
1339,정육점,충청남도, 997 
1340,정육점,세종특별자치시, 113 
1341,정육점,광주광역시, 542 
1342,정육점,전라북도," 1,056 "
1343,정육점,전라남도, 815 
1344,정육점,대구광역시," 1,279 "
1345,정육점,경상북도," 1,251 "
1346,정육점,부산광역시," 1,107 "
1347,정육점,울산광역시, 582 
1348,정육점,경상남도," 1,194 "
1349,정육점,제주특별자치도, 287 
1350,제과점,합계," 17,002 "
1351,제과점,서울특별시," 3,567 "
1352,제과점,인천광역시, 793 
1353,제과점,경기도," 3,922 "
1354,제과점,강원도, 556 
1355,제과점,대전광역시, 512 
1356,제과점,충청북도, 530 
1357,제과점,충청남도, 677 
1358,제과점,세종특별자치시, 117 
1359,제과점,광주광역시, 475 
1360,제과점,전라북도, 614 
1361,제과점,전라남도, 553 
1362,제과점,대구광역시, 893 
1363,제과점,경상북도, 890 
1364,제과점,부산광역시," 1,071 "
1365,제과점,울산광역시, 362 
1366,제과점,경상남도," 1,070 "
1367,제과점,제주특별자치도, 400 
1368,종합병원,합계," 3,399 "
1369,종합병원,서울특별시, 436 
1370,종합병원,인천광역시, 148 
1371,종합병원,경기도, 674 
1372,종합병원,강원도, 85 
1373,종합병원,대전광역시, 100 
1374,종합병원,충청북도, 98 
1375,종합병원,충청남도, 141 
1376,종합병원,세종특별자치시, 12 
1377,종합병원,광주광역시, 169 
1378,종합병원,전라북도, 167 
1379,종합병원,전라남도, 197 
1380,종합병원,대구광역시, 188 
1381,종합병원,경상북도, 230 
1382,종합병원,부산광역시, 337 
1383,종합병원,울산광역시, 96 
1384,종합병원,경상남도, 296 
1385,종합병원,제주특별자치도, 25 
1386,주유소,합계," 10,686 "
1387,주유소,서울특별시, 398 
1388,주유소,인천광역시, 273 
1389,주유소,경기도," 2,158 "
1390,주유소,강원도, 626 
1391,주유소,대전광역시, 227 
1392,주유소,충청북도, 710 
1393,주유소,충청남도," 1,000 "
1394,주유소,세종특별자치시, 66 
1395,주유소,광주광역시, 257 
1396,주유소,전라북도, 836 
1397,주유소,전라남도, 820 
1398,주유소,대구광역시, 326 
1399,주유소,경상북도," 1,213 "
1400,주유소,부산광역시, 348 
1401,주유소,울산광역시, 209 
1402,주유소,경상남도," 1,036 "
1403,주유소,제주특별자치도, 183 
1404,주차장운영업,합계," 7,731 "
1405,주차장운영업,서울특별시," 1,757 "
1406,주차장운영업,인천광역시, 307 
1407,주차장운영업,경기도," 1,222 "
1408,주차장운영업,강원도, 147 
1409,주차장운영업,대전광역시, 169 
1410,주차장운영업,충청북도, 151 
1411,주차장운영업,충청남도, 132 
1412,주차장운영업,세종특별자치시, 22 
1413,주차장운영업,광주광역시, 255 
1414,주차장운영업,전라북도, 124 
1415,주차장운영업,전라남도, 100 
1416,주차장운영업,대구광역시, 431 
1417,주차장운영업,경상북도, 246 
1418,주차장운영업,부산광역시," 1,731 "
1419,주차장운영업,울산광역시, 225 
1420,주차장운영업,경상남도, 660 
1421,주차장운영업,제주특별자치도, 52 
1422,중고차판매점,합계," 4,804 "
1423,중고차판매점,서울특별시, 493 
1424,중고차판매점,인천광역시, 276 
1425,중고차판매점,경기도," 1,033 "
1426,중고차판매점,강원도, 159 
1427,중고차판매점,대전광역시, 167 
1428,중고차판매점,충청북도, 196 
1429,중고차판매점,충청남도, 209 
1430,중고차판매점,세종특별자치시, 4 
1431,중고차판매점,광주광역시, 238 
1432,중고차판매점,전라북도, 291 
1433,중고차판매점,전라남도, 215 
1434,중고차판매점,대구광역시, 474 
1435,중고차판매점,경상북도, 331 
1436,중고차판매점,부산광역시, 233 
1437,중고차판매점,울산광역시, 103 
1438,중고차판매점,경상남도, 327 
1439,중고차판매점,제주특별자치도, 55 
1440,중식전문점,합계," 24,364 "
1441,중식전문점,서울특별시," 4,831 "
1442,중식전문점,인천광역시," 1,168 "
1443,중식전문점,경기도," 5,143 "
1444,중식전문점,강원도," 1,020 "
1445,중식전문점,대전광역시, 578 
1446,중식전문점,충청북도, 889 
1447,중식전문점,충청남도," 1,224 "
1448,중식전문점,세종특별자치시, 143 
1449,중식전문점,광주광역시, 490 
1450,중식전문점,전라북도," 1,031 "
1451,중식전문점,전라남도, 833 
1452,중식전문점,대구광역시," 1,249 "
1453,중식전문점,경상북도," 1,474 "
1454,중식전문점,부산광역시," 1,759 "
1455,중식전문점,울산광역시, 497 
1456,중식전문점,경상남도," 1,633 "
1457,중식전문점,제주특별자치도, 402 
1458,채소가게,합계," 11,232 "
1459,채소가게,서울특별시," 1,557 "
1460,채소가게,인천광역시, 534 
1461,채소가게,경기도," 1,958 "
1462,채소가게,강원도, 782 
1463,채소가게,대전광역시, 281 
1464,채소가게,충청북도, 500 
1465,채소가게,충청남도, 689 
1466,채소가게,세종특별자치시, 57 
1467,채소가게,광주광역시, 223 
1468,채소가게,전라북도, 617 
1469,채소가게,전라남도, 723 
1470,채소가게,대구광역시, 437 
1471,채소가게,경상북도, 932 
1472,채소가게,부산광역시, 704 
1473,채소가게,울산광역시, 129 
1474,채소가게,경상남도, 819 
1475,채소가게,제주특별자치도, 290 
1476,철물점,합계," 8,852 "
1477,철물점,서울특별시," 1,401 "
1478,철물점,인천광역시, 498 
1479,철물점,경기도," 1,851 "
1480,철물점,강원도, 460 
1481,철물점,대전광역시, 282 
1482,철물점,충청북도, 354 
1483,철물점,충청남도, 456 
1484,철물점,세종특별자치시, 41 
1485,철물점,광주광역시, 294 
1486,철물점,전라북도, 425 
1487,철물점,전라남도, 455 
1488,철물점,대구광역시, 347 
1489,철물점,경상북도, 491 
1490,철물점,부산광역시, 671 
1491,철물점,울산광역시, 174 
1492,철물점,경상남도, 549 
1493,철물점,제주특별자치도, 103 
1494,치과병원ㆍ의원,합계," 18,196 "
1495,치과병원ㆍ의원,서울특별시," 4,904 "
1496,치과병원ㆍ의원,인천광역시, 910 
1497,치과병원ㆍ의원,경기도," 4,262 "
1498,치과병원ㆍ의원,강원도, 390 
1499,치과병원ㆍ의원,대전광역시, 532 
1500,치과병원ㆍ의원,충청북도, 429 
1501,치과병원ㆍ의원,충청남도, 568 
1502,치과병원ㆍ의원,세종특별자치시, 85 
1503,치과병원ㆍ의원,광주광역시, 636 
1504,치과병원ㆍ의원,전라북도, 583 
1505,치과병원ㆍ의원,전라남도, 489 
1506,치과병원ㆍ의원,대구광역시, 898 
1507,치과병원ㆍ의원,경상북도, 689 
1508,치과병원ㆍ의원,부산광역시," 1,306 "
1509,치과병원ㆍ의원,울산광역시, 386 
1510,치과병원ㆍ의원,경상남도, 913 
1511,치과병원ㆍ의원,제주특별자치도, 216 
1512,침구ㆍ커튼가게,합계," 9,933 "
1513,침구ㆍ커튼가게,서울특별시," 1,308 "
1514,침구ㆍ커튼가게,인천광역시, 428 
1515,침구ㆍ커튼가게,경기도," 1,888 "
1516,침구ㆍ커튼가게,강원도, 405 
1517,침구ㆍ커튼가게,대전광역시, 418 
1518,침구ㆍ커튼가게,충청북도, 395 
1519,침구ㆍ커튼가게,충청남도, 512 
1520,침구ㆍ커튼가게,세종특별자치시, 51 
1521,침구ㆍ커튼가게,광주광역시, 393 
1522,침구ㆍ커튼가게,전라북도, 493 
1523,침구ㆍ커튼가게,전라남도, 481 
1524,침구ㆍ커튼가게,대구광역시, 652 
1525,침구ㆍ커튼가게,경상북도, 667 
1526,침구ㆍ커튼가게,부산광역시, 700 
1527,침구ㆍ커튼가게,울산광역시, 235 
1528,침구ㆍ커튼가게,경상남도, 686 
1529,침구ㆍ커튼가게,제주특별자치도, 221 
1530,커피음료점,합계," 59,730 "
1531,커피음료점,서울특별시," 11,945 "
1532,커피음료점,인천광역시," 2,912 "
1533,커피음료점,경기도," 12,614 "
1534,커피음료점,강원도," 2,104 "
1535,커피음료점,대전광역시," 2,178 "
1536,커피음료점,충청북도," 2,000 "
1537,커피음료점,충청남도," 2,646 "
1538,커피음료점,세종특별자치시, 399 
1539,커피음료점,광주광역시," 1,548 "
1540,커피음료점,전라북도," 2,449 "
1541,커피음료점,전라남도," 2,116 "
1542,커피음료점,대구광역시," 2,811 "
1543,커피음료점,경상북도," 4,195 "
1544,커피음료점,부산광역시," 3,377 "
1545,커피음료점,울산광역시," 1,403 "
1546,커피음료점,경상남도," 3,839 "
1547,커피음료점,제주특별자치도," 1,194 "
1548,컴퓨터판매점,합계," 4,960 "
1549,컴퓨터판매점,서울특별시," 1,005 "
1550,컴퓨터판매점,인천광역시, 211 
1551,컴퓨터판매점,경기도," 1,082 "
1552,컴퓨터판매점,강원도, 184 
1553,컴퓨터판매점,대전광역시, 180 
1554,컴퓨터판매점,충청북도, 187 
1555,컴퓨터판매점,충청남도, 212 
1556,컴퓨터판매점,세종특별자치시, 34 
1557,컴퓨터판매점,광주광역시, 184 
1558,컴퓨터판매점,전라북도, 213 
1559,컴퓨터판매점,전라남도, 180 
1560,컴퓨터판매점,대구광역시, 232 
1561,컴퓨터판매점,경상북도, 316 
1562,컴퓨터판매점,부산광역시, 238 
1563,컴퓨터판매점,울산광역시, 92 
1564,컴퓨터판매점,경상남도, 318 
1565,컴퓨터판매점,제주특별자치도, 92 
1566,통신판매업,합계," 256,045 "
1567,통신판매업,서울특별시," 76,205 "
1568,통신판매업,인천광역시," 16,857 "
1569,통신판매업,경기도," 75,160 "
1570,통신판매업,강원도," 3,409 "
1571,통신판매업,대전광역시," 6,146 "
1572,통신판매업,충청북도," 4,858 "
1573,통신판매업,충청남도," 6,235 "
1574,통신판매업,세종특별자치시," 1,162 "
1575,통신판매업,광주광역시," 5,883 "
1576,통신판매업,전라북도," 4,976 "
1577,통신판매업,전라남도," 4,573 "
1578,통신판매업,대구광역시," 12,146 "
1579,통신판매업,경상북도," 8,113 "
1580,통신판매업,부산광역시," 15,846 "
1581,통신판매업,울산광역시," 3,126 "
1582,통신판매업,경상남도," 9,451 "
1583,통신판매업,제주특별자치도," 1,899 "
1584,패스트푸드점,합계," 38,291 "
1585,패스트푸드점,서울특별시," 6,181 "
1586,패스트푸드점,인천광역시," 1,713 "
1587,패스트푸드점,경기도," 8,327 "
1588,패스트푸드점,강원도," 1,871 "
1589,패스트푸드점,대전광역시," 1,043 "
1590,패스트푸드점,충청북도," 1,556 "
1591,패스트푸드점,충청남도," 2,029 "
1592,패스트푸드점,세종특별자치시, 322 
1593,패스트푸드점,광주광역시," 1,083 "
1594,패스트푸드점,전라북도," 1,633 "
1595,패스트푸드점,전라남도," 1,507 "
1596,패스트푸드점,대구광역시," 1,433 "
1597,패스트푸드점,경상북도," 2,272 "
1598,패스트푸드점,부산광역시," 2,506 "
1599,패스트푸드점,울산광역시, 984 
1600,패스트푸드점,경상남도," 3,221 "
1601,패스트푸드점,제주특별자치도, 610 
1602,펜션ㆍ게스트하우스,합계," 13,264 "
1603,펜션ㆍ게스트하우스,서울특별시, 692 
1604,펜션ㆍ게스트하우스,인천광역시, 604 
1605,펜션ㆍ게스트하우스,경기도," 1,771 "
1606,펜션ㆍ게스트하우스,강원도," 2,280 "
1607,펜션ㆍ게스트하우스,대전광역시, 20 
1608,펜션ㆍ게스트하우스,충청북도, 382 
1609,펜션ㆍ게스트하우스,충청남도," 1,197 "
1610,펜션ㆍ게스트하우스,세종특별자치시, 4 
1611,펜션ㆍ게스트하우스,광주광역시, 22 
1612,펜션ㆍ게스트하우스,전라북도, 401 
1613,펜션ㆍ게스트하우스,전라남도, 707 
1614,펜션ㆍ게스트하우스,대구광역시, 38 
1615,펜션ㆍ게스트하우스,경상북도," 1,143 "
1616,펜션ㆍ게스트하우스,부산광역시, 160 
1617,펜션ㆍ게스트하우스,울산광역시, 122 
1618,펜션ㆍ게스트하우스,경상남도," 1,325 "
1619,펜션ㆍ게스트하우스,제주특별자치도," 2,396 "
1620,편의점,합계," 41,443 "
1621,편의점,서울특별시," 7,999 "
1622,편의점,인천광역시," 2,208 "
1623,편의점,경기도," 10,250 "
1624,편의점,강원도," 1,685 "
1625,편의점,대전광역시," 1,131 "
1626,편의점,충청북도," 1,481 "
1627,편의점,충청남도," 2,203 "
1628,편의점,세종특별자치시, 256 
1629,편의점,광주광역시," 1,033 "
1630,편의점,전라북도," 1,219 "
1631,편의점,전라남도," 1,141 "
1632,편의점,대구광역시," 1,553 "
1633,편의점,경상북도," 1,928 "
1634,편의점,부산광역시," 2,445 "
1635,편의점,울산광역시, 909 
1636,편의점,경상남도," 2,874 "
1637,편의점,제주특별자치도," 1,128 "
1638,피부관리업,합계," 36,845 "
1639,피부관리업,서울특별시," 7,203 "
1640,피부관리업,인천광역시," 2,118 "
1641,피부관리업,경기도," 8,578 "
1642,피부관리업,강원도," 1,054 "
1643,피부관리업,대전광역시," 1,189 "
1644,피부관리업,충청북도," 1,103 "
1645,피부관리업,충청남도," 1,306 "
1646,피부관리업,세종특별자치시, 167 
1647,피부관리업,광주광역시," 1,567 "
1648,피부관리업,전라북도," 1,175 "
1649,피부관리업,전라남도," 1,356 "
1650,피부관리업,대구광역시," 1,573 "
1651,피부관리업,경상북도," 1,550 "
1652,피부관리업,부산광역시," 2,680 "
1653,피부관리업,울산광역시, 812 
1654,피부관리업,경상남도," 2,704 "
1655,피부관리업,제주특별자치도, 710 
1656,피부ㆍ비뇨기과 의원,합계," 3,896 "
1657,피부ㆍ비뇨기과 의원,서울특별시," 1,335 "
1658,피부ㆍ비뇨기과 의원,인천광역시, 170 
1659,피부ㆍ비뇨기과 의원,경기도, 821 
1660,피부ㆍ비뇨기과 의원,강원도, 58 
1661,피부ㆍ비뇨기과 의원,대전광역시, 111 
1662,피부ㆍ비뇨기과 의원,충청북도, 77 
1663,피부ㆍ비뇨기과 의원,충청남도, 98 
1664,피부ㆍ비뇨기과 의원,세종특별자치시, 15 
1665,피부ㆍ비뇨기과 의원,광주광역시, 125 
1666,피부ㆍ비뇨기과 의원,전라북도, 89 
1667,피부ㆍ비뇨기과 의원,전라남도, 75 
1668,피부ㆍ비뇨기과 의원,대구광역시, 202 
1669,피부ㆍ비뇨기과 의원,경상북도, 103 
1670,피부ㆍ비뇨기과 의원,부산광역시, 328 
1671,피부ㆍ비뇨기과 의원,울산광역시, 77 
1672,피부ㆍ비뇨기과 의원,경상남도, 170 
1673,피부ㆍ비뇨기과 의원,제주특별자치도, 42 
1674,한방병원ㆍ한의원,합계," 14,835 "
1675,한방병원ㆍ한의원,서울특별시," 3,706 "
1676,한방병원ㆍ한의원,인천광역시, 693 
1677,한방병원ㆍ한의원,경기도," 3,218 "
1678,한방병원ㆍ한의원,강원도, 364 
1679,한방병원ㆍ한의원,대전광역시, 522 
1680,한방병원ㆍ한의원,충청북도, 403 
1681,한방병원ㆍ한의원,충청남도, 526 
1682,한방병원ㆍ한의원,세종특별자치시, 75 
1683,한방병원ㆍ한의원,광주광역시, 411 
1684,한방병원ㆍ한의원,전라북도, 542 
1685,한방병원ㆍ한의원,전라남도, 399 
1686,한방병원ㆍ한의원,대구광역시, 885 
1687,한방병원ㆍ한의원,경상북도, 649 
1688,한방병원ㆍ한의원,부산광역시," 1,145 "
1689,한방병원ㆍ한의원,울산광역시, 284 
1690,한방병원ㆍ한의원,경상남도, 816 
1691,한방병원ㆍ한의원,제주특별자치도, 197 
1692,한식전문점,합계," 384,852 "
1693,한식전문점,서울특별시," 53,268 "
1694,한식전문점,인천광역시," 17,636 "
1695,한식전문점,경기도," 79,590 "
1696,한식전문점,강원도," 19,535 "
1697,한식전문점,대전광역시," 11,606 "
1698,한식전문점,충청북도," 15,283 "
1699,한식전문점,충청남도," 19,457 "
1700,한식전문점,세종특별자치시," 2,029 "
1701,한식전문점,광주광역시," 9,780 "
1702,한식전문점,전라북도," 14,163 "
1703,한식전문점,전라남도," 17,570 "
1704,한식전문점,대구광역시," 19,577 "
1705,한식전문점,경상북도," 29,230 "
1706,한식전문점,부산광역시," 24,245 "
1707,한식전문점,울산광역시," 10,889 "
1708,한식전문점,경상남도," 32,309 "
1709,한식전문점,제주특별자치도," 8,685 "
1710,헬스클럽,합계," 7,600 "
1711,헬스클럽,서울특별시," 1,825 "
1712,헬스클럽,인천광역시, 409 
1713,헬스클럽,경기도," 1,833 "
1714,헬스클럽,강원도, 215 
1715,헬스클럽,대전광역시, 245 
1716,헬스클럽,충청북도, 267 
1717,헬스클럽,충청남도, 270 
1718,헬스클럽,세종특별자치시, 35 
1719,헬스클럽,광주광역시, 226 
1720,헬스클럽,전라북도, 227 
1721,헬스클럽,전라남도, 169 
1722,헬스클럽,대구광역시, 369 
1723,헬스클럽,경상북도, 352 
1724,헬스클럽,부산광역시, 515 
1725,헬스클럽,울산광역시, 127 
1726,헬스클럽,경상남도, 411 
1727,헬스클럽,제주특별자치도, 105 
1728,호프전문점,합계," 33,735 "
1729,호프전문점,서울특별시," 7,095 "
1730,호프전문점,인천광역시," 1,776 "
1731,호프전문점,경기도," 6,999 "
1732,호프전문점,강원도," 1,404 "
1733,호프전문점,대전광역시, 990 
1734,호프전문점,충청북도," 1,784 "
1735,호프전문점,충청남도," 1,621 "
1736,호프전문점,세종특별자치시, 155 
1737,호프전문점,광주광역시," 2,328 "
1738,호프전문점,전라북도," 1,365 "
1739,호프전문점,전라남도," 2,348 "
1740,호프전문점,대구광역시, 575 
1741,호프전문점,경상북도," 1,036 "
1742,호프전문점,부산광역시," 1,832 "
1743,호프전문점,울산광역시, 357 
1744,호프전문점,경상남도," 1,448 "
1745,호프전문점,제주특별자치도, 622 
1746,화장품가게,합계," 35,121 "
1747,화장품가게,서울특별시," 6,748 "
1748,화장품가게,인천광역시," 1,440 "
1749,화장품가게,경기도," 7,860 "
1750,화장품가게,강원도," 1,121 "
1751,화장품가게,대전광역시," 1,244 "
1752,화장품가게,충청북도," 1,046 "
1753,화장품가게,충청남도," 1,309 "
1754,화장품가게,세종특별자치시, 151 
1755,화장품가게,광주광역시," 1,150 "
1756,화장품가게,전라북도," 1,435 "
1757,화장품가게,전라남도," 1,068 "
1758,화장품가게,대구광역시," 2,146 "
1759,화장품가게,경상북도," 1,855 "
1760,화장품가게,부산광역시," 2,459 "
1761,화장품가게,울산광역시, 978 
1762,화장품가게,경상남도," 2,423 "
1763,화장품가게,제주특별자치도, 688 
1764,휴대폰가게,합계," 18,006 "
1765,휴대폰가게,서울특별시," 3,057 "
1766,휴대폰가게,인천광역시, 920 
1767,휴대폰가게,경기도," 3,990 "
1768,휴대폰가게,강원도, 602 
1769,휴대폰가게,대전광역시, 646 
1770,휴대폰가게,충청북도, 541 
1771,휴대폰가게,충청남도, 851 
1772,휴대폰가게,세종특별자치시, 71 
1773,휴대폰가게,광주광역시, 567 
1774,휴대폰가게,전라북도, 711 
1775,휴대폰가게,전라남도, 594 
1776,휴대폰가게,대구광역시," 1,009 "
1777,휴대폰가게,경상북도," 1,056 "
1778,휴대폰가게,부산광역시," 1,360 "
1779,휴대폰가게,울산광역시, 494 
1780,휴대폰가게,경상남도," 1,304 "
1781,휴대폰가게,제주특별자치도, 233 
1782,LPG 충전소,합계," 1,606 "
1783,LPG 충전소,서울특별시, 75 
1784,LPG 충전소,인천광역시, 69 
1785,LPG 충전소,경기도, 371 
1786,LPG 충전소,강원도, 95 
1787,LPG 충전소,대전광역시, 37 
1788,LPG 충전소,충청북도, 74 
1789,LPG 충전소,충청남도, 127 
1790,LPG 충전소,세종특별자치시, 4 
1791,LPG 충전소,광주광역시, 38 
1792,LPG 충전소,전라북도, 112 
1793,LPG 충전소,전라남도, 121 
1794,LPG 충전소,대구광역시, 45 
1795,LPG 충전소,경상북도, 162 
1796,LPG 충전소,부산광역시, 57 
1797,LPG 충전소,울산광역시, 30 
1798,LPG 충전소,경상남도, 153 
1799,LPG 충전소,제주특별자치도, 36 
1800,PC방,합계," 10,258 "
1801,PC방,서울특별시," 1,661 "
1802,PC방,인천광역시, 523 
1803,PC방,경기도," 2,373 "
1804,PC방,강원도, 434 
1805,PC방,대전광역시, 335 
1806,PC방,충청북도, 340 
1807,PC방,충청남도, 446 
1808,PC방,세종특별자치시, 43 
1809,PC방,광주광역시, 406 
1810,PC방,전라북도, 422 
1811,PC방,전라남도, 371 
1812,PC방,대구광역시, 566 
1813,PC방,경상북도, 568 
1814,PC방,부산광역시, 641 
1815,PC방,울산광역시, 277 
1816,PC방,경상남도, 677 
1817,PC방,제주특별자치도, 175 
