,corp,city,2
0,업종전체,합계,"2,313,927"
1,업종전체,서울특별시,"462,391"
2,업종전체,인천광역시,"116,997"
3,업종전체,경기도,"526,958"
4,업종전체,강원도,"83,108"
5,업종전체,대전광역시,"68,374"
6,업종전체,충청북도,"74,902"
7,업종전체,충청남도,"98,283"
8,업종전체,세종특별자치시,"11,629"
9,업종전체,광주광역시,"68,565"
10,업종전체,전라북도,"82,771"
11,업종전체,전라남도,"83,117"
12,업종전체,대구광역시,"111,711"
13,업종전체,경상북도,"126,027"
14,업종전체,부산광역시,"153,500"
15,업종전체,울산광역시,"50,338"
16,업종전체,경상남도,"153,364"
17,업종전체,제주특별자치도,"41,892"
18,가구점,합계,"7,484"
19,가구점,서울특별시,"1,017"
20,가구점,인천광역시,290
21,가구점,경기도,"1,898"
22,가구점,강원도,303
23,가구점,대전광역시,215
24,가구점,충청북도,290
25,가구점,충청남도,302
26,가구점,세종특별자치시,20
27,가구점,광주광역시,213
28,가구점,전라북도,391
29,가구점,전라남도,268
30,가구점,대구광역시,371
31,가구점,경상북도,464
32,가구점,부산광역시,512
33,가구점,울산광역시,180
34,가구점,경상남도,566
35,가구점,제주특별자치도,184
36,가전제품수리점,합계,"14,132"
37,가전제품수리점,서울특별시,"2,284"
38,가전제품수리점,인천광역시,"1,014"
39,가전제품수리점,경기도,"3,966"
40,가전제품수리점,강원도,482
41,가전제품수리점,대전광역시,498
42,가전제품수리점,충청북도,437
43,가전제품수리점,충청남도,598
44,가전제품수리점,세종특별자치시,51
45,가전제품수리점,광주광역시,424
46,가전제품수리점,전라북도,501
47,가전제품수리점,전라남도,479
48,가전제품수리점,대구광역시,688
49,가전제품수리점,경상북도,506
50,가전제품수리점,부산광역시,889
51,가전제품수리점,울산광역시,295
52,가전제품수리점,경상남도,840
53,가전제품수리점,제주특별자치도,180
54,가전제품판매점,합계,"9,928"
55,가전제품판매점,서울특별시,"1,533"
56,가전제품판매점,인천광역시,360
57,가전제품판매점,경기도,"1,845"
58,가전제품판매점,강원도,445
59,가전제품판매점,대전광역시,297
60,가전제품판매점,충청북도,427
61,가전제품판매점,충청남도,516
62,가전제품판매점,세종특별자치시,38
63,가전제품판매점,광주광역시,342
64,가전제품판매점,전라북도,529
65,가전제품판매점,전라남도,579
66,가전제품판매점,대구광역시,526
67,가전제품판매점,경상북도,694
68,가전제품판매점,부산광역시,626
69,가전제품판매점,울산광역시,195
70,가전제품판매점,경상남도,735
71,가전제품판매점,제주특별자치도,241
72,간이주점,합계,"15,382"
73,간이주점,서울특별시,"5,048"
74,간이주점,인천광역시,"1,601"
75,간이주점,경기도,"2,964"
76,간이주점,강원도,433
77,간이주점,대전광역시,73
78,간이주점,충청북도,473
79,간이주점,충청남도,722
80,간이주점,세종특별자치시,19
81,간이주점,광주광역시,185
82,간이주점,전라북도,352
83,간이주점,전라남도,258
84,간이주점,대구광역시,304
85,간이주점,경상북도,402
86,간이주점,부산광역시,"1,010"
87,간이주점,울산광역시,111
88,간이주점,경상남도,"1,259"
89,간이주점,제주특별자치도,168
90,간판광고물업,합계,"12,925"
91,간판광고물업,서울특별시,"2,699"
92,간판광고물업,인천광역시,541
93,간판광고물업,경기도,"3,124"
94,간판광고물업,강원도,507
95,간판광고물업,대전광역시,397
96,간판광고물업,충청북도,379
97,간판광고물업,충청남도,451
98,간판광고물업,세종특별자치시,29
99,간판광고물업,광주광역시,439
100,간판광고물업,전라북도,498
101,간판광고물업,전라남도,468
102,간판광고물업,대구광역시,781
103,간판광고물업,경상북도,639
104,간판광고물업,부산광역시,837
105,간판광고물업,울산광역시,255
106,간판광고물업,경상남도,691
107,간판광고물업,제주특별자치도,190
108,감정평가사,합계,"1,116"
109,감정평가사,서울특별시,240
110,감정평가사,인천광역시,74
111,감정평가사,경기도,358
112,감정평가사,강원도,30
113,감정평가사,대전광역시,28
114,감정평가사,충청북도,28
115,감정평가사,충청남도,36
116,감정평가사,세종특별자치시,12
117,감정평가사,광주광역시,32
118,감정평가사,전라북도,41
119,감정평가사,전라남도,18
120,감정평가사,대구광역시,54
121,감정평가사,경상북도,19
122,감정평가사,부산광역시,56
123,감정평가사,울산광역시,20
124,감정평가사,경상남도,56
125,감정평가사,제주특별자치도,14
126,건강보조식품가게,합계,"13,109"
127,건강보조식품가게,서울특별시,"2,084"
128,건강보조식품가게,인천광역시,632
129,건강보조식품가게,경기도,"2,536"
130,건강보조식품가게,강원도,494
131,건강보조식품가게,대전광역시,442
132,건강보조식품가게,충청북도,438
133,건강보조식품가게,충청남도,"1,208"
134,건강보조식품가게,세종특별자치시,37
135,건강보조식품가게,광주광역시,397
136,건강보조식품가게,전라북도,703
137,건강보조식품가게,전라남도,502
138,건강보조식품가게,대구광역시,591
139,건강보조식품가게,경상북도,882
140,건강보조식품가게,부산광역시,803
141,건강보조식품가게,울산광역시,212
142,건강보조식품가게,경상남도,990
143,건강보조식품가게,제주특별자치도,158
144,건어물가게,합계,"7,147"
145,건어물가게,서울특별시,754
146,건어물가게,인천광역시,367
147,건어물가게,경기도,794
148,건어물가게,강원도,671
149,건어물가게,대전광역시,114
150,건어물가게,충청북도,111
151,건어물가게,충청남도,633
152,건어물가게,세종특별자치시,14
153,건어물가게,광주광역시,164
154,건어물가게,전라북도,355
155,건어물가게,전라남도,896
156,건어물가게,대구광역시,162
157,건어물가게,경상북도,655
158,건어물가게,부산광역시,504
159,건어물가게,울산광역시,126
160,건어물가게,경상남도,717
161,건어물가게,제주특별자치도,110
162,건축사,합계,"9,684"
163,건축사,서울특별시,"2,457"
164,건축사,인천광역시,347
165,건축사,경기도,"2,013"
166,건축사,강원도,319
167,건축사,대전광역시,208
168,건축사,충청북도,278
169,건축사,충청남도,335
170,건축사,세종특별자치시,56
171,건축사,광주광역시,229
172,건축사,전라북도,348
173,건축사,전라남도,263
174,건축사,대구광역시,674
175,건축사,경상북도,468
176,건축사,부산광역시,679
177,건축사,울산광역시,212
178,건축사,경상남도,507
179,건축사,제주특별자치도,291
180,결혼상담소,합계,"1,582"
181,결혼상담소,서울특별시,428
182,결혼상담소,인천광역시,68
183,결혼상담소,경기도,236
184,결혼상담소,강원도,29
185,결혼상담소,대전광역시,61
186,결혼상담소,충청북도,53
187,결혼상담소,충청남도,75
188,결혼상담소,세종특별자치시,5
189,결혼상담소,광주광역시,75
190,결혼상담소,전라북도,77
191,결혼상담소,전라남도,47
192,결혼상담소,대구광역시,109
193,결혼상담소,경상북도,63
194,결혼상담소,부산광역시,121
195,결혼상담소,울산광역시,19
196,결혼상담소,경상남도,95
197,결혼상담소,제주특별자치도,21
198,곡물가게,합계,"5,014"
199,곡물가게,서울특별시,663
200,곡물가게,인천광역시,200
201,곡물가게,경기도,883
202,곡물가게,강원도,329
203,곡물가게,대전광역시,150
204,곡물가게,충청북도,241
205,곡물가게,충청남도,376
206,곡물가게,세종특별자치시,27
207,곡물가게,광주광역시,107
208,곡물가게,전라북도,361
209,곡물가게,전라남도,383
210,곡물가게,대구광역시,193
211,곡물가게,경상북도,370
212,곡물가게,부산광역시,339
213,곡물가게,울산광역시,42
214,곡물가게,경상남도,279
215,곡물가게,제주특별자치도,71
216,공인노무사,합계,843
217,공인노무사,서울특별시,377
218,공인노무사,인천광역시,38
219,공인노무사,경기도,136
220,공인노무사,강원도,14
221,공인노무사,대전광역시,19
222,공인노무사,충청북도,18
223,공인노무사,충청남도,17
224,공인노무사,세종특별자치시,5
225,공인노무사,광주광역시,23
226,공인노무사,전라북도,21
227,공인노무사,전라남도,9
228,공인노무사,대구광역시,31
229,공인노무사,경상북도,15
230,공인노무사,부산광역시,52
231,공인노무사,울산광역시,24
232,공인노무사,경상남도,38
233,공인노무사,제주특별자치도,6
234,공인회계사,합계,"1,826"
235,공인회계사,서울특별시,853
236,공인회계사,인천광역시,64
237,공인회계사,경기도,309
238,공인회계사,강원도,12
239,공인회계사,대전광역시,35
240,공인회계사,충청북도,32
241,공인회계사,충청남도,45
242,공인회계사,세종특별자치시,9
243,공인회계사,광주광역시,35
244,공인회계사,전라북도,34
245,공인회계사,전라남도,23
246,공인회계사,대구광역시,89
247,공인회계사,경상북도,28
248,공인회계사,부산광역시,130
249,공인회계사,울산광역시,27
250,공인회계사,경상남도,74
251,공인회계사,제주특별자치도,27
252,과일가게,합계,"11,573"
253,과일가게,서울특별시,"1,231"
254,과일가게,인천광역시,407
255,과일가게,경기도,"1,738"
256,과일가게,강원도,293
257,과일가게,대전광역시,311
258,과일가게,충청북도,645
259,과일가게,충청남도,661
260,과일가게,세종특별자치시,87
261,과일가게,광주광역시,286
262,과일가게,전라북도,577
263,과일가게,전라남도,664
264,과일가게,대구광역시,367
265,과일가게,경상북도,"1,331"
266,과일가게,부산광역시,597
267,과일가게,울산광역시,156
268,과일가게,경상남도,"1,192"
269,과일가게,제주특별자치도,"1,030"
270,교습소ㆍ공부방,합계,"31,144"
271,교습소ㆍ공부방,서울특별시,"6,703"
272,교습소ㆍ공부방,인천광역시,"1,613"
273,교습소ㆍ공부방,경기도,"7,434"
274,교습소ㆍ공부방,강원도,877
275,교습소ㆍ공부방,대전광역시,"1,256"
276,교습소ㆍ공부방,충청북도,726
277,교습소ㆍ공부방,충청남도,"1,062"
278,교습소ㆍ공부방,세종특별자치시,197
279,교습소ㆍ공부방,광주광역시,683
280,교습소ㆍ공부방,전라북도,680
281,교습소ㆍ공부방,전라남도,616
282,교습소ㆍ공부방,대구광역시,"2,400"
283,교습소ㆍ공부방,경상북도,"1,616"
284,교습소ㆍ공부방,부산광역시,"2,281"
285,교습소ㆍ공부방,울산광역시,637
286,교습소ㆍ공부방,경상남도,"1,871"
287,교습소ㆍ공부방,제주특별자치도,492
288,교습학원,합계,"55,826"
289,교습학원,서울특별시,"10,382"
290,교습학원,인천광역시,"2,467"
291,교습학원,경기도,"14,647"
292,교습학원,강원도,"1,464"
293,교습학원,대전광역시,"1,309"
294,교습학원,충청북도,"1,474"
295,교습학원,충청남도,"1,830"
296,교습학원,세종특별자치시,382
297,교습학원,광주광역시,"2,420"
298,교습학원,전라북도,"2,437"
299,교습학원,전라남도,"1,812"
300,교습학원,대구광역시,"2,627"
301,교습학원,경상북도,"2,637"
302,교습학원,부산광역시,"3,517"
303,교습학원,울산광역시,"1,705"
304,교습학원,경상남도,"4,023"
305,교습학원,제주특별자치도,693
306,구내식당,합계,"23,096"
307,구내식당,서울특별시,"4,315"
308,구내식당,인천광역시,"1,448"
309,구내식당,경기도,"5,620"
310,구내식당,강원도,639
311,구내식당,대전광역시,718
312,구내식당,충청북도,792
313,구내식당,충청남도,"1,080"
314,구내식당,세종특별자치시,85
315,구내식당,광주광역시,413
316,구내식당,전라북도,841
317,구내식당,전라남도,699
318,구내식당,대구광역시,948
319,구내식당,경상북도,"1,395"
320,구내식당,부산광역시,"1,535"
321,구내식당,울산광역시,459
322,구내식당,경상남도,"1,941"
323,구내식당,제주특별자치도,168
324,기술및직업훈련학원,합계,"12,531"
325,기술및직업훈련학원,서울특별시,"2,852"
326,기술및직업훈련학원,인천광역시,486
327,기술및직업훈련학원,경기도,"2,791"
328,기술및직업훈련학원,강원도,364
329,기술및직업훈련학원,대전광역시,434
330,기술및직업훈련학원,충청북도,339
331,기술및직업훈련학원,충청남도,465
332,기술및직업훈련학원,세종특별자치시,92
333,기술및직업훈련학원,광주광역시,467
334,기술및직업훈련학원,전라북도,456
335,기술및직업훈련학원,전라남도,401
336,기술및직업훈련학원,대구광역시,717
337,기술및직업훈련학원,경상북도,519
338,기술및직업훈련학원,부산광역시,888
339,기술및직업훈련학원,울산광역시,303
340,기술및직업훈련학원,경상남도,756
341,기술및직업훈련학원,제주특별자치도,201
342,기술사,합계,"1,015"
343,기술사,서울특별시,283
344,기술사,인천광역시,28
345,기술사,경기도,222
346,기술사,강원도,33
347,기술사,대전광역시,26
348,기술사,충청북도,36
349,기술사,충청남도,28
350,기술사,세종특별자치시,3
351,기술사,광주광역시,36
352,기술사,전라북도,34
353,기술사,전라남도,35
354,기술사,대구광역시,32
355,기술사,경상북도,38
356,기술사,부산광역시,62
357,기술사,울산광역시,18
358,기술사,경상남도,84
359,기술사,제주특별자치도,17
360,기타 일반의원,합계,"3,198"
361,기타 일반의원,서울특별시,872
362,기타 일반의원,인천광역시,143
363,기타 일반의원,경기도,628
364,기타 일반의원,강원도,63
365,기타 일반의원,대전광역시,140
366,기타 일반의원,충청북도,94
367,기타 일반의원,충청남도,101
368,기타 일반의원,세종특별자치시,19
369,기타 일반의원,광주광역시,125
370,기타 일반의원,전라북도,171
371,기타 일반의원,전라남도,106
372,기타 일반의원,대구광역시,154
373,기타 일반의원,경상북도,107
374,기타 일반의원,부산광역시,224
375,기타 일반의원,울산광역시,50
376,기타 일반의원,경상남도,145
377,기타 일반의원,제주특별자치도,56
378,기타외국식전문점,합계,"22,963"
379,기타외국식전문점,서울특별시,"7,037"
380,기타외국식전문점,인천광역시,758
381,기타외국식전문점,경기도,"4,606"
382,기타외국식전문점,강원도,756
383,기타외국식전문점,대전광역시,586
384,기타외국식전문점,충청북도,467
385,기타외국식전문점,충청남도,687
386,기타외국식전문점,세종특별자치시,158
387,기타외국식전문점,광주광역시,370
388,기타외국식전문점,전라북도,728
389,기타외국식전문점,전라남도,404
390,기타외국식전문점,대구광역시,"1,209"
391,기타외국식전문점,경상북도,697
392,기타외국식전문점,부산광역시,"1,827"
393,기타외국식전문점,울산광역시,724
394,기타외국식전문점,경상남도,"1,194"
395,기타외국식전문점,제주특별자치도,755
396,기타음식점,합계,"24,289"
397,기타음식점,서울특별시,"4,787"
398,기타음식점,인천광역시,"1,035"
399,기타음식점,경기도,"5,604"
400,기타음식점,강원도,"1,021"
401,기타음식점,대전광역시,589
402,기타음식점,충청북도,709
403,기타음식점,충청남도,"1,037"
404,기타음식점,세종특별자치시,99
405,기타음식점,광주광역시,"1,040"
406,기타음식점,전라북도,691
407,기타음식점,전라남도,857
408,기타음식점,대구광역시,"1,298"
409,기타음식점,경상북도,"1,158"
410,기타음식점,부산광역시,"1,645"
411,기타음식점,울산광역시,500
412,기타음식점,경상남도,"1,824"
413,기타음식점,제주특별자치도,395
414,꽃가게,합계,"21,346"
415,꽃가게,서울특별시,"4,213"
416,꽃가게,인천광역시,901
417,꽃가게,경기도,"4,868"
418,꽃가게,강원도,621
419,꽃가게,대전광역시,667
420,꽃가게,충청북도,761
421,꽃가게,충청남도,935
422,꽃가게,세종특별자치시,90
423,꽃가게,광주광역시,730
424,꽃가게,전라북도,887
425,꽃가게,전라남도,899
426,꽃가게,대구광역시,"1,052"
427,꽃가게,경상북도,"1,204"
428,꽃가게,부산광역시,"1,226"
429,꽃가게,울산광역시,478
430,꽃가게,경상남도,"1,516"
431,꽃가게,제주특별자치도,298
432,내과ㆍ소아과 의원,합계,"11,321"
433,내과ㆍ소아과 의원,서울특별시,"2,458"
434,내과ㆍ소아과 의원,인천광역시,589
435,내과ㆍ소아과 의원,경기도,"2,564"
436,내과ㆍ소아과 의원,강원도,326
437,내과ㆍ소아과 의원,대전광역시,381
438,내과ㆍ소아과 의원,충청북도,313
439,내과ㆍ소아과 의원,충청남도,440
440,내과ㆍ소아과 의원,세종특별자치시,63
441,내과ㆍ소아과 의원,광주광역시,331
442,내과ㆍ소아과 의원,전라북도,433
443,내과ㆍ소아과 의원,전라남도,451
444,내과ㆍ소아과 의원,대구광역시,567
445,내과ㆍ소아과 의원,경상북도,530
446,내과ㆍ소아과 의원,부산광역시,815
447,내과ㆍ소아과 의원,울산광역시,230
448,내과ㆍ소아과 의원,경상남도,677
449,내과ㆍ소아과 의원,제주특별자치도,153
450,노래방,합계,"31,048"
451,노래방,서울특별시,"5,900"
452,노래방,인천광역시,"2,357"
453,노래방,경기도,"7,361"
454,노래방,강원도,865
455,노래방,대전광역시,"1,336"
456,노래방,충청북도,"1,146"
457,노래방,충청남도,"1,232"
458,노래방,세종특별자치시,147
459,노래방,광주광역시,"1,105"
460,노래방,전라북도,848
461,노래방,전라남도,758
462,노래방,대구광역시,"1,774"
463,노래방,경상북도,"1,645"
464,노래방,부산광역시,"1,834"
465,노래방,울산광역시,775
466,노래방,경상남도,"1,675"
467,노래방,제주특별자치도,290
468,담배가게,합계,"13,197"
469,담배가게,서울특별시,"2,352"
470,담배가게,인천광역시,366
471,담배가게,경기도,"1,628"
472,담배가게,강원도,606
473,담배가게,대전광역시,308
474,담배가게,충청북도,553
475,담배가게,충청남도,611
476,담배가게,세종특별자치시,40
477,담배가게,광주광역시,322
478,담배가게,전라북도,649
479,담배가게,전라남도,"1,028"
480,담배가게,대구광역시,551
481,담배가게,경상북도,"1,391"
482,담배가게,부산광역시,"1,232"
483,담배가게,울산광역시,244
484,담배가게,경상남도,"1,140"
485,담배가게,제주특별자치도,176
486,당구장,합계,"18,503"
487,당구장,서울특별시,"3,303"
488,당구장,인천광역시,"1,174"
489,당구장,경기도,"4,701"
490,당구장,강원도,806
491,당구장,대전광역시,530
492,당구장,충청북도,699
493,당구장,충청남도,845
494,당구장,세종특별자치시,93
495,당구장,광주광역시,479
496,당구장,전라북도,607
497,당구장,전라남도,708
498,당구장,대구광역시,660
499,당구장,경상북도,930
500,당구장,부산광역시,"1,008"
501,당구장,울산광역시,515
502,당구장,경상남도,"1,133"
503,당구장,제주특별자치도,312
504,독서실,합계,"9,885"
505,독서실,서울특별시,"3,566"
506,독서실,인천광역시,444
507,독서실,경기도,"2,448"
508,독서실,강원도,152
509,독서실,대전광역시,236
510,독서실,충청북도,189
511,독서실,충청남도,232
512,독서실,세종특별자치시,26
513,독서실,광주광역시,370
514,독서실,전라북도,269
515,독서실,전라남도,161
516,독서실,대구광역시,401
517,독서실,경상북도,230
518,독서실,부산광역시,443
519,독서실,울산광역시,237
520,독서실,경상남도,397
521,독서실,제주특별자치도,84
522,동물병원,합계,"4,025"
523,동물병원,서울특별시,820
524,동물병원,인천광역시,187
525,동물병원,경기도,"1,033"
526,동물병원,강원도,93
527,동물병원,대전광역시,102
528,동물병원,충청북도,103
529,동물병원,충청남도,180
530,동물병원,세종특별자치시,21
531,동물병원,광주광역시,101
532,동물병원,전라북도,157
533,동물병원,전라남도,153
534,동물병원,대구광역시,165
535,동물병원,경상북도,262
536,동물병원,부산광역시,236
537,동물병원,울산광역시,74
538,동물병원,경상남도,266
539,동물병원,제주특별자치도,72
540,목욕탕,합계,"5,574"
541,목욕탕,서울특별시,746
542,목욕탕,인천광역시,207
543,목욕탕,경기도,766
544,목욕탕,강원도,181
545,목욕탕,대전광역시,101
546,목욕탕,충청북도,145
547,목욕탕,충청남도,194
548,목욕탕,세종특별자치시,12
549,목욕탕,광주광역시,186
550,목욕탕,전라북도,208
551,목욕탕,전라남도,301
552,목욕탕,대구광역시,278
553,목욕탕,경상북도,420
554,목욕탕,부산광역시,759
555,목욕탕,울산광역시,179
556,목욕탕,경상남도,779
557,목욕탕,제주특별자치도,112
558,문구점,합계,"9,287"
559,문구점,서울특별시,"1,586"
560,문구점,인천광역시,477
561,문구점,경기도,"2,141"
562,문구점,강원도,389
563,문구점,대전광역시,320
564,문구점,충청북도,335
565,문구점,충청남도,435
566,문구점,세종특별자치시,74
567,문구점,광주광역시,287
568,문구점,전라북도,434
569,문구점,전라남도,431
570,문구점,대구광역시,345
571,문구점,경상북도,538
572,문구점,부산광역시,518
573,문구점,울산광역시,194
574,문구점,경상남도,636
575,문구점,제주특별자치도,147
576,미용실,합계,"99,375"
577,미용실,서울특별시,"17,793"
578,미용실,인천광역시,"5,342"
579,미용실,경기도,"22,302"
580,미용실,강원도,"3,502"
581,미용실,대전광역시,"3,244"
582,미용실,충청북도,"3,391"
583,미용실,충청남도,"4,131"
584,미용실,세종특별자치시,371
585,미용실,광주광역시,"3,146"
586,미용실,전라북도,"3,757"
587,미용실,전라남도,"3,416"
588,미용실,대구광역시,"5,264"
589,미용실,경상북도,"5,706"
590,미용실,부산광역시,"7,327"
591,미용실,울산광역시,"2,553"
592,미용실,경상남도,"6,805"
593,미용실,제주특별자치도,"1,325"
594,법무사,합계,"6,404"
595,법무사,서울특별시,"1,918"
596,법무사,인천광역시,280
597,법무사,경기도,"1,202"
598,법무사,강원도,190
599,법무사,대전광역시,157
600,법무사,충청북도,165
601,법무사,충청남도,214
602,법무사,세종특별자치시,19
603,법무사,광주광역시,223
604,법무사,전라북도,230
605,법무사,전라남도,212
606,법무사,대구광역시,296
607,법무사,경상북도,259
608,법무사,부산광역시,458
609,법무사,울산광역시,112
610,법무사,경상남도,384
611,법무사,제주특별자치도,85
612,변리사,합계,985
613,변리사,서울특별시,692
614,변리사,인천광역시,15
615,변리사,경기도,90
616,변리사,강원도,*
617,변리사,대전광역시,89
618,변리사,충청북도,4
619,변리사,충청남도,5
620,변리사,세종특별자치시,0
621,변리사,광주광역시,11
622,변리사,전라북도,6
623,변리사,전라남도,*
624,변리사,대구광역시,23
625,변리사,경상북도,3
626,변리사,부산광역시,28
627,변리사,울산광역시,4
628,변리사,경상남도,10
629,변리사,제주특별자치도,*
630,변호사,합계,"7,145"
631,변호사,서울특별시,"3,676"
632,변호사,인천광역시,243
633,변호사,경기도,941
634,변호사,강원도,114
635,변호사,대전광역시,219
636,변호사,충청북도,103
637,변호사,충청남도,133
638,변호사,세종특별자치시,18
639,변호사,광주광역시,209
640,변호사,전라북도,181
641,변호사,전라남도,91
642,변호사,대구광역시,261
643,변호사,경상북도,116
644,변호사,부산광역시,423
645,변호사,울산광역시,117
646,변호사,경상남도,222
647,변호사,제주특별자치도,78
648,부동산중개업,합계,"123,163"
649,부동산중개업,서울특별시,"30,300"
650,부동산중개업,인천광역시,"6,649"
651,부동산중개업,경기도,"34,025"
652,부동산중개업,강원도,"2,589"
653,부동산중개업,대전광역시,"3,197"
654,부동산중개업,충청북도,"2,855"
655,부동산중개업,충청남도,"4,132"
656,부동산중개업,세종특별자치시,"1,301"
657,부동산중개업,광주광역시,"3,931"
658,부동산중개업,전라북도,"3,199"
659,부동산중개업,전라남도,"2,166"
660,부동산중개업,대구광역시,"5,585"
661,부동산중개업,경상북도,"4,189"
662,부동산중개업,부산광역시,"7,889"
663,부동산중개업,울산광역시,"2,321"
664,부동산중개업,경상남도,"6,947"
665,부동산중개업,제주특별자치도,"1,888"
666,분식점,합계,"53,914"
667,분식점,서울특별시,"11,061"
668,분식점,인천광역시,"2,556"
669,분식점,경기도,"12,659"
670,분식점,강원도,"1,580"
671,분식점,대전광역시,"2,028"
672,분식점,충청북도,"2,213"
673,분식점,충청남도,"2,311"
674,분식점,세종특별자치시,194
675,분식점,광주광역시,"1,685"
676,분식점,전라북도,"1,903"
677,분식점,전라남도,"1,417"
678,분식점,대구광역시,"2,339"
679,분식점,경상북도,"2,432"
680,분식점,부산광역시,"4,074"
681,분식점,울산광역시,737
682,분식점,경상남도,"3,935"
683,분식점,제주특별자치도,790
684,사진촬영업,합계,"13,599"
685,사진촬영업,서울특별시,"4,490"
686,사진촬영업,인천광역시,619
687,사진촬영업,경기도,"2,781"
688,사진촬영업,강원도,395
689,사진촬영업,대전광역시,387
690,사진촬영업,충청북도,305
691,사진촬영업,충청남도,377
692,사진촬영업,세종특별자치시,53
693,사진촬영업,광주광역시,394
694,사진촬영업,전라북도,423
695,사진촬영업,전라남도,323
696,사진촬영업,대구광역시,623
697,사진촬영업,경상북도,511
698,사진촬영업,부산광역시,795
699,사진촬영업,울산광역시,223
700,사진촬영업,경상남도,592
701,사진촬영업,제주특별자치도,308
702,산부인과 의원,합계,"1,664"
703,산부인과 의원,서울특별시,502
704,산부인과 의원,인천광역시,78
705,산부인과 의원,경기도,328
706,산부인과 의원,강원도,37
707,산부인과 의원,대전광역시,61
708,산부인과 의원,충청북도,48
709,산부인과 의원,충청남도,48
710,산부인과 의원,세종특별자치시,8
711,산부인과 의원,광주광역시,52
712,산부인과 의원,전라북도,57
713,산부인과 의원,전라남도,25
714,산부인과 의원,대구광역시,103
715,산부인과 의원,경상북도,67
716,산부인과 의원,부산광역시,103
717,산부인과 의원,울산광역시,41
718,산부인과 의원,경상남도,84
719,산부인과 의원,제주특별자치도,22
720,생선가게,합계,"10,954"
721,생선가게,서울특별시,"1,483"
722,생선가게,인천광역시,710
723,생선가게,경기도,"1,157"
724,생선가게,강원도,410
725,생선가게,대전광역시,152
726,생선가게,충청북도,142
727,생선가게,충청남도,723
728,생선가게,세종특별자치시,16
729,생선가게,광주광역시,313
730,생선가게,전라북도,581
731,생선가게,전라남도,"1,519"
732,생선가게,대구광역시,205
733,생선가게,경상북도,846
734,생선가게,부산광역시,"1,051"
735,생선가게,울산광역시,390
736,생선가게,경상남도,840
737,생선가게,제주특별자치도,416
738,서점,합계,"8,218"
739,서점,서울특별시,"1,620"
740,서점,인천광역시,360
741,서점,경기도,"1,877"
742,서점,강원도,234
743,서점,대전광역시,339
744,서점,충청북도,249
745,서점,충청남도,342
746,서점,세종특별자치시,58
747,서점,광주광역시,271
748,서점,전라북도,343
749,서점,전라남도,244
750,서점,대구광역시,512
751,서점,경상북도,377
752,서점,부산광역시,573
753,서점,울산광역시,186
754,서점,경상남도,496
755,서점,제주특별자치도,137
756,성형외과 의원,합계,"1,438"
757,성형외과 의원,서울특별시,694
758,성형외과 의원,인천광역시,47
759,성형외과 의원,경기도,188
760,성형외과 의원,강원도,16
761,성형외과 의원,대전광역시,43
762,성형외과 의원,충청북도,23
763,성형외과 의원,충청남도,28
764,성형외과 의원,세종특별자치시,5
765,성형외과 의원,광주광역시,47
766,성형외과 의원,전라북도,26
767,성형외과 의원,전라남도,15
768,성형외과 의원,대구광역시,75
769,성형외과 의원,경상북도,15
770,성형외과 의원,부산광역시,136
771,성형외과 의원,울산광역시,20
772,성형외과 의원,경상남도,40
773,성형외과 의원,제주특별자치도,20
774,세무사,합계,"12,113"
775,세무사,서울특별시,"4,968"
776,세무사,인천광역시,512
777,세무사,경기도,"2,651"
778,세무사,강원도,168
779,세무사,대전광역시,273
780,세무사,충청북도,166
781,세무사,충청남도,256
782,세무사,세종특별자치시,40
783,세무사,광주광역시,302
784,세무사,전라북도,265
785,세무사,전라남도,129
786,세무사,대구광역시,541
787,세무사,경상북도,230
788,세무사,부산광역시,934
789,세무사,울산광역시,162
790,세무사,경상남도,413
791,세무사,제주특별자치도,103
792,세탁소,합계,"22,808"
793,세탁소,서울특별시,"4,492"
794,세탁소,인천광역시,"1,209"
795,세탁소,경기도,"5,204"
796,세탁소,강원도,905
797,세탁소,대전광역시,871
798,세탁소,충청북도,867
799,세탁소,충청남도,"1,087"
800,세탁소,세종특별자치시,92
801,세탁소,광주광역시,833
802,세탁소,전라북도,859
803,세탁소,전라남도,782
804,세탁소,대구광역시,820
805,세탁소,경상북도,"1,223"
806,세탁소,부산광역시,"1,287"
807,세탁소,울산광역시,430
808,세탁소,경상남도,"1,255"
809,세탁소,제주특별자치도,592
810,슈퍼마켓,합계,"30,032"
811,슈퍼마켓,서울특별시,"4,057"
812,슈퍼마켓,인천광역시,"1,898"
813,슈퍼마켓,경기도,"8,022"
814,슈퍼마켓,강원도,"1,030"
815,슈퍼마켓,대전광역시,688
816,슈퍼마켓,충청북도,988
817,슈퍼마켓,충청남도,"1,220"
818,슈퍼마켓,세종특별자치시,141
819,슈퍼마켓,광주광역시,867
820,슈퍼마켓,전라북도,"1,001"
821,슈퍼마켓,전라남도,"1,225"
822,슈퍼마켓,대구광역시,"1,762"
823,슈퍼마켓,경상북도,"1,872"
824,슈퍼마켓,부산광역시,"1,948"
825,슈퍼마켓,울산광역시,909
826,슈퍼마켓,경상남도,"1,984"
827,슈퍼마켓,제주특별자치도,420
828,스포츠교육기관,합계,"23,650"
829,스포츠교육기관,서울특별시,"4,344"
830,스포츠교육기관,인천광역시,"1,281"
831,스포츠교육기관,경기도,"6,058"
832,스포츠교육기관,강원도,671
833,스포츠교육기관,대전광역시,782
834,스포츠교육기관,충청북도,708
835,스포츠교육기관,충청남도,857
836,스포츠교육기관,세종특별자치시,168
837,스포츠교육기관,광주광역시,873
838,스포츠교육기관,전라북도,800
839,스포츠교육기관,전라남도,681
840,스포츠교육기관,대구광역시,"1,197"
841,스포츠교육기관,경상북도,"1,072"
842,스포츠교육기관,부산광역시,"1,586"
843,스포츠교육기관,울산광역시,555
844,스포츠교육기관,경상남도,"1,652"
845,스포츠교육기관,제주특별자치도,365
846,스포츠시설운영업,합계,"7,147"
847,스포츠시설운영업,서울특별시,"1,986"
848,스포츠시설운영업,인천광역시,384
849,스포츠시설운영업,경기도,"1,877"
850,스포츠시설운영업,강원도,225
851,스포츠시설운영업,대전광역시,180
852,스포츠시설운영업,충청북도,167
853,스포츠시설운영업,충청남도,184
854,스포츠시설운영업,세종특별자치시,32
855,스포츠시설운영업,광주광역시,206
856,스포츠시설운영업,전라북도,251
857,스포츠시설운영업,전라남도,151
858,스포츠시설운영업,대구광역시,251
859,스포츠시설운영업,경상북도,242
860,스포츠시설운영업,부산광역시,417
861,스포츠시설운영업,울산광역시,114
862,스포츠시설운영업,경상남도,360
863,스포츠시설운영업,제주특별자치도,120
864,스포츠용품점,합계,"15,019"
865,스포츠용품점,서울특별시,"1,455"
866,스포츠용품점,인천광역시,503
867,스포츠용품점,경기도,"3,085"
868,스포츠용품점,강원도,840
869,스포츠용품점,대전광역시,390
870,스포츠용품점,충청북도,650
871,스포츠용품점,충청남도,"1,005"
872,스포츠용품점,세종특별자치시,58
873,스포츠용품점,광주광역시,432
874,스포츠용품점,전라북도,898
875,스포츠용품점,전라남도,935
876,스포츠용품점,대구광역시,695
877,스포츠용품점,경상북도,"1,248"
878,스포츠용품점,부산광역시,710
879,스포츠용품점,울산광역시,286
880,스포츠용품점,경상남도,"1,389"
881,스포츠용품점,제주특별자치도,440
882,시계ㆍ귀금속점,합계,"8,123"
883,시계ㆍ귀금속점,서울특별시,"1,898"
884,시계ㆍ귀금속점,인천광역시,343
885,시계ㆍ귀금속점,경기도,"1,271"
886,시계ㆍ귀금속점,강원도,241
887,시계ㆍ귀금속점,대전광역시,221
888,시계ㆍ귀금속점,충청북도,250
889,시계ㆍ귀금속점,충청남도,314
890,시계ㆍ귀금속점,세종특별자치시,16
891,시계ㆍ귀금속점,광주광역시,260
892,시계ㆍ귀금속점,전라북도,378
893,시계ㆍ귀금속점,전라남도,280
894,시계ㆍ귀금속점,대구광역시,543
895,시계ㆍ귀금속점,경상북도,437
896,시계ㆍ귀금속점,부산광역시,791
897,시계ㆍ귀금속점,울산광역시,221
898,시계ㆍ귀금속점,경상남도,560
899,시계ㆍ귀금속점,제주특별자치도,99
900,식료품가게,합계,"49,682"
901,식료품가게,서울특별시,"5,670"
902,식료품가게,인천광역시,"2,126"
903,식료품가게,경기도,"8,861"
904,식료품가게,강원도,"2,934"
905,식료품가게,대전광역시,"1,404"
906,식료품가게,충청북도,"2,323"
907,식료품가게,충청남도,"3,425"
908,식료품가게,세종특별자치시,225
909,식료품가게,광주광역시,"1,483"
910,식료품가게,전라북도,"3,498"
911,식료품가게,전라남도,"3,686"
912,식료품가게,대구광역시,"1,702"
913,식료품가게,경상북도,"3,582"
914,식료품가게,부산광역시,"3,184"
915,식료품가게,울산광역시,768
916,식료품가게,경상남도,"3,996"
917,식료품가게,제주특별자치도,815
918,신경정신과 의원,합계,"1,675"
919,신경정신과 의원,서울특별시,456
920,신경정신과 의원,인천광역시,68
921,신경정신과 의원,경기도,366
922,신경정신과 의원,강원도,36
923,신경정신과 의원,대전광역시,73
924,신경정신과 의원,충청북도,45
925,신경정신과 의원,충청남도,50
926,신경정신과 의원,세종특별자치시,11
927,신경정신과 의원,광주광역시,48
928,신경정신과 의원,전라북도,66
929,신경정신과 의원,전라남도,42
930,신경정신과 의원,대구광역시,105
931,신경정신과 의원,경상북도,50
932,신경정신과 의원,부산광역시,144
933,신경정신과 의원,울산광역시,25
934,신경정신과 의원,경상남도,69
935,신경정신과 의원,제주특별자치도,21
936,신발가게,합계,"6,758"
937,신발가게,서울특별시,"1,406"
938,신발가게,인천광역시,361
939,신발가게,경기도,"1,253"
940,신발가게,강원도,252
941,신발가게,대전광역시,199
942,신발가게,충청북도,242
943,신발가게,충청남도,294
944,신발가게,세종특별자치시,22
945,신발가게,광주광역시,215
946,신발가게,전라북도,312
947,신발가게,전라남도,263
948,신발가게,대구광역시,338
949,신발가게,경상북도,380
950,신발가게,부산광역시,562
951,신발가게,울산광역시,119
952,신발가게,경상남도,428
953,신발가게,제주특별자치도,112
954,실내스크린골프점,합계,"4,648"
955,실내스크린골프점,서울특별시,647
956,실내스크린골프점,인천광역시,190
957,실내스크린골프점,경기도,"1,192"
958,실내스크린골프점,강원도,145
959,실내스크린골프점,대전광역시,144
960,실내스크린골프점,충청북도,172
961,실내스크린골프점,충청남도,208
962,실내스크린골프점,세종특별자치시,26
963,실내스크린골프점,광주광역시,111
964,실내스크린골프점,전라북도,174
965,실내스크린골프점,전라남도,157
966,실내스크린골프점,대구광역시,278
967,실내스크린골프점,경상북도,270
968,실내스크린골프점,부산광역시,294
969,실내스크린골프점,울산광역시,169
970,실내스크린골프점,경상남도,394
971,실내스크린골프점,제주특별자치도,77
972,실내장식가게,합계,"53,322"
973,실내장식가게,서울특별시,"13,376"
974,실내장식가게,인천광역시,"3,044"
975,실내장식가게,경기도,"15,588"
976,실내장식가게,강원도,"1,010"
977,실내장식가게,대전광역시,"1,733"
978,실내장식가게,충청북도,"1,177"
979,실내장식가게,충청남도,"1,371"
980,실내장식가게,세종특별자치시,200
981,실내장식가게,광주광역시,"1,893"
982,실내장식가게,전라북도,227
983,실내장식가게,전라남도,"1,119"
984,실내장식가게,대구광역시,"2,415"
985,실내장식가게,경상북도,"1,681"
986,실내장식가게,부산광역시,"3,839"
987,실내장식가게,울산광역시,976
988,실내장식가게,경상남도,"2,554"
989,실내장식가게,제주특별자치도,"1,119"
990,실외골프연습장,합계,"2,316"
991,실외골프연습장,서울특별시,372
992,실외골프연습장,인천광역시,78
993,실외골프연습장,경기도,524
994,실외골프연습장,강원도,113
995,실외골프연습장,대전광역시,64
996,실외골프연습장,충청북도,104
997,실외골프연습장,충청남도,102
998,실외골프연습장,세종특별자치시,6
999,실외골프연습장,광주광역시,46
1000,실외골프연습장,전라북도,95
1001,실외골프연습장,전라남도,95
1002,실외골프연습장,대구광역시,99
1003,실외골프연습장,경상북도,199
1004,실외골프연습장,부산광역시,146
1005,실외골프연습장,울산광역시,50
1006,실외골프연습장,경상남도,169
1007,실외골프연습장,제주특별자치도,54
1008,안경점,합계,"9,144"
1009,안경점,서울특별시,"2,064"
1010,안경점,인천광역시,426
1011,안경점,경기도,"1,928"
1012,안경점,강원도,246
1013,안경점,대전광역시,316
1014,안경점,충청북도,286
1015,안경점,충청남도,336
1016,안경점,세종특별자치시,42
1017,안경점,광주광역시,348
1018,안경점,전라북도,350
1019,안경점,전라남도,304
1020,안경점,대구광역시,486
1021,안경점,경상북도,429
1022,안경점,부산광역시,648
1023,안경점,울산광역시,225
1024,안경점,경상남도,591
1025,안경점,제주특별자치도,119
1026,안과 의원,합계,"1,642"
1027,안과 의원,서울특별시,442
1028,안과 의원,인천광역시,66
1029,안과 의원,경기도,351
1030,안과 의원,강원도,41
1031,안과 의원,대전광역시,48
1032,안과 의원,충청북도,39
1033,안과 의원,충청남도,52
1034,안과 의원,세종특별자치시,5
1035,안과 의원,광주광역시,40
1036,안과 의원,전라북도,63
1037,안과 의원,전라남도,51
1038,안과 의원,대구광역시,101
1039,안과 의원,경상북도,68
1040,안과 의원,부산광역시,132
1041,안과 의원,울산광역시,33
1042,안과 의원,경상남도,91
1043,안과 의원,제주특별자치도,19
1044,애완용품점,합계,"7,788"
1045,애완용품점,서울특별시,"1,311"
1046,애완용품점,인천광역시,488
1047,애완용품점,경기도,"2,316"
1048,애완용품점,강원도,206
1049,애완용품점,대전광역시,273
1050,애완용품점,충청북도,224
1051,애완용품점,충청남도,316
1052,애완용품점,세종특별자치시,25
1053,애완용품점,광주광역시,201
1054,애완용품점,전라북도,209
1055,애완용품점,전라남도,177
1056,애완용품점,대구광역시,348
1057,애완용품점,경상북도,390
1058,애완용품점,부산광역시,580
1059,애완용품점,울산광역시,134
1060,애완용품점,경상남도,509
1061,애완용품점,제주특별자치도,81
1062,약국,합계,"22,396"
1063,약국,서울특별시,"5,048"
1064,약국,인천광역시,"1,083"
1065,약국,경기도,"4,892"
1066,약국,강원도,671
1067,약국,대전광역시,738
1068,약국,충청북도,665
1069,약국,충청남도,934
1070,약국,세종특별자치시,111
1071,약국,광주광역시,674
1072,약국,전라북도,910
1073,약국,전라남도,787
1074,약국,대구광역시,"1,271"
1075,약국,경상북도,"1,101"
1076,약국,부산광역시,"1,530"
1077,약국,울산광역시,417
1078,약국,경상남도,"1,280"
1079,약국,제주특별자치도,284
1080,여관ㆍ모텔,합계,"21,291"
1081,여관ㆍ모텔,서울특별시,"2,058"
1082,여관ㆍ모텔,인천광역시,838
1083,여관ㆍ모텔,경기도,"3,291"
1084,여관ㆍ모텔,강원도,"1,569"
1085,여관ㆍ모텔,대전광역시,659
1086,여관ㆍ모텔,충청북도,871
1087,여관ㆍ모텔,충청남도,"1,501"
1088,여관ㆍ모텔,세종특별자치시,67
1089,여관ㆍ모텔,광주광역시,526
1090,여관ㆍ모텔,전라북도,"1,035"
1091,여관ㆍ모텔,전라남도,"1,312"
1092,여관ㆍ모텔,대구광역시,744
1093,여관ㆍ모텔,경상북도,"1,981"
1094,여관ㆍ모텔,부산광역시,"1,426"
1095,여관ㆍ모텔,울산광역시,630
1096,여관ㆍ모텔,경상남도,"2,366"
1097,여관ㆍ모텔,제주특별자치도,417
1098,여행사,합계,"14,023"
1099,여행사,서울특별시,"5,605"
1100,여행사,인천광역시,402
1101,여행사,경기도,"1,704"
1102,여행사,강원도,334
1103,여행사,대전광역시,321
1104,여행사,충청북도,274
1105,여행사,충청남도,314
1106,여행사,세종특별자치시,47
1107,여행사,광주광역시,401
1108,여행사,전라북도,418
1109,여행사,전라남도,434
1110,여행사,대구광역시,531
1111,여행사,경상북도,456
1112,여행사,부산광역시,"1,083"
1113,여행사,울산광역시,188
1114,여행사,경상남도,572
1115,여행사,제주특별자치도,939
1116,예술학원,합계,"30,708"
1117,예술학원,서울특별시,"5,490"
1118,예술학원,인천광역시,"1,511"
1119,예술학원,경기도,"8,463"
1120,예술학원,강원도,877
1121,예술학원,대전광역시,897
1122,예술학원,충청북도,888
1123,예술학원,충청남도,"1,078"
1124,예술학원,세종특별자치시,249
1125,예술학원,광주광역시,"1,086"
1126,예술학원,전라북도,"1,328"
1127,예술학원,전라남도,879
1128,예술학원,대구광역시,"1,358"
1129,예술학원,경상북도,"1,390"
1130,예술학원,부산광역시,"1,789"
1131,예술학원,울산광역시,789
1132,예술학원,경상남도,"2,203"
1133,예술학원,제주특별자치도,433
1134,예식장,합계,935
1135,예식장,서울특별시,176
1136,예식장,인천광역시,30
1137,예식장,경기도,151
1138,예식장,강원도,41
1139,예식장,대전광역시,24
1140,예식장,충청북도,39
1141,예식장,충청남도,71
1142,예식장,세종특별자치시,4
1143,예식장,광주광역시,27
1144,예식장,전라북도,47
1145,예식장,전라남도,45
1146,예식장,대구광역시,39
1147,예식장,경상북도,66
1148,예식장,부산광역시,67
1149,예식장,울산광역시,14
1150,예식장,경상남도,71
1151,예식장,제주특별자치도,23
1152,옷가게,합계,"86,590"
1153,옷가게,서울특별시,"16,084"
1154,옷가게,인천광역시,"4,063"
1155,옷가게,경기도,"17,493"
1156,옷가게,강원도,"3,197"
1157,옷가게,대전광역시,"2,818"
1158,옷가게,충청북도,"2,977"
1159,옷가게,충청남도,"3,327"
1160,옷가게,세종특별자치시,330
1161,옷가게,광주광역시,"3,164"
1162,옷가게,전라북도,"3,490"
1163,옷가게,전라남도,"3,066"
1164,옷가게,대구광역시,"5,344"
1165,옷가게,경상북도,"4,706"
1166,옷가게,부산광역시,"7,161"
1167,옷가게,울산광역시,"1,857"
1168,옷가게,경상남도,"5,863"
1169,옷가게,제주특별자치도,"1,650"
1170,의료용품가게,합계,"6,935"
1171,의료용품가게,서울특별시,"1,583"
1172,의료용품가게,인천광역시,313
1173,의료용품가게,경기도,"1,476"
1174,의료용품가게,강원도,177
1175,의료용품가게,대전광역시,274
1176,의료용품가게,충청북도,176
1177,의료용품가게,충청남도,269
1178,의료용품가게,세종특별자치시,20
1179,의료용품가게,광주광역시,318
1180,의료용품가게,전라북도,324
1181,의료용품가게,전라남도,222
1182,의료용품가게,대구광역시,347
1183,의료용품가게,경상북도,257
1184,의료용품가게,부산광역시,588
1185,의료용품가게,울산광역시,106
1186,의료용품가게,경상남도,407
1187,의료용품가게,제주특별자치도,78
1188,이륜자동차판매점,합계,"2,615"
1189,이륜자동차판매점,서울특별시,466
1190,이륜자동차판매점,인천광역시,93
1191,이륜자동차판매점,경기도,439
1192,이륜자동차판매점,강원도,89
1193,이륜자동차판매점,대전광역시,58
1194,이륜자동차판매점,충청북도,85
1195,이륜자동차판매점,충청남도,144
1196,이륜자동차판매점,세종특별자치시,9
1197,이륜자동차판매점,광주광역시,64
1198,이륜자동차판매점,전라북도,127
1199,이륜자동차판매점,전라남도,149
1200,이륜자동차판매점,대구광역시,151
1201,이륜자동차판매점,경상북도,205
1202,이륜자동차판매점,부산광역시,208
1203,이륜자동차판매점,울산광역시,72
1204,이륜자동차판매점,경상남도,218
1205,이륜자동차판매점,제주특별자치도,38
1206,이발소,합계,"11,800"
1207,이발소,서울특별시,"2,160"
1208,이발소,인천광역시,410
1209,이발소,경기도,"2,079"
1210,이발소,강원도,643
1211,이발소,대전광역시,405
1212,이발소,충청북도,414
1213,이발소,충청남도,606
1214,이발소,세종특별자치시,33
1215,이발소,광주광역시,258
1216,이발소,전라북도,447
1217,이발소,전라남도,547
1218,이발소,대구광역시,589
1219,이발소,경상북도,869
1220,이발소,부산광역시,"1,034"
1221,이발소,울산광역시,367
1222,이발소,경상남도,778
1223,이발소,제주특별자치도,161
1224,이비인후과 의원,합계,"2,563"
1225,이비인후과 의원,서울특별시,678
1226,이비인후과 의원,인천광역시,137
1227,이비인후과 의원,경기도,639
1228,이비인후과 의원,강원도,49
1229,이비인후과 의원,대전광역시,83
1230,이비인후과 의원,충청북도,62
1231,이비인후과 의원,충청남도,55
1232,이비인후과 의원,세종특별자치시,14
1233,이비인후과 의원,광주광역시,76
1234,이비인후과 의원,전라북도,73
1235,이비인후과 의원,전라남도,48
1236,이비인후과 의원,대구광역시,160
1237,이비인후과 의원,경상북도,87
1238,이비인후과 의원,부산광역시,201
1239,이비인후과 의원,울산광역시,47
1240,이비인후과 의원,경상남도,127
1241,이비인후과 의원,제주특별자치도,27
1242,일반외과 의원,합계,"4,753"
1243,일반외과 의원,서울특별시,"1,053"
1244,일반외과 의원,인천광역시,260
1245,일반외과 의원,경기도,"1,105"
1246,일반외과 의원,강원도,129
1247,일반외과 의원,대전광역시,148
1248,일반외과 의원,충청북도,171
1249,일반외과 의원,충청남도,191
1250,일반외과 의원,세종특별자치시,31
1251,일반외과 의원,광주광역시,98
1252,일반외과 의원,전라북도,182
1253,일반외과 의원,전라남도,138
1254,일반외과 의원,대구광역시,300
1255,일반외과 의원,경상북도,236
1256,일반외과 의원,부산광역시,321
1257,일반외과 의원,울산광역시,77
1258,일반외과 의원,경상남도,242
1259,일반외과 의원,제주특별자치도,71
1260,일식전문점,합계,"18,021"
1261,일식전문점,서울특별시,"5,519"
1262,일식전문점,인천광역시,"1,002"
1263,일식전문점,경기도,"3,632"
1264,일식전문점,강원도,"1,020"
1265,일식전문점,대전광역시,448
1266,일식전문점,충청북도,494
1267,일식전문점,충청남도,733
1268,일식전문점,세종특별자치시,88
1269,일식전문점,광주광역시,263
1270,일식전문점,전라북도,490
1271,일식전문점,전라남도,425
1272,일식전문점,대구광역시,813
1273,일식전문점,경상북도,535
1274,일식전문점,부산광역시,"1,034"
1275,일식전문점,울산광역시,264
1276,일식전문점,경상남도,740
1277,일식전문점,제주특별자치도,521
1278,자동차수리점,합계,"43,256"
1279,자동차수리점,서울특별시,"4,840"
1280,자동차수리점,인천광역시,"2,260"
1281,자동차수리점,경기도,"10,804"
1282,자동차수리점,강원도,"1,765"
1283,자동차수리점,대전광역시,"1,398"
1284,자동차수리점,충청북도,"1,808"
1285,자동차수리점,충청남도,"2,393"
1286,자동차수리점,세종특별자치시,186
1287,자동차수리점,광주광역시,"1,503"
1288,자동차수리점,전라북도,"1,993"
1289,자동차수리점,전라남도,"1,987"
1290,자동차수리점,대구광역시,"2,207"
1291,자동차수리점,경상북도,"3,008"
1292,자동차수리점,부산광역시,"2,333"
1293,자동차수리점,울산광역시,"1,069"
1294,자동차수리점,경상남도,"3,161"
1295,자동차수리점,제주특별자치도,541
1296,자전거판매점,합계,"2,584"
1297,자전거판매점,서울특별시,416
1298,자전거판매점,인천광역시,112
1299,자전거판매점,경기도,618
1300,자전거판매점,강원도,92
1301,자전거판매점,대전광역시,98
1302,자전거판매점,충청북도,88
1303,자전거판매점,충청남도,114
1304,자전거판매점,세종특별자치시,12
1305,자전거판매점,광주광역시,64
1306,자전거판매점,전라북도,137
1307,자전거판매점,전라남도,100
1308,자전거판매점,대구광역시,159
1309,자전거판매점,경상북도,167
1310,자전거판매점,부산광역시,108
1311,자전거판매점,울산광역시,60
1312,자전거판매점,경상남도,204
1313,자전거판매점,제주특별자치도,35
1314,장난감가게,합계,"2,147"
1315,장난감가게,서울특별시,418
1316,장난감가게,인천광역시,103
1317,장난감가게,경기도,605
1318,장난감가게,강원도,61
1319,장난감가게,대전광역시,69
1320,장난감가게,충청북도,69
1321,장난감가게,충청남도,90
1322,장난감가게,세종특별자치시,23
1323,장난감가게,광주광역시,54
1324,장난감가게,전라북도,65
1325,장난감가게,전라남도,58
1326,장난감가게,대구광역시,97
1327,장난감가게,경상북도,103
1328,장난감가게,부산광역시,142
1329,장난감가게,울산광역시,37
1330,장난감가게,경상남도,115
1331,장난감가게,제주특별자치도,38
1332,정육점,합계,"19,525"
1333,정육점,서울특별시,"2,796"
1334,정육점,인천광역시,"1,045"
1335,정육점,경기도,"4,242"
1336,정육점,강원도,836
1337,정육점,대전광역시,741
1338,정육점,충청북도,772
1339,정육점,충청남도,"1,015"
1340,정육점,세종특별자치시,113
1341,정육점,광주광역시,519
1342,정육점,전라북도,"1,054"
1343,정육점,전라남도,806
1344,정육점,대구광역시,"1,267"
1345,정육점,경상북도,"1,224"
1346,정육점,부산광역시,"1,086"
1347,정육점,울산광역시,561
1348,정육점,경상남도,"1,168"
1349,정육점,제주특별자치도,280
1350,제과점,합계,"16,492"
1351,제과점,서울특별시,"3,486"
1352,제과점,인천광역시,763
1353,제과점,경기도,"3,770"
1354,제과점,강원도,538
1355,제과점,대전광역시,486
1356,제과점,충청북도,500
1357,제과점,충청남도,673
1358,제과점,세종특별자치시,109
1359,제과점,광주광역시,468
1360,제과점,전라북도,587
1361,제과점,전라남도,546
1362,제과점,대구광역시,889
1363,제과점,경상북도,870
1364,제과점,부산광역시,"1,039"
1365,제과점,울산광역시,351
1366,제과점,경상남도,"1,041"
1367,제과점,제주특별자치도,376
1368,종합병원,합계,"3,352"
1369,종합병원,서울특별시,434
1370,종합병원,인천광역시,143
1371,종합병원,경기도,655
1372,종합병원,강원도,87
1373,종합병원,대전광역시,99
1374,종합병원,충청북도,98
1375,종합병원,충청남도,137
1376,종합병원,세종특별자치시,11
1377,종합병원,광주광역시,163
1378,종합병원,전라북도,167
1379,종합병원,전라남도,190
1380,종합병원,대구광역시,185
1381,종합병원,경상북도,232
1382,종합병원,부산광역시,340
1383,종합병원,울산광역시,91
1384,종합병원,경상남도,296
1385,종합병원,제주특별자치도,24
1386,주유소,합계,"10,823"
1387,주유소,서울특별시,413
1388,주유소,인천광역시,285
1389,주유소,경기도,"2,189"
1390,주유소,강원도,637
1391,주유소,대전광역시,231
1392,주유소,충청북도,702
1393,주유소,충청남도,990
1394,주유소,세종특별자치시,67
1395,주유소,광주광역시,268
1396,주유소,전라북도,839
1397,주유소,전라남도,824
1398,주유소,대구광역시,331
1399,주유소,경상북도,"1,214"
1400,주유소,부산광역시,374
1401,주유소,울산광역시,220
1402,주유소,경상남도,"1,058"
1403,주유소,제주특별자치도,181
1404,주차장운영업,합계,"7,452"
1405,주차장운영업,서울특별시,"1,741"
1406,주차장운영업,인천광역시,285
1407,주차장운영업,경기도,"1,117"
1408,주차장운영업,강원도,144
1409,주차장운영업,대전광역시,169
1410,주차장운영업,충청북도,138
1411,주차장운영업,충청남도,125
1412,주차장운영업,세종특별자치시,21
1413,주차장운영업,광주광역시,249
1414,주차장운영업,전라북도,116
1415,주차장운영업,전라남도,90
1416,주차장운영업,대구광역시,431
1417,주차장운영업,경상북도,237
1418,주차장운영업,부산광역시,"1,698"
1419,주차장운영업,울산광역시,222
1420,주차장운영업,경상남도,627
1421,주차장운영업,제주특별자치도,42
1422,중고차판매점,합계,"4,760"
1423,중고차판매점,서울특별시,476
1424,중고차판매점,인천광역시,283
1425,중고차판매점,경기도,"1,015"
1426,중고차판매점,강원도,160
1427,중고차판매점,대전광역시,165
1428,중고차판매점,충청북도,197
1429,중고차판매점,충청남도,214
1430,중고차판매점,세종특별자치시,3
1431,중고차판매점,광주광역시,236
1432,중고차판매점,전라북도,289
1433,중고차판매점,전라남도,215
1434,중고차판매점,대구광역시,468
1435,중고차판매점,경상북도,333
1436,중고차판매점,부산광역시,233
1437,중고차판매점,울산광역시,101
1438,중고차판매점,경상남도,320
1439,중고차판매점,제주특별자치도,52
1440,중식전문점,합계,"23,451"
1441,중식전문점,서울특별시,"4,546"
1442,중식전문점,인천광역시,"1,122"
1443,중식전문점,경기도,"4,835"
1444,중식전문점,강원도,994
1445,중식전문점,대전광역시,547
1446,중식전문점,충청북도,883
1447,중식전문점,충청남도,"1,187"
1448,중식전문점,세종특별자치시,132
1449,중식전문점,광주광역시,486
1450,중식전문점,전라북도,"1,011"
1451,중식전문점,전라남도,801
1452,중식전문점,대구광역시,"1,233"
1453,중식전문점,경상북도,"1,458"
1454,중식전문점,부산광역시,"1,727"
1455,중식전문점,울산광역시,478
1456,중식전문점,경상남도,"1,641"
1457,중식전문점,제주특별자치도,370
1458,채소가게,합계,"10,922"
1459,채소가게,서울특별시,"1,510"
1460,채소가게,인천광역시,512
1461,채소가게,경기도,"1,895"
1462,채소가게,강원도,760
1463,채소가게,대전광역시,258
1464,채소가게,충청북도,484
1465,채소가게,충청남도,668
1466,채소가게,세종특별자치시,51
1467,채소가게,광주광역시,216
1468,채소가게,전라북도,611
1469,채소가게,전라남도,710
1470,채소가게,대구광역시,435
1471,채소가게,경상북도,906
1472,채소가게,부산광역시,686
1473,채소가게,울산광역시,126
1474,채소가게,경상남도,808
1475,채소가게,제주특별자치도,286
1476,철물점,합계,"8,846"
1477,철물점,서울특별시,"1,402"
1478,철물점,인천광역시,506
1479,철물점,경기도,"1,863"
1480,철물점,강원도,451
1481,철물점,대전광역시,282
1482,철물점,충청북도,351
1483,철물점,충청남도,462
1484,철물점,세종특별자치시,41
1485,철물점,광주광역시,290
1486,철물점,전라북도,424
1487,철물점,전라남도,452
1488,철물점,대구광역시,343
1489,철물점,경상북도,489
1490,철물점,부산광역시,672
1491,철물점,울산광역시,172
1492,철물점,경상남도,547
1493,철물점,제주특별자치도,99
1494,치과병원ㆍ의원,합계,"18,038"
1495,치과병원ㆍ의원,서울특별시,"4,873"
1496,치과병원ㆍ의원,인천광역시,905
1497,치과병원ㆍ의원,경기도,"4,204"
1498,치과병원ㆍ의원,강원도,389
1499,치과병원ㆍ의원,대전광역시,532
1500,치과병원ㆍ의원,충청북도,420
1501,치과병원ㆍ의원,충청남도,567
1502,치과병원ㆍ의원,세종특별자치시,81
1503,치과병원ㆍ의원,광주광역시,630
1504,치과병원ㆍ의원,전라북도,576
1505,치과병원ㆍ의원,전라남도,481
1506,치과병원ㆍ의원,대구광역시,898
1507,치과병원ㆍ의원,경상북도,677
1508,치과병원ㆍ의원,부산광역시,"1,299"
1509,치과병원ㆍ의원,울산광역시,385
1510,치과병원ㆍ의원,경상남도,909
1511,치과병원ㆍ의원,제주특별자치도,212
1512,침구ㆍ커튼가게,합계,"9,999"
1513,침구ㆍ커튼가게,서울특별시,"1,323"
1514,침구ㆍ커튼가게,인천광역시,432
1515,침구ㆍ커튼가게,경기도,"1,897"
1516,침구ㆍ커튼가게,강원도,401
1517,침구ㆍ커튼가게,대전광역시,428
1518,침구ㆍ커튼가게,충청북도,396
1519,침구ㆍ커튼가게,충청남도,506
1520,침구ㆍ커튼가게,세종특별자치시,50
1521,침구ㆍ커튼가게,광주광역시,398
1522,침구ㆍ커튼가게,전라북도,501
1523,침구ㆍ커튼가게,전라남도,489
1524,침구ㆍ커튼가게,대구광역시,648
1525,침구ㆍ커튼가게,경상북도,682
1526,침구ㆍ커튼가게,부산광역시,702
1527,침구ㆍ커튼가게,울산광역시,232
1528,침구ㆍ커튼가게,경상남도,695
1529,침구ㆍ커튼가게,제주특별자치도,219
1530,커피음료점,합계,"53,806"
1531,커피음료점,서울특별시,"10,999"
1532,커피음료점,인천광역시,"2,680"
1533,커피음료점,경기도,"11,257"
1534,커피음료점,강원도,"1,865"
1535,커피음료점,대전광역시,"1,987"
1536,커피음료점,충청북도,"1,829"
1537,커피음료점,충청남도,"2,404"
1538,커피음료점,세종특별자치시,342
1539,커피음료점,광주광역시,"1,268"
1540,커피음료점,전라북도,"2,204"
1541,커피음료점,전라남도,"1,825"
1542,커피음료점,대구광역시,"2,532"
1543,커피음료점,경상북도,"3,837"
1544,커피음료점,부산광역시,"2,973"
1545,커피음료점,울산광역시,"1,297"
1546,커피음료점,경상남도,"3,457"
1547,커피음료점,제주특별자치도,"1,050"
1548,컴퓨터판매점,합계,"4,986"
1549,컴퓨터판매점,서울특별시,990
1550,컴퓨터판매점,인천광역시,208
1551,컴퓨터판매점,경기도,"1,107"
1552,컴퓨터판매점,강원도,179
1553,컴퓨터판매점,대전광역시,177
1554,컴퓨터판매점,충청북도,192
1555,컴퓨터판매점,충청남도,210
1556,컴퓨터판매점,세종특별자치시,35
1557,컴퓨터판매점,광주광역시,189
1558,컴퓨터판매점,전라북도,216
1559,컴퓨터판매점,전라남도,179
1560,컴퓨터판매점,대구광역시,226
1561,컴퓨터판매점,경상북도,328
1562,컴퓨터판매점,부산광역시,240
1563,컴퓨터판매점,울산광역시,96
1564,컴퓨터판매점,경상남도,322
1565,컴퓨터판매점,제주특별자치도,92
1566,통신판매업,합계,"230,669"
1567,통신판매업,서울특별시,"69,115"
1568,통신판매업,인천광역시,"15,264"
1569,통신판매업,경기도,"67,001"
1570,통신판매업,강원도,"3,166"
1571,통신판매업,대전광역시,"5,566"
1572,통신판매업,충청북도,"4,398"
1573,통신판매업,충청남도,"5,527"
1574,통신판매업,세종특별자치시,978
1575,통신판매업,광주광역시,"5,303"
1576,통신판매업,전라북도,"4,537"
1577,통신판매업,전라남도,"4,175"
1578,통신판매업,대구광역시,"10,990"
1579,통신판매업,경상북도,"7,242"
1580,통신판매업,부산광역시,"14,422"
1581,통신판매업,울산광역시,"2,846"
1582,통신판매업,경상남도,"8,354"
1583,통신판매업,제주특별자치도,"1,785"
1584,패스트푸드점,합계,"36,749"
1585,패스트푸드점,서울특별시,"5,899"
1586,패스트푸드점,인천광역시,"1,634"
1587,패스트푸드점,경기도,"7,916"
1588,패스트푸드점,강원도,"1,840"
1589,패스트푸드점,대전광역시,993
1590,패스트푸드점,충청북도,"1,506"
1591,패스트푸드점,충청남도,"1,980"
1592,패스트푸드점,세종특별자치시,305
1593,패스트푸드점,광주광역시,"1,026"
1594,패스트푸드점,전라북도,"1,582"
1595,패스트푸드점,전라남도,"1,485"
1596,패스트푸드점,대구광역시,"1,313"
1597,패스트푸드점,경상북도,"2,220"
1598,패스트푸드점,부산광역시,"2,450"
1599,패스트푸드점,울산광역시,940
1600,패스트푸드점,경상남도,"3,107"
1601,패스트푸드점,제주특별자치도,553
1602,펜션ㆍ게스트하우스,합계,"11,519"
1603,펜션ㆍ게스트하우스,서울특별시,604
1604,펜션ㆍ게스트하우스,인천광역시,539
1605,펜션ㆍ게스트하우스,경기도,"1,512"
1606,펜션ㆍ게스트하우스,강원도,"2,046"
1607,펜션ㆍ게스트하우스,대전광역시,16
1608,펜션ㆍ게스트하우스,충청북도,305
1609,펜션ㆍ게스트하우스,충청남도,"1,102"
1610,펜션ㆍ게스트하우스,세종특별자치시,4
1611,펜션ㆍ게스트하우스,광주광역시,17
1612,펜션ㆍ게스트하우스,전라북도,342
1613,펜션ㆍ게스트하우스,전라남도,584
1614,펜션ㆍ게스트하우스,대구광역시,23
1615,펜션ㆍ게스트하우스,경상북도,"1,011"
1616,펜션ㆍ게스트하우스,부산광역시,124
1617,펜션ㆍ게스트하우스,울산광역시,115
1618,펜션ㆍ게스트하우스,경상남도,"1,173"
1619,펜션ㆍ게스트하우스,제주특별자치도,"2,002"
1620,편의점,합계,"39,818"
1621,편의점,서울특별시,"7,848"
1622,편의점,인천광역시,"2,105"
1623,편의점,경기도,"9,723"
1624,편의점,강원도,"1,617"
1625,편의점,대전광역시,"1,075"
1626,편의점,충청북도,"1,418"
1627,편의점,충청남도,"2,112"
1628,편의점,세종특별자치시,235
1629,편의점,광주광역시,"1,019"
1630,편의점,전라북도,"1,176"
1631,편의점,전라남도,"1,090"
1632,편의점,대구광역시,"1,467"
1633,편의점,경상북도,"1,835"
1634,편의점,부산광역시,"2,379"
1635,편의점,울산광역시,857
1636,편의점,경상남도,"2,804"
1637,편의점,제주특별자치도,"1,058"
1638,피부관리업,합계,"34,008"
1639,피부관리업,서울특별시,"6,838"
1640,피부관리업,인천광역시,"1,936"
1641,피부관리업,경기도,"7,828"
1642,피부관리업,강원도,978
1643,피부관리업,대전광역시,"1,111"
1644,피부관리업,충청북도,"1,009"
1645,피부관리업,충청남도,"1,204"
1646,피부관리업,세종특별자치시,145
1647,피부관리업,광주광역시,"1,453"
1648,피부관리업,전라북도,"1,073"
1649,피부관리업,전라남도,"1,247"
1650,피부관리업,대구광역시,"1,437"
1651,피부관리업,경상북도,"1,411"
1652,피부관리업,부산광역시,"2,512"
1653,피부관리업,울산광역시,724
1654,피부관리업,경상남도,"2,450"
1655,피부관리업,제주특별자치도,652
1656,피부ㆍ비뇨기과 의원,합계,"3,826"
1657,피부ㆍ비뇨기과 의원,서울특별시,"1,303"
1658,피부ㆍ비뇨기과 의원,인천광역시,169
1659,피부ㆍ비뇨기과 의원,경기도,805
1660,피부ㆍ비뇨기과 의원,강원도,58
1661,피부ㆍ비뇨기과 의원,대전광역시,110
1662,피부ㆍ비뇨기과 의원,충청북도,73
1663,피부ㆍ비뇨기과 의원,충청남도,97
1664,피부ㆍ비뇨기과 의원,세종특별자치시,15
1665,피부ㆍ비뇨기과 의원,광주광역시,126
1666,피부ㆍ비뇨기과 의원,전라북도,89
1667,피부ㆍ비뇨기과 의원,전라남도,71
1668,피부ㆍ비뇨기과 의원,대구광역시,200
1669,피부ㆍ비뇨기과 의원,경상북도,102
1670,피부ㆍ비뇨기과 의원,부산광역시,326
1671,피부ㆍ비뇨기과 의원,울산광역시,76
1672,피부ㆍ비뇨기과 의원,경상남도,166
1673,피부ㆍ비뇨기과 의원,제주특별자치도,40
1674,한방병원ㆍ한의원,합계,"14,741"
1675,한방병원ㆍ한의원,서울특별시,"3,695"
1676,한방병원ㆍ한의원,인천광역시,682
1677,한방병원ㆍ한의원,경기도,"3,173"
1678,한방병원ㆍ한의원,강원도,357
1679,한방병원ㆍ한의원,대전광역시,524
1680,한방병원ㆍ한의원,충청북도,401
1681,한방병원ㆍ한의원,충청남도,525
1682,한방병원ㆍ한의원,세종특별자치시,74
1683,한방병원ㆍ한의원,광주광역시,413
1684,한방병원ㆍ한의원,전라북도,539
1685,한방병원ㆍ한의원,전라남도,400
1686,한방병원ㆍ한의원,대구광역시,880
1687,한방병원ㆍ한의원,경상북도,639
1688,한방병원ㆍ한의원,부산광역시,"1,148"
1689,한방병원ㆍ한의원,울산광역시,286
1690,한방병원ㆍ한의원,경상남도,810
1691,한방병원ㆍ한의원,제주특별자치도,195
1692,한식전문점,합계,"379,972"
1693,한식전문점,서울특별시,"52,868"
1694,한식전문점,인천광역시,"17,163"
1695,한식전문점,경기도,"78,268"
1696,한식전문점,강원도,"19,284"
1697,한식전문점,대전광역시,"11,477"
1698,한식전문점,충청북도,"15,052"
1699,한식전문점,충청남도,"19,168"
1700,한식전문점,세종특별자치시,"1,966"
1701,한식전문점,광주광역시,"9,605"
1702,한식전문점,전라북도,"14,042"
1703,한식전문점,전라남도,"17,340"
1704,한식전문점,대구광역시,"19,575"
1705,한식전문점,경상북도,"29,075"
1706,한식전문점,부산광역시,"23,861"
1707,한식전문점,울산광역시,"10,817"
1708,한식전문점,경상남도,"31,904"
1709,한식전문점,제주특별자치도,"8,507"
1710,헬스클럽,합계,"7,248"
1711,헬스클럽,서울특별시,"1,731"
1712,헬스클럽,인천광역시,386
1713,헬스클럽,경기도,"1,721"
1714,헬스클럽,강원도,206
1715,헬스클럽,대전광역시,225
1716,헬스클럽,충청북도,256
1717,헬스클럽,충청남도,265
1718,헬스클럽,세종특별자치시,35
1719,헬스클럽,광주광역시,218
1720,헬스클럽,전라북도,215
1721,헬스클럽,전라남도,163
1722,헬스클럽,대구광역시,361
1723,헬스클럽,경상북도,343
1724,헬스클럽,부산광역시,495
1725,헬스클럽,울산광역시,134
1726,헬스클럽,경상남도,389
1727,헬스클럽,제주특별자치도,105
1728,호프전문점,합계,"34,498"
1729,호프전문점,서울특별시,"7,316"
1730,호프전문점,인천광역시,"1,823"
1731,호프전문점,경기도,"7,124"
1732,호프전문점,강원도,"1,459"
1733,호프전문점,대전광역시,"1,016"
1734,호프전문점,충청북도,"1,813"
1735,호프전문점,충청남도,"1,693"
1736,호프전문점,세종특별자치시,169
1737,호프전문점,광주광역시,"2,410"
1738,호프전문점,전라북도,"1,355"
1739,호프전문점,전라남도,"2,411"
1740,호프전문점,대구광역시,566
1741,호프전문점,경상북도,"1,045"
1742,호프전문점,부산광역시,"1,817"
1743,호프전문점,울산광역시,358
1744,호프전문점,경상남도,"1,522"
1745,호프전문점,제주특별자치도,601
1746,화장품가게,합계,"35,028"
1747,화장품가게,서울특별시,"6,768"
1748,화장품가게,인천광역시,"1,445"
1749,화장품가게,경기도,"7,793"
1750,화장품가게,강원도,"1,076"
1751,화장품가게,대전광역시,"1,219"
1752,화장품가게,충청북도,"1,037"
1753,화장품가게,충청남도,"1,309"
1754,화장품가게,세종특별자치시,138
1755,화장품가게,광주광역시,"1,120"
1756,화장품가게,전라북도,"1,413"
1757,화장품가게,전라남도,"1,048"
1758,화장품가게,대구광역시,"2,172"
1759,화장품가게,경상북도,"1,876"
1760,화장품가게,부산광역시,"2,500"
1761,화장품가게,울산광역시,967
1762,화장품가게,경상남도,"2,453"
1763,화장품가게,제주특별자치도,694
1764,휴대폰가게,합계,"18,031"
1765,휴대폰가게,서울특별시,"3,009"
1766,휴대폰가게,인천광역시,901
1767,휴대폰가게,경기도,"3,918"
1768,휴대폰가게,강원도,595
1769,휴대폰가게,대전광역시,672
1770,휴대폰가게,충청북도,546
1771,휴대폰가게,충청남도,868
1772,휴대폰가게,세종특별자치시,75
1773,휴대폰가게,광주광역시,583
1774,휴대폰가게,전라북도,729
1775,휴대폰가게,전라남도,611
1776,휴대폰가게,대구광역시,"1,026"
1777,휴대폰가게,경상북도,"1,081"
1778,휴대폰가게,부산광역시,"1,393"
1779,휴대폰가게,울산광역시,499
1780,휴대폰가게,경상남도,"1,308"
1781,휴대폰가게,제주특별자치도,217
1782,LPG충전소,합계,"1,635"
1783,LPG충전소,서울특별시,81
1784,LPG충전소,인천광역시,71
1785,LPG충전소,경기도,384
1786,LPG충전소,강원도,93
1787,LPG충전소,대전광역시,40
1788,LPG충전소,충청북도,77
1789,LPG충전소,충청남도,129
1790,LPG충전소,세종특별자치시,6
1791,LPG충전소,광주광역시,42
1792,LPG충전소,전라북도,104
1793,LPG충전소,전라남도,124
1794,LPG충전소,대구광역시,44
1795,LPG충전소,경상북도,163
1796,LPG충전소,부산광역시,57
1797,LPG충전소,울산광역시,31
1798,LPG충전소,경상남도,152
1799,LPG충전소,제주특별자치도,37
1800,pc방,합계,"10,397"
1801,pc방,서울특별시,"1,717"
1802,pc방,인천광역시,534
1803,pc방,경기도,"2,396"
1804,pc방,강원도,430
1805,pc방,대전광역시,328
1806,pc방,충청북도,331
1807,pc방,충청남도,436
1808,pc방,세종특별자치시,42
1809,pc방,광주광역시,418
1810,pc방,전라북도,444
1811,pc방,전라남도,379
1812,pc방,대구광역시,576
1813,pc방,경상북도,583
1814,pc방,부산광역시,658
1815,pc방,울산광역시,286
1816,pc방,경상남도,671
1817,pc방,제주특별자치도,168
