,corp,city,2
0,업종전체,합계,"2,350,456"
1,업종전체,서울특별시,"468,708"
2,업종전체,인천광역시,"119,193"
3,업종전체,경기도,"538,423"
4,업종전체,강원도,"84,145"
5,업종전체,대전광역시,"69,213"
6,업종전체,충청북도,"76,004"
7,업종전체,충청남도,"99,714"
8,업종전체,세종특별자치시,"12,030"
9,업종전체,광주광역시,"69,512"
10,업종전체,전라북도,"83,766"
11,업종전체,전라남도,"84,264"
12,업종전체,대구광역시,"113,030"
13,업종전체,경상북도,"127,628"
14,업종전체,부산광역시,"155,470"
15,업종전체,울산광역시,"50,861"
16,업종전체,경상남도,"155,386"
17,업종전체,제주특별자치도,"43,109"
18,가구점,합계,"7,478"
19,가구점,서울특별시,"1,022"
20,가구점,인천광역시,288
21,가구점,경기도,"1,903"
22,가구점,강원도,304
23,가구점,대전광역시,210
24,가구점,충청북도,288
25,가구점,충청남도,299
26,가구점,세종특별자치시,23
27,가구점,광주광역시,213
28,가구점,전라북도,384
29,가구점,전라남도,269
30,가구점,대구광역시,373
31,가구점,경상북도,468
32,가구점,부산광역시,511
33,가구점,울산광역시,181
34,가구점,경상남도,554
35,가구점,제주특별자치도,188
36,가전제품수리점,합계,"15,023"
37,가전제품수리점,서울특별시,"2,397"
38,가전제품수리점,인천광역시,"1,080"
39,가전제품수리점,경기도,"4,292"
40,가전제품수리점,강원도,532
41,가전제품수리점,대전광역시,509
42,가전제품수리점,충청북도,461
43,가전제품수리점,충청남도,645
44,가전제품수리점,세종특별자치시,65
45,가전제품수리점,광주광역시,450
46,가전제품수리점,전라북도,504
47,가전제품수리점,전라남도,488
48,가전제품수리점,대구광역시,723
49,가전제품수리점,경상북도,539
50,가전제품수리점,부산광역시,945
51,가전제품수리점,울산광역시,303
52,가전제품수리점,경상남도,896
53,가전제품수리점,제주특별자치도,194
54,가전제품판매점,합계,"10,066"
55,가전제품판매점,서울특별시,"1,549"
56,가전제품판매점,인천광역시,361
57,가전제품판매점,경기도,"1,895"
58,가전제품판매점,강원도,463
59,가전제품판매점,대전광역시,306
60,가전제품판매점,충청북도,435
61,가전제품판매점,충청남도,516
62,가전제품판매점,세종특별자치시,39
63,가전제품판매점,광주광역시,356
64,가전제품판매점,전라북도,530
65,가전제품판매점,전라남도,580
66,가전제품판매점,대구광역시,528
67,가전제품판매점,경상북도,700
68,가전제품판매점,부산광역시,620
69,가전제품판매점,울산광역시,205
70,가전제품판매점,경상남도,740
71,가전제품판매점,제주특별자치도,243
72,간이주점,합계,"15,175"
73,간이주점,서울특별시,"4,943"
74,간이주점,인천광역시,"1,583"
75,간이주점,경기도,"2,963"
76,간이주점,강원도,432
77,간이주점,대전광역시,69
78,간이주점,충청북도,463
79,간이주점,충청남도,704
80,간이주점,세종특별자치시,19
81,간이주점,광주광역시,191
82,간이주점,전라북도,328
83,간이주점,전라남도,259
84,간이주점,대구광역시,294
85,간이주점,경상북도,410
86,간이주점,부산광역시,"1,000"
87,간이주점,울산광역시,111
88,간이주점,경상남도,"1,231"
89,간이주점,제주특별자치도,175
90,간판광고물업,합계,"12,957"
91,간판광고물업,서울특별시,"2,690"
92,간판광고물업,인천광역시,536
93,간판광고물업,경기도,"3,143"
94,간판광고물업,강원도,511
95,간판광고물업,대전광역시,397
96,간판광고물업,충청북도,376
97,간판광고물업,충청남도,456
98,간판광고물업,세종특별자치시,27
99,간판광고물업,광주광역시,438
100,간판광고물업,전라북도,500
101,간판광고물업,전라남도,473
102,간판광고물업,대구광역시,777
103,간판광고물업,경상북도,651
104,간판광고물업,부산광역시,840
105,간판광고물업,울산광역시,256
106,간판광고물업,경상남도,695
107,간판광고물업,제주특별자치도,191
108,감정평가사,합계,"1,134"
109,감정평가사,서울특별시,244
110,감정평가사,인천광역시,77
111,감정평가사,경기도,362
112,감정평가사,강원도,29
113,감정평가사,대전광역시,29
114,감정평가사,충청북도,28
115,감정평가사,충청남도,36
116,감정평가사,세종특별자치시,12
117,감정평가사,광주광역시,32
118,감정평가사,전라북도,41
119,감정평가사,전라남도,18
120,감정평가사,대구광역시,56
121,감정평가사,경상북도,19
122,감정평가사,부산광역시,57
123,감정평가사,울산광역시,21
124,감정평가사,경상남도,58
125,감정평가사,제주특별자치도,15
126,건강보조식품가게,합계,"13,222"
127,건강보조식품가게,서울특별시,2119
128,건강보조식품가게,인천광역시,640
129,건강보조식품가게,경기도,2587
130,건강보조식품가게,강원도,503
131,건강보조식품가게,대전광역시,454
132,건강보조식품가게,충청북도,442
133,건강보조식품가게,충청남도,1219
134,건강보조식품가게,세종특별자치시,43
135,건강보조식품가게,광주광역시,394
136,건강보조식품가게,전라북도,702
137,건강보조식품가게,전라남도,488
138,건강보조식품가게,대구광역시,586
139,건강보조식품가게,경상북도,879
140,건강보조식품가게,부산광역시,808
141,건강보조식품가게,울산광역시,216
142,건강보조식품가게,경상남도,980
143,건강보조식품가게,제주특별자치도,162
144,건어물가게,합계,"7,185"
145,건어물가게,서울특별시,751
146,건어물가게,인천광역시,378
147,건어물가게,경기도,810
148,건어물가게,강원도,666
149,건어물가게,대전광역시,114
150,건어물가게,충청북도,116
151,건어물가게,충청남도,640
152,건어물가게,세종특별자치시,12
153,건어물가게,광주광역시,172
154,건어물가게,전라북도,359
155,건어물가게,전라남도,911
156,건어물가게,대구광역시,161
157,건어물가게,경상북도,659
158,건어물가게,부산광역시,486
159,건어물가게,울산광역시,125
160,건어물가게,경상남도,713
161,건어물가게,제주특별자치도,112
162,건축사,합계,"9,735"
163,건축사,서울특별시,2494
164,건축사,인천광역시,347
165,건축사,경기도,2020
166,건축사,강원도,319
167,건축사,대전광역시,213
168,건축사,충청북도,279
169,건축사,충청남도,339
170,건축사,세종특별자치시,55
171,건축사,광주광역시,230
172,건축사,전라북도,346
173,건축사,전라남도,266
174,건축사,대구광역시,673
175,건축사,경상북도,469
176,건축사,부산광역시,678
177,건축사,울산광역시,212
178,건축사,경상남도,507
179,건축사,제주특별자치도,288
180,결혼상담소,합계,"1,576"
181,결혼상담소,서울특별시,432
182,결혼상담소,인천광역시,66
183,결혼상담소,경기도,228
184,결혼상담소,강원도,26
185,결혼상담소,대전광역시,65
186,결혼상담소,충청북도,54
187,결혼상담소,충청남도,73
188,결혼상담소,세종특별자치시,6
189,결혼상담소,광주광역시,72
190,결혼상담소,전라북도,76
191,결혼상담소,전라남도,50
192,결혼상담소,대구광역시,110
193,결혼상담소,경상북도,60
194,결혼상담소,부산광역시,120
195,결혼상담소,울산광역시,18
196,결혼상담소,경상남도,95
197,결혼상담소,제주특별자치도,25
198,곡물가게,합계,"5,006"
199,곡물가게,서울특별시,659
200,곡물가게,인천광역시,192
201,곡물가게,경기도,875
202,곡물가게,강원도,326
203,곡물가게,대전광역시,149
204,곡물가게,충청북도,249
205,곡물가게,충청남도,376
206,곡물가게,세종특별자치시,27
207,곡물가게,광주광역시,110
208,곡물가게,전라북도,359
209,곡물가게,전라남도,387
210,곡물가게,대구광역시,192
211,곡물가게,경상북도,367
212,곡물가게,부산광역시,344
213,곡물가게,울산광역시,40
214,곡물가게,경상남도,284
215,곡물가게,제주특별자치도,70
216,공인노무사,합계,871
217,공인노무사,서울특별시,386
218,공인노무사,인천광역시,38
219,공인노무사,경기도,145
220,공인노무사,강원도,16
221,공인노무사,대전광역시,18
222,공인노무사,충청북도,18
223,공인노무사,충청남도,19
224,공인노무사,세종특별자치시,5
225,공인노무사,광주광역시,24
226,공인노무사,전라북도,21
227,공인노무사,전라남도,10
228,공인노무사,대구광역시,30
229,공인노무사,경상북도,15
230,공인노무사,부산광역시,55
231,공인노무사,울산광역시,23
232,공인노무사,경상남도,40
233,공인노무사,제주특별자치도,8
234,공인회계사,합계,"1,832"
235,공인회계사,서울특별시,849
236,공인회계사,인천광역시,66
237,공인회계사,경기도,309
238,공인회계사,강원도,13
239,공인회계사,대전광역시,35
240,공인회계사,충청북도,32
241,공인회계사,충청남도,45
242,공인회계사,세종특별자치시,9
243,공인회계사,광주광역시,36
244,공인회계사,전라북도,34
245,공인회계사,전라남도,23
246,공인회계사,대구광역시,91
247,공인회계사,경상북도,29
248,공인회계사,부산광역시,130
249,공인회계사,울산광역시,27
250,공인회계사,경상남도,75
251,공인회계사,제주특별자치도,29
252,과일가게,합계,"11,684"
253,과일가게,서울특별시,"1,239"
254,과일가게,인천광역시,420
255,과일가게,경기도,"1,784"
256,과일가게,강원도,301
257,과일가게,대전광역시,312
258,과일가게,충청북도,646
259,과일가게,충청남도,660
260,과일가게,세종특별자치시,99
261,과일가게,광주광역시,283
262,과일가게,전라북도,571
263,과일가게,전라남도,671
264,과일가게,대구광역시,367
265,과일가게,경상북도,"1,361"
266,과일가게,부산광역시,600
267,과일가게,울산광역시,157
268,과일가게,경상남도,"1,199"
269,과일가게,제주특별자치도,"1,014"
270,교습소･공부방,합계,"31,935"
271,교습소･공부방,서울특별시,"6,847"
272,교습소･공부방,인천광역시,"1,619"
273,교습소･공부방,경기도,"7,695"
274,교습소･공부방,강원도,876
275,교습소･공부방,대전광역시,"1,272"
276,교습소･공부방,충청북도,744
277,교습소･공부방,충청남도,"1,080"
278,교습소･공부방,세종특별자치시,207
279,교습소･공부방,광주광역시,700
280,교습소･공부방,전라북도,708
281,교습소･공부방,전라남도,623
282,교습소･공부방,대구광역시,"2,446"
283,교습소･공부방,경상북도,"1,664"
284,교습소･공부방,부산광역시,"2,345"
285,교습소･공부방,울산광역시,670
286,교습소･공부방,경상남도,"1,928"
287,교습소･공부방,제주특별자치도,511
288,교습학원,합계,"55,970"
289,교습학원,서울특별시,"10,391"
290,교습학원,인천광역시,"2,495"
291,교습학원,경기도,"14,751"
292,교습학원,강원도,"1,468"
293,교습학원,대전광역시,"1,291"
294,교습학원,충청북도,"1,466"
295,교습학원,충청남도,"1,844"
296,교습학원,세종특별자치시,385
297,교습학원,광주광역시,"2,421"
298,교습학원,전라북도,"2,447"
299,교습학원,전라남도,"1,826"
300,교습학원,대구광역시,"2,622"
301,교습학원,경상북도,"2,627"
302,교습학원,부산광역시,"3,538"
303,교습학원,울산광역시,"1,683"
304,교습학원,경상남도,"4,016"
305,교습학원,제주특별자치도,699
306,구내식당,합계,"22,640"
307,구내식당,서울특별시,"4,185"
308,구내식당,인천광역시,"1,427"
309,구내식당,경기도,"5,507"
310,구내식당,강원도,629
311,구내식당,대전광역시,711
312,구내식당,충청북도,786
313,구내식당,충청남도,"1,064"
314,구내식당,세종특별자치시,86
315,구내식당,광주광역시,408
316,구내식당,전라북도,819
317,구내식당,전라남도,681
318,구내식당,대구광역시,933
319,구내식당,경상북도,"1,371"
320,구내식당,부산광역시,"1,513"
321,구내식당,울산광역시,454
322,구내식당,경상남도,"1,903"
323,구내식당,제주특별자치도,163
324,기술및직업훈련학원,합계,"12,890"
325,기술및직업훈련학원,서울특별시,"2,907"
326,기술및직업훈련학원,인천광역시,511
327,기술및직업훈련학원,경기도,"2,882"
328,기술및직업훈련학원,강원도,388
329,기술및직업훈련학원,대전광역시,439
330,기술및직업훈련학원,충청북도,348
331,기술및직업훈련학원,충청남도,475
332,기술및직업훈련학원,세종특별자치시,97
333,기술및직업훈련학원,광주광역시,468
334,기술및직업훈련학원,전라북도,463
335,기술및직업훈련학원,전라남도,416
336,기술및직업훈련학원,대구광역시,728
337,기술및직업훈련학원,경상북도,527
338,기술및직업훈련학원,부산광역시,918
339,기술및직업훈련학원,울산광역시,312
340,기술및직업훈련학원,경상남도,780
341,기술및직업훈련학원,제주특별자치도,231
342,기술사,합계,"1,023"
343,기술사,서울특별시,283
344,기술사,인천광역시,27
345,기술사,경기도,231
346,기술사,강원도,37
347,기술사,대전광역시,25
348,기술사,충청북도,36
349,기술사,충청남도,29
350,기술사,세종특별자치시,3
351,기술사,광주광역시,36
352,기술사,전라북도,34
353,기술사,전라남도,36
354,기술사,대구광역시,30
355,기술사,경상북도,39
356,기술사,부산광역시,61
357,기술사,울산광역시,19
358,기술사,경상남도,82
359,기술사,제주특별자치도,15
360,기타 일반의원,합계,"3,231"
361,기타 일반의원,서울특별시,880
362,기타 일반의원,인천광역시,145
363,기타 일반의원,경기도,638
364,기타 일반의원,강원도,63
365,기타 일반의원,대전광역시,142
366,기타 일반의원,충청북도,95
367,기타 일반의원,충청남도,102
368,기타 일반의원,세종특별자치시,19
369,기타 일반의원,광주광역시,126
370,기타 일반의원,전라북도,171
371,기타 일반의원,전라남도,106
372,기타 일반의원,대구광역시,159
373,기타 일반의원,경상북도,107
374,기타 일반의원,부산광역시,230
375,기타 일반의원,울산광역시,50
376,기타 일반의원,경상남도,145
377,기타 일반의원,제주특별자치도,53
378,기타외국식전문점,합계,"23,337"
379,기타외국식전문점,서울특별시,"7,101"
380,기타외국식전문점,인천광역시,776
381,기타외국식전문점,경기도,"4,755"
382,기타외국식전문점,강원도,759
383,기타외국식전문점,대전광역시,600
384,기타외국식전문점,충청북도,481
385,기타외국식전문점,충청남도,678
386,기타외국식전문점,세종특별자치시,167
387,기타외국식전문점,광주광역시,383
388,기타외국식전문점,전라북도,737
389,기타외국식전문점,전라남도,425
390,기타외국식전문점,대구광역시,"1,205"
391,기타외국식전문점,경상북도,703
392,기타외국식전문점,부산광역시,"1,840"
393,기타외국식전문점,울산광역시,711
394,기타외국식전문점,경상남도,"1,224"
395,기타외국식전문점,제주특별자치도,792
396,기타음식점,합계,"24,343"
397,기타음식점,서울특별시,"4,756"
398,기타음식점,인천광역시,"1,047"
399,기타음식점,경기도,"5,620"
400,기타음식점,강원도,"1,035"
401,기타음식점,대전광역시,589
402,기타음식점,충청북도,728
403,기타음식점,충청남도,"1,030"
404,기타음식점,세종특별자치시,104
405,기타음식점,광주광역시,"1,021"
406,기타음식점,전라북도,712
407,기타음식점,전라남도,841
408,기타음식점,대구광역시,"1,286"
409,기타음식점,경상북도,"1,168"
410,기타음식점,부산광역시,"1,669"
411,기타음식점,울산광역시,492
412,기타음식점,경상남도,"1,832"
413,기타음식점,제주특별자치도,413
414,꽃가게,합계,"23,584"
415,꽃가게,서울특별시,"4,321"
416,꽃가게,인천광역시,943
417,꽃가게,경기도,"5,422"
418,꽃가게,강원도,746
419,꽃가게,대전광역시,709
420,꽃가게,충청북도,884
421,꽃가게,충청남도,"1,081"
422,꽃가게,세종특별자치시,113
423,꽃가게,광주광역시,763
424,꽃가게,전라북도,"1,074"
425,꽃가게,전라남도,"1,138"
426,꽃가게,대구광역시,"1,114"
427,꽃가게,경상북도,"1,414"
428,꽃가게,부산광역시,"1,285"
429,꽃가게,울산광역시,507
430,꽃가게,경상남도,"1,720"
431,꽃가게,제주특별자치도,350
432,내과ㆍ소아과 의원,합계,"11,354"
433,내과ㆍ소아과 의원,서울특별시,"2,473"
434,내과ㆍ소아과 의원,인천광역시,598
435,내과ㆍ소아과 의원,경기도,"2,580"
436,내과ㆍ소아과 의원,강원도,322
437,내과ㆍ소아과 의원,대전광역시,384
438,내과ㆍ소아과 의원,충청북도,313
439,내과ㆍ소아과 의원,충청남도,439
440,내과ㆍ소아과 의원,세종특별자치시,63
441,내과ㆍ소아과 의원,광주광역시,332
442,내과ㆍ소아과 의원,전라북도,432
443,내과ㆍ소아과 의원,전라남도,447
444,내과ㆍ소아과 의원,대구광역시,563
445,내과ㆍ소아과 의원,경상북도,535
446,내과ㆍ소아과 의원,부산광역시,817
447,내과ㆍ소아과 의원,울산광역시,227
448,내과ㆍ소아과 의원,경상남도,676
449,내과ㆍ소아과 의원,제주특별자치도,153
450,노래방,합계,"30,840"
451,노래방,서울특별시,"5,848"
452,노래방,인천광역시,"2,339"
453,노래방,경기도,"7,333"
454,노래방,강원도,860
455,노래방,대전광역시,"1,329"
456,노래방,충청북도,"1,154"
457,노래방,충청남도,"1,231"
458,노래방,세종특별자치시,147
459,노래방,광주광역시,"1,088"
460,노래방,전라북도,849
461,노래방,전라남도,755
462,노래방,대구광역시,"1,751"
463,노래방,경상북도,"1,627"
464,노래방,부산광역시,"1,810"
465,노래방,울산광역시,773
466,노래방,경상남도,"1,652"
467,노래방,제주특별자치도,294
468,담배가게,합계,"13,011"
469,담배가게,서울특별시,"2,319"
470,담배가게,인천광역시,359
471,담배가게,경기도,"1,637"
472,담배가게,강원도,600
473,담배가게,대전광역시,301
474,담배가게,충청북도,549
475,담배가게,충청남도,595
476,담배가게,세종특별자치시,38
477,담배가게,광주광역시,312
478,담배가게,전라북도,648
479,담배가게,전라남도,"1,008"
480,담배가게,대구광역시,529
481,담배가게,경상북도,"1,383"
482,담배가게,부산광역시,"1,201"
483,담배가게,울산광역시,241
484,담배가게,경상남도,"1,117"
485,담배가게,제주특별자치도,174
486,당구장,합계,"18,483"
487,당구장,서울특별시,"3,290"
488,당구장,인천광역시,"1,184"
489,당구장,경기도,"4,709"
490,당구장,강원도,809
491,당구장,대전광역시,525
492,당구장,충청북도,710
493,당구장,충청남도,838
494,당구장,세종특별자치시,93
495,당구장,광주광역시,495
496,당구장,전라북도,594
497,당구장,전라남도,706
498,당구장,대구광역시,660
499,당구장,경상북도,919
500,당구장,부산광역시,991
501,당구장,울산광역시,514
502,당구장,경상남도,"1,133"
503,당구장,제주특별자치도,313
504,독서실,합계,"9,900"
505,독서실,서울특별시,"3,539"
506,독서실,인천광역시,451
507,독서실,경기도,"2,437"
508,독서실,강원도,153
509,독서실,대전광역시,237
510,독서실,충청북도,192
511,독서실,충청남도,231
512,독서실,세종특별자치시,30
513,독서실,광주광역시,374
514,독서실,전라북도,268
515,독서실,전라남도,164
516,독서실,대구광역시,411
517,독서실,경상북도,233
518,독서실,부산광역시,453
519,독서실,울산광역시,243
520,독서실,경상남도,399
521,독서실,제주특별자치도,85
522,동물병원,합계,"4,060"
523,동물병원,서울특별시,822
524,동물병원,인천광역시,187
525,동물병원,경기도,"1,043"
526,동물병원,강원도,97
527,동물병원,대전광역시,103
528,동물병원,충청북도,106
529,동물병원,충청남도,180
530,동물병원,세종특별자치시,23
531,동물병원,광주광역시,102
532,동물병원,전라북도,160
533,동물병원,전라남도,156
534,동물병원,대구광역시,165
535,동물병원,경상북도,264
536,동물병원,부산광역시,239
537,동물병원,울산광역시,74
538,동물병원,경상남도,268
539,동물병원,제주특별자치도,71
540,목욕탕,합계,"5,556"
541,목욕탕,서울특별시,738
542,목욕탕,인천광역시,204
543,목욕탕,경기도,775
544,목욕탕,강원도,180
545,목욕탕,대전광역시,101
546,목욕탕,충청북도,146
547,목욕탕,충청남도,194
548,목욕탕,세종특별자치시,12
549,목욕탕,광주광역시,180
550,목욕탕,전라북도,209
551,목욕탕,전라남도,299
552,목욕탕,대구광역시,273
553,목욕탕,경상북도,420
554,목욕탕,부산광역시,756
555,목욕탕,울산광역시,183
556,목욕탕,경상남도,773
557,목욕탕,제주특별자치도,113
558,문구점,합계,"9,249"
559,문구점,서울특별시,"1,573"
560,문구점,인천광역시,478
561,문구점,경기도,"2,132"
562,문구점,강원도,388
563,문구점,대전광역시,317
564,문구점,충청북도,335
565,문구점,충청남도,432
566,문구점,세종특별자치시,75
567,문구점,광주광역시,289
568,문구점,전라북도,434
569,문구점,전라남도,423
570,문구점,대구광역시,340
571,문구점,경상북도,538
572,문구점,부산광역시,520
573,문구점,울산광역시,197
574,문구점,경상남도,627
575,문구점,제주특별자치도,151
576,미용실,합계,"100,385"
577,미용실,서울특별시,"17,860"
578,미용실,인천광역시,"5,410"
579,미용실,경기도,"22,552"
580,미용실,강원도,"3,542"
581,미용실,대전광역시,"3,278"
582,미용실,충청북도,"3,428"
583,미용실,충청남도,"4,175"
584,미용실,세종특별자치시,383
585,미용실,광주광역시,"3,185"
586,미용실,전라북도,"3,820"
587,미용실,전라남도,"3,450"
588,미용실,대구광역시,"5,343"
589,미용실,경상북도,"5,774"
590,미용실,부산광역시,"7,406"
591,미용실,울산광역시,"2,562"
592,미용실,경상남도,"6,881"
593,미용실,제주특별자치도,"1,336"
594,법무사,합계,"6,464"
595,법무사,서울특별시,"1,945"
596,법무사,인천광역시,280
597,법무사,경기도,"1,209"
598,법무사,강원도,190
599,법무사,대전광역시,162
600,법무사,충청북도,168
601,법무사,충청남도,218
602,법무사,세종특별자치시,20
603,법무사,광주광역시,221
604,법무사,전라북도,230
605,법무사,전라남도,214
606,법무사,대구광역시,299
607,법무사,경상북도,261
608,법무사,부산광역시,456
609,법무사,울산광역시,114
610,법무사,경상남도,390
611,법무사,제주특별자치도,87
612,변리사,합계,996
613,변리사,서울특별시,700
614,변리사,인천광역시,15
615,변리사,경기도,89
616,변리사,강원도,*
617,변리사,대전광역시,89
618,변리사,충청북도,4
619,변리사,충청남도,5
620,변리사,세종특별자치시,0
621,변리사,광주광역시,11
622,변리사,전라북도,6
623,변리사,전라남도,*
624,변리사,대구광역시,23
625,변리사,경상북도,3
626,변리사,부산광역시,29
627,변리사,울산광역시,5
628,변리사,경상남도,12
629,변리사,제주특별자치도,*
630,변호사,합계,"7,195"
631,변호사,서울특별시,"3,694"
632,변호사,인천광역시,251
633,변호사,경기도,942
634,변호사,강원도,117
635,변호사,대전광역시,219
636,변호사,충청북도,104
637,변호사,충청남도,134
638,변호사,세종특별자치시,19
639,변호사,광주광역시,214
640,변호사,전라북도,184
641,변호사,전라남도,91
642,변호사,대구광역시,268
643,변호사,경상북도,116
644,변호사,부산광역시,422
645,변호사,울산광역시,120
646,변호사,경상남도,221
647,변호사,제주특별자치도,79
648,부동산중개업,합계,"124,164"
649,부동산중개업,서울특별시,"30,556"
650,부동산중개업,인천광역시,"6,737"
651,부동산중개업,경기도,"34,452"
652,부동산중개업,강원도,"2,599"
653,부동산중개업,대전광역시,"3,229"
654,부동산중개업,충청북도,"2,867"
655,부동산중개업,충청남도,"4,178"
656,부동산중개업,세종특별자치시,"1,308"
657,부동산중개업,광주광역시,"3,998"
658,부동산중개업,전라북도,"3,189"
659,부동산중개업,전라남도,"2,195"
660,부동산중개업,대구광역시,"5,621"
661,부동산중개업,경상북도,"4,180"
662,부동산중개업,부산광역시,"7,912"
663,부동산중개업,울산광역시,"2,310"
664,부동산중개업,경상남도,"6,915"
665,부동산중개업,제주특별자치도,"1,918"
666,분식점,합계,"53,873"
667,분식점,서울특별시,"11,007"
668,분식점,인천광역시,"2,520"
669,분식점,경기도,"12,598"
670,분식점,강원도,"1,591"
671,분식점,대전광역시,"2,021"
672,분식점,충청북도,"2,236"
673,분식점,충청남도,"2,321"
674,분식점,세종특별자치시,200
675,분식점,광주광역시,"1,642"
676,분식점,전라북도,"1,949"
677,분식점,전라남도,"1,438"
678,분식점,대구광역시,"2,346"
679,분식점,경상북도,"2,436"
680,분식점,부산광역시,"4,047"
681,분식점,울산광역시,755
682,분식점,경상남도,"3,960"
683,분식점,제주특별자치도,806
684,사진촬영업,합계,"13,843"
685,사진촬영업,서울특별시,"4,541"
686,사진촬영업,인천광역시,645
687,사진촬영업,경기도,"2,866"
688,사진촬영업,강원도,402
689,사진촬영업,대전광역시,394
690,사진촬영업,충청북도,313
691,사진촬영업,충청남도,386
692,사진촬영업,세종특별자치시,55
693,사진촬영업,광주광역시,392
694,사진촬영업,전라북도,426
695,사진촬영업,전라남도,324
696,사진촬영업,대구광역시,625
697,사진촬영업,경상북도,523
698,사진촬영업,부산광역시,812
699,사진촬영업,울산광역시,219
700,사진촬영업,경상남도,596
701,사진촬영업,제주특별자치도,324
702,산부인과 의원,합계,"1,666"
703,산부인과 의원,서울특별시,500
704,산부인과 의원,인천광역시,78
705,산부인과 의원,경기도,329
706,산부인과 의원,강원도,37
707,산부인과 의원,대전광역시,61
708,산부인과 의원,충청북도,45
709,산부인과 의원,충청남도,48
710,산부인과 의원,세종특별자치시,9
711,산부인과 의원,광주광역시,52
712,산부인과 의원,전라북도,57
713,산부인과 의원,전라남도,25
714,산부인과 의원,대구광역시,105
715,산부인과 의원,경상북도,67
716,산부인과 의원,부산광역시,103
717,산부인과 의원,울산광역시,41
718,산부인과 의원,경상남도,85
719,산부인과 의원,제주특별자치도,24
720,생선가게,합계,"11,022"
721,생선가게,서울특별시,"1,484"
722,생선가게,인천광역시,727
723,생선가게,경기도,"1,182"
724,생선가게,강원도,412
725,생선가게,대전광역시,149
726,생선가게,충청북도,149
727,생선가게,충청남도,716
728,생선가게,세종특별자치시,18
729,생선가게,광주광역시,316
730,생선가게,전라북도,582
731,생선가게,전라남도,"1,531"
732,생선가게,대구광역시,208
733,생선가게,경상북도,828
734,생선가게,부산광역시,"1,053"
735,생선가게,울산광역시,394
736,생선가게,경상남도,847
737,생선가게,제주특별자치도,426
738,서점,합계,"8,214"
739,서점,서울특별시,"1,637"
740,서점,인천광역시,361
741,서점,경기도,"1,887"
742,서점,강원도,231
743,서점,대전광역시,335
744,서점,충청북도,243
745,서점,충청남도,344
746,서점,세종특별자치시,59
747,서점,광주광역시,269
748,서점,전라북도,346
749,서점,전라남도,244
750,서점,대구광역시,505
751,서점,경상북도,381
752,서점,부산광역시,560
753,서점,울산광역시,186
754,서점,경상남도,490
755,서점,제주특별자치도,136
756,성형외과 의원,합계,"1,453"
757,성형외과 의원,서울특별시,711
758,성형외과 의원,인천광역시,47
759,성형외과 의원,경기도,186
760,성형외과 의원,강원도,16
761,성형외과 의원,대전광역시,43
762,성형외과 의원,충청북도,23
763,성형외과 의원,충청남도,29
764,성형외과 의원,세종특별자치시,5
765,성형외과 의원,광주광역시,46
766,성형외과 의원,전라북도,27
767,성형외과 의원,전라남도,14
768,성형외과 의원,대구광역시,76
769,성형외과 의원,경상북도,15
770,성형외과 의원,부산광역시,136
771,성형외과 의원,울산광역시,20
772,성형외과 의원,경상남도,39
773,성형외과 의원,제주특별자치도,20
774,세무사,합계,"12,228"
775,세무사,서울특별시,"5,033"
776,세무사,인천광역시,514
777,세무사,경기도,"2,686"
778,세무사,강원도,169
779,세무사,대전광역시,273
780,세무사,충청북도,166
781,세무사,충청남도,256
782,세무사,세종특별자치시,41
783,세무사,광주광역시,301
784,세무사,전라북도,268
785,세무사,전라남도,129
786,세무사,대구광역시,544
787,세무사,경상북도,231
788,세무사,부산광역시,937
789,세무사,울산광역시,163
790,세무사,경상남도,414
791,세무사,제주특별자치도,103
792,세탁소,합계,"22,984"
793,세탁소,서울특별시,"4,500"
794,세탁소,인천광역시,"1,223"
795,세탁소,경기도,"5,262"
796,세탁소,강원도,914
797,세탁소,대전광역시,871
798,세탁소,충청북도,881
799,세탁소,충청남도,"1,097"
800,세탁소,세종특별자치시,94
801,세탁소,광주광역시,844
802,세탁소,전라북도,868
803,세탁소,전라남도,789
804,세탁소,대구광역시,831
805,세탁소,경상북도,"1,229"
806,세탁소,부산광역시,"1,291"
807,세탁소,울산광역시,432
808,세탁소,경상남도,"1,258"
809,세탁소,제주특별자치도,600
810,슈퍼마켓,합계,"30,121"
811,슈퍼마켓,서울특별시,"4,079"
812,슈퍼마켓,인천광역시,"1,891"
813,슈퍼마켓,경기도,"8,065"
814,슈퍼마켓,강원도,"1,026"
815,슈퍼마켓,대전광역시,690
816,슈퍼마켓,충청북도,999
817,슈퍼마켓,충청남도,"1,243"
818,슈퍼마켓,세종특별자치시,135
819,슈퍼마켓,광주광역시,865
820,슈퍼마켓,전라북도,"1,020"
821,슈퍼마켓,전라남도,"1,236"
822,슈퍼마켓,대구광역시,"1,738"
823,슈퍼마켓,경상북도,"1,896"
824,슈퍼마켓,부산광역시,"1,937"
825,슈퍼마켓,울산광역시,903
826,슈퍼마켓,경상남도,"1,975"
827,슈퍼마켓,제주특별자치도,423
828,스포츠교육기관,합계,"24,147"
829,스포츠교육기관,서울특별시,"4,433"
830,스포츠교육기관,인천광역시,"1,312"
831,스포츠교육기관,경기도,"6,248"
832,스포츠교육기관,강원도,674
833,스포츠교육기관,대전광역시,799
834,스포츠교육기관,충청북도,718
835,스포츠교육기관,충청남도,868
836,스포츠교육기관,세종특별자치시,175
837,스포츠교육기관,광주광역시,883
838,스포츠교육기관,전라북도,811
839,스포츠교육기관,전라남도,686
840,스포츠교육기관,대구광역시,"1,201"
841,스포츠교육기관,경상북도,"1,097"
842,스포츠교육기관,부산광역시,"1,621"
843,스포츠교육기관,울산광역시,561
844,스포츠교육기관,경상남도,"1,682"
845,스포츠교육기관,제주특별자치도,378
846,스포츠시설운영업,합계,"7,539"
847,스포츠시설운영업,서울특별시,"2,094"
848,스포츠시설운영업,인천광역시,399
849,스포츠시설운영업,경기도,"1,999"
850,스포츠시설운영업,강원도,231
851,스포츠시설운영업,대전광역시,180
852,스포츠시설운영업,충청북도,171
853,스포츠시설운영업,충청남도,195
854,스포츠시설운영업,세종특별자치시,36
855,스포츠시설운영업,광주광역시,224
856,스포츠시설운영업,전라북도,254
857,스포츠시설운영업,전라남도,166
858,스포츠시설운영업,대구광역시,268
859,스포츠시설운영업,경상북도,253
860,스포츠시설운영업,부산광역시,438
861,스포츠시설운영업,울산광역시,124
862,스포츠시설운영업,경상남도,379
863,스포츠시설운영업,제주특별자치도,128
864,스포츠용품점,합계,"15,063"
865,스포츠용품점,서울특별시,"1,480"
866,스포츠용품점,인천광역시,508
867,스포츠용품점,경기도,"3,111"
868,스포츠용품점,강원도,844
869,스포츠용품점,대전광역시,393
870,스포츠용품점,충청북도,646
871,스포츠용품점,충청남도,"1,012"
872,스포츠용품점,세종특별자치시,59
873,스포츠용품점,광주광역시,428
874,스포츠용품점,전라북도,900
875,스포츠용품점,전라남도,917
876,스포츠용품점,대구광역시,679
877,스포츠용품점,경상북도,"1,247"
878,스포츠용품점,부산광역시,724
879,스포츠용품점,울산광역시,289
880,스포츠용품점,경상남도,"1,394"
881,스포츠용품점,제주특별자치도,432
882,시계ㆍ귀금속점,합계,"8,165"
883,시계ㆍ귀금속점,서울특별시,"1,895"
884,시계ㆍ귀금속점,인천광역시,348
885,시계ㆍ귀금속점,경기도,"1,284"
886,시계ㆍ귀금속점,강원도,238
887,시계ㆍ귀금속점,대전광역시,227
888,시계ㆍ귀금속점,충청북도,255
889,시계ㆍ귀금속점,충청남도,318
890,시계ㆍ귀금속점,세종특별자치시,17
891,시계ㆍ귀금속점,광주광역시,261
892,시계ㆍ귀금속점,전라북도,386
893,시계ㆍ귀금속점,전라남도,282
894,시계ㆍ귀금속점,대구광역시,537
895,시계ㆍ귀금속점,경상북도,436
896,시계ㆍ귀금속점,부산광역시,793
897,시계ㆍ귀금속점,울산광역시,222
898,시계ㆍ귀금속점,경상남도,565
899,시계ㆍ귀금속점,제주특별자치도,101
900,식료품가게,합계,"49,802"
901,식료품가게,서울특별시,"5,615"
902,식료품가게,인천광역시,"2,122"
903,식료품가게,경기도,"8,984"
904,식료품가게,강원도,"2,917"
905,식료품가게,대전광역시,"1,403"
906,식료품가게,충청북도,"2,310"
907,식료품가게,충청남도,"3,426"
908,식료품가게,세종특별자치시,229
909,식료품가게,광주광역시,"1,495"
910,식료품가게,전라북도,"3,482"
911,식료품가게,전라남도,"3,698"
912,식료품가게,대구광역시,"1,694"
913,식료품가게,경상북도,"3,616"
914,식료품가게,부산광역시,"3,170"
915,식료품가게,울산광역시,787
916,식료품가게,경상남도,"4,016"
917,식료품가게,제주특별자치도,838
918,신경정신과 의원,합계,"1,704"
919,신경정신과 의원,서울특별시,472
920,신경정신과 의원,인천광역시,70
921,신경정신과 의원,경기도,368
922,신경정신과 의원,강원도,37
923,신경정신과 의원,대전광역시,73
924,신경정신과 의원,충청북도,45
925,신경정신과 의원,충청남도,50
926,신경정신과 의원,세종특별자치시,11
927,신경정신과 의원,광주광역시,48
928,신경정신과 의원,전라북도,66
929,신경정신과 의원,전라남도,42
930,신경정신과 의원,대구광역시,107
931,신경정신과 의원,경상북도,50
932,신경정신과 의원,부산광역시,146
933,신경정신과 의원,울산광역시,25
934,신경정신과 의원,경상남도,72
935,신경정신과 의원,제주특별자치도,22
936,신발가게,합계,"6,723"
937,신발가게,서울특별시,"1,393"
938,신발가게,인천광역시,359
939,신발가게,경기도,"1,246"
940,신발가게,강원도,248
941,신발가게,대전광역시,208
942,신발가게,충청북도,233
943,신발가게,충청남도,288
944,신발가게,세종특별자치시,22
945,신발가게,광주광역시,213
946,신발가게,전라북도,309
947,신발가게,전라남도,269
948,신발가게,대구광역시,339
949,신발가게,경상북도,388
950,신발가게,부산광역시,559
951,신발가게,울산광역시,119
952,신발가게,경상남도,416
953,신발가게,제주특별자치도,114
954,실내스크린골프점,합계,"4,752"
955,실내스크린골프점,서울특별시,655
956,실내스크린골프점,인천광역시,200
957,실내스크린골프점,경기도,"1,225"
958,실내스크린골프점,강원도,152
959,실내스크린골프점,대전광역시,147
960,실내스크린골프점,충청북도,178
961,실내스크린골프점,충청남도,206
962,실내스크린골프점,세종특별자치시,25
963,실내스크린골프점,광주광역시,110
964,실내스크린골프점,전라북도,177
965,실내스크린골프점,전라남도,154
966,실내스크린골프점,대구광역시,286
967,실내스크린골프점,경상북도,275
968,실내스크린골프점,부산광역시,304
969,실내스크린골프점,울산광역시,170
970,실내스크린골프점,경상남도,409
971,실내스크린골프점,제주특별자치도,79
972,실내장식가게,합계,"54,733"
973,실내장식가게,서울특별시,"13,526"
974,실내장식가게,인천광역시,"3,169"
975,실내장식가게,경기도,"16,138"
976,실내장식가게,강원도,"1,048"
977,실내장식가게,대전광역시,"1,780"
978,실내장식가게,충청북도,"1,219"
979,실내장식가게,충청남도,"1,425"
980,실내장식가게,세종특별자치시,210
981,실내장식가게,광주광역시,"1,900"
982,실내장식가게,전라북도,241
983,실내장식가게,전라남도,"1,147"
984,실내장식가게,대구광역시,"2,501"
985,실내장식가게,경상북도,"1,722"
986,실내장식가게,부산광역시,"3,922"
987,실내장식가게,울산광역시,986
988,실내장식가게,경상남도,"2,633"
989,실내장식가게,제주특별자치도,"1,166"
990,실외골프연습장,합계,"2,288"
991,실외골프연습장,서울특별시,370
992,실외골프연습장,인천광역시,79
993,실외골프연습장,경기도,506
994,실외골프연습장,강원도,111
995,실외골프연습장,대전광역시,62
996,실외골프연습장,충청북도,104
997,실외골프연습장,충청남도,103
998,실외골프연습장,세종특별자치시,6
999,실외골프연습장,광주광역시,47
1000,실외골프연습장,전라북도,96
1001,실외골프연습장,전라남도,96
1002,실외골프연습장,대구광역시,99
1003,실외골프연습장,경상북도,197
1004,실외골프연습장,부산광역시,141
1005,실외골프연습장,울산광역시,49
1006,실외골프연습장,경상남도,168
1007,실외골프연습장,제주특별자치도,54
1008,안경점,합계,"9,202"
1009,안경점,서울특별시,"2,059"
1010,안경점,인천광역시,429
1011,안경점,경기도,"1,962"
1012,안경점,강원도,250
1013,안경점,대전광역시,319
1014,안경점,충청북도,288
1015,안경점,충청남도,340
1016,안경점,세종특별자치시,42
1017,안경점,광주광역시,349
1018,안경점,전라북도,350
1019,안경점,전라남도,305
1020,안경점,대구광역시,489
1021,안경점,경상북도,430
1022,안경점,부산광역시,644
1023,안경점,울산광역시,225
1024,안경점,경상남도,598
1025,안경점,제주특별자치도,123
1026,안과 의원,합계,"1,648"
1027,안과 의원,서울특별시,445
1028,안과 의원,인천광역시,66
1029,안과 의원,경기도,353
1030,안과 의원,강원도,43
1031,안과 의원,대전광역시,48
1032,안과 의원,충청북도,38
1033,안과 의원,충청남도,53
1034,안과 의원,세종특별자치시,5
1035,안과 의원,광주광역시,40
1036,안과 의원,전라북도,63
1037,안과 의원,전라남도,50
1038,안과 의원,대구광역시,101
1039,안과 의원,경상북도,68
1040,안과 의원,부산광역시,131
1041,안과 의원,울산광역시,33
1042,안과 의원,경상남도,91
1043,안과 의원,제주특별자치도,20
1044,애완용품점,합계,"7,904"
1045,애완용품점,서울특별시,"1,325"
1046,애완용품점,인천광역시,501
1047,애완용품점,경기도,"2,365"
1048,애완용품점,강원도,208
1049,애완용품점,대전광역시,271
1050,애완용품점,충청북도,235
1051,애완용품점,충청남도,314
1052,애완용품점,세종특별자치시,23
1053,애완용품점,광주광역시,199
1054,애완용품점,전라북도,209
1055,애완용품점,전라남도,181
1056,애완용품점,대구광역시,352
1057,애완용품점,경상북도,399
1058,애완용품점,부산광역시,599
1059,애완용품점,울산광역시,135
1060,애완용품점,경상남도,497
1061,애완용품점,제주특별자치도,91
1062,약국,합계,"22,515"
1063,약국,서울특별시,"5,068"
1064,약국,인천광역시,"1,099"
1065,약국,경기도,"4,934"
1066,약국,강원도,674
1067,약국,대전광역시,738
1068,약국,충청북도,667
1069,약국,충청남도,943
1070,약국,세종특별자치시,116
1071,약국,광주광역시,673
1072,약국,전라북도,909
1073,약국,전라남도,788
1074,약국,대구광역시,"1,275"
1075,약국,경상북도,"1,108"
1076,약국,부산광역시,"1,530"
1077,약국,울산광역시,416
1078,약국,경상남도,"1,288"
1079,약국,제주특별자치도,289
1080,여관ㆍ모텔,합계,"21,289"
1081,여관ㆍ모텔,서울특별시,"2,038"
1082,여관ㆍ모텔,인천광역시,840
1083,여관ㆍ모텔,경기도,"3,299"
1084,여관ㆍ모텔,강원도,"1,577"
1085,여관ㆍ모텔,대전광역시,655
1086,여관ㆍ모텔,충청북도,861
1087,여관ㆍ모텔,충청남도,"1,515"
1088,여관ㆍ모텔,세종특별자치시,67
1089,여관ㆍ모텔,광주광역시,523
1090,여관ㆍ모텔,전라북도,"1,027"
1091,여관ㆍ모텔,전라남도,"1,313"
1092,여관ㆍ모텔,대구광역시,739
1093,여관ㆍ모텔,경상북도,"1,978"
1094,여관ㆍ모텔,부산광역시,"1,425"
1095,여관ㆍ모텔,울산광역시,629
1096,여관ㆍ모텔,경상남도,"2,379"
1097,여관ㆍ모텔,제주특별자치도,424
1098,여행사,합계,"14,125"
1099,여행사,서울특별시,"5,614"
1100,여행사,인천광역시,413
1101,여행사,경기도,"1,732"
1102,여행사,강원도,337
1103,여행사,대전광역시,319
1104,여행사,충청북도,281
1105,여행사,충청남도,313
1106,여행사,세종특별자치시,51
1107,여행사,광주광역시,410
1108,여행사,전라북도,417
1109,여행사,전라남도,439
1110,여행사,대구광역시,530
1111,여행사,경상북도,462
1112,여행사,부산광역시,"1,088"
1113,여행사,울산광역시,190
1114,여행사,경상남도,580
1115,여행사,제주특별자치도,949
1116,예술학원,합계,"30,845"
1117,예술학원,서울특별시,"5,503"
1118,예술학원,인천광역시,"1,509"
1119,예술학원,경기도,"8,517"
1120,예술학원,강원도,864
1121,예술학원,대전광역시,905
1122,예술학원,충청북도,888
1123,예술학원,충청남도,"1,086"
1124,예술학원,세종특별자치시,259
1125,예술학원,광주광역시,"1,093"
1126,예술학원,전라북도,"1,327"
1127,예술학원,전라남도,875
1128,예술학원,대구광역시,"1,377"
1129,예술학원,경상북도,"1,387"
1130,예술학원,부산광역시,"1,810"
1131,예술학원,울산광역시,796
1132,예술학원,경상남도,"2,217"
1133,예술학원,제주특별자치도,432
1134,예식장,합계,930
1135,예식장,서울특별시,170
1136,예식장,인천광역시,30
1137,예식장,경기도,148
1138,예식장,강원도,40
1139,예식장,대전광역시,24
1140,예식장,충청북도,38
1141,예식장,충청남도,72
1142,예식장,세종특별자치시,5
1143,예식장,광주광역시,28
1144,예식장,전라북도,49
1145,예식장,전라남도,45
1146,예식장,대구광역시,42
1147,예식장,경상북도,67
1148,예식장,부산광역시,65
1149,예식장,울산광역시,15
1150,예식장,경상남도,71
1151,예식장,제주특별자치도,21
1152,옷가게,합계,"86,474"
1153,옷가게,서울특별시,"16,032"
1154,옷가게,인천광역시,"4,031"
1155,옷가게,경기도,"17,504"
1156,옷가게,강원도,"3,189"
1157,옷가게,대전광역시,"2,813"
1158,옷가게,충청북도,"2,967"
1159,옷가게,충청남도,"3,323"
1160,옷가게,세종특별자치시,347
1161,옷가게,광주광역시,"3,180"
1162,옷가게,전라북도,"3,498"
1163,옷가게,전라남도,"3,068"
1164,옷가게,대구광역시,"5,349"
1165,옷가게,경상북도,"4,695"
1166,옷가게,부산광역시,"7,156"
1167,옷가게,울산광역시,"1,842"
1168,옷가게,경상남도,"5,819"
1169,옷가게,제주특별자치도,"1,661"
1170,의료용품가게,합계,"7,018"
1171,의료용품가게,서울특별시,"1,585"
1172,의료용품가게,인천광역시,314
1173,의료용품가게,경기도,"1,512"
1174,의료용품가게,강원도,182
1175,의료용품가게,대전광역시,274
1176,의료용품가게,충청북도,176
1177,의료용품가게,충청남도,286
1178,의료용품가게,세종특별자치시,20
1179,의료용품가게,광주광역시,314
1180,의료용품가게,전라북도,330
1181,의료용품가게,전라남도,221
1182,의료용품가게,대구광역시,347
1183,의료용품가게,경상북도,264
1184,의료용품가게,부산광역시,587
1185,의료용품가게,울산광역시,110
1186,의료용품가게,경상남도,415
1187,의료용품가게,제주특별자치도,81
1188,이륜자동차판매점,합계,"2,649"
1189,이륜자동차판매점,서울특별시,468
1190,이륜자동차판매점,인천광역시,98
1191,이륜자동차판매점,경기도,445
1192,이륜자동차판매점,강원도,93
1193,이륜자동차판매점,대전광역시,57
1194,이륜자동차판매점,충청북도,87
1195,이륜자동차판매점,충청남도,147
1196,이륜자동차판매점,세종특별자치시,9
1197,이륜자동차판매점,광주광역시,67
1198,이륜자동차판매점,전라북도,127
1199,이륜자동차판매점,전라남도,148
1200,이륜자동차판매점,대구광역시,152
1201,이륜자동차판매점,경상북도,206
1202,이륜자동차판매점,부산광역시,211
1203,이륜자동차판매점,울산광역시,74
1204,이륜자동차판매점,경상남도,220
1205,이륜자동차판매점,제주특별자치도,40
1206,이발소,합계,"11,844"
1207,이발소,서울특별시,"2,167"
1208,이발소,인천광역시,410
1209,이발소,경기도,"2,090"
1210,이발소,강원도,646
1211,이발소,대전광역시,409
1212,이발소,충청북도,415
1213,이발소,충청남도,606
1214,이발소,세종특별자치시,33
1215,이발소,광주광역시,261
1216,이발소,전라북도,453
1217,이발소,전라남도,550
1218,이발소,대구광역시,584
1219,이발소,경상북도,877
1220,이발소,부산광역시,"1,024"
1221,이발소,울산광역시,372
1222,이발소,경상남도,785
1223,이발소,제주특별자치도,162
1224,이비인후과 의원,합계,"2,569"
1225,이비인후과 의원,서울특별시,679
1226,이비인후과 의원,인천광역시,136
1227,이비인후과 의원,경기도,645
1228,이비인후과 의원,강원도,49
1229,이비인후과 의원,대전광역시,82
1230,이비인후과 의원,충청북도,62
1231,이비인후과 의원,충청남도,55
1232,이비인후과 의원,세종특별자치시,15
1233,이비인후과 의원,광주광역시,76
1234,이비인후과 의원,전라북도,73
1235,이비인후과 의원,전라남도,48
1236,이비인후과 의원,대구광역시,159
1237,이비인후과 의원,경상북도,87
1238,이비인후과 의원,부산광역시,201
1239,이비인후과 의원,울산광역시,47
1240,이비인후과 의원,경상남도,128
1241,이비인후과 의원,제주특별자치도,27
1242,일반외과 의원,합계,"4,778"
1243,일반외과 의원,서울특별시,"1,066"
1244,일반외과 의원,인천광역시,261
1245,일반외과 의원,경기도,"1,117"
1246,일반외과 의원,강원도,131
1247,일반외과 의원,대전광역시,141
1248,일반외과 의원,충청북도,174
1249,일반외과 의원,충청남도,190
1250,일반외과 의원,세종특별자치시,33
1251,일반외과 의원,광주광역시,99
1252,일반외과 의원,전라북도,180
1253,일반외과 의원,전라남도,139
1254,일반외과 의원,대구광역시,302
1255,일반외과 의원,경상북도,233
1256,일반외과 의원,부산광역시,321
1257,일반외과 의원,울산광역시,77
1258,일반외과 의원,경상남도,244
1259,일반외과 의원,제주특별자치도,70
1260,일식전문점,합계,"18,300"
1261,일식전문점,서울특별시,"5,592"
1262,일식전문점,인천광역시,"1,001"
1263,일식전문점,경기도,"3,690"
1264,일식전문점,강원도,"1,003"
1265,일식전문점,대전광역시,450
1266,일식전문점,충청북도,502
1267,일식전문점,충청남도,753
1268,일식전문점,세종특별자치시,88
1269,일식전문점,광주광역시,265
1270,일식전문점,전라북도,500
1271,일식전문점,전라남도,430
1272,일식전문점,대구광역시,835
1273,일식전문점,경상북도,550
1274,일식전문점,부산광역시,"1,074"
1275,일식전문점,울산광역시,274
1276,일식전문점,경상남도,761
1277,일식전문점,제주특별자치도,532
1278,자동차수리점,합계,"43,588"
1279,자동차수리점,서울특별시,"4,854"
1280,자동차수리점,인천광역시,"2,297"
1281,자동차수리점,경기도,"10,933"
1282,자동차수리점,강원도,"1,768"
1283,자동차수리점,대전광역시,"1,403"
1284,자동차수리점,충청북도,"1,809"
1285,자동차수리점,충청남도,"2,416"
1286,자동차수리점,세종특별자치시,188
1287,자동차수리점,광주광역시,"1,515"
1288,자동차수리점,전라북도,"2,003"
1289,자동차수리점,전라남도,"1,989"
1290,자동차수리점,대구광역시,"2,236"
1291,자동차수리점,경상북도,"3,029"
1292,자동차수리점,부산광역시,"2,336"
1293,자동차수리점,울산광역시,"1,071"
1294,자동차수리점,경상남도,"3,180"
1295,자동차수리점,제주특별자치도,561
1296,자전거판매점,합계,"2,559"
1297,자전거판매점,서울특별시,412
1298,자전거판매점,인천광역시,109
1299,자전거판매점,경기도,617
1300,자전거판매점,강원도,89
1301,자전거판매점,대전광역시,97
1302,자전거판매점,충청북도,84
1303,자전거판매점,충청남도,112
1304,자전거판매점,세종특별자치시,12
1305,자전거판매점,광주광역시,63
1306,자전거판매점,전라북도,134
1307,자전거판매점,전라남도,99
1308,자전거판매점,대구광역시,160
1309,자전거판매점,경상북도,165
1310,자전거판매점,부산광역시,109
1311,자전거판매점,울산광역시,61
1312,자전거판매점,경상남도,203
1313,자전거판매점,제주특별자치도,33
1314,장난감가게,합계,"3,071"
1315,장난감가게,서울특별시,562
1316,장난감가게,인천광역시,137
1317,장난감가게,경기도,864
1318,장난감가게,강원도,94
1319,장난감가게,대전광역시,94
1320,장난감가게,충청북도,94
1321,장난감가게,충청남도,130
1322,장난감가게,세종특별자치시,25
1323,장난감가게,광주광역시,80
1324,장난감가게,전라북도,102
1325,장난감가게,전라남도,105
1326,장난감가게,대구광역시,139
1327,장난감가게,경상북도,166
1328,장난감가게,부산광역시,191
1329,장난감가게,울산광역시,62
1330,장난감가게,경상남도,167
1331,장난감가게,제주특별자치도,59
1332,정육점,합계,"19,676"
1333,정육점,서울특별시,"2,799"
1334,정육점,인천광역시,"1,046"
1335,정육점,경기도,"4,286"
1336,정육점,강원도,848
1337,정육점,대전광역시,754
1338,정육점,충청북도,774
1339,정육점,충청남도,"1,014"
1340,정육점,세종특별자치시,113
1341,정육점,광주광역시,531
1342,정육점,전라북도,"1,050"
1343,정육점,전라남도,803
1344,정육점,대구광역시,"1,275"
1345,정육점,경상북도,"1,242"
1346,정육점,부산광역시,"1,103"
1347,정육점,울산광역시,564
1348,정육점,경상남도,"1,193"
1349,정육점,제주특별자치도,281
1350,제과점,합계,"16,806"
1351,제과점,서울특별시,"3,538"
1352,제과점,인천광역시,774
1353,제과점,경기도,"3,863"
1354,제과점,강원도,547
1355,제과점,대전광역시,511
1356,제과점,충청북도,522
1357,제과점,충청남도,679
1358,제과점,세종특별자치시,114
1359,제과점,광주광역시,477
1360,제과점,전라북도,602
1361,제과점,전라남도,552
1362,제과점,대구광역시,884
1363,제과점,경상북도,886
1364,제과점,부산광역시,"1,067"
1365,제과점,울산광역시,352
1366,제과점,경상남도,"1,050"
1367,제과점,제주특별자치도,388
1368,종합병원,합계,"3,383"
1369,종합병원,서울특별시,437
1370,종합병원,인천광역시,143
1371,종합병원,경기도,664
1372,종합병원,강원도,89
1373,종합병원,대전광역시,100
1374,종합병원,충청북도,99
1375,종합병원,충청남도,139
1376,종합병원,세종특별자치시,12
1377,종합병원,광주광역시,164
1378,종합병원,전라북도,168
1379,종합병원,전라남도,197
1380,종합병원,대구광역시,191
1381,종합병원,경상북도,230
1382,종합병원,부산광역시,339
1383,종합병원,울산광역시,93
1384,종합병원,경상남도,293
1385,종합병원,제주특별자치도,25
1386,주유소,합계,"10,719"
1387,주유소,서울특별시,394
1388,주유소,인천광역시,276
1389,주유소,경기도,"2,157"
1390,주유소,강원도,633
1391,주유소,대전광역시,226
1392,주유소,충청북도,709
1393,주유소,충청남도,"1,000"
1394,주유소,세종특별자치시,67
1395,주유소,광주광역시,263
1396,주유소,전라북도,843
1397,주유소,전라남도,813
1398,주유소,대구광역시,328
1399,주유소,경상북도,"1,214"
1400,주유소,부산광역시,359
1401,주유소,울산광역시,214
1402,주유소,경상남도,"1,039"
1403,주유소,제주특별자치도,184
1404,주차장운영업,합계,"7,608"
1405,주차장운영업,서울특별시,"1,749"
1406,주차장운영업,인천광역시,299
1407,주차장운영업,경기도,"1,201"
1408,주차장운영업,강원도,145
1409,주차장운영업,대전광역시,166
1410,주차장운영업,충청북도,147
1411,주차장운영업,충청남도,125
1412,주차장운영업,세종특별자치시,21
1413,주차장운영업,광주광역시,255
1414,주차장운영업,전라북도,116
1415,주차장운영업,전라남도,95
1416,주차장운영업,대구광역시,429
1417,주차장운영업,경상북도,241
1418,주차장운영업,부산광역시,"1,710"
1419,주차장운영업,울산광역시,223
1420,주차장운영업,경상남도,644
1421,주차장운영업,제주특별자치도,42
1422,중고차판매점,합계,"4,802"
1423,중고차판매점,서울특별시,478
1424,중고차판매점,인천광역시,285
1425,중고차판매점,경기도,"1,030"
1426,중고차판매점,강원도,159
1427,중고차판매점,대전광역시,167
1428,중고차판매점,충청북도,197
1429,중고차판매점,충청남도,212
1430,중고차판매점,세종특별자치시,3
1431,중고차판매점,광주광역시,238
1432,중고차판매점,전라북도,293
1433,중고차판매점,전라남도,214
1434,중고차판매점,대구광역시,479
1435,중고차판매점,경상북도,335
1436,중고차판매점,부산광역시,232
1437,중고차판매점,울산광역시,104
1438,중고차판매점,경상남도,323
1439,중고차판매점,제주특별자치도,53
1440,중식전문점,합계,"23,857"
1441,중식전문점,서울특별시,"4,675"
1442,중식전문점,인천광역시,"1,142"
1443,중식전문점,경기도,"4,964"
1444,중식전문점,강원도,"1,011"
1445,중식전문점,대전광역시,554
1446,중식전문점,충청북도,887
1447,중식전문점,충청남도,"1,209"
1448,중식전문점,세종특별자치시,144
1449,중식전문점,광주광역시,486
1450,중식전문점,전라북도,"1,033"
1451,중식전문점,전라남도,820
1452,중식전문점,대구광역시,"1,242"
1453,중식전문점,경상북도,"1,454"
1454,중식전문점,부산광역시,"1,740"
1455,중식전문점,울산광역시,470
1456,중식전문점,경상남도,"1,641"
1457,중식전문점,제주특별자치도,385
1458,채소가게,합계,"11,090"
1459,채소가게,서울특별시,"1,535"
1460,채소가게,인천광역시,529
1461,채소가게,경기도,"1,935"
1462,채소가게,강원도,765
1463,채소가게,대전광역시,269
1464,채소가게,충청북도,493
1465,채소가게,충청남도,677
1466,채소가게,세종특별자치시,54
1467,채소가게,광주광역시,219
1468,채소가게,전라북도,619
1469,채소가게,전라남도,709
1470,채소가게,대구광역시,439
1471,채소가게,경상북도,914
1472,채소가게,부산광역시,699
1473,채소가게,울산광역시,128
1474,채소가게,경상남도,816
1475,채소가게,제주특별자치도,290
1476,철물점,합계,"8,841"
1477,철물점,서울특별시,"1,401"
1478,철물점,인천광역시,503
1479,철물점,경기도,"1,864"
1480,철물점,강원도,450
1481,철물점,대전광역시,279
1482,철물점,충청북도,351
1483,철물점,충청남도,457
1484,철물점,세종특별자치시,38
1485,철물점,광주광역시,293
1486,철물점,전라북도,425
1487,철물점,전라남도,461
1488,철물점,대구광역시,346
1489,철물점,경상북도,488
1490,철물점,부산광역시,666
1491,철물점,울산광역시,174
1492,철물점,경상남도,544
1493,철물점,제주특별자치도,101
1494,치과병원ㆍ의원,합계,"18,151"
1495,치과병원ㆍ의원,서울특별시,"4,888"
1496,치과병원ㆍ의원,인천광역시,913
1497,치과병원ㆍ의원,경기도,"4,247"
1498,치과병원ㆍ의원,강원도,390
1499,치과병원ㆍ의원,대전광역시,534
1500,치과병원ㆍ의원,충청북도,427
1501,치과병원ㆍ의원,충청남도,568
1502,치과병원ㆍ의원,세종특별자치시,84
1503,치과병원ㆍ의원,광주광역시,634
1504,치과병원ㆍ의원,전라북도,579
1505,치과병원ㆍ의원,전라남도,487
1506,치과병원ㆍ의원,대구광역시,898
1507,치과병원ㆍ의원,경상북도,684
1508,치과병원ㆍ의원,부산광역시,"1,304"
1509,치과병원ㆍ의원,울산광역시,386
1510,치과병원ㆍ의원,경상남도,912
1511,치과병원ㆍ의원,제주특별자치도,216
1512,침구ㆍ커튼가게,합계,"9,986"
1513,침구ㆍ커튼가게,서울특별시,"1,318"
1514,침구ㆍ커튼가게,인천광역시,424
1515,침구ㆍ커튼가게,경기도,"1,903"
1516,침구ㆍ커튼가게,강원도,402
1517,침구ㆍ커튼가게,대전광역시,430
1518,침구ㆍ커튼가게,충청북도,401
1519,침구ㆍ커튼가게,충청남도,506
1520,침구ㆍ커튼가게,세종특별자치시,53
1521,침구ㆍ커튼가게,광주광역시,393
1522,침구ㆍ커튼가게,전라북도,493
1523,침구ㆍ커튼가게,전라남도,488
1524,침구ㆍ커튼가게,대구광역시,654
1525,침구ㆍ커튼가게,경상북도,674
1526,침구ㆍ커튼가게,부산광역시,701
1527,침구ㆍ커튼가게,울산광역시,234
1528,침구ㆍ커튼가게,경상남도,690
1529,침구ㆍ커튼가게,제주특별자치도,222
1530,커피음료점,합계,"57,190"
1531,커피음료점,서울특별시,"11,556"
1532,커피음료점,인천광역시,"2,824"
1533,커피음료점,경기도,"12,007"
1534,커피음료점,강원도,"2,007"
1535,커피음료점,대전광역시,"2,085"
1536,커피음료점,충청북도,"1,937"
1537,커피음료점,충청남도,"2,550"
1538,커피음료점,세종특별자치시,370
1539,커피음료점,광주광역시,"1,446"
1540,커피음료점,전라북도,"2,345"
1541,커피음료점,전라남도,"1,966"
1542,커피음료점,대구광역시,"2,681"
1543,커피음료점,경상북도,"4,056"
1544,커피음료점,부산광역시,"3,181"
1545,커피음료점,울산광역시,"1,353"
1546,커피음료점,경상남도,"3,686"
1547,커피음료점,제주특별자치도,"1,140"
1548,컴퓨터판매점,합계,"5,030"
1549,컴퓨터판매점,서울특별시,"1,006"
1550,컴퓨터판매점,인천광역시,211
1551,컴퓨터판매점,경기도,"1,120"
1552,컴퓨터판매점,강원도,181
1553,컴퓨터판매점,대전광역시,180
1554,컴퓨터판매점,충청북도,188
1555,컴퓨터판매점,충청남도,217
1556,컴퓨터판매점,세종특별자치시,37
1557,컴퓨터판매점,광주광역시,187
1558,컴퓨터판매점,전라북도,216
1559,컴퓨터판매점,전라남도,181
1560,컴퓨터판매점,대구광역시,226
1561,컴퓨터판매점,경상북도,321
1562,컴퓨터판매점,부산광역시,246
1563,컴퓨터판매점,울산광역시,95
1564,컴퓨터판매점,경상남도,325
1565,컴퓨터판매점,제주특별자치도,93
1566,통신판매업,합계,"242,982"
1567,통신판매업,서울특별시,"72,591"
1568,통신판매업,인천광역시,"16,144"
1569,통신판매업,경기도,"70,948"
1570,통신판매업,강원도,"3,261"
1571,통신판매업,대전광역시,"5,839"
1572,통신판매업,충청북도,"4,583"
1573,통신판매업,충청남도,"5,878"
1574,통신판매업,세종특별자치시,"1,078"
1575,통신판매업,광주광역시,"5,583"
1576,통신판매업,전라북도,"4,731"
1577,통신판매업,전라남도,"4,348"
1578,통신판매업,대구광역시,"11,524"
1579,통신판매업,경상북도,"7,611"
1580,통신판매업,부산광역시,"15,139"
1581,통신판매업,울산광역시,"2,947"
1582,통신판매업,경상남도,"8,940"
1583,통신판매업,제주특별자치도,"1,837"
1584,패스트푸드점,합계,"37,620"
1585,패스트푸드점,서울특별시,"6,058"
1586,패스트푸드점,인천광역시,"1,682"
1587,패스트푸드점,경기도,"8,136"
1588,패스트푸드점,강원도,"1,865"
1589,패스트푸드점,대전광역시,"1,015"
1590,패스트푸드점,충청북도,"1,553"
1591,패스트푸드점,충청남도,"2,016"
1592,패스트푸드점,세종특별자치시,320
1593,패스트푸드점,광주광역시,"1,050"
1594,패스트푸드점,전라북도,"1,598"
1595,패스트푸드점,전라남도,"1,503"
1596,패스트푸드점,대구광역시,"1,378"
1597,패스트푸드점,경상북도,"2,250"
1598,패스트푸드점,부산광역시,"2,482"
1599,패스트푸드점,울산광역시,966
1600,패스트푸드점,경상남도,"3,164"
1601,패스트푸드점,제주특별자치도,584
1602,펜션ㆍ게스트하우스,합계,"12,506"
1603,펜션ㆍ게스트하우스,서울특별시,644
1604,펜션ㆍ게스트하우스,인천광역시,573
1605,펜션ㆍ게스트하우스,경기도,"1,678"
1606,펜션ㆍ게스트하우스,강원도,"2,162"
1607,펜션ㆍ게스트하우스,대전광역시,19
1608,펜션ㆍ게스트하우스,충청북도,356
1609,펜션ㆍ게스트하우스,충청남도,"1,166"
1610,펜션ㆍ게스트하우스,세종특별자치시,4
1611,펜션ㆍ게스트하우스,광주광역시,20
1612,펜션ㆍ게스트하우스,전라북도,370
1613,펜션ㆍ게스트하우스,전라남도,638
1614,펜션ㆍ게스트하우스,대구광역시,26
1615,펜션ㆍ게스트하우스,경상북도,"1,082"
1616,펜션ㆍ게스트하우스,부산광역시,140
1617,펜션ㆍ게스트하우스,울산광역시,121
1618,펜션ㆍ게스트하우스,경상남도,"1,243"
1619,펜션ㆍ게스트하우스,제주특별자치도,"2,264"
1620,편의점,합계,"40,801"
1621,편의점,서울특별시,"7,983"
1622,편의점,인천광역시,"2,183"
1623,편의점,경기도,"10,021"
1624,편의점,강원도,"1,637"
1625,편의점,대전광역시,"1,106"
1626,편의점,충청북도,"1,458"
1627,편의점,충청남도,"2,166"
1628,편의점,세종특별자치시,245
1629,편의점,광주광역시,"1,027"
1630,편의점,전라북도,"1,196"
1631,편의점,전라남도,"1,112"
1632,편의점,대구광역시,"1,525"
1633,편의점,경상북도,"1,872"
1634,편의점,부산광역시,"2,420"
1635,편의점,울산광역시,894
1636,편의점,경상남도,"2,845"
1637,편의점,제주특별자치도,"1,111"
1638,피부관리업,합계,"35,700"
1639,피부관리업,서울특별시,"7,060"
1640,피부관리업,인천광역시,"2,040"
1641,피부관리업,경기도,"8,271"
1642,피부관리업,강원도,"1,035"
1643,피부관리업,대전광역시,"1,161"
1644,피부관리업,충청북도,"1,054"
1645,피부관리업,충청남도,"1,262"
1646,피부관리업,세종특별자치시,155
1647,피부관리업,광주광역시,"1,522"
1648,피부관리업,전라북도,"1,134"
1649,피부관리업,전라남도,"1,307"
1650,피부관리업,대구광역시,"1,531"
1651,피부관리업,경상북도,"1,496"
1652,피부관리업,부산광역시,"2,609"
1653,피부관리업,울산광역시,782
1654,피부관리업,경상남도,"2,588"
1655,피부관리업,제주특별자치도,693
1656,피부ㆍ비뇨기과 의원,합계,"3,860"
1657,피부ㆍ비뇨기과 의원,서울특별시,"1,320"
1658,피부ㆍ비뇨기과 의원,인천광역시,169
1659,피부ㆍ비뇨기과 의원,경기도,810
1660,피부ㆍ비뇨기과 의원,강원도,58
1661,피부ㆍ비뇨기과 의원,대전광역시,110
1662,피부ㆍ비뇨기과 의원,충청북도,75
1663,피부ㆍ비뇨기과 의원,충청남도,98
1664,피부ㆍ비뇨기과 의원,세종특별자치시,15
1665,피부ㆍ비뇨기과 의원,광주광역시,124
1666,피부ㆍ비뇨기과 의원,전라북도,88
1667,피부ㆍ비뇨기과 의원,전라남도,73
1668,피부ㆍ비뇨기과 의원,대구광역시,202
1669,피부ㆍ비뇨기과 의원,경상북도,104
1670,피부ㆍ비뇨기과 의원,부산광역시,327
1671,피부ㆍ비뇨기과 의원,울산광역시,76
1672,피부ㆍ비뇨기과 의원,경상남도,169
1673,피부ㆍ비뇨기과 의원,제주특별자치도,42
1674,한방병원ㆍ한의원,합계,"14,803"
1675,한방병원ㆍ한의원,서울특별시,"3,710"
1676,한방병원ㆍ한의원,인천광역시,689
1677,한방병원ㆍ한의원,경기도,"3,201"
1678,한방병원ㆍ한의원,강원도,359
1679,한방병원ㆍ한의원,대전광역시,524
1680,한방병원ㆍ한의원,충청북도,403
1681,한방병원ㆍ한의원,충청남도,526
1682,한방병원ㆍ한의원,세종특별자치시,73
1683,한방병원ㆍ한의원,광주광역시,415
1684,한방병원ㆍ한의원,전라북도,539
1685,한방병원ㆍ한의원,전라남도,401
1686,한방병원ㆍ한의원,대구광역시,884
1687,한방병원ㆍ한의원,경상북도,644
1688,한방병원ㆍ한의원,부산광역시,"1,144"
1689,한방병원ㆍ한의원,울산광역시,283
1690,한방병원ㆍ한의원,경상남도,815
1691,한방병원ㆍ한의원,제주특별자치도,193
1692,한식전문점,합계,"383,093"
1693,한식전문점,서울특별시,"53,100"
1694,한식전문점,인천광역시,"17,386"
1695,한식전문점,경기도,"79,073"
1696,한식전문점,강원도,"19,453"
1697,한식전문점,대전광역시,"11,553"
1698,한식전문점,충청북도,"15,214"
1699,한식전문점,충청남도,"19,327"
1700,한식전문점,세종특별자치시,"2,006"
1701,한식전문점,광주광역시,"9,726"
1702,한식전문점,전라북도,"14,123"
1703,한식전문점,전라남도,"17,508"
1704,한식전문점,대구광역시,"19,570"
1705,한식전문점,경상북도,"29,218"
1706,한식전문점,부산광역시,"24,153"
1707,한식전문점,울산광역시,"10,887"
1708,한식전문점,경상남도,"32,161"
1709,한식전문점,제주특별자치도,"8,635"
1710,헬스클럽,합계,"7,390"
1711,헬스클럽,서울특별시,"1,762"
1712,헬스클럽,인천광역시,394
1713,헬스클럽,경기도,"1,774"
1714,헬스클럽,강원도,210
1715,헬스클럽,대전광역시,232
1716,헬스클럽,충청북도,258
1717,헬스클럽,충청남도,263
1718,헬스클럽,세종특별자치시,34
1719,헬스클럽,광주광역시,225
1720,헬스클럽,전라북도,220
1721,헬스클럽,전라남도,165
1722,헬스클럽,대구광역시,365
1723,헬스클럽,경상북도,344
1724,헬스클럽,부산광역시,500
1725,헬스클럽,울산광역시,133
1726,헬스클럽,경상남도,402
1727,헬스클럽,제주특별자치도,109
1728,호프전문점,합계,"34,296"
1729,호프전문점,서울특별시,"7,255"
1730,호프전문점,인천광역시,"1,796"
1731,호프전문점,경기도,"7,120"
1732,호프전문점,강원도,"1,431"
1733,호프전문점,대전광역시,"1,006"
1734,호프전문점,충청북도,"1,805"
1735,호프전문점,충청남도,"1,666"
1736,호프전문점,세종특별자치시,158
1737,호프전문점,광주광역시,"2,361"
1738,호프전문점,전라북도,"1,358"
1739,호프전문점,전라남도,"2,374"
1740,호프전문점,대구광역시,577
1741,호프전문점,경상북도,"1,035"
1742,호프전문점,부산광역시,"1,851"
1743,호프전문점,울산광역시,365
1744,호프전문점,경상남도,"1,509"
1745,호프전문점,제주특별자치도,629
1746,화장품가게,합계,"35,070"
1747,화장품가게,서울특별시,"6,763"
1748,화장품가게,인천광역시,"1,448"
1749,화장품가게,경기도,"7,835"
1750,화장품가게,강원도,"1,091"
1751,화장품가게,대전광역시,"1,220"
1752,화장품가게,충청북도,"1,030"
1753,화장품가게,충청남도,"1,314"
1754,화장품가게,세종특별자치시,141
1755,화장품가게,광주광역시,"1,136"
1756,화장품가게,전라북도,"1,416"
1757,화장품가게,전라남도,"1,062"
1758,화장품가게,대구광역시,"2,156"
1759,화장품가게,경상북도,"1,870"
1760,화장품가게,부산광역시,"2,478"
1761,화장품가게,울산광역시,971
1762,화장품가게,경상남도,"2,451"
1763,화장품가게,제주특별자치도,688
1764,휴대폰가게,합계,"18,011"
1765,휴대폰가게,서울특별시,"3,047"
1766,휴대폰가게,인천광역시,911
1767,휴대폰가게,경기도,"3,918"
1768,휴대폰가게,강원도,594
1769,휴대폰가게,대전광역시,662
1770,휴대폰가게,충청북도,546
1771,휴대폰가게,충청남도,861
1772,휴대폰가게,세종특별자치시,68
1773,휴대폰가게,광주광역시,578
1774,휴대폰가게,전라북도,727
1775,휴대폰가게,전라남도,609
1776,휴대폰가게,대구광역시,"1,017"
1777,휴대폰가게,경상북도,"1,060"
1778,휴대폰가게,부산광역시,"1,371"
1779,휴대폰가게,울산광역시,502
1780,휴대폰가게,경상남도,"1,312"
1781,휴대폰가게,제주특별자치도,228
1782,LPG 충전소,합계,"1,612"
1783,LPG 충전소,서울특별시,77
1784,LPG 충전소,인천광역시,70
1785,LPG 충전소,경기도,379
1786,LPG 충전소,강원도,94
1787,LPG 충전소,대전광역시,38
1788,LPG 충전소,충청북도,75
1789,LPG 충전소,충청남도,129
1790,LPG 충전소,세종특별자치시,4
1791,LPG 충전소,광주광역시,39
1792,LPG 충전소,전라북도,101
1793,LPG 충전소,전라남도,123
1794,LPG 충전소,대구광역시,45
1795,LPG 충전소,경상북도,163
1796,LPG 충전소,부산광역시,58
1797,LPG 충전소,울산광역시,30
1798,LPG 충전소,경상남도,151
1799,LPG 충전소,제주특별자치도,36
1800,PC방,합계,"10,391"
1801,PC방,서울특별시,"1,698"
1802,PC방,인천광역시,531
1803,PC방,경기도,"2,414"
1804,PC방,강원도,433
1805,PC방,대전광역시,333
1806,PC방,충청북도,331
1807,PC방,충청남도,444
1808,PC방,세종특별자치시,42
1809,PC방,광주광역시,421
1810,PC방,전라북도,424
1811,PC방,전라남도,380
1812,PC방,대구광역시,571
1813,PC방,경상북도,583
1814,PC방,부산광역시,650
1815,PC방,울산광역시,284
1816,PC방,경상남도,678
1817,PC방,제주특별자치도,174
