,corp,city,2
0,업종전체,합계," 2,389,698 "
1,업종전체,서울특별시," 476,341 "
2,업종전체,인천광역시," 121,552 "
3,업종전체,경기도," 551,603 "
4,업종전체,강원도," 85,274 "
5,업종전체,대전광역시," 70,226 "
6,업종전체,충청북도," 77,078 "
7,업종전체,충청남도," 100,995 "
8,업종전체,세종특별자치시," 12,461 "
9,업종전체,광주광역시," 70,526 "
10,업종전체,전라북도," 84,743 "
11,업종전체,전라남도," 85,297 "
12,업종전체,대구광역시," 114,676 "
13,업종전체,경상북도," 129,179 "
14,업종전체,부산광역시," 157,267 "
15,업종전체,울산광역시," 51,419 "
16,업종전체,경상남도," 157,090 "
17,업종전체,제주특별자치도," 43,971 "
18,가구점,합계," 7,521 "
19,가구점,서울특별시," 1,028 "
20,가구점,인천광역시, 299 
21,가구점,경기도," 1,908 "
22,가구점,강원도, 302 
23,가구점,대전광역시, 210 
24,가구점,충청북도, 288 
25,가구점,충청남도, 298 
26,가구점,세종특별자치시, 24 
27,가구점,광주광역시, 213 
28,가구점,전라북도, 396 
29,가구점,전라남도, 269 
30,가구점,대구광역시, 370 
31,가구점,경상북도, 475 
32,가구점,부산광역시, 516 
33,가구점,울산광역시, 183 
34,가구점,경상남도, 547 
35,가구점,제주특별자치도, 195 
36,가전제품수리점,합계," 15,251 "
37,가전제품수리점,서울특별시," 2,427 "
38,가전제품수리점,인천광역시," 1,099 "
39,가전제품수리점,경기도," 4,466 "
40,가전제품수리점,강원도, 531 
41,가전제품수리점,대전광역시, 510 
42,가전제품수리점,충청북도, 465 
43,가전제품수리점,충청남도, 649 
44,가전제품수리점,세종특별자치시, 66 
45,가전제품수리점,광주광역시, 447 
46,가전제품수리점,전라북도, 496 
47,가전제품수리점,전라남도, 502 
48,가전제품수리점,대구광역시, 729 
49,가전제품수리점,경상북도, 542 
50,가전제품수리점,부산광역시, 932 
51,가전제품수리점,울산광역시, 302 
52,가전제품수리점,경상남도, 890 
53,가전제품수리점,제주특별자치도, 198 
54,가전제품판매점,합계," 10,100 "
55,가전제품판매점,서울특별시," 1,538 "
56,가전제품판매점,인천광역시, 361 
57,가전제품판매점,경기도," 1,931 "
58,가전제품판매점,강원도, 467 
59,가전제품판매점,대전광역시, 306 
60,가전제품판매점,충청북도, 436 
61,가전제품판매점,충청남도, 531 
62,가전제품판매점,세종특별자치시, 42 
63,가전제품판매점,광주광역시, 349 
64,가전제품판매점,전라북도, 528 
65,가전제품판매점,전라남도, 579 
66,가전제품판매점,대구광역시, 523 
67,가전제품판매점,경상북도, 697 
68,가전제품판매점,부산광역시, 613 
69,가전제품판매점,울산광역시, 201 
70,가전제품판매점,경상남도, 753 
71,가전제품판매점,제주특별자치도, 245 
72,간이주점,합계," 14,756 "
73,간이주점,서울특별시," 4,798 "
74,간이주점,인천광역시," 1,527 "
75,간이주점,경기도," 2,878 "
76,간이주점,강원도, 433 
77,간이주점,대전광역시, 74 
78,간이주점,충청북도, 471 
79,간이주점,충청남도, 681 
80,간이주점,세종특별자치시, 16 
81,간이주점,광주광역시, 190 
82,간이주점,전라북도, 324 
83,간이주점,전라남도, 253 
84,간이주점,대구광역시, 286 
85,간이주점,경상북도, 394 
86,간이주점,부산광역시, 940 
87,간이주점,울산광역시, 110 
88,간이주점,경상남도," 1,204 "
89,간이주점,제주특별자치도, 177 
90,간판광고물업,합계," 12,987 "
91,간판광고물업,서울특별시," 2,669 "
92,간판광고물업,인천광역시, 549 
93,간판광고물업,경기도," 3,172 "
94,간판광고물업,강원도, 514 
95,간판광고물업,대전광역시, 394 
96,간판광고물업,충청북도, 377 
97,간판광고물업,충청남도, 455 
98,간판광고물업,세종특별자치시, 26 
99,간판광고물업,광주광역시, 443 
100,간판광고물업,전라북도, 500 
101,간판광고물업,전라남도, 472 
102,간판광고물업,대구광역시, 781 
103,간판광고물업,경상북도, 656 
104,간판광고물업,부산광역시, 831 
105,간판광고물업,울산광역시, 260 
106,간판광고물업,경상남도, 697 
107,간판광고물업,제주특별자치도, 191 
108,감정평가사,합계," 1,169 "
109,감정평가사,서울특별시, 255 
110,감정평가사,인천광역시, 78 
111,감정평가사,경기도, 374 
112,감정평가사,강원도, 33 
113,감정평가사,대전광역시, 30 
114,감정평가사,충청북도, 29 
115,감정평가사,충청남도, 36 
116,감정평가사,세종특별자치시, 12 
117,감정평가사,광주광역시, 37 
118,감정평가사,전라북도, 38 
119,감정평가사,전라남도, 18 
120,감정평가사,대구광역시, 55 
121,감정평가사,경상북도, 20 
122,감정평가사,부산광역시, 58 
123,감정평가사,울산광역시, 19 
124,감정평가사,경상남도, 62 
125,감정평가사,제주특별자치도, 15 
126,건강보조식품가게,합계," 13,478 "
127,건강보조식품가게,서울특별시," 2,169 "
128,건강보조식품가게,인천광역시, 657 
129,건강보조식품가게,경기도," 2,674 "
130,건강보조식품가게,강원도, 502 
131,건강보조식품가게,대전광역시, 463 
132,건강보조식품가게,충청북도, 441 
133,건강보조식품가게,충청남도," 1,241 "
134,건강보조식품가게,세종특별자치시, 48 
135,건강보조식품가게,광주광역시, 397 
136,건강보조식품가게,전라북도, 711 
137,건강보조식품가게,전라남도, 488 
138,건강보조식품가게,대구광역시, 584 
139,건강보조식품가게,경상북도, 892 
140,건강보조식품가게,부산광역시, 830 
141,건강보조식품가게,울산광역시, 216 
142,건강보조식품가게,경상남도," 1,000 "
143,건강보조식품가게,제주특별자치도, 165 
144,건어물가게,합계," 7,201 "
145,건어물가게,서울특별시, 745 
146,건어물가게,인천광역시, 368 
147,건어물가게,경기도, 813 
148,건어물가게,강원도, 671 
149,건어물가게,대전광역시, 121 
150,건어물가게,충청북도, 117 
151,건어물가게,충청남도, 640 
152,건어물가게,세종특별자치시, 11 
153,건어물가게,광주광역시, 178 
154,건어물가게,전라북도, 364 
155,건어물가게,전라남도, 922 
156,건어물가게,대구광역시, 155 
157,건어물가게,경상북도, 654 
158,건어물가게,부산광역시, 495 
159,건어물가게,울산광역시, 127 
160,건어물가게,경상남도, 711 
161,건어물가게,제주특별자치도, 109 
162,건축사,합계," 9,788 "
163,건축사,서울특별시," 2,505 "
164,건축사,인천광역시, 347 
165,건축사,경기도," 2,052 "
166,건축사,강원도, 324 
167,건축사,대전광역시, 215 
168,건축사,충청북도, 276 
169,건축사,충청남도, 340 
170,건축사,세종특별자치시, 55 
171,건축사,광주광역시, 234 
172,건축사,전라북도, 350 
173,건축사,전라남도, 267 
174,건축사,대구광역시, 670 
175,건축사,경상북도, 470 
176,건축사,부산광역시, 674 
177,건축사,울산광역시, 210 
178,건축사,경상남도, 510 
179,건축사,제주특별자치도, 289 
180,결혼상담소,합계," 1,617 "
181,결혼상담소,서울특별시, 441 
182,결혼상담소,인천광역시, 67 
183,결혼상담소,경기도, 246 
184,결혼상담소,강원도, 27 
185,결혼상담소,대전광역시, 67 
186,결혼상담소,충청북도, 54 
187,결혼상담소,충청남도, 73 
188,결혼상담소,세종특별자치시, 6 
189,결혼상담소,광주광역시, 76 
190,결혼상담소,전라북도, 77 
191,결혼상담소,전라남도, 49 
192,결혼상담소,대구광역시, 108 
193,결혼상담소,경상북도, 60 
194,결혼상담소,부산광역시, 110 
195,결혼상담소,울산광역시, 25 
196,결혼상담소,경상남도, 99 
197,결혼상담소,제주특별자치도, 32 
198,곡물가게,합계," 5,034 "
199,곡물가게,서울특별시, 654 
200,곡물가게,인천광역시, 199 
201,곡물가게,경기도, 880 
202,곡물가게,강원도, 331 
203,곡물가게,대전광역시, 147 
204,곡물가게,충청북도, 247 
205,곡물가게,충청남도, 386 
206,곡물가게,세종특별자치시, 29 
207,곡물가게,광주광역시, 113 
208,곡물가게,전라북도, 370 
209,곡물가게,전라남도, 395 
210,곡물가게,대구광역시, 192 
211,곡물가게,경상북도, 365 
212,곡물가게,부산광역시, 337 
213,곡물가게,울산광역시, 44 
214,곡물가게,경상남도, 280 
215,곡물가게,제주특별자치도, 65 
216,공인노무사,합계, 905 
217,공인노무사,서울특별시, 399 
218,공인노무사,인천광역시, 40 
219,공인노무사,경기도, 150 
220,공인노무사,강원도, 16 
221,공인노무사,대전광역시, 20 
222,공인노무사,충청북도, 18 
223,공인노무사,충청남도, 23 
224,공인노무사,세종특별자치시, 5 
225,공인노무사,광주광역시, 27 
226,공인노무사,전라북도, 21 
227,공인노무사,전라남도, 9 
228,공인노무사,대구광역시, 32 
229,공인노무사,경상북도, 16 
230,공인노무사,부산광역시, 56 
231,공인노무사,울산광역시, 24 
232,공인노무사,경상남도, 39 
233,공인노무사,제주특별자치도, 10 
234,공인회계사,합계," 1,830 "
235,공인회계사,서울특별시, 841 
236,공인회계사,인천광역시, 66 
237,공인회계사,경기도, 311 
238,공인회계사,강원도, 13 
239,공인회계사,대전광역시, 37 
240,공인회계사,충청북도, 33 
241,공인회계사,충청남도, 45 
242,공인회계사,세종특별자치시, 10 
243,공인회계사,광주광역시, 37 
244,공인회계사,전라북도, 35 
245,공인회계사,전라남도, 23 
246,공인회계사,대구광역시, 90 
247,공인회계사,경상북도, 30 
248,공인회계사,부산광역시, 129 
249,공인회계사,울산광역시, 26 
250,공인회계사,경상남도, 75 
251,공인회계사,제주특별자치도, 29 
252,과일가게,합계," 11,885 "
253,과일가게,서울특별시," 1,244 "
254,과일가게,인천광역시, 435 
255,과일가게,경기도," 1,843 "
256,과일가게,강원도, 305 
257,과일가게,대전광역시, 310 
258,과일가게,충청북도, 661 
259,과일가게,충청남도, 670 
260,과일가게,세종특별자치시, 103 
261,과일가게,광주광역시, 289 
262,과일가게,전라북도, 577 
263,과일가게,전라남도, 676 
264,과일가게,대구광역시, 373 
265,과일가게,경상북도," 1,384 "
266,과일가게,부산광역시, 606 
267,과일가게,울산광역시, 155 
268,과일가게,경상남도," 1,215 "
269,과일가게,제주특별자치도," 1,039 "
270,교습소･공부방,합계," 33,451 "
271,교습소･공부방,서울특별시," 7,132 "
272,교습소･공부방,인천광역시," 1,655 "
273,교습소･공부방,경기도," 8,144 "
274,교습소･공부방,강원도, 889 
275,교습소･공부방,대전광역시," 1,303 "
276,교습소･공부방,충청북도, 789 
277,교습소･공부방,충청남도," 1,149 "
278,교습소･공부방,세종특별자치시, 239 
279,교습소･공부방,광주광역시, 738 
280,교습소･공부방,전라북도, 753 
281,교습소･공부방,전라남도, 656 
282,교습소･공부방,대구광역시," 2,542 "
283,교습소･공부방,경상북도," 1,736 "
284,교습소･공부방,부산광역시," 2,445 "
285,교습소･공부방,울산광역시, 706 
286,교습소･공부방,경상남도," 2,039 "
287,교습소･공부방,제주특별자치도, 536 
288,교습학원,합계," 56,122 "
289,교습학원,서울특별시," 10,349 "
290,교습학원,인천광역시," 2,510 "
291,교습학원,경기도," 14,880 "
292,교습학원,강원도," 1,462 "
293,교습학원,대전광역시," 1,283 "
294,교습학원,충청북도," 1,442 "
295,교습학원,충청남도," 1,845 "
296,교습학원,세종특별자치시, 405 
297,교습학원,광주광역시," 2,422 "
298,교습학원,전라북도," 2,435 "
299,교습학원,전라남도," 1,832 "
300,교습학원,대구광역시," 2,647 "
301,교습학원,경상북도," 2,630 "
302,교습학원,부산광역시," 3,554 "
303,교습학원,울산광역시," 1,683 "
304,교습학원,경상남도," 4,041 "
305,교습학원,제주특별자치도, 702 
306,구내식당,합계," 22,045 "
307,구내식당,서울특별시," 4,012 "
308,구내식당,인천광역시," 1,394 "
309,구내식당,경기도," 5,345 "
310,구내식당,강원도, 618 
311,구내식당,대전광역시, 704 
312,구내식당,충청북도, 777 
313,구내식당,충청남도," 1,047 "
314,구내식당,세종특별자치시, 81 
315,구내식당,광주광역시, 401 
316,구내식당,전라북도, 806 
317,구내식당,전라남도, 670 
318,구내식당,대구광역시, 904 
319,구내식당,경상북도," 1,331 "
320,구내식당,부산광역시," 1,481 "
321,구내식당,울산광역시, 438 
322,구내식당,경상남도," 1,871 "
323,구내식당,제주특별자치도, 165 
324,기술및직업훈련학원,합계," 13,564 "
325,기술및직업훈련학원,서울특별시," 3,041 "
326,기술및직업훈련학원,인천광역시, 560 
327,기술및직업훈련학원,경기도," 3,038 "
328,기술및직업훈련학원,강원도, 414 
329,기술및직업훈련학원,대전광역시, 457 
330,기술및직업훈련학원,충청북도, 376 
331,기술및직업훈련학원,충청남도, 508 
332,기술및직업훈련학원,세종특별자치시, 104 
333,기술및직업훈련학원,광주광역시, 485 
334,기술및직업훈련학원,전라북도, 499 
335,기술및직업훈련학원,전라남도, 421 
336,기술및직업훈련학원,대구광역시, 778 
337,기술및직업훈련학원,경상북도, 556 
338,기술및직업훈련학원,부산광역시, 936 
339,기술및직업훈련학원,울산광역시, 325 
340,기술및직업훈련학원,경상남도, 816 
341,기술및직업훈련학원,제주특별자치도, 250 
342,기술사,합계," 1,051 "
343,기술사,서울특별시, 294 
344,기술사,인천광역시, 26 
345,기술사,경기도, 238 
346,기술사,강원도, 38 
347,기술사,대전광역시, 26 
348,기술사,충청북도, 36 
349,기술사,충청남도, 29 
350,기술사,세종특별자치시, 3 
351,기술사,광주광역시, 35 
352,기술사,전라북도, 34 
353,기술사,전라남도, 34 
354,기술사,대구광역시, 33 
355,기술사,경상북도, 39 
356,기술사,부산광역시, 64 
357,기술사,울산광역시, 20 
358,기술사,경상남도, 84 
359,기술사,제주특별자치도, 18 
360,기타 일반의원,합계," 3,262 "
361,기타 일반의원,서울특별시, 895 
362,기타 일반의원,인천광역시, 144 
363,기타 일반의원,경기도, 648 
364,기타 일반의원,강원도, 64 
365,기타 일반의원,대전광역시, 143 
366,기타 일반의원,충청북도, 95 
367,기타 일반의원,충청남도, 101 
368,기타 일반의원,세종특별자치시, 19 
369,기타 일반의원,광주광역시, 127 
370,기타 일반의원,전라북도, 172 
371,기타 일반의원,전라남도, 107 
372,기타 일반의원,대구광역시, 162 
373,기타 일반의원,경상북도, 106 
374,기타 일반의원,부산광역시, 230 
375,기타 일반의원,울산광역시, 50 
376,기타 일반의원,경상남도, 144 
377,기타 일반의원,제주특별자치도, 55 
378,기타외국식전문점,합계," 23,706 "
379,기타외국식전문점,서울특별시," 7,218 "
380,기타외국식전문점,인천광역시, 795 
381,기타외국식전문점,경기도," 4,934 "
382,기타외국식전문점,강원도, 761 
383,기타외국식전문점,대전광역시, 604 
384,기타외국식전문점,충청북도, 510 
385,기타외국식전문점,충청남도, 668 
386,기타외국식전문점,세종특별자치시, 163 
387,기타외국식전문점,광주광역시, 380 
388,기타외국식전문점,전라북도, 741 
389,기타외국식전문점,전라남도, 429 
390,기타외국식전문점,대구광역시," 1,220 "
391,기타외국식전문점,경상북도, 707 
392,기타외국식전문점,부산광역시," 1,844 "
393,기타외국식전문점,울산광역시, 709 
394,기타외국식전문점,경상남도," 1,214 "
395,기타외국식전문점,제주특별자치도, 809 
396,기타음식점,합계," 23,915 "
397,기타음식점,서울특별시," 4,623 "
398,기타음식점,인천광역시," 1,000 "
399,기타음식점,경기도," 5,578 "
400,기타음식점,강원도," 1,035 "
401,기타음식점,대전광역시, 575 
402,기타음식점,충청북도, 736 
403,기타음식점,충청남도," 1,001 "
404,기타음식점,세종특별자치시, 106 
405,기타음식점,광주광역시, 996 
406,기타음식점,전라북도, 713 
407,기타음식점,전라남도, 824 
408,기타음식점,대구광역시," 1,247 "
409,기타음식점,경상북도," 1,160 "
410,기타음식점,부산광역시," 1,644 "
411,기타음식점,울산광역시, 488 
412,기타음식점,경상남도," 1,780 "
413,기타음식점,제주특별자치도, 409 
414,꽃가게,합계," 23,784 "
415,꽃가게,서울특별시," 4,358 "
416,꽃가게,인천광역시, 949 
417,꽃가게,경기도," 5,470 "
418,꽃가게,강원도, 749 
419,꽃가게,대전광역시, 711 
420,꽃가게,충청북도, 895 
421,꽃가게,충청남도," 1,092 "
422,꽃가게,세종특별자치시, 111 
423,꽃가게,광주광역시, 765 
424,꽃가게,전라북도," 1,082 "
425,꽃가게,전라남도," 1,154 "
426,꽃가게,대구광역시," 1,128 "
427,꽃가게,경상북도," 1,408 "
428,꽃가게,부산광역시," 1,286 "
429,꽃가게,울산광역시, 523 
430,꽃가게,경상남도," 1,747 "
431,꽃가게,제주특별자치도, 356 
432,내과ㆍ소아과 의원,합계," 11,410 "
433,내과ㆍ소아과 의원,서울특별시," 2,482 "
434,내과ㆍ소아과 의원,인천광역시, 600 
435,내과ㆍ소아과 의원,경기도," 2,602 "
436,내과ㆍ소아과 의원,강원도, 320 
437,내과ㆍ소아과 의원,대전광역시, 380 
438,내과ㆍ소아과 의원,충청북도, 319 
439,내과ㆍ소아과 의원,충청남도, 440 
440,내과ㆍ소아과 의원,세종특별자치시, 63 
441,내과ㆍ소아과 의원,광주광역시, 335 
442,내과ㆍ소아과 의원,전라북도, 432 
443,내과ㆍ소아과 의원,전라남도, 443 
444,내과ㆍ소아과 의원,대구광역시, 571 
445,내과ㆍ소아과 의원,경상북도, 540 
446,내과ㆍ소아과 의원,부산광역시, 824 
447,내과ㆍ소아과 의원,울산광역시, 225 
448,내과ㆍ소아과 의원,경상남도, 679 
449,내과ㆍ소아과 의원,제주특별자치도, 155 
450,노래방,합계," 30,464 "
451,노래방,서울특별시," 5,797 "
452,노래방,인천광역시," 2,323 "
453,노래방,경기도," 7,259 "
454,노래방,강원도, 856 
455,노래방,대전광역시," 1,319 "
456,노래방,충청북도," 1,150 "
457,노래방,충청남도," 1,212 "
458,노래방,세종특별자치시, 143 
459,노래방,광주광역시," 1,075 "
460,노래방,전라북도, 846 
461,노래방,전라남도, 740 
462,노래방,대구광역시," 1,700 "
463,노래방,경상북도," 1,605 "
464,노래방,부산광역시," 1,749 "
465,노래방,울산광역시, 761 
466,노래방,경상남도," 1,629 "
467,노래방,제주특별자치도, 300 
468,담배가게,합계," 12,847 "
469,담배가게,서울특별시," 2,289 "
470,담배가게,인천광역시, 366 
471,담배가게,경기도," 1,648 "
472,담배가게,강원도, 591 
473,담배가게,대전광역시, 295 
474,담배가게,충청북도, 547 
475,담배가게,충청남도, 590 
476,담배가게,세종특별자치시, 38 
477,담배가게,광주광역시, 302 
478,담배가게,전라북도, 644 
479,담배가게,전라남도, 995 
480,담배가게,대구광역시, 504 
481,담배가게,경상북도," 1,366 "
482,담배가게,부산광역시," 1,169 "
483,담배가게,울산광역시, 235 
484,담배가게,경상남도," 1,094 "
485,담배가게,제주특별자치도, 174 
486,당구장,합계," 18,305 "
487,당구장,서울특별시," 3,236 "
488,당구장,인천광역시," 1,167 "
489,당구장,경기도," 4,679 "
490,당구장,강원도, 805 
491,당구장,대전광역시, 519 
492,당구장,충청북도, 709 
493,당구장,충청남도, 824 
494,당구장,세종특별자치시, 91 
495,당구장,광주광역시, 494 
496,당구장,전라북도, 599 
497,당구장,전라남도, 704 
498,당구장,대구광역시, 643 
499,당구장,경상북도, 917 
500,당구장,부산광역시, 988 
501,당구장,울산광역시, 509 
502,당구장,경상남도," 1,101 "
503,당구장,제주특별자치도, 320 
504,독서실,합계," 9,833 "
505,독서실,서울특별시," 3,491 "
506,독서실,인천광역시, 444 
507,독서실,경기도," 2,414 "
508,독서실,강원도, 159 
509,독서실,대전광역시, 236 
510,독서실,충청북도, 186 
511,독서실,충청남도, 240 
512,독서실,세종특별자치시, 35 
513,독서실,광주광역시, 377 
514,독서실,전라북도, 271 
515,독서실,전라남도, 169 
516,독서실,대구광역시, 409 
517,독서실,경상북도, 236 
518,독서실,부산광역시, 449 
519,독서실,울산광역시, 241 
520,독서실,경상남도, 392 
521,독서실,제주특별자치도, 84 
522,동물병원,합계," 4,081 "
523,동물병원,서울특별시, 823 
524,동물병원,인천광역시, 189 
525,동물병원,경기도," 1,045 "
526,동물병원,강원도, 95 
527,동물병원,대전광역시, 100 
528,동물병원,충청북도, 107 
529,동물병원,충청남도, 181 
530,동물병원,세종특별자치시, 24 
531,동물병원,광주광역시, 103 
532,동물병원,전라북도, 162 
533,동물병원,전라남도, 161 
534,동물병원,대구광역시, 167 
535,동물병원,경상북도, 268 
536,동물병원,부산광역시, 239 
537,동물병원,울산광역시, 74 
538,동물병원,경상남도, 272 
539,동물병원,제주특별자치도, 71 
540,목욕탕,합계," 5,549 "
541,목욕탕,서울특별시, 721 
542,목욕탕,인천광역시, 213 
543,목욕탕,경기도, 771 
544,목욕탕,강원도, 183 
545,목욕탕,대전광역시, 100 
546,목욕탕,충청북도, 148 
547,목욕탕,충청남도, 199 
548,목욕탕,세종특별자치시, 12 
549,목욕탕,광주광역시, 180 
550,목욕탕,전라북도, 205 
551,목욕탕,전라남도, 296 
552,목욕탕,대구광역시, 271 
553,목욕탕,경상북도, 423 
554,목욕탕,부산광역시, 748 
555,목욕탕,울산광역시, 185 
556,목욕탕,경상남도, 779 
557,목욕탕,제주특별자치도, 115 
558,문구점,합계," 9,239 "
559,문구점,서울특별시," 1,571 "
560,문구점,인천광역시, 470 
561,문구점,경기도," 2,133 "
562,문구점,강원도, 376 
563,문구점,대전광역시, 319 
564,문구점,충청북도, 337 
565,문구점,충청남도, 437 
566,문구점,세종특별자치시, 80 
567,문구점,광주광역시, 293 
568,문구점,전라북도, 430 
569,문구점,전라남도, 414 
570,문구점,대구광역시, 347 
571,문구점,경상북도, 537 
572,문구점,부산광역시, 517 
573,문구점,울산광역시, 198 
574,문구점,경상남도, 631 
575,문구점,제주특별자치도, 149 
576,미용실,합계," 101,511 "
577,미용실,서울특별시," 17,968 "
578,미용실,인천광역시," 5,448 "
579,미용실,경기도," 22,898 "
580,미용실,강원도," 3,565 "
581,미용실,대전광역시," 3,310 "
582,미용실,충청북도," 3,463 "
583,미용실,충청남도," 4,227 "
584,미용실,세종특별자치시, 398 
585,미용실,광주광역시," 3,229 "
586,미용실,전라북도," 3,865 "
587,미용실,전라남도," 3,510 "
588,미용실,대구광역시," 5,414 "
589,미용실,경상북도," 5,844 "
590,미용실,부산광역시," 7,439 "
591,미용실,울산광역시," 2,596 "
592,미용실,경상남도," 6,974 "
593,미용실,제주특별자치도," 1,363 "
594,법무사,합계," 6,475 "
595,법무사,서울특별시," 1,939 "
596,법무사,인천광역시, 280 
597,법무사,경기도," 1,222 "
598,법무사,강원도, 188 
599,법무사,대전광역시, 167 
600,법무사,충청북도, 170 
601,법무사,충청남도, 217 
602,법무사,세종특별자치시, 22 
603,법무사,광주광역시, 221 
604,법무사,전라북도, 234 
605,법무사,전라남도, 212 
606,법무사,대구광역시, 298 
607,법무사,경상북도, 261 
608,법무사,부산광역시, 458 
609,법무사,울산광역시, 112 
610,법무사,경상남도, 388 
611,법무사,제주특별자치도, 86 
612,변리사,합계," 1,007 "
613,변리사,서울특별시, 710 
614,변리사,인천광역시, 14 
615,변리사,경기도, 92 
616,변리사,강원도, * 
617,변리사,대전광역시, 87 
618,변리사,충청북도, 4 
619,변리사,충청남도, 5 
620,변리사,세종특별자치시, * 
621,변리사,광주광역시, 11 
622,변리사,전라북도, 6 
623,변리사,전라남도, 3 
624,변리사,대구광역시, 23 
625,변리사,경상북도, 3 
626,변리사,부산광역시, 28 
627,변리사,울산광역시, 6 
628,변리사,경상남도, 11 
629,변리사,제주특별자치도, * 
630,변호사,합계," 7,289 "
631,변호사,서울특별시," 3,744 "
632,변호사,인천광역시, 245 
633,변호사,경기도, 964 
634,변호사,강원도, 118 
635,변호사,대전광역시, 223 
636,변호사,충청북도, 105 
637,변호사,충청남도, 139 
638,변호사,세종특별자치시, 19 
639,변호사,광주광역시, 212 
640,변호사,전라북도, 187 
641,변호사,전라남도, 93 
642,변호사,대구광역시, 275 
643,변호사,경상북도, 117 
644,변호사,부산광역시, 425 
645,변호사,울산광역시, 120 
646,변호사,경상남도, 219 
647,변호사,제주특별자치도, 84 
648,부동산중개업,합계," 124,937 "
649,부동산중개업,서울특별시," 30,934 "
650,부동산중개업,인천광역시," 6,759 "
651,부동산중개업,경기도," 34,887 "
652,부동산중개업,강원도," 2,605 "
653,부동산중개업,대전광역시," 3,284 "
654,부동산중개업,충청북도," 2,847 "
655,부동산중개업,충청남도," 4,135 "
656,부동산중개업,세종특별자치시," 1,320 "
657,부동산중개업,광주광역시," 4,058 "
658,부동산중개업,전라북도," 3,160 "
659,부동산중개업,전라남도," 2,184 "
660,부동산중개업,대구광역시," 5,665 "
661,부동산중개업,경상북도," 4,138 "
662,부동산중개업,부산광역시," 7,931 "
663,부동산중개업,울산광역시," 2,275 "
664,부동산중개업,경상남도," 6,837 "
665,부동산중개업,제주특별자치도," 1,918 "
666,분식점,합계," 54,158 "
667,분식점,서울특별시," 10,965 "
668,분식점,인천광역시," 2,567 "
669,분식점,경기도," 12,742 "
670,분식점,강원도," 1,623 "
671,분식점,대전광역시," 1,984 "
672,분식점,충청북도," 2,247 "
673,분식점,충청남도," 2,326 "
674,분식점,세종특별자치시, 194 
675,분식점,광주광역시," 1,594 "
676,분식점,전라북도," 1,962 "
677,분식점,전라남도," 1,485 "
678,분식점,대구광역시," 2,440 "
679,분식점,경상북도," 2,465 "
680,분식점,부산광역시," 4,047 "
681,분식점,울산광역시, 760 
682,분식점,경상남도," 3,951 "
683,분식점,제주특별자치도, 806 
684,사진촬영업,합계," 14,119 "
685,사진촬영업,서울특별시," 4,611 "
686,사진촬영업,인천광역시, 659 
687,사진촬영업,경기도," 2,970 "
688,사진촬영업,강원도, 413 
689,사진촬영업,대전광역시, 402 
690,사진촬영업,충청북도, 314 
691,사진촬영업,충청남도, 398 
692,사진촬영업,세종특별자치시, 56 
693,사진촬영업,광주광역시, 398 
694,사진촬영업,전라북도, 431 
695,사진촬영업,전라남도, 327 
696,사진촬영업,대구광역시, 635 
697,사진촬영업,경상북도, 522 
698,사진촬영업,부산광역시, 829 
699,사진촬영업,울산광역시, 220 
700,사진촬영업,경상남도, 604 
701,사진촬영업,제주특별자치도, 330 
702,산부인과 의원,합계," 1,678 "
703,산부인과 의원,서울특별시, 501 
704,산부인과 의원,인천광역시, 79 
705,산부인과 의원,경기도, 335 
706,산부인과 의원,강원도, 37 
707,산부인과 의원,대전광역시, 61 
708,산부인과 의원,충청북도, 46 
709,산부인과 의원,충청남도, 49 
710,산부인과 의원,세종특별자치시, 9 
711,산부인과 의원,광주광역시, 52 
712,산부인과 의원,전라북도, 56 
713,산부인과 의원,전라남도, 24 
714,산부인과 의원,대구광역시, 108 
715,산부인과 의원,경상북도, 68 
716,산부인과 의원,부산광역시, 101 
717,산부인과 의원,울산광역시, 44 
718,산부인과 의원,경상남도, 84 
719,산부인과 의원,제주특별자치도, 24 
720,생선가게,합계," 11,305 "
721,생선가게,서울특별시," 1,458 "
722,생선가게,인천광역시, 753 
723,생선가게,경기도," 1,215 "
724,생선가게,강원도, 512 
725,생선가게,대전광역시, 157 
726,생선가게,충청북도, 159 
727,생선가게,충청남도, 725 
728,생선가게,세종특별자치시, 22 
729,생선가게,광주광역시, 324 
730,생선가게,전라북도, 593 
731,생선가게,전라남도," 1,562 "
732,생선가게,대구광역시, 217 
733,생선가게,경상북도, 854 
734,생선가게,부산광역시," 1,058 "
735,생선가게,울산광역시, 394 
736,생선가게,경상남도, 865 
737,생선가게,제주특별자치도, 437 
738,서점,합계," 8,289 "
739,서점,서울특별시," 1,637 "
740,서점,인천광역시, 358 
741,서점,경기도," 1,941 "
742,서점,강원도, 236 
743,서점,대전광역시, 336 
744,서점,충청북도, 243 
745,서점,충청남도, 350 
746,서점,세종특별자치시, 64 
747,서점,광주광역시, 275 
748,서점,전라북도, 347 
749,서점,전라남도, 250 
750,서점,대구광역시, 502 
751,서점,경상북도, 386 
752,서점,부산광역시, 560 
753,서점,울산광역시, 182 
754,서점,경상남도, 484 
755,서점,제주특별자치도, 138 
756,성형외과 의원,합계," 1,471 "
757,성형외과 의원,서울특별시, 720 
758,성형외과 의원,인천광역시, 48 
759,성형외과 의원,경기도, 189 
760,성형외과 의원,강원도, 16 
761,성형외과 의원,대전광역시, 46 
762,성형외과 의원,충청북도, 24 
763,성형외과 의원,충청남도, 28 
764,성형외과 의원,세종특별자치시, 5 
765,성형외과 의원,광주광역시, 48 
766,성형외과 의원,전라북도, 26 
767,성형외과 의원,전라남도, 16 
768,성형외과 의원,대구광역시, 77 
769,성형외과 의원,경상북도, 15 
770,성형외과 의원,부산광역시, 135 
771,성형외과 의원,울산광역시, 19 
772,성형외과 의원,경상남도, 38 
773,성형외과 의원,제주특별자치도, 21 
774,세무사,합계," 12,442 "
775,세무사,서울특별시," 5,134 "
776,세무사,인천광역시, 523 
777,세무사,경기도," 2,746 "
778,세무사,강원도, 174 
779,세무사,대전광역시, 275 
780,세무사,충청북도, 167 
781,세무사,충청남도, 261 
782,세무사,세종특별자치시, 42 
783,세무사,광주광역시, 304 
784,세무사,전라북도, 268 
785,세무사,전라남도, 131 
786,세무사,대구광역시, 547 
787,세무사,경상북도, 234 
788,세무사,부산광역시, 945 
789,세무사,울산광역시, 165 
790,세무사,경상남도, 418 
791,세무사,제주특별자치도, 108 
792,세탁소,합계," 23,248 "
793,세탁소,서울특별시," 4,535 "
794,세탁소,인천광역시," 1,240 "
795,세탁소,경기도," 5,342 "
796,세탁소,강원도, 932 
797,세탁소,대전광역시, 871 
798,세탁소,충청북도, 888 
799,세탁소,충청남도," 1,118 "
800,세탁소,세종특별자치시, 98 
801,세탁소,광주광역시, 859 
802,세탁소,전라북도, 878 
803,세탁소,전라남도, 794 
804,세탁소,대구광역시, 841 
805,세탁소,경상북도," 1,243 "
806,세탁소,부산광역시," 1,305 "
807,세탁소,울산광역시, 436 
808,세탁소,경상남도," 1,269 "
809,세탁소,제주특별자치도, 599 
810,슈퍼마켓,합계," 29,637 "
811,슈퍼마켓,서울특별시," 3,960 "
812,슈퍼마켓,인천광역시," 1,862 "
813,슈퍼마켓,경기도," 7,968 "
814,슈퍼마켓,강원도," 1,025 "
815,슈퍼마켓,대전광역시, 675 
816,슈퍼마켓,충청북도, 998 
817,슈퍼마켓,충청남도," 1,228 "
818,슈퍼마켓,세종특별자치시, 131 
819,슈퍼마켓,광주광역시, 855 
820,슈퍼마켓,전라북도," 1,000 "
821,슈퍼마켓,전라남도," 1,218 "
822,슈퍼마켓,대구광역시," 1,703 "
823,슈퍼마켓,경상북도," 1,861 "
824,슈퍼마켓,부산광역시," 1,907 "
825,슈퍼마켓,울산광역시, 882 
826,슈퍼마켓,경상남도," 1,945 "
827,슈퍼마켓,제주특별자치도, 419 
828,스포츠교육기관,합계," 24,726 "
829,스포츠교육기관,서울특별시," 4,553 "
830,스포츠교육기관,인천광역시," 1,353 "
831,스포츠교육기관,경기도," 6,433 "
832,스포츠교육기관,강원도, 679 
833,스포츠교육기관,대전광역시, 812 
834,스포츠교육기관,충청북도, 730 
835,스포츠교육기관,충청남도, 889 
836,스포츠교육기관,세종특별자치시, 185 
837,스포츠교육기관,광주광역시, 895 
838,스포츠교육기관,전라북도, 828 
839,스포츠교육기관,전라남도, 708 
840,스포츠교육기관,대구광역시," 1,217 "
841,스포츠교육기관,경상북도," 1,132 "
842,스포츠교육기관,부산광역시," 1,637 "
843,스포츠교육기관,울산광역시, 561 
844,스포츠교육기관,경상남도," 1,719 "
845,스포츠교육기관,제주특별자치도, 395 
846,스포츠시설운영업,합계," 7,838 "
847,스포츠시설운영업,서울특별시," 2,157 "
848,스포츠시설운영업,인천광역시, 407 
849,스포츠시설운영업,경기도," 2,081 "
850,스포츠시설운영업,강원도, 233 
851,스포츠시설운영업,대전광역시, 178 
852,스포츠시설운영업,충청북도, 180 
853,스포츠시설운영업,충청남도, 209 
854,스포츠시설운영업,세종특별자치시, 38 
855,스포츠시설운영업,광주광역시, 238 
856,스포츠시설운영업,전라북도, 258 
857,스포츠시설운영업,전라남도, 177 
858,스포츠시설운영업,대구광역시, 288 
859,스포츠시설운영업,경상북도, 284 
860,스포츠시설운영업,부산광역시, 457 
861,스포츠시설운영업,울산광역시, 136 
862,스포츠시설운영업,경상남도, 389 
863,스포츠시설운영업,제주특별자치도, 128 
864,스포츠용품점,합계," 15,069 "
865,스포츠용품점,서울특별시," 1,481 "
866,스포츠용품점,인천광역시, 519 
867,스포츠용품점,경기도," 3,155 "
868,스포츠용품점,강원도, 859 
869,스포츠용품점,대전광역시, 375 
870,스포츠용품점,충청북도, 656 
871,스포츠용품점,충청남도," 1,005 "
872,스포츠용품점,세종특별자치시, 64 
873,스포츠용품점,광주광역시, 433 
874,스포츠용품점,전라북도, 896 
875,스포츠용품점,전라남도, 924 
876,스포츠용품점,대구광역시, 646 
877,스포츠용품점,경상북도," 1,245 "
878,스포츠용품점,부산광역시, 706 
879,스포츠용품점,울산광역시, 285 
880,스포츠용품점,경상남도," 1,391 "
881,스포츠용품점,제주특별자치도, 429 
882,시계ㆍ귀금속점,합계," 8,177 "
883,시계ㆍ귀금속점,서울특별시," 1,886 "
884,시계ㆍ귀금속점,인천광역시, 352 
885,시계ㆍ귀금속점,경기도," 1,303 "
886,시계ㆍ귀금속점,강원도, 237 
887,시계ㆍ귀금속점,대전광역시, 225 
888,시계ㆍ귀금속점,충청북도, 259 
889,시계ㆍ귀금속점,충청남도, 319 
890,시계ㆍ귀금속점,세종특별자치시, 16 
891,시계ㆍ귀금속점,광주광역시, 259 
892,시계ㆍ귀금속점,전라북도, 384 
893,시계ㆍ귀금속점,전라남도, 281 
894,시계ㆍ귀금속점,대구광역시, 535 
895,시계ㆍ귀금속점,경상북도, 440 
896,시계ㆍ귀금속점,부산광역시, 791 
897,시계ㆍ귀금속점,울산광역시, 224 
898,시계ㆍ귀금속점,경상남도, 565 
899,시계ㆍ귀금속점,제주특별자치도, 101 
900,식료품가게,합계," 49,291 "
901,식료품가게,서울특별시," 5,535 "
902,식료품가게,인천광역시," 2,108 "
903,식료품가게,경기도," 8,975 "
904,식료품가게,강원도," 2,883 "
905,식료품가게,대전광역시," 1,388 "
906,식료품가게,충청북도," 2,285 "
907,식료품가게,충청남도," 3,405 "
908,식료품가게,세종특별자치시, 235 
909,식료품가게,광주광역시," 1,468 "
910,식료품가게,전라북도," 3,438 "
911,식료품가게,전라남도," 3,676 "
912,식료품가게,대구광역시," 1,668 "
913,식료품가게,경상북도," 3,552 "
914,식료품가게,부산광역시," 3,109 "
915,식료품가게,울산광역시, 778 
916,식료품가게,경상남도," 3,964 "
917,식료품가게,제주특별자치도, 824 
918,신경정신과 의원,합계," 1,733 "
919,신경정신과 의원,서울특별시, 484 
920,신경정신과 의원,인천광역시, 72 
921,신경정신과 의원,경기도, 370 
922,신경정신과 의원,강원도, 40 
923,신경정신과 의원,대전광역시, 73 
924,신경정신과 의원,충청북도, 45 
925,신경정신과 의원,충청남도, 52 
926,신경정신과 의원,세종특별자치시, 11 
927,신경정신과 의원,광주광역시, 48 
928,신경정신과 의원,전라북도, 67 
929,신경정신과 의원,전라남도, 44 
930,신경정신과 의원,대구광역시, 108 
931,신경정신과 의원,경상북도, 51 
932,신경정신과 의원,부산광역시, 147 
933,신경정신과 의원,울산광역시, 25 
934,신경정신과 의원,경상남도, 74 
935,신경정신과 의원,제주특별자치도, 22 
936,신발가게,합계," 6,606 "
937,신발가게,서울특별시," 1,349 "
938,신발가게,인천광역시, 347 
939,신발가게,경기도," 1,248 "
940,신발가게,강원도, 239 
941,신발가게,대전광역시, 202 
942,신발가게,충청북도, 230 
943,신발가게,충청남도, 277 
944,신발가게,세종특별자치시, 23 
945,신발가게,광주광역시, 211 
946,신발가게,전라북도, 300 
947,신발가게,전라남도, 266 
948,신발가게,대구광역시, 336 
949,신발가게,경상북도, 377 
950,신발가게,부산광역시, 558 
951,신발가게,울산광역시, 115 
952,신발가게,경상남도, 413 
953,신발가게,제주특별자치도, 115 
954,실내스크린골프점,합계," 4,856 "
955,실내스크린골프점,서울특별시, 669 
956,실내스크린골프점,인천광역시, 199 
957,실내스크린골프점,경기도," 1,255 "
958,실내스크린골프점,강원도, 156 
959,실내스크린골프점,대전광역시, 152 
960,실내스크린골프점,충청북도, 177 
961,실내스크린골프점,충청남도, 215 
962,실내스크린골프점,세종특별자치시, 27 
963,실내스크린골프점,광주광역시, 113 
964,실내스크린골프점,전라북도, 177 
965,실내스크린골프점,전라남도, 159 
966,실내스크린골프점,대구광역시, 292 
967,실내스크린골프점,경상북도, 280 
968,실내스크린골프점,부산광역시, 307 
969,실내스크린골프점,울산광역시, 173 
970,실내스크린골프점,경상남도, 418 
971,실내스크린골프점,제주특별자치도, 87 
972,실내장식가게,합계," 56,190 "
973,실내장식가게,서울특별시," 13,715 "
974,실내장식가게,인천광역시," 3,241 "
975,실내장식가게,경기도," 16,662 "
976,실내장식가게,강원도," 1,096 "
977,실내장식가게,대전광역시," 1,833 "
978,실내장식가게,충청북도," 1,274 "
979,실내장식가게,충청남도," 1,484 "
980,실내장식가게,세종특별자치시, 226 
981,실내장식가게,광주광역시," 1,981 "
982,실내장식가게,전라북도, 252 
983,실내장식가게,전라남도," 1,174 "
984,실내장식가게,대구광역시," 2,560 "
985,실내장식가게,경상북도," 1,807 "
986,실내장식가게,부산광역시," 3,961 "
987,실내장식가게,울산광역시," 1,010 "
988,실내장식가게,경상남도," 2,722 "
989,실내장식가게,제주특별자치도," 1,192 "
990,실외골프연습장,합계," 2,255 "
991,실외골프연습장,서울특별시, 373 
992,실외골프연습장,인천광역시, 78 
993,실외골프연습장,경기도, 504 
994,실외골프연습장,강원도, 108 
995,실외골프연습장,대전광역시, 65 
996,실외골프연습장,충청북도, 101 
997,실외골프연습장,충청남도, 97 
998,실외골프연습장,세종특별자치시, 4 
999,실외골프연습장,광주광역시, 46 
1000,실외골프연습장,전라북도, 93 
1001,실외골프연습장,전라남도, 99 
1002,실외골프연습장,대구광역시, 95 
1003,실외골프연습장,경상북도, 191 
1004,실외골프연습장,부산광역시, 137 
1005,실외골프연습장,울산광역시, 48 
1006,실외골프연습장,경상남도, 163 
1007,실외골프연습장,제주특별자치도, 53 
1008,안경점,합계," 9,235 "
1009,안경점,서울특별시," 2,064 "
1010,안경점,인천광역시, 428 
1011,안경점,경기도," 1,989 "
1012,안경점,강원도, 251 
1013,안경점,대전광역시, 316 
1014,안경점,충청북도, 289 
1015,안경점,충청남도, 341 
1016,안경점,세종특별자치시, 45 
1017,안경점,광주광역시, 351 
1018,안경점,전라북도, 351 
1019,안경점,전라남도, 310 
1020,안경점,대구광역시, 485 
1021,안경점,경상북도, 434 
1022,안경점,부산광역시, 640 
1023,안경점,울산광역시, 223 
1024,안경점,경상남도, 596 
1025,안경점,제주특별자치도, 122 
1026,안과 의원,합계," 1,658 "
1027,안과 의원,서울특별시, 449 
1028,안과 의원,인천광역시, 65 
1029,안과 의원,경기도, 355 
1030,안과 의원,강원도, 43 
1031,안과 의원,대전광역시, 48 
1032,안과 의원,충청북도, 38 
1033,안과 의원,충청남도, 53 
1034,안과 의원,세종특별자치시, 5 
1035,안과 의원,광주광역시, 40 
1036,안과 의원,전라북도, 64 
1037,안과 의원,전라남도, 49 
1038,안과 의원,대구광역시, 101 
1039,안과 의원,경상북도, 68 
1040,안과 의원,부산광역시, 134 
1041,안과 의원,울산광역시, 34 
1042,안과 의원,경상남도, 92 
1043,안과 의원,제주특별자치도, 20 
1044,애완용품점,합계," 8,011 "
1045,애완용품점,서울특별시," 1,314 "
1046,애완용품점,인천광역시, 503 
1047,애완용품점,경기도," 2,415 "
1048,애완용품점,강원도, 219 
1049,애완용품점,대전광역시, 275 
1050,애완용품점,충청북도, 243 
1051,애완용품점,충청남도, 335 
1052,애완용품점,세종특별자치시, 25 
1053,애완용품점,광주광역시, 203 
1054,애완용품점,전라북도, 220 
1055,애완용품점,전라남도, 186 
1056,애완용품점,대구광역시, 357 
1057,애완용품점,경상북도, 401 
1058,애완용품점,부산광역시, 589 
1059,애완용품점,울산광역시, 136 
1060,애완용품점,경상남도, 496 
1061,애완용품점,제주특별자치도, 94 
1062,약국,합계," 22,629 "
1063,약국,서울특별시," 5,067 "
1064,약국,인천광역시," 1,105 "
1065,약국,경기도," 5,012 "
1066,약국,강원도, 674 
1067,약국,대전광역시, 741 
1068,약국,충청북도, 671 
1069,약국,충청남도, 954 
1070,약국,세종특별자치시, 115 
1071,약국,광주광역시, 677 
1072,약국,전라북도, 917 
1073,약국,전라남도, 787 
1074,약국,대구광역시," 1,278 "
1075,약국,경상북도," 1,105 "
1076,약국,부산광역시," 1,530 "
1077,약국,울산광역시, 415 
1078,약국,경상남도," 1,287 "
1079,약국,제주특별자치도, 294 
1080,여관ㆍ모텔,합계," 21,098 "
1081,여관ㆍ모텔,서울특별시," 1,996 "
1082,여관ㆍ모텔,인천광역시, 827 
1083,여관ㆍ모텔,경기도," 3,251 "
1084,여관ㆍ모텔,강원도," 1,570 "
1085,여관ㆍ모텔,대전광역시, 641 
1086,여관ㆍ모텔,충청북도, 860 
1087,여관ㆍ모텔,충청남도," 1,512 "
1088,여관ㆍ모텔,세종특별자치시, 69 
1089,여관ㆍ모텔,광주광역시, 508 
1090,여관ㆍ모텔,전라북도," 1,024 "
1091,여관ㆍ모텔,전라남도," 1,320 "
1092,여관ㆍ모텔,대구광역시, 720 
1093,여관ㆍ모텔,경상북도," 1,968 "
1094,여관ㆍ모텔,부산광역시," 1,406 "
1095,여관ㆍ모텔,울산광역시, 631 
1096,여관ㆍ모텔,경상남도," 2,370 "
1097,여관ㆍ모텔,제주특별자치도, 425 
1098,여행사,합계," 14,216 "
1099,여행사,서울특별시," 5,612 "
1100,여행사,인천광역시, 414 
1101,여행사,경기도," 1,769 "
1102,여행사,강원도, 342 
1103,여행사,대전광역시, 330 
1104,여행사,충청북도, 281 
1105,여행사,충청남도, 317 
1106,여행사,세종특별자치시, 54 
1107,여행사,광주광역시, 417 
1108,여행사,전라북도, 422 
1109,여행사,전라남도, 443 
1110,여행사,대구광역시, 537 
1111,여행사,경상북도, 463 
1112,여행사,부산광역시," 1,091 "
1113,여행사,울산광역시, 188 
1114,여행사,경상남도, 585 
1115,여행사,제주특별자치도, 951 
1116,예술학원,합계," 31,008 "
1117,예술학원,서울특별시," 5,494 "
1118,예술학원,인천광역시," 1,522 "
1119,예술학원,경기도," 8,555 "
1120,예술학원,강원도, 885 
1121,예술학원,대전광역시, 906 
1122,예술학원,충청북도, 893 
1123,예술학원,충청남도," 1,108 "
1124,예술학원,세종특별자치시, 257 
1125,예술학원,광주광역시," 1,097 "
1126,예술학원,전라북도," 1,334 "
1127,예술학원,전라남도, 873 
1128,예술학원,대구광역시," 1,390 "
1129,예술학원,경상북도," 1,384 "
1130,예술학원,부산광역시," 1,835 "
1131,예술학원,울산광역시, 798 
1132,예술학원,경상남도," 2,238 "
1133,예술학원,제주특별자치도, 439 
1134,예식장,합계, 905 
1135,예식장,서울특별시, 172 
1136,예식장,인천광역시, 25 
1137,예식장,경기도, 145 
1138,예식장,강원도, 41 
1139,예식장,대전광역시, 23 
1140,예식장,충청북도, 36 
1141,예식장,충청남도, 71 
1142,예식장,세종특별자치시, 5 
1143,예식장,광주광역시, 25 
1144,예식장,전라북도, 45 
1145,예식장,전라남도, 46 
1146,예식장,대구광역시, 40 
1147,예식장,경상북도, 69 
1148,예식장,부산광역시, 60 
1149,예식장,울산광역시, 15 
1150,예식장,경상남도, 66 
1151,예식장,제주특별자치도, 21 
1152,옷가게,합계," 86,713 "
1153,옷가게,서울특별시," 16,064 "
1154,옷가게,인천광역시," 4,095 "
1155,옷가게,경기도," 17,614 "
1156,옷가게,강원도," 3,214 "
1157,옷가게,대전광역시," 2,810 "
1158,옷가게,충청북도," 2,980 "
1159,옷가게,충청남도," 3,323 "
1160,옷가게,세종특별자치시, 361 
1161,옷가게,광주광역시," 3,209 "
1162,옷가게,전라북도," 3,486 "
1163,옷가게,전라남도," 3,061 "
1164,옷가게,대구광역시," 5,334 "
1165,옷가게,경상북도," 4,695 "
1166,옷가게,부산광역시," 7,154 "
1167,옷가게,울산광역시," 1,850 "
1168,옷가게,경상남도," 5,788 "
1169,옷가게,제주특별자치도," 1,675 "
1170,의료용품가게,합계," 7,100 "
1171,의료용품가게,서울특별시," 1,600 "
1172,의료용품가게,인천광역시, 307 
1173,의료용품가게,경기도," 1,542 "
1174,의료용품가게,강원도, 184 
1175,의료용품가게,대전광역시, 274 
1176,의료용품가게,충청북도, 182 
1177,의료용품가게,충청남도, 285 
1178,의료용품가게,세종특별자치시, 25 
1179,의료용품가게,광주광역시, 318 
1180,의료용품가게,전라북도, 333 
1181,의료용품가게,전라남도, 227 
1182,의료용품가게,대구광역시, 341 
1183,의료용품가게,경상북도, 273 
1184,의료용품가게,부산광역시, 590 
1185,의료용품가게,울산광역시, 116 
1186,의료용품가게,경상남도, 418 
1187,의료용품가게,제주특별자치도, 85 
1188,이륜자동차판매점,합계," 2,658 "
1189,이륜자동차판매점,서울특별시, 463 
1190,이륜자동차판매점,인천광역시, 95 
1191,이륜자동차판매점,경기도, 452 
1192,이륜자동차판매점,강원도, 95 
1193,이륜자동차판매점,대전광역시, 58 
1194,이륜자동차판매점,충청북도, 90 
1195,이륜자동차판매점,충청남도, 146 
1196,이륜자동차판매점,세종특별자치시, 8 
1197,이륜자동차판매점,광주광역시, 67 
1198,이륜자동차판매점,전라북도, 127 
1199,이륜자동차판매점,전라남도, 150 
1200,이륜자동차판매점,대구광역시, 152 
1201,이륜자동차판매점,경상북도, 209 
1202,이륜자동차판매점,부산광역시, 212 
1203,이륜자동차판매점,울산광역시, 75 
1204,이륜자동차판매점,경상남도, 219 
1205,이륜자동차판매점,제주특별자치도, 40 
1206,이발소,합계," 11,896 "
1207,이발소,서울특별시," 2,170 "
1208,이발소,인천광역시, 419 
1209,이발소,경기도," 2,103 "
1210,이발소,강원도, 656 
1211,이발소,대전광역시, 411 
1212,이발소,충청북도, 418 
1213,이발소,충청남도, 611 
1214,이발소,세종특별자치시, 36 
1215,이발소,광주광역시, 256 
1216,이발소,전라북도, 458 
1217,이발소,전라남도, 553 
1218,이발소,대구광역시, 579 
1219,이발소,경상북도, 874 
1220,이발소,부산광역시," 1,025 "
1221,이발소,울산광역시, 374 
1222,이발소,경상남도, 793 
1223,이발소,제주특별자치도, 160 
1224,이비인후과 의원,합계," 2,579 "
1225,이비인후과 의원,서울특별시, 680 
1226,이비인후과 의원,인천광역시, 138 
1227,이비인후과 의원,경기도, 650 
1228,이비인후과 의원,강원도, 49 
1229,이비인후과 의원,대전광역시, 82 
1230,이비인후과 의원,충청북도, 61 
1231,이비인후과 의원,충청남도, 56 
1232,이비인후과 의원,세종특별자치시, 16 
1233,이비인후과 의원,광주광역시, 76 
1234,이비인후과 의원,전라북도, 73 
1235,이비인후과 의원,전라남도, 48 
1236,이비인후과 의원,대구광역시, 159 
1237,이비인후과 의원,경상북도, 87 
1238,이비인후과 의원,부산광역시, 202 
1239,이비인후과 의원,울산광역시, 47 
1240,이비인후과 의원,경상남도, 128 
1241,이비인후과 의원,제주특별자치도, 27 
1242,일반외과 의원,합계," 4,828 "
1243,일반외과 의원,서울특별시," 1,087 "
1244,일반외과 의원,인천광역시, 269 
1245,일반외과 의원,경기도," 1,132 "
1246,일반외과 의원,강원도, 133 
1247,일반외과 의원,대전광역시, 142 
1248,일반외과 의원,충청북도, 176 
1249,일반외과 의원,충청남도, 192 
1250,일반외과 의원,세종특별자치시, 33 
1251,일반외과 의원,광주광역시, 99 
1252,일반외과 의원,전라북도, 181 
1253,일반외과 의원,전라남도, 137 
1254,일반외과 의원,대구광역시, 303 
1255,일반외과 의원,경상북도, 231 
1256,일반외과 의원,부산광역시, 322 
1257,일반외과 의원,울산광역시, 77 
1258,일반외과 의원,경상남도, 244 
1259,일반외과 의원,제주특별자치도, 70 
1260,일식전문점,합계," 18,197 "
1261,일식전문점,서울특별시," 5,574 "
1262,일식전문점,인천광역시, 965 
1263,일식전문점,경기도," 3,695 "
1264,일식전문점,강원도, 989 
1265,일식전문점,대전광역시, 450 
1266,일식전문점,충청북도, 493 
1267,일식전문점,충청남도, 740 
1268,일식전문점,세종특별자치시, 87 
1269,일식전문점,광주광역시, 270 
1270,일식전문점,전라북도, 500 
1271,일식전문점,전라남도, 425 
1272,일식전문점,대구광역시, 845 
1273,일식전문점,경상북도, 544 
1274,일식전문점,부산광역시," 1,072 "
1275,일식전문점,울산광역시, 280 
1276,일식전문점,경상남도, 748 
1277,일식전문점,제주특별자치도, 520 
1278,자동차수리점,합계," 43,932 "
1279,자동차수리점,서울특별시," 4,892 "
1280,자동차수리점,인천광역시," 2,320 "
1281,자동차수리점,경기도," 11,082 "
1282,자동차수리점,강원도," 1,782 "
1283,자동차수리점,대전광역시," 1,422 "
1284,자동차수리점,충청북도," 1,813 "
1285,자동차수리점,충청남도," 2,421 "
1286,자동차수리점,세종특별자치시, 196 
1287,자동차수리점,광주광역시," 1,507 "
1288,자동차수리점,전라북도," 1,983 "
1289,자동차수리점,전라남도," 2,002 "
1290,자동차수리점,대구광역시," 2,248 "
1291,자동차수리점,경상북도," 3,036 "
1292,자동차수리점,부산광역시," 2,350 "
1293,자동차수리점,울산광역시," 1,083 "
1294,자동차수리점,경상남도," 3,206 "
1295,자동차수리점,제주특별자치도, 589 
1296,자전거판매점,합계," 2,543 "
1297,자전거판매점,서울특별시, 403 
1298,자전거판매점,인천광역시, 107 
1299,자전거판매점,경기도, 613 
1300,자전거판매점,강원도, 89 
1301,자전거판매점,대전광역시, 97 
1302,자전거판매점,충청북도, 83 
1303,자전거판매점,충청남도, 111 
1304,자전거판매점,세종특별자치시, 12 
1305,자전거판매점,광주광역시, 63 
1306,자전거판매점,전라북도, 135 
1307,자전거판매점,전라남도, 97 
1308,자전거판매점,대구광역시, 158 
1309,자전거판매점,경상북도, 168 
1310,자전거판매점,부산광역시, 107 
1311,자전거판매점,울산광역시, 61 
1312,자전거판매점,경상남도, 206 
1313,자전거판매점,제주특별자치도, 33 
1314,장난감가게,합계," 3,071 "
1315,장난감가게,서울특별시, 550 
1316,장난감가게,인천광역시, 144 
1317,장난감가게,경기도, 858 
1318,장난감가게,강원도, 97 
1319,장난감가게,대전광역시, 92 
1320,장난감가게,충청북도, 86 
1321,장난감가게,충청남도, 131 
1322,장난감가게,세종특별자치시, 25 
1323,장난감가게,광주광역시, 79 
1324,장난감가게,전라북도, 105 
1325,장난감가게,전라남도, 106 
1326,장난감가게,대구광역시, 146 
1327,장난감가게,경상북도, 164 
1328,장난감가게,부산광역시, 192 
1329,장난감가게,울산광역시, 61 
1330,장난감가게,경상남도, 169 
1331,장난감가게,제주특별자치도, 66 
1332,정육점,합계," 19,725 "
1333,정육점,서울특별시," 2,790 "
1334,정육점,인천광역시," 1,060 "
1335,정육점,경기도," 4,245 "
1336,정육점,강원도, 853 
1337,정육점,대전광역시, 750 
1338,정육점,충청북도, 789 
1339,정육점,충청남도," 1,009 "
1340,정육점,세종특별자치시, 113 
1341,정육점,광주광역시, 542 
1342,정육점,전라북도," 1,060 "
1343,정육점,전라남도, 812 
1344,정육점,대구광역시," 1,282 "
1345,정육점,경상북도," 1,258 "
1346,정육점,부산광역시," 1,104 "
1347,정육점,울산광역시, 579 
1348,정육점,경상남도," 1,191 "
1349,정육점,제주특별자치도, 288 
1350,제과점,합계," 17,116 "
1351,제과점,서울특별시," 3,581 "
1352,제과점,인천광역시, 800 
1353,제과점,경기도," 3,957 "
1354,제과점,강원도, 563 
1355,제과점,대전광역시, 513 
1356,제과점,충청북도, 534 
1357,제과점,충청남도, 682 
1358,제과점,세종특별자치시, 120 
1359,제과점,광주광역시, 476 
1360,제과점,전라북도, 617 
1361,제과점,전라남도, 557 
1362,제과점,대구광역시, 897 
1363,제과점,경상북도, 896 
1364,제과점,부산광역시," 1,077 "
1365,제과점,울산광역시, 366 
1366,제과점,경상남도," 1,077 "
1367,제과점,제주특별자치도, 403 
1368,종합병원,합계," 3,402 "
1369,종합병원,서울특별시, 437 
1370,종합병원,인천광역시, 145 
1371,종합병원,경기도, 674 
1372,종합병원,강원도, 85 
1373,종합병원,대전광역시, 100 
1374,종합병원,충청북도, 98 
1375,종합병원,충청남도, 142 
1376,종합병원,세종특별자치시, 12 
1377,종합병원,광주광역시, 169 
1378,종합병원,전라북도, 167 
1379,종합병원,전라남도, 199 
1380,종합병원,대구광역시, 190 
1381,종합병원,경상북도, 231 
1382,종합병원,부산광역시, 337 
1383,종합병원,울산광역시, 96 
1384,종합병원,경상남도, 295 
1385,종합병원,제주특별자치도, 25 
1386,주유소,합계," 10,684 "
1387,주유소,서울특별시, 399 
1388,주유소,인천광역시, 273 
1389,주유소,경기도," 2,157 "
1390,주유소,강원도, 627 
1391,주유소,대전광역시, 226 
1392,주유소,충청북도, 712 
1393,주유소,충청남도, 997 
1394,주유소,세종특별자치시, 67 
1395,주유소,광주광역시, 258 
1396,주유소,전라북도, 834 
1397,주유소,전라남도, 815 
1398,주유소,대구광역시, 326 
1399,주유소,경상북도," 1,206 "
1400,주유소,부산광역시, 353 
1401,주유소,울산광역시, 209 
1402,주유소,경상남도," 1,041 "
1403,주유소,제주특별자치도, 184 
1404,주차장운영업,합계," 7,773 "
1405,주차장운영업,서울특별시," 1,760 "
1406,주차장운영업,인천광역시, 306 
1407,주차장운영업,경기도," 1,241 "
1408,주차장운영업,강원도, 148 
1409,주차장운영업,대전광역시, 171 
1410,주차장운영업,충청북도, 151 
1411,주차장운영업,충청남도, 134 
1412,주차장운영업,세종특별자치시, 23 
1413,주차장운영업,광주광역시, 252 
1414,주차장운영업,전라북도, 127 
1415,주차장운영업,전라남도, 100 
1416,주차장운영업,대구광역시, 427 
1417,주차장운영업,경상북도, 252 
1418,주차장운영업,부산광역시," 1,740 "
1419,주차장운영업,울산광역시, 227 
1420,주차장운영업,경상남도, 660 
1421,주차장운영업,제주특별자치도, 54 
1422,중고차판매점,합계," 4,787 "
1423,중고차판매점,서울특별시, 493 
1424,중고차판매점,인천광역시, 274 
1425,중고차판매점,경기도," 1,022 "
1426,중고차판매점,강원도, 157 
1427,중고차판매점,대전광역시, 168 
1428,중고차판매점,충청북도, 193 
1429,중고차판매점,충청남도, 210 
1430,중고차판매점,세종특별자치시, 4 
1431,중고차판매점,광주광역시, 238 
1432,중고차판매점,전라북도, 289 
1433,중고차판매점,전라남도, 218 
1434,중고차판매점,대구광역시, 474 
1435,중고차판매점,경상북도, 325 
1436,중고차판매점,부산광역시, 235 
1437,중고차판매점,울산광역시, 105 
1438,중고차판매점,경상남도, 326 
1439,중고차판매점,제주특별자치도, 56 
1440,중식전문점,합계," 24,499 "
1441,중식전문점,서울특별시," 4,848 "
1442,중식전문점,인천광역시," 1,181 "
1443,중식전문점,경기도," 5,205 "
1444,중식전문점,강원도," 1,026 "
1445,중식전문점,대전광역시, 589 
1446,중식전문점,충청북도, 896 
1447,중식전문점,충청남도," 1,224 "
1448,중식전문점,세종특별자치시, 145 
1449,중식전문점,광주광역시, 495 
1450,중식전문점,전라북도," 1,029 "
1451,중식전문점,전라남도, 826 
1452,중식전문점,대구광역시," 1,242 "
1453,중식전문점,경상북도," 1,484 "
1454,중식전문점,부산광역시," 1,773 "
1455,중식전문점,울산광역시, 496 
1456,중식전문점,경상남도," 1,636 "
1457,중식전문점,제주특별자치도, 404 
1458,채소가게,합계," 11,284 "
1459,채소가게,서울특별시," 1,556 "
1460,채소가게,인천광역시, 544 
1461,채소가게,경기도," 1,971 "
1462,채소가게,강원도, 786 
1463,채소가게,대전광역시, 285 
1464,채소가게,충청북도, 506 
1465,채소가게,충청남도, 688 
1466,채소가게,세종특별자치시, 57 
1467,채소가게,광주광역시, 225 
1468,채소가게,전라북도, 616 
1469,채소가게,전라남도, 726 
1470,채소가게,대구광역시, 434 
1471,채소가게,경상북도, 934 
1472,채소가게,부산광역시, 706 
1473,채소가게,울산광역시, 131 
1474,채소가게,경상남도, 829 
1475,채소가게,제주특별자치도, 290 
1476,철물점,합계," 8,859 "
1477,철물점,서울특별시," 1,397 "
1478,철물점,인천광역시, 504 
1479,철물점,경기도," 1,860 "
1480,철물점,강원도, 458 
1481,철물점,대전광역시, 284 
1482,철물점,충청북도, 353 
1483,철물점,충청남도, 458 
1484,철물점,세종특별자치시, 40 
1485,철물점,광주광역시, 294 
1486,철물점,전라북도, 426 
1487,철물점,전라남도, 456 
1488,철물점,대구광역시, 346 
1489,철물점,경상북도, 489 
1490,철물점,부산광역시, 666 
1491,철물점,울산광역시, 174 
1492,철물점,경상남도, 551 
1493,철물점,제주특별자치도, 103 
1494,치과병원ㆍ의원,합계," 18,236 "
1495,치과병원ㆍ의원,서울특별시," 4,909 "
1496,치과병원ㆍ의원,인천광역시, 914 
1497,치과병원ㆍ의원,경기도," 4,277 "
1498,치과병원ㆍ의원,강원도, 394 
1499,치과병원ㆍ의원,대전광역시, 534 
1500,치과병원ㆍ의원,충청북도, 431 
1501,치과병원ㆍ의원,충청남도, 570 
1502,치과병원ㆍ의원,세종특별자치시, 85 
1503,치과병원ㆍ의원,광주광역시, 637 
1504,치과병원ㆍ의원,전라북도, 583 
1505,치과병원ㆍ의원,전라남도, 490 
1506,치과병원ㆍ의원,대구광역시, 901 
1507,치과병원ㆍ의원,경상북도, 686 
1508,치과병원ㆍ의원,부산광역시," 1,307 "
1509,치과병원ㆍ의원,울산광역시, 388 
1510,치과병원ㆍ의원,경상남도, 913 
1511,치과병원ㆍ의원,제주특별자치도, 217 
1512,침구ㆍ커튼가게,합계," 9,935 "
1513,침구ㆍ커튼가게,서울특별시," 1,309 "
1514,침구ㆍ커튼가게,인천광역시, 428 
1515,침구ㆍ커튼가게,경기도," 1,884 "
1516,침구ㆍ커튼가게,강원도, 401 
1517,침구ㆍ커튼가게,대전광역시, 417 
1518,침구ㆍ커튼가게,충청북도, 397 
1519,침구ㆍ커튼가게,충청남도, 513 
1520,침구ㆍ커튼가게,세종특별자치시, 51 
1521,침구ㆍ커튼가게,광주광역시, 391 
1522,침구ㆍ커튼가게,전라북도, 492 
1523,침구ㆍ커튼가게,전라남도, 481 
1524,침구ㆍ커튼가게,대구광역시, 657 
1525,침구ㆍ커튼가게,경상북도, 666 
1526,침구ㆍ커튼가게,부산광역시, 700 
1527,침구ㆍ커튼가게,울산광역시, 239 
1528,침구ㆍ커튼가게,경상남도, 687 
1529,침구ㆍ커튼가게,제주특별자치도, 222 
1530,커피음료점,합계," 60,545 "
1531,커피음료점,서울특별시," 12,060 "
1532,커피음료점,인천광역시," 2,962 "
1533,커피음료점,경기도," 12,815 "
1534,커피음료점,강원도," 2,143 "
1535,커피음료점,대전광역시," 2,211 "
1536,커피음료점,충청북도," 2,039 "
1537,커피음료점,충청남도," 2,677 "
1538,커피음료점,세종특별자치시, 401 
1539,커피음료점,광주광역시," 1,595 "
1540,커피음료점,전라북도," 2,484 "
1541,커피음료점,전라남도," 2,151 "
1542,커피음료점,대구광역시," 2,862 "
1543,커피음료점,경상북도," 4,218 "
1544,커피음료점,부산광역시," 3,443 "
1545,커피음료점,울산광역시," 1,410 "
1546,커피음료점,경상남도," 3,874 "
1547,커피음료점,제주특별자치도," 1,200 "
1548,컴퓨터판매점,합계," 4,983 "
1549,컴퓨터판매점,서울특별시," 1,008 "
1550,컴퓨터판매점,인천광역시, 213 
1551,컴퓨터판매점,경기도," 1,090 "
1552,컴퓨터판매점,강원도, 187 
1553,컴퓨터판매점,대전광역시, 185 
1554,컴퓨터판매점,충청북도, 188 
1555,컴퓨터판매점,충청남도, 212 
1556,컴퓨터판매점,세종특별자치시, 34 
1557,컴퓨터판매점,광주광역시, 184 
1558,컴퓨터판매점,전라북도, 211 
1559,컴퓨터판매점,전라남도, 181 
1560,컴퓨터판매점,대구광역시, 231 
1561,컴퓨터판매점,경상북도, 317 
1562,컴퓨터판매점,부산광역시, 240 
1563,컴퓨터판매점,울산광역시, 92 
1564,컴퓨터판매점,경상남도, 319 
1565,컴퓨터판매점,제주특별자치도, 91 
1566,통신판매업,합계," 262,691 "
1567,통신판매업,서울특별시," 78,021 "
1568,통신판매업,인천광역시," 17,322 "
1569,통신판매업,경기도," 77,279 "
1570,통신판매업,강원도," 3,471 "
1571,통신판매업,대전광역시," 6,316 "
1572,통신판매업,충청북도," 4,969 "
1573,통신판매업,충청남도," 6,408 "
1574,통신판매업,세종특별자치시," 1,205 "
1575,통신판매업,광주광역시," 5,988 "
1576,통신판매업,전라북도," 5,126 "
1577,통신판매업,전라남도," 4,693 "
1578,통신판매업,대구광역시," 12,443 "
1579,통신판매업,경상북도," 8,314 "
1580,통신판매업,부산광역시," 16,229 "
1581,통신판매업,울산광역시," 3,237 "
1582,통신판매업,경상남도," 9,710 "
1583,통신판매업,제주특별자치도," 1,960 "
1584,패스트푸드점,합계," 38,641 "
1585,패스트푸드점,서울특별시," 6,267 "
1586,패스트푸드점,인천광역시," 1,731 "
1587,패스트푸드점,경기도," 8,408 "
1588,패스트푸드점,강원도," 1,887 "
1589,패스트푸드점,대전광역시," 1,056 "
1590,패스트푸드점,충청북도," 1,577 "
1591,패스트푸드점,충청남도," 2,038 "
1592,패스트푸드점,세종특별자치시, 321 
1593,패스트푸드점,광주광역시," 1,095 "
1594,패스트푸드점,전라북도," 1,643 "
1595,패스트푸드점,전라남도," 1,518 "
1596,패스트푸드점,대구광역시," 1,455 "
1597,패스트푸드점,경상북도," 2,274 "
1598,패스트푸드점,부산광역시," 2,526 "
1599,패스트푸드점,울산광역시, 990 
1600,패스트푸드점,경상남도," 3,234 "
1601,패스트푸드점,제주특별자치도, 621 
1602,펜션ㆍ게스트하우스,합계," 13,402 "
1603,펜션ㆍ게스트하우스,서울특별시, 705 
1604,펜션ㆍ게스트하우스,인천광역시, 611 
1605,펜션ㆍ게스트하우스,경기도," 1,791 "
1606,펜션ㆍ게스트하우스,강원도," 2,288 "
1607,펜션ㆍ게스트하우스,대전광역시, 19 
1608,펜션ㆍ게스트하우스,충청북도, 381 
1609,펜션ㆍ게스트하우스,충청남도," 1,208 "
1610,펜션ㆍ게스트하우스,세종특별자치시, 4 
1611,펜션ㆍ게스트하우스,광주광역시, 22 
1612,펜션ㆍ게스트하우스,전라북도, 405 
1613,펜션ㆍ게스트하우스,전라남도, 716 
1614,펜션ㆍ게스트하우스,대구광역시, 35 
1615,펜션ㆍ게스트하우스,경상북도," 1,166 "
1616,펜션ㆍ게스트하우스,부산광역시, 165 
1617,펜션ㆍ게스트하우스,울산광역시, 123 
1618,펜션ㆍ게스트하우스,경상남도," 1,322 "
1619,펜션ㆍ게스트하우스,제주특별자치도," 2,441 "
1620,편의점,합계," 41,638 "
1621,편의점,서울특별시," 7,990 "
1622,편의점,인천광역시," 2,221 "
1623,편의점,경기도," 10,337 "
1624,편의점,강원도," 1,686 "
1625,편의점,대전광역시," 1,140 "
1626,편의점,충청북도," 1,486 "
1627,편의점,충청남도," 2,213 "
1628,편의점,세종특별자치시, 257 
1629,편의점,광주광역시," 1,041 "
1630,편의점,전라북도," 1,231 "
1631,편의점,전라남도," 1,150 "
1632,편의점,대구광역시," 1,556 "
1633,편의점,경상북도," 1,950 "
1634,편의점,부산광역시," 2,471 "
1635,편의점,울산광역시, 900 
1636,편의점,경상남도," 2,882 "
1637,편의점,제주특별자치도," 1,127 "
1638,피부관리업,합계," 37,313 "
1639,피부관리업,서울특별시," 7,244 "
1640,피부관리업,인천광역시," 2,137 "
1641,피부관리업,경기도," 8,731 "
1642,피부관리업,강원도," 1,068 "
1643,피부관리업,대전광역시," 1,198 "
1644,피부관리업,충청북도," 1,110 "
1645,피부관리업,충청남도," 1,325 "
1646,피부관리업,세종특별자치시, 168 
1647,피부관리업,광주광역시," 1,586 "
1648,피부관리업,전라북도," 1,200 "
1649,피부관리업,전라남도," 1,390 "
1650,피부관리업,대구광역시," 1,591 "
1651,피부관리업,경상북도," 1,578 "
1652,피부관리업,부산광역시," 2,708 "
1653,피부관리업,울산광역시, 825 
1654,피부관리업,경상남도," 2,735 "
1655,피부관리업,제주특별자치도, 719 
1656,피부ㆍ비뇨기과 의원,합계," 3,906 "
1657,피부ㆍ비뇨기과 의원,서울특별시," 1,338 "
1658,피부ㆍ비뇨기과 의원,인천광역시, 172 
1659,피부ㆍ비뇨기과 의원,경기도, 824 
1660,피부ㆍ비뇨기과 의원,강원도, 58 
1661,피부ㆍ비뇨기과 의원,대전광역시, 111 
1662,피부ㆍ비뇨기과 의원,충청북도, 77 
1663,피부ㆍ비뇨기과 의원,충청남도, 98 
1664,피부ㆍ비뇨기과 의원,세종특별자치시, 15 
1665,피부ㆍ비뇨기과 의원,광주광역시, 125 
1666,피부ㆍ비뇨기과 의원,전라북도, 89 
1667,피부ㆍ비뇨기과 의원,전라남도, 75 
1668,피부ㆍ비뇨기과 의원,대구광역시, 202 
1669,피부ㆍ비뇨기과 의원,경상북도, 103 
1670,피부ㆍ비뇨기과 의원,부산광역시, 328 
1671,피부ㆍ비뇨기과 의원,울산광역시, 77 
1672,피부ㆍ비뇨기과 의원,경상남도, 171 
1673,피부ㆍ비뇨기과 의원,제주특별자치도, 43 
1674,한방병원ㆍ한의원,합계," 14,858 "
1675,한방병원ㆍ한의원,서울특별시," 3,711 "
1676,한방병원ㆍ한의원,인천광역시, 695 
1677,한방병원ㆍ한의원,경기도," 3,230 "
1678,한방병원ㆍ한의원,강원도, 365 
1679,한방병원ㆍ한의원,대전광역시, 522 
1680,한방병원ㆍ한의원,충청북도, 405 
1681,한방병원ㆍ한의원,충청남도, 525 
1682,한방병원ㆍ한의원,세종특별자치시, 75 
1683,한방병원ㆍ한의원,광주광역시, 413 
1684,한방병원ㆍ한의원,전라북도, 543 
1685,한방병원ㆍ한의원,전라남도, 396 
1686,한방병원ㆍ한의원,대구광역시, 884 
1687,한방병원ㆍ한의원,경상북도, 648 
1688,한방병원ㆍ한의원,부산광역시," 1,149 "
1689,한방병원ㆍ한의원,울산광역시, 283 
1690,한방병원ㆍ한의원,경상남도, 818 
1691,한방병원ㆍ한의원,제주특별자치도, 196 
1692,한식전문점,합계," 386,351 "
1693,한식전문점,서울특별시," 53,367 "
1694,한식전문점,인천광역시," 17,768 "
1695,한식전문점,경기도," 79,907 "
1696,한식전문점,강원도," 19,571 "
1697,한식전문점,대전광역시," 11,667 "
1698,한식전문점,충청북도," 15,356 "
1699,한식전문점,충청남도," 19,567 "
1700,한식전문점,세종특별자치시," 2,056 "
1701,한식전문점,광주광역시," 9,849 "
1702,한식전문점,전라북도," 14,199 "
1703,한식전문점,전라남도," 17,608 "
1704,한식전문점,대구광역시," 19,626 "
1705,한식전문점,경상북도," 29,380 "
1706,한식전문점,부산광역시," 24,353 "
1707,한식전문점,울산광역시," 10,915 "
1708,한식전문점,경상남도," 32,450 "
1709,한식전문점,제주특별자치도," 8,712 "
1710,헬스클럽,합계," 7,680 "
1711,헬스클럽,서울특별시," 1,846 "
1712,헬스클럽,인천광역시, 416 
1713,헬스클럽,경기도," 1,853 "
1714,헬스클럽,강원도, 217 
1715,헬스클럽,대전광역시, 250 
1716,헬스클럽,충청북도, 267 
1717,헬스클럽,충청남도, 270 
1718,헬스클럽,세종특별자치시, 36 
1719,헬스클럽,광주광역시, 229 
1720,헬스클럽,전라북도, 229 
1721,헬스클럽,전라남도, 170 
1722,헬스클럽,대구광역시, 375 
1723,헬스클럽,경상북도, 357 
1724,헬스클럽,부산광역시, 520 
1725,헬스클럽,울산광역시, 127 
1726,헬스클럽,경상남도, 411 
1727,헬스클럽,제주특별자치도, 107 
1728,호프전문점,합계," 33,595 "
1729,호프전문점,서울특별시," 7,056 "
1730,호프전문점,인천광역시," 1,764 "
1731,호프전문점,경기도," 6,976 "
1732,호프전문점,강원도," 1,399 "
1733,호프전문점,대전광역시, 974 
1734,호프전문점,충청북도," 1,773 "
1735,호프전문점,충청남도," 1,608 "
1736,호프전문점,세종특별자치시, 150 
1737,호프전문점,광주광역시," 2,326 "
1738,호프전문점,전라북도," 1,354 "
1739,호프전문점,전라남도," 2,320 "
1740,호프전문점,대구광역시, 592 
1741,호프전문점,경상북도," 1,035 "
1742,호프전문점,부산광역시," 1,841 "
1743,호프전문점,울산광역시, 355 
1744,호프전문점,경상남도," 1,439 "
1745,호프전문점,제주특별자치도, 633 
1746,화장품가게,합계," 35,160 "
1747,화장품가게,서울특별시," 6,734 "
1748,화장품가게,인천광역시," 1,438 "
1749,화장품가게,경기도," 7,873 "
1750,화장품가게,강원도," 1,119 "
1751,화장품가게,대전광역시," 1,251 "
1752,화장품가게,충청북도," 1,059 "
1753,화장품가게,충청남도," 1,305 "
1754,화장품가게,세종특별자치시, 150 
1755,화장품가게,광주광역시," 1,154 "
1756,화장품가게,전라북도," 1,471 "
1757,화장품가게,전라남도," 1,062 "
1758,화장품가게,대구광역시," 2,140 "
1759,화장품가게,경상북도," 1,865 "
1760,화장품가게,부산광역시," 2,454 "
1761,화장품가게,울산광역시, 970 
1762,화장품가게,경상남도," 2,427 "
1763,화장품가게,제주특별자치도, 688 
1764,휴대폰가게,합계," 18,090 "
1765,휴대폰가게,서울특별시," 3,080 "
1766,휴대폰가게,인천광역시, 928 
1767,휴대폰가게,경기도," 4,014 "
1768,휴대폰가게,강원도, 614 
1769,휴대폰가게,대전광역시, 644 
1770,휴대폰가게,충청북도, 541 
1771,휴대폰가게,충청남도, 845 
1772,휴대폰가게,세종특별자치시, 71 
1773,휴대폰가게,광주광역시, 565 
1774,휴대폰가게,전라북도, 714 
1775,휴대폰가게,전라남도, 590 
1776,휴대폰가게,대구광역시," 1,010 "
1777,휴대폰가게,경상북도," 1,059 "
1778,휴대폰가게,부산광역시," 1,359 "
1779,휴대폰가게,울산광역시, 502 
1780,휴대폰가게,경상남도," 1,319 "
1781,휴대폰가게,제주특별자치도, 235 
1782,LPG 충전소,합계," 1,603 "
1783,LPG 충전소,서울특별시, 75 
1784,LPG 충전소,인천광역시, 69 
1785,LPG 충전소,경기도, 370 
1786,LPG 충전소,강원도, 96 
1787,LPG 충전소,대전광역시, 37 
1788,LPG 충전소,충청북도, 74 
1789,LPG 충전소,충청남도, 127 
1790,LPG 충전소,세종특별자치시, 4 
1791,LPG 충전소,광주광역시, 39 
1792,LPG 충전소,전라북도, 108 
1793,LPG 충전소,전라남도, 121 
1794,LPG 충전소,대구광역시, 44 
1795,LPG 충전소,경상북도, 162 
1796,LPG 충전소,부산광역시, 57 
1797,LPG 충전소,울산광역시, 30 
1798,LPG 충전소,경상남도, 154 
1799,LPG 충전소,제주특별자치도, 36 
1800,PC방,합계," 10,208 "
1801,PC방,서울특별시," 1,646 "
1802,PC방,인천광역시, 520 
1803,PC방,경기도," 2,359 "
1804,PC방,강원도, 435 
1805,PC방,대전광역시, 331 
1806,PC방,충청북도, 339 
1807,PC방,충청남도, 446 
1808,PC방,세종특별자치시, 43 
1809,PC방,광주광역시, 406 
1810,PC방,전라북도, 421 
1811,PC방,전라남도, 368 
1812,PC방,대구광역시, 570 
1813,PC방,경상북도, 563 
1814,PC방,부산광역시, 643 
1815,PC방,울산광역시, 271 
1816,PC방,경상남도, 670 
1817,PC방,제주특별자치도, 177 
