,corp,city,2
0,업종전체,합계," 2,369,932 "
1,업종전체,서울특별시," 472,512 "
2,업종전체,인천광역시," 120,307 "
3,업종전체,경기도," 544,912 "
4,업종전체,강원도," 84,796 "
5,업종전체,대전광역시," 69,757 "
6,업종전체,충청북도," 76,576 "
7,업종전체,충청남도," 100,271 "
8,업종전체,세종특별자치시," 12,209 "
9,업종전체,광주광역시," 69,946 "
10,업종전체,전라북도," 84,230 "
11,업종전체,전라남도," 84,844 "
12,업종전체,대구광역시," 113,816 "
13,업종전체,경상북도," 128,413 "
14,업종전체,부산광역시," 156,303 "
15,업종전체,울산광역시," 51,093 "
16,업종전체,경상남도," 156,278 "
17,업종전체,제주특별자치도," 43,669 "
18,가구점,합계," 7,496 "
19,가구점,서울특별시," 1,024 "
20,가구점,인천광역시, 291 
21,가구점,경기도," 1,898 "
22,가구점,강원도, 303 
23,가구점,대전광역시, 211 
24,가구점,충청북도, 290 
25,가구점,충청남도, 297 
26,가구점,세종특별자치시, 24 
27,가구점,광주광역시, 215 
28,가구점,전라북도, 391 
29,가구점,전라남도, 265 
30,가구점,대구광역시, 374 
31,가구점,경상북도, 471 
32,가구점,부산광역시, 515 
33,가구점,울산광역시, 185 
34,가구점,경상남도, 552 
35,가구점,제주특별자치도, 190 
36,가전제품수리점,합계," 15,243 "
37,가전제품수리점,서울특별시," 2,419 "
38,가전제품수리점,인천광역시," 1,099 "
39,가전제품수리점,경기도," 4,426 "
40,가전제품수리점,강원도, 538 
41,가전제품수리점,대전광역시, 512 
42,가전제품수리점,충청북도, 467 
43,가전제품수리점,충청남도, 651 
44,가전제품수리점,세종특별자치시, 65 
45,가전제품수리점,광주광역시, 451 
46,가전제품수리점,전라북도, 497 
47,가전제품수리점,전라남도, 493 
48,가전제품수리점,대구광역시, 728 
49,가전제품수리점,경상북도, 535 
50,가전제품수리점,부산광역시, 968 
51,가전제품수리점,울산광역시, 303 
52,가전제품수리점,경상남도, 895 
53,가전제품수리점,제주특별자치도, 196 
54,가전제품판매점,합계," 10,097 "
55,가전제품판매점,서울특별시," 1,546 "
56,가전제품판매점,인천광역시, 357 
57,가전제품판매점,경기도," 1,922 "
58,가전제품판매점,강원도, 464 
59,가전제품판매점,대전광역시, 304 
60,가전제품판매점,충청북도, 437 
61,가전제품판매점,충청남도, 526 
62,가전제품판매점,세종특별자치시, 40 
63,가전제품판매점,광주광역시, 354 
64,가전제품판매점,전라북도, 531 
65,가전제품판매점,전라남도, 580 
66,가전제품판매점,대구광역시, 525 
67,가전제품판매점,경상북도, 700 
68,가전제품판매점,부산광역시, 615 
69,가전제품판매점,울산광역시, 206 
70,가전제품판매점,경상남도, 745 
71,가전제품판매점,제주특별자치도, 245 
72,간이주점,합계," 15,024 "
73,간이주점,서울특별시," 4,893 "
74,간이주점,인천광역시," 1,566 "
75,간이주점,경기도," 2,947 "
76,간이주점,강원도, 435 
77,간이주점,대전광역시, 69 
78,간이주점,충청북도, 471 
79,간이주점,충청남도, 689 
80,간이주점,세종특별자치시, 19 
81,간이주점,광주광역시, 194 
82,간이주점,전라북도, 324 
83,간이주점,전라남도, 256 
84,간이주점,대구광역시, 287 
85,간이주점,경상북도, 400 
86,간이주점,부산광역시, 963 
87,간이주점,울산광역시, 114 
88,간이주점,경상남도," 1,225 "
89,간이주점,제주특별자치도, 172 
90,간판광고물업,합계," 12,992 "
91,간판광고물업,서울특별시," 2,681 "
92,간판광고물업,인천광역시, 540 
93,간판광고물업,경기도," 3,171 "
94,간판광고물업,강원도, 514 
95,간판광고물업,대전광역시, 396 
96,간판광고물업,충청북도, 377 
97,간판광고물업,충청남도, 456 
98,간판광고물업,세종특별자치시, 26 
99,간판광고물업,광주광역시, 443 
100,간판광고물업,전라북도, 502 
101,간판광고물업,전라남도, 473 
102,간판광고물업,대구광역시, 780 
103,간판광고물업,경상북도, 651 
104,간판광고물업,부산광역시, 838 
105,간판광고물업,울산광역시, 256 
106,간판광고물업,경상남도, 695 
107,간판광고물업,제주특별자치도, 193 
108,감정평가사,합계," 1,151 "
109,감정평가사,서울특별시, 245 
110,감정평가사,인천광역시, 77 
111,감정평가사,경기도, 368 
112,감정평가사,강원도, 31 
113,감정평가사,대전광역시, 29 
114,감정평가사,충청북도, 28 
115,감정평가사,충청남도, 36 
116,감정평가사,세종특별자치시, 12 
117,감정평가사,광주광역시, 35 
118,감정평가사,전라북도, 41 
119,감정평가사,전라남도, 18 
120,감정평가사,대구광역시, 57 
121,감정평가사,경상북도, 20 
122,감정평가사,부산광역시, 58 
123,감정평가사,울산광역시, 21 
124,감정평가사,경상남도, 60 
125,감정평가사,제주특별자치도, 15 
126,건강보조식품가게,합계," 13,370 "
127,건강보조식품가게,서울특별시," 2,148 "
128,건강보조식품가게,인천광역시, 652 
129,건강보조식품가게,경기도," 2,640 "
130,건강보조식품가게,강원도, 505 
131,건강보조식품가게,대전광역시, 455 
132,건강보조식품가게,충청북도, 445 
133,건강보조식품가게,충청남도," 1,231 "
134,건강보조식품가게,세종특별자치시, 45 
135,건강보조식품가게,광주광역시, 392 
136,건강보조식품가게,전라북도, 707 
137,건강보조식품가게,전라남도, 481 
138,건강보조식품가게,대구광역시, 591 
139,건강보조식품가게,경상북도, 886 
140,건강보조식품가게,부산광역시, 812 
141,건강보조식품가게,울산광역시, 218 
142,건강보조식품가게,경상남도, 997 
143,건강보조식품가게,제주특별자치도, 165 
144,건어물가게,합계," 7,201 "
145,건어물가게,서울특별시, 748 
146,건어물가게,인천광역시, 374 
147,건어물가게,경기도, 813 
148,건어물가게,강원도, 665 
149,건어물가게,대전광역시, 119 
150,건어물가게,충청북도, 116 
151,건어물가게,충청남도, 641 
152,건어물가게,세종특별자치시, 12 
153,건어물가게,광주광역시, 173 
154,건어물가게,전라북도, 364 
155,건어물가게,전라남도, 913 
156,건어물가게,대구광역시, 161 
157,건어물가게,경상북도, 655 
158,건어물가게,부산광역시, 494 
159,건어물가게,울산광역시, 129 
160,건어물가게,경상남도, 712 
161,건어물가게,제주특별자치도, 112 
162,건축사,합계," 9,762 "
163,건축사,서울특별시," 2,504 "
164,건축사,인천광역시, 346 
165,건축사,경기도," 2,039 "
166,건축사,강원도, 321 
167,건축사,대전광역시, 213 
168,건축사,충청북도, 278 
169,건축사,충청남도, 341 
170,건축사,세종특별자치시, 54 
171,건축사,광주광역시, 232 
172,건축사,전라북도, 347 
173,건축사,전라남도, 266 
174,건축사,대구광역시, 669 
175,건축사,경상북도, 468 
176,건축사,부산광역시, 674 
177,건축사,울산광역시, 212 
178,건축사,경상남도, 509 
179,건축사,제주특별자치도, 289 
180,결혼상담소,합계," 1,592 "
181,결혼상담소,서울특별시, 432 
182,결혼상담소,인천광역시, 68 
183,결혼상담소,경기도, 234 
184,결혼상담소,강원도, 27 
185,결혼상담소,대전광역시, 71 
186,결혼상담소,충청북도, 52 
187,결혼상담소,충청남도, 74 
188,결혼상담소,세종특별자치시, 6 
189,결혼상담소,광주광역시, 76 
190,결혼상담소,전라북도, 77 
191,결혼상담소,전라남도, 48 
192,결혼상담소,대구광역시, 109 
193,결혼상담소,경상북도, 60 
194,결혼상담소,부산광역시, 113 
195,결혼상담소,울산광역시, 21 
196,결혼상담소,경상남도, 95 
197,결혼상담소,제주특별자치도, 29 
198,곡물가게,합계," 5,009 "
199,곡물가게,서울특별시, 655 
200,곡물가게,인천광역시, 194 
201,곡물가게,경기도, 876 
202,곡물가게,강원도, 325 
203,곡물가게,대전광역시, 147 
204,곡물가게,충청북도, 246 
205,곡물가게,충청남도, 383 
206,곡물가게,세종특별자치시, 27 
207,곡물가게,광주광역시, 111 
208,곡물가게,전라북도, 365 
209,곡물가게,전라남도, 386 
210,곡물가게,대구광역시, 194 
211,곡물가게,경상북도, 370 
212,곡물가게,부산광역시, 337 
213,곡물가게,울산광역시, 43 
214,곡물가게,경상남도, 282 
215,곡물가게,제주특별자치도, 68 
216,공인노무사,합계, 887 
217,공인노무사,서울특별시, 390 
218,공인노무사,인천광역시, 40 
219,공인노무사,경기도, 145 
220,공인노무사,강원도, 16 
221,공인노무사,대전광역시, 20 
222,공인노무사,충청북도, 19 
223,공인노무사,충청남도, 22 
224,공인노무사,세종특별자치시, 5 
225,공인노무사,광주광역시, 25 
226,공인노무사,전라북도, 21 
227,공인노무사,전라남도, 10 
228,공인노무사,대구광역시, 32 
229,공인노무사,경상북도, 15 
230,공인노무사,부산광역시, 55 
231,공인노무사,울산광역시, 23 
232,공인노무사,경상남도, 39 
233,공인노무사,제주특별자치도, 10 
234,공인회계사,합계," 1,834 "
235,공인회계사,서울특별시, 845 
236,공인회계사,인천광역시, 64 
237,공인회계사,경기도, 309 
238,공인회계사,강원도, 13 
239,공인회계사,대전광역시, 37 
240,공인회계사,충청북도, 33 
241,공인회계사,충청남도, 45 
242,공인회계사,세종특별자치시, 9 
243,공인회계사,광주광역시, 37 
244,공인회계사,전라북도, 36 
245,공인회계사,전라남도, 23 
246,공인회계사,대구광역시, 89 
247,공인회계사,경상북도, 30 
248,공인회계사,부산광역시, 131 
249,공인회계사,울산광역시, 27 
250,공인회계사,경상남도, 77 
251,공인회계사,제주특별자치도, 29 
252,과일가게,합계," 11,821 "
253,과일가게,서울특별시," 1,248 "
254,과일가게,인천광역시, 430 
255,과일가게,경기도," 1,829 "
256,과일가게,강원도, 301 
257,과일가게,대전광역시, 311 
258,과일가게,충청북도, 657 
259,과일가게,충청남도, 666 
260,과일가게,세종특별자치시, 103 
261,과일가게,광주광역시, 285 
262,과일가게,전라북도, 576 
263,과일가게,전라남도, 675 
264,과일가게,대구광역시, 371 
265,과일가게,경상북도," 1,385 "
266,과일가게,부산광역시, 600 
267,과일가게,울산광역시, 159 
268,과일가게,경상남도," 1,203 "
269,과일가게,제주특별자치도," 1,022 "
270,교습소･공부방,합계," 32,714 "
271,교습소･공부방,서울특별시," 7,018 "
272,교습소･공부방,인천광역시," 1,638 "
273,교습소･공부방,경기도," 7,910 "
274,교습소･공부방,강원도, 875 
275,교습소･공부방,대전광역시," 1,286 "
276,교습소･공부방,충청북도, 770 
277,교습소･공부방,충청남도," 1,119 "
278,교습소･공부방,세종특별자치시, 222 
279,교습소･공부방,광주광역시, 717 
280,교습소･공부방,전라북도, 728 
281,교습소･공부방,전라남도, 638 
282,교습소･공부방,대구광역시," 2,507 "
283,교습소･공부방,경상북도," 1,694 "
284,교습소･공부방,부산광역시," 2,393 "
285,교습소･공부방,울산광역시, 692 
286,교습소･공부방,경상남도," 1,983 "
287,교습소･공부방,제주특별자치도, 524 
288,교습학원,합계," 56,047 "
289,교습학원,서울특별시," 10,365 "
290,교습학원,인천광역시," 2,518 "
291,교습학원,경기도," 14,812 "
292,교습학원,강원도," 1,466 "
293,교습학원,대전광역시," 1,292 "
294,교습학원,충청북도," 1,459 "
295,교습학원,충청남도," 1,845 "
296,교습학원,세종특별자치시, 384 
297,교습학원,광주광역시," 2,421 "
298,교습학원,전라북도," 2,432 "
299,교습학원,전라남도," 1,831 "
300,교습학원,대구광역시," 2,635 "
301,교습학원,경상북도," 2,623 "
302,교습학원,부산광역시," 3,552 "
303,교습학원,울산광역시," 1,682 "
304,교습학원,경상남도," 4,027 "
305,교습학원,제주특별자치도, 703 
306,구내식당,합계," 22,356 "
307,구내식당,서울특별시," 4,107 "
308,구내식당,인천광역시," 1,405 "
309,구내식당,경기도," 5,426 "
310,구내식당,강원도, 622 
311,구내식당,대전광역시, 705 
312,구내식당,충청북도, 781 
313,구내식당,충청남도," 1,055 "
314,구내식당,세종특별자치시, 84 
315,구내식당,광주광역시, 408 
316,구내식당,전라북도, 816 
317,구내식당,전라남도, 674 
318,구내식당,대구광역시, 921 
319,구내식당,경상북도," 1,353 "
320,구내식당,부산광역시," 1,499 "
321,구내식당,울산광역시, 449 
322,구내식당,경상남도," 1,886 "
323,구내식당,제주특별자치도, 165 
324,기술및직업훈련학원,합계," 13,241 "
325,기술및직업훈련학원,서울특별시," 2,960 "
326,기술및직업훈련학원,인천광역시, 542 
327,기술및직업훈련학원,경기도," 2,960 "
328,기술및직업훈련학원,강원도, 400 
329,기술및직업훈련학원,대전광역시, 451 
330,기술및직업훈련학원,충청북도, 360 
331,기술및직업훈련학원,충청남도, 492 
332,기술및직업훈련학원,세종특별자치시, 100 
333,기술및직업훈련학원,광주광역시, 473 
334,기술및직업훈련학원,전라북도, 488 
335,기술및직업훈련학원,전라남도, 422 
336,기술및직업훈련학원,대구광역시, 757 
337,기술및직업훈련학원,경상북도, 539 
338,기술및직업훈련학원,부산광역시, 925 
339,기술및직업훈련학원,울산광역시, 322 
340,기술및직업훈련학원,경상남도, 805 
341,기술및직업훈련학원,제주특별자치도, 245 
342,기술사,합계," 1,034 "
343,기술사,서울특별시, 286 
344,기술사,인천광역시, 28 
345,기술사,경기도, 233 
346,기술사,강원도, 37 
347,기술사,대전광역시, 25 
348,기술사,충청북도, 36 
349,기술사,충청남도, 29 
350,기술사,세종특별자치시, 3 
351,기술사,광주광역시, 35 
352,기술사,전라북도, 34 
353,기술사,전라남도, 34 
354,기술사,대구광역시, 32 
355,기술사,경상북도, 40 
356,기술사,부산광역시, 61 
357,기술사,울산광역시, 20 
358,기술사,경상남도, 84 
359,기술사,제주특별자치도, 17 
360,기타 일반의원,합계," 3,241 "
361,기타 일반의원,서울특별시, 886 
362,기타 일반의원,인천광역시, 145 
363,기타 일반의원,경기도, 644 
364,기타 일반의원,강원도, 63 
365,기타 일반의원,대전광역시, 142 
366,기타 일반의원,충청북도, 95 
367,기타 일반의원,충청남도, 100 
368,기타 일반의원,세종특별자치시, 19 
369,기타 일반의원,광주광역시, 127 
370,기타 일반의원,전라북도, 169 
371,기타 일반의원,전라남도, 107 
372,기타 일반의원,대구광역시, 157 
373,기타 일반의원,경상북도, 107 
374,기타 일반의원,부산광역시, 231 
375,기타 일반의원,울산광역시, 50 
376,기타 일반의원,경상남도, 146 
377,기타 일반의원,제주특별자치도, 53 
378,기타외국식전문점,합계," 23,609 "
379,기타외국식전문점,서울특별시," 7,188 "
380,기타외국식전문점,인천광역시, 794 
381,기타외국식전문점,경기도," 4,886 "
382,기타외국식전문점,강원도, 759 
383,기타외국식전문점,대전광역시, 603 
384,기타외국식전문점,충청북도, 496 
385,기타외국식전문점,충청남도, 681 
386,기타외국식전문점,세종특별자치시, 163 
387,기타외국식전문점,광주광역시, 376 
388,기타외국식전문점,전라북도, 734 
389,기타외국식전문점,전라남도, 431 
390,기타외국식전문점,대구광역시," 1,222 "
391,기타외국식전문점,경상북도, 703 
392,기타외국식전문점,부산광역시," 1,835 "
393,기타외국식전문점,울산광역시, 707 
394,기타외국식전문점,경상남도," 1,225 "
395,기타외국식전문점,제주특별자치도, 806 
396,기타음식점,합계," 24,144 "
397,기타음식점,서울특별시," 4,684 "
398,기타음식점,인천광역시," 1,038 "
399,기타음식점,경기도," 5,602 "
400,기타음식점,강원도," 1,034 "
401,기타음식점,대전광역시, 577 
402,기타음식점,충청북도, 725 
403,기타음식점,충청남도," 1,019 "
404,기타음식점,세종특별자치시, 102 
405,기타음식점,광주광역시," 1,010 "
406,기타음식점,전라북도, 718 
407,기타음식점,전라남도, 827 
408,기타음식점,대구광역시," 1,260 "
409,기타음식점,경상북도," 1,181 "
410,기타음식점,부산광역시," 1,661 "
411,기타음식점,울산광역시, 488 
412,기타음식점,경상남도," 1,810 "
413,기타음식점,제주특별자치도, 408 
414,꽃가게,합계," 23,634 "
415,꽃가게,서울특별시," 4,327 "
416,꽃가게,인천광역시, 947 
417,꽃가게,경기도," 5,427 "
418,꽃가게,강원도, 749 
419,꽃가게,대전광역시, 708 
420,꽃가게,충청북도, 889 
421,꽃가게,충청남도," 1,083 "
422,꽃가게,세종특별자치시, 114 
423,꽃가게,광주광역시, 767 
424,꽃가게,전라북도," 1,079 "
425,꽃가게,전라남도," 1,148 "
426,꽃가게,대구광역시," 1,115 "
427,꽃가게,경상북도," 1,401 "
428,꽃가게,부산광역시," 1,278 "
429,꽃가게,울산광역시, 516 
430,꽃가게,경상남도," 1,729 "
431,꽃가게,제주특별자치도, 357 
432,내과ㆍ소아과 의원,합계," 11,393 "
433,내과ㆍ소아과 의원,서울특별시," 2,481 "
434,내과ㆍ소아과 의원,인천광역시, 598 
435,내과ㆍ소아과 의원,경기도," 2,590 "
436,내과ㆍ소아과 의원,강원도, 322 
437,내과ㆍ소아과 의원,대전광역시, 381 
438,내과ㆍ소아과 의원,충청북도, 317 
439,내과ㆍ소아과 의원,충청남도, 439 
440,내과ㆍ소아과 의원,세종특별자치시, 63 
441,내과ㆍ소아과 의원,광주광역시, 335 
442,내과ㆍ소아과 의원,전라북도, 433 
443,내과ㆍ소아과 의원,전라남도, 447 
444,내과ㆍ소아과 의원,대구광역시, 567 
445,내과ㆍ소아과 의원,경상북도, 541 
446,내과ㆍ소아과 의원,부산광역시, 825 
447,내과ㆍ소아과 의원,울산광역시, 225 
448,내과ㆍ소아과 의원,경상남도, 676 
449,내과ㆍ소아과 의원,제주특별자치도, 153 
450,노래방,합계," 30,626 "
451,노래방,서울특별시," 5,818 "
452,노래방,인천광역시," 2,338 "
453,노래방,경기도," 7,305 "
454,노래방,강원도, 857 
455,노래방,대전광역시," 1,331 "
456,노래방,충청북도," 1,150 "
457,노래방,충청남도," 1,215 "
458,노래방,세종특별자치시, 143 
459,노래방,광주광역시," 1,077 "
460,노래방,전라북도, 850 
461,노래방,전라남도, 744 
462,노래방,대구광역시," 1,720 "
463,노래방,경상북도," 1,602 "
464,노래방,부산광역시," 1,774 "
465,노래방,울산광역시, 761 
466,노래방,경상남도," 1,646 "
467,노래방,제주특별자치도, 295 
468,담배가게,합계," 12,918 "
469,담배가게,서울특별시," 2,299 "
470,담배가게,인천광역시, 368 
471,담배가게,경기도," 1,644 "
472,담배가게,강원도, 597 
473,담배가게,대전광역시, 302 
474,담배가게,충청북도, 547 
475,담배가게,충청남도, 588 
476,담배가게,세종특별자치시, 38 
477,담배가게,광주광역시, 306 
478,담배가게,전라북도, 645 
479,담배가게,전라남도," 1,001 "
480,담배가게,대구광역시, 515 
481,담배가게,경상북도," 1,372 "
482,담배가게,부산광역시," 1,177 "
483,담배가게,울산광역시, 235 
484,담배가게,경상남도," 1,109 "
485,담배가게,제주특별자치도, 175 
486,당구장,합계," 18,374 "
487,당구장,서울특별시," 3,258 "
488,당구장,인천광역시," 1,171 "
489,당구장,경기도," 4,685 "
490,당구장,강원도, 812 
491,당구장,대전광역시, 524 
492,당구장,충청북도, 708 
493,당구장,충청남도, 829 
494,당구장,세종특별자치시, 91 
495,당구장,광주광역시, 492 
496,당구장,전라북도, 601 
497,당구장,전라남도, 703 
498,당구장,대구광역시, 650 
499,당구장,경상북도, 918 
500,당구장,부산광역시, 984 
501,당구장,울산광역시, 516 
502,당구장,경상남도," 1,110 "
503,당구장,제주특별자치도, 322 
504,독서실,합계," 9,904 "
505,독서실,서울특별시," 3,539 "
506,독서실,인천광역시, 449 
507,독서실,경기도," 2,434 "
508,독서실,강원도, 155 
509,독서실,대전광역시, 237 
510,독서실,충청북도, 191 
511,독서실,충청남도, 237 
512,독서실,세종특별자치시, 31 
513,독서실,광주광역시, 374 
514,독서실,전라북도, 269 
515,독서실,전라남도, 165 
516,독서실,대구광역시, 412 
517,독서실,경상북도, 235 
518,독서실,부산광역시, 453 
519,독서실,울산광역시, 241 
520,독서실,경상남도, 398 
521,독서실,제주특별자치도, 84 
522,동물병원,합계," 4,080 "
523,동물병원,서울특별시, 820 
524,동물병원,인천광역시, 191 
525,동물병원,경기도," 1,046 "
526,동물병원,강원도, 95 
527,동물병원,대전광역시, 101 
528,동물병원,충청북도, 105 
529,동물병원,충청남도, 182 
530,동물병원,세종특별자치시, 23 
531,동물병원,광주광역시, 104 
532,동물병원,전라북도, 163 
533,동물병원,전라남도, 158 
534,동물병원,대구광역시, 167 
535,동물병원,경상북도, 268 
536,동물병원,부산광역시, 240 
537,동물병원,울산광역시, 74 
538,동물병원,경상남도, 272 
539,동물병원,제주특별자치도, 71 
540,목욕탕,합계," 5,539 "
541,목욕탕,서울특별시, 724 
542,목욕탕,인천광역시, 209 
543,목욕탕,경기도, 770 
544,목욕탕,강원도, 179 
545,목욕탕,대전광역시, 100 
546,목욕탕,충청북도, 148 
547,목욕탕,충청남도, 196 
548,목욕탕,세종특별자치시, 12 
549,목욕탕,광주광역시, 178 
550,목욕탕,전라북도, 207 
551,목욕탕,전라남도, 297 
552,목욕탕,대구광역시, 269 
553,목욕탕,경상북도, 420 
554,목욕탕,부산광역시, 753 
555,목욕탕,울산광역시, 185 
556,목욕탕,경상남도, 778 
557,목욕탕,제주특별자치도, 114 
558,문구점,합계," 9,242 "
559,문구점,서울특별시," 1,574 "
560,문구점,인천광역시, 472 
561,문구점,경기도," 2,129 "
562,문구점,강원도, 383 
563,문구점,대전광역시, 322 
564,문구점,충청북도, 336 
565,문구점,충청남도, 431 
566,문구점,세종특별자치시, 76 
567,문구점,광주광역시, 291 
568,문구점,전라북도, 433 
569,문구점,전라남도, 416 
570,문구점,대구광역시, 340 
571,문구점,경상북도, 533 
572,문구점,부산광역시, 522 
573,문구점,울산광역시, 197 
574,문구점,경상남도, 636 
575,문구점,제주특별자치도, 151 
576,미용실,합계," 100,989 "
577,미용실,서울특별시," 17,914 "
578,미용실,인천광역시," 5,413 "
579,미용실,경기도," 22,761 "
580,미용실,강원도," 3,548 "
581,미용실,대전광역시," 3,303 "
582,미용실,충청북도," 3,452 "
583,미용실,충청남도," 4,190 "
584,미용실,세종특별자치시, 386 
585,미용실,광주광역시," 3,208 "
586,미용실,전라북도," 3,846 "
587,미용실,전라남도," 3,487 "
588,미용실,대구광역시," 5,376 "
589,미용실,경상북도," 5,812 "
590,미용실,부산광역시," 7,417 "
591,미용실,울산광역시," 2,576 "
592,미용실,경상남도," 6,947 "
593,미용실,제주특별자치도," 1,353 "
594,법무사,합계," 6,463 "
595,법무사,서울특별시," 1,938 "
596,법무사,인천광역시, 279 
597,법무사,경기도," 1,213 "
598,법무사,강원도, 188 
599,법무사,대전광역시, 164 
600,법무사,충청북도, 168 
601,법무사,충청남도, 215 
602,법무사,세종특별자치시, 21 
603,법무사,광주광역시, 219 
604,법무사,전라북도, 234 
605,법무사,전라남도, 214 
606,법무사,대구광역시, 299 
607,법무사,경상북도, 262 
608,법무사,부산광역시, 457 
609,법무사,울산광역시, 115 
610,법무사,경상남도, 390 
611,법무사,제주특별자치도, 87 
612,변리사,합계, 998 
613,변리사,서울특별시, 700 
614,변리사,인천광역시, 14 
615,변리사,경기도, 92 
616,변리사,강원도, * 
617,변리사,대전광역시, 89 
618,변리사,충청북도, 4 
619,변리사,충청남도, 5 
620,변리사,세종특별자치시, * 
621,변리사,광주광역시, 11 
622,변리사,전라북도, 6 
623,변리사,전라남도, * 
624,변리사,대구광역시, 23 
625,변리사,경상북도, 3 
626,변리사,부산광역시, 29 
627,변리사,울산광역시, 5 
628,변리사,경상남도, 11 
629,변리사,제주특별자치도, * 
630,변호사,합계," 7,269 "
631,변호사,서울특별시," 3,742 "
632,변호사,인천광역시, 247 
633,변호사,경기도, 957 
634,변호사,강원도, 118 
635,변호사,대전광역시, 221 
636,변호사,충청북도, 105 
637,변호사,충청남도, 135 
638,변호사,세종특별자치시, 19 
639,변호사,광주광역시, 217 
640,변호사,전라북도, 188 
641,변호사,전라남도, 91 
642,변호사,대구광역시, 272 
643,변호사,경상북도, 114 
644,변호사,부산광역시, 424 
645,변호사,울산광역시, 118 
646,변호사,경상남도, 220 
647,변호사,제주특별자치도, 81 
648,부동산중개업,합계," 124,690 "
649,부동산중개업,서울특별시," 30,779 "
650,부동산중개업,인천광역시," 6,749 "
651,부동산중개업,경기도," 34,719 "
652,부동산중개업,강원도," 2,615 "
653,부동산중개업,대전광역시," 3,276 "
654,부동산중개업,충청북도," 2,868 "
655,부동산중개업,충청남도," 4,162 "
656,부동산중개업,세종특별자치시," 1,313 "
657,부동산중개업,광주광역시," 4,013 "
658,부동산중개업,전라북도," 3,174 "
659,부동산중개업,전라남도," 2,197 "
660,부동산중개업,대구광역시," 5,650 "
661,부동산중개업,경상북도," 4,155 "
662,부동산중개업,부산광역시," 7,940 "
663,부동산중개업,울산광역시," 2,288 "
664,부동산중개업,경상남도," 6,872 "
665,부동산중개업,제주특별자치도," 1,920 "
666,분식점,합계," 53,834 "
667,분식점,서울특별시," 10,935 "
668,분식점,인천광역시," 2,552 "
669,분식점,경기도," 12,642 "
670,분식점,강원도," 1,595 "
671,분식점,대전광역시," 2,006 "
672,분식점,충청북도," 2,241 "
673,분식점,충청남도," 2,318 "
674,분식점,세종특별자치시, 197 
675,분식점,광주광역시," 1,609 "
676,분식점,전라북도," 1,939 "
677,분식점,전라남도," 1,464 "
678,분식점,대구광역시," 2,354 "
679,분식점,경상북도," 2,451 "
680,분식점,부산광역시," 4,026 "
681,분식점,울산광역시, 755 
682,분식점,경상남도," 3,938 "
683,분식점,제주특별자치도, 812 
684,사진촬영업,합계," 13,969 "
685,사진촬영업,서울특별시," 4,563 "
686,사진촬영업,인천광역시, 646 
687,사진촬영업,경기도," 2,914 "
688,사진촬영업,강원도, 407 
689,사진촬영업,대전광역시, 394 
690,사진촬영업,충청북도, 314 
691,사진촬영업,충청남도, 392 
692,사진촬영업,세종특별자치시, 56 
693,사진촬영업,광주광역시, 396 
694,사진촬영업,전라북도, 431 
695,사진촬영업,전라남도, 329 
696,사진촬영업,대구광역시, 628 
697,사진촬영업,경상북도, 524 
698,사진촬영업,부산광역시, 817 
699,사진촬영업,울산광역시, 222 
700,사진촬영업,경상남도, 604 
701,사진촬영업,제주특별자치도, 332 
702,산부인과 의원,합계," 1,674 "
703,산부인과 의원,서울특별시, 503 
704,산부인과 의원,인천광역시, 78 
705,산부인과 의원,경기도, 332 
706,산부인과 의원,강원도, 37 
707,산부인과 의원,대전광역시, 61 
708,산부인과 의원,충청북도, 46 
709,산부인과 의원,충청남도, 48 
710,산부인과 의원,세종특별자치시, 9 
711,산부인과 의원,광주광역시, 52 
712,산부인과 의원,전라북도, 57 
713,산부인과 의원,전라남도, 24 
714,산부인과 의원,대구광역시, 107 
715,산부인과 의원,경상북도, 67 
716,산부인과 의원,부산광역시, 104 
717,산부인과 의원,울산광역시, 41 
718,산부인과 의원,경상남도, 84 
719,산부인과 의원,제주특별자치도, 24 
720,생선가게,합계," 11,139 "
721,생선가게,서울특별시," 1,467 "
722,생선가게,인천광역시, 741 
723,생선가게,경기도," 1,209 "
724,생선가게,강원도, 425 
725,생선가게,대전광역시, 149 
726,생선가게,충청북도, 154 
727,생선가게,충청남도, 724 
728,생선가게,세종특별자치시, 19 
729,생선가게,광주광역시, 317 
730,생선가게,전라북도, 585 
731,생선가게,전라남도," 1,545 "
732,생선가게,대구광역시, 217 
733,생선가게,경상북도, 840 
734,생선가게,부산광역시," 1,059 "
735,생선가게,울산광역시, 394 
736,생선가게,경상남도, 854 
737,생선가게,제주특별자치도, 440 
738,서점,합계," 8,257 "
739,서점,서울특별시," 1,633 "
740,서점,인천광역시, 361 
741,서점,경기도," 1,915 "
742,서점,강원도, 236 
743,서점,대전광역시, 335 
744,서점,충청북도, 243 
745,서점,충청남도, 347 
746,서점,세종특별자치시, 62 
747,서점,광주광역시, 268 
748,서점,전라북도, 347 
749,서점,전라남도, 245 
750,서점,대구광역시, 505 
751,서점,경상북도, 384 
752,서점,부산광역시, 558 
753,서점,울산광역시, 189 
754,서점,경상남도, 490 
755,서점,제주특별자치도, 139 
756,성형외과 의원,합계," 1,469 "
757,성형외과 의원,서울특별시, 722 
758,성형외과 의원,인천광역시, 47 
759,성형외과 의원,경기도, 188 
760,성형외과 의원,강원도, 16 
761,성형외과 의원,대전광역시, 45 
762,성형외과 의원,충청북도, 23 
763,성형외과 의원,충청남도, 28 
764,성형외과 의원,세종특별자치시, 5 
765,성형외과 의원,광주광역시, 47 
766,성형외과 의원,전라북도, 26 
767,성형외과 의원,전라남도, 15 
768,성형외과 의원,대구광역시, 76 
769,성형외과 의원,경상북도, 15 
770,성형외과 의원,부산광역시, 137 
771,성형외과 의원,울산광역시, 20 
772,성형외과 의원,경상남도, 39 
773,성형외과 의원,제주특별자치도, 20 
774,세무사,합계," 12,369 "
775,세무사,서울특별시," 5,100 "
776,세무사,인천광역시, 518 
777,세무사,경기도," 2,719 "
778,세무사,강원도, 171 
779,세무사,대전광역시, 273 
780,세무사,충청북도, 167 
781,세무사,충청남도, 261 
782,세무사,세종특별자치시, 42 
783,세무사,광주광역시, 302 
784,세무사,전라북도, 267 
785,세무사,전라남도, 132 
786,세무사,대구광역시, 545 
787,세무사,경상북도, 234 
788,세무사,부산광역시, 949 
789,세무사,울산광역시, 165 
790,세무사,경상남도, 417 
791,세무사,제주특별자치도, 107 
792,세탁소,합계," 23,103 "
793,세탁소,서울특별시," 4,523 "
794,세탁소,인천광역시," 1,228 "
795,세탁소,경기도," 5,303 "
796,세탁소,강원도, 924 
797,세탁소,대전광역시, 869 
798,세탁소,충청북도, 883 
799,세탁소,충청남도," 1,104 "
800,세탁소,세종특별자치시, 94 
801,세탁소,광주광역시, 853 
802,세탁소,전라북도, 871 
803,세탁소,전라남도, 792 
804,세탁소,대구광역시, 836 
805,세탁소,경상북도," 1,236 "
806,세탁소,부산광역시," 1,293 "
807,세탁소,울산광역시, 434 
808,세탁소,경상남도," 1,261 "
809,세탁소,제주특별자치도, 599 
810,슈퍼마켓,합계," 29,978 "
811,슈퍼마켓,서울특별시," 4,043 "
812,슈퍼마켓,인천광역시," 1,892 "
813,슈퍼마켓,경기도," 8,037 "
814,슈퍼마켓,강원도," 1,034 "
815,슈퍼마켓,대전광역시, 689 
816,슈퍼마켓,충청북도," 1,007 "
817,슈퍼마켓,충청남도," 1,227 "
818,슈퍼마켓,세종특별자치시, 135 
819,슈퍼마켓,광주광역시, 860 
820,슈퍼마켓,전라북도," 1,012 "
821,슈퍼마켓,전라남도," 1,227 "
822,슈퍼마켓,대구광역시," 1,717 "
823,슈퍼마켓,경상북도," 1,884 "
824,슈퍼마켓,부산광역시," 1,936 "
825,슈퍼마켓,울산광역시, 896 
826,슈퍼마켓,경상남도," 1,953 "
827,슈퍼마켓,제주특별자치도, 429 
828,스포츠교육기관,합계," 24,422 "
829,스포츠교육기관,서울특별시," 4,509 "
830,스포츠교육기관,인천광역시," 1,329 "
831,스포츠교육기관,경기도," 6,328 "
832,스포츠교육기관,강원도, 675 
833,스포츠교육기관,대전광역시, 801 
834,스포츠교육기관,충청북도, 721 
835,스포츠교육기관,충청남도, 881 
836,스포츠교육기관,세종특별자치시, 178 
837,스포츠교육기관,광주광역시, 887 
838,스포츠교육기관,전라북도, 820 
839,스포츠교육기관,전라남도, 700 
840,스포츠교육기관,대구광역시," 1,200 "
841,스포츠교육기관,경상북도," 1,118 "
842,스포츠교육기관,부산광역시," 1,624 "
843,스포츠교육기관,울산광역시, 562 
844,스포츠교육기관,경상남도," 1,699 "
845,스포츠교육기관,제주특별자치도, 390 
846,스포츠시설운영업,합계," 7,682 "
847,스포츠시설운영업,서울특별시," 2,131 "
848,스포츠시설운영업,인천광역시, 404 
849,스포츠시설운영업,경기도," 2,021 "
850,스포츠시설운영업,강원도, 233 
851,스포츠시설운영업,대전광역시, 174 
852,스포츠시설운영업,충청북도, 172 
853,스포츠시설운영업,충청남도, 203 
854,스포츠시설운영업,세종특별자치시, 37 
855,스포츠시설운영업,광주광역시, 234 
856,스포츠시설운영업,전라북도, 256 
857,스포츠시설운영업,전라남도, 172 
858,스포츠시설운영업,대구광역시, 281 
859,스포츠시설운영업,경상북도, 272 
860,스포츠시설운영업,부산광역시, 447 
861,스포츠시설운영업,울산광역시, 131 
862,스포츠시설운영업,경상남도, 383 
863,스포츠시설운영업,제주특별자치도, 131 
864,스포츠용품점,합계," 15,089 "
865,스포츠용품점,서울특별시," 1,478 "
866,스포츠용품점,인천광역시, 517 
867,스포츠용품점,경기도," 3,139 "
868,스포츠용품점,강원도, 852 
869,스포츠용품점,대전광역시, 389 
870,스포츠용품점,충청북도, 654 
871,스포츠용품점,충청남도," 1,007 "
872,스포츠용품점,세종특별자치시, 63 
873,스포츠용품점,광주광역시, 428 
874,스포츠용품점,전라북도, 905 
875,스포츠용품점,전라남도, 917 
876,스포츠용품점,대구광역시, 670 
877,스포츠용품점,경상북도," 1,241 "
878,스포츠용품점,부산광역시, 719 
879,스포츠용품점,울산광역시, 282 
880,스포츠용품점,경상남도," 1,393 "
881,스포츠용품점,제주특별자치도, 435 
882,시계ㆍ귀금속점,합계," 8,196 "
883,시계ㆍ귀금속점,서울특별시," 1,900 "
884,시계ㆍ귀금속점,인천광역시, 351 
885,시계ㆍ귀금속점,경기도," 1,304 "
886,시계ㆍ귀금속점,강원도, 238 
887,시계ㆍ귀금속점,대전광역시, 226 
888,시계ㆍ귀금속점,충청북도, 258 
889,시계ㆍ귀금속점,충청남도, 321 
890,시계ㆍ귀금속점,세종특별자치시, 17 
891,시계ㆍ귀금속점,광주광역시, 262 
892,시계ㆍ귀금속점,전라북도, 384 
893,시계ㆍ귀금속점,전라남도, 281 
894,시계ㆍ귀금속점,대구광역시, 538 
895,시계ㆍ귀금속점,경상북도, 438 
896,시계ㆍ귀금속점,부산광역시, 787 
897,시계ㆍ귀금속점,울산광역시, 223 
898,시계ㆍ귀금속점,경상남도, 565 
899,시계ㆍ귀금속점,제주특별자치도, 103 
900,식료품가게,합계," 49,630 "
901,식료품가게,서울특별시," 5,560 "
902,식료품가게,인천광역시," 2,122 "
903,식료품가게,경기도," 9,027 "
904,식료품가게,강원도," 2,907 "
905,식료품가게,대전광역시," 1,401 "
906,식료품가게,충청북도," 2,303 "
907,식료품가게,충청남도," 3,423 "
908,식료품가게,세종특별자치시, 234 
909,식료품가게,광주광역시," 1,482 "
910,식료품가게,전라북도," 3,452 "
911,식료품가게,전라남도," 3,697 "
912,식료품가게,대구광역시," 1,678 "
913,식료품가게,경상북도," 3,586 "
914,식료품가게,부산광역시," 3,134 "
915,식료품가게,울산광역시, 791 
916,식료품가게,경상남도," 3,998 "
917,식료품가게,제주특별자치도, 835 
918,신경정신과 의원,합계," 1,719 "
919,신경정신과 의원,서울특별시, 478 
920,신경정신과 의원,인천광역시, 71 
921,신경정신과 의원,경기도, 370 
922,신경정신과 의원,강원도, 39 
923,신경정신과 의원,대전광역시, 73 
924,신경정신과 의원,충청북도, 45 
925,신경정신과 의원,충청남도, 52 
926,신경정신과 의원,세종특별자치시, 11 
927,신경정신과 의원,광주광역시, 48 
928,신경정신과 의원,전라북도, 66 
929,신경정신과 의원,전라남도, 42 
930,신경정신과 의원,대구광역시, 108 
931,신경정신과 의원,경상북도, 51 
932,신경정신과 의원,부산광역시, 146 
933,신경정신과 의원,울산광역시, 25 
934,신경정신과 의원,경상남도, 72 
935,신경정신과 의원,제주특별자치도, 22 
936,신발가게,합계," 6,686 "
937,신발가게,서울특별시," 1,377 "
938,신발가게,인천광역시, 358 
939,신발가게,경기도," 1,249 "
940,신발가게,강원도, 243 
941,신발가게,대전광역시, 205 
942,신발가게,충청북도, 234 
943,신발가게,충청남도, 286 
944,신발가게,세종특별자치시, 22 
945,신발가게,광주광역시, 212 
946,신발가게,전라북도, 302 
947,신발가게,전라남도, 265 
948,신발가게,대구광역시, 338 
949,신발가게,경상북도, 385 
950,신발가게,부산광역시, 563 
951,신발가게,울산광역시, 118 
952,신발가게,경상남도, 412 
953,신발가게,제주특별자치도, 117 
954,실내스크린골프점,합계," 4,804 "
955,실내스크린골프점,서울특별시, 659 
956,실내스크린골프점,인천광역시, 196 
957,실내스크린골프점,경기도," 1,247 "
958,실내스크린골프점,강원도, 153 
959,실내스크린골프점,대전광역시, 154 
960,실내스크린골프점,충청북도, 177 
961,실내스크린골프점,충청남도, 210 
962,실내스크린골프점,세종특별자치시, 25 
963,실내스크린골프점,광주광역시, 114 
964,실내스크린골프점,전라북도, 178 
965,실내스크린골프점,전라남도, 156 
966,실내스크린골프점,대구광역시, 286 
967,실내스크린골프점,경상북도, 278 
968,실내스크린골프점,부산광역시, 301 
969,실내스크린골프점,울산광역시, 171 
970,실내스크린골프점,경상남도, 414 
971,실내스크린골프점,제주특별자치도, 85 
972,실내장식가게,합계," 55,496 "
973,실내장식가게,서울특별시," 13,647 "
974,실내장식가게,인천광역시," 3,208 "
975,실내장식가게,경기도," 16,380 "
976,실내장식가게,강원도," 1,068 "
977,실내장식가게,대전광역시," 1,802 "
978,실내장식가게,충청북도," 1,253 "
979,실내장식가게,충청남도," 1,455 "
980,실내장식가게,세종특별자치시, 221 
981,실내장식가게,광주광역시," 1,948 "
982,실내장식가게,전라북도, 245 
983,실내장식가게,전라남도," 1,165 "
984,실내장식가게,대구광역시," 2,534 "
985,실내장식가게,경상북도," 1,775 "
986,실내장식가게,부산광역시," 3,924 "
987,실내장식가게,울산광역시, 997 
988,실내장식가게,경상남도," 2,684 "
989,실내장식가게,제주특별자치도," 1,190 "
990,실외골프연습장,합계," 2,267 "
991,실외골프연습장,서울특별시, 368 
992,실외골프연습장,인천광역시, 79 
993,실외골프연습장,경기도, 505 
994,실외골프연습장,강원도, 108 
995,실외골프연습장,대전광역시, 64 
996,실외골프연습장,충청북도, 102 
997,실외골프연습장,충청남도, 100 
998,실외골프연습장,세종특별자치시, 6 
999,실외골프연습장,광주광역시, 45 
1000,실외골프연습장,전라북도, 93 
1001,실외골프연습장,전라남도, 98 
1002,실외골프연습장,대구광역시, 97 
1003,실외골프연습장,경상북도, 193 
1004,실외골프연습장,부산광역시, 140 
1005,실외골프연습장,울산광역시, 48 
1006,실외골프연습장,경상남도, 167 
1007,실외골프연습장,제주특별자치도, 54 
1008,안경점,합계," 9,231 "
1009,안경점,서울특별시," 2,061 "
1010,안경점,인천광역시, 429 
1011,안경점,경기도," 1,981 "
1012,안경점,강원도, 252 
1013,안경점,대전광역시, 320 
1014,안경점,충청북도, 287 
1015,안경점,충청남도, 342 
1016,안경점,세종특별자치시, 45 
1017,안경점,광주광역시, 350 
1018,안경점,전라북도, 355 
1019,안경점,전라남도, 308 
1020,안경점,대구광역시, 490 
1021,안경점,경상북도, 430 
1022,안경점,부산광역시, 639 
1023,안경점,울산광역시, 223 
1024,안경점,경상남도, 596 
1025,안경점,제주특별자치도, 123 
1026,안과 의원,합계," 1,651 "
1027,안과 의원,서울특별시, 446 
1028,안과 의원,인천광역시, 65 
1029,안과 의원,경기도, 353 
1030,안과 의원,강원도, 43 
1031,안과 의원,대전광역시, 48 
1032,안과 의원,충청북도, 38 
1033,안과 의원,충청남도, 54 
1034,안과 의원,세종특별자치시, 5 
1035,안과 의원,광주광역시, 40 
1036,안과 의원,전라북도, 63 
1037,안과 의원,전라남도, 50 
1038,안과 의원,대구광역시, 101 
1039,안과 의원,경상북도, 68 
1040,안과 의원,부산광역시, 132 
1041,안과 의원,울산광역시, 33 
1042,안과 의원,경상남도, 92 
1043,안과 의원,제주특별자치도, 20 
1044,애완용품점,합계," 7,939 "
1045,애완용품점,서울특별시," 1,315 "
1046,애완용품점,인천광역시, 503 
1047,애완용품점,경기도," 2,380 "
1048,애완용품점,강원도, 214 
1049,애완용품점,대전광역시, 277 
1050,애완용품점,충청북도, 242 
1051,애완용품점,충청남도, 326 
1052,애완용품점,세종특별자치시, 25 
1053,애완용품점,광주광역시, 198 
1054,애완용품점,전라북도, 220 
1055,애완용품점,전라남도, 185 
1056,애완용품점,대구광역시, 355 
1057,애완용품점,경상북도, 393 
1058,애완용품점,부산광역시, 591 
1059,애완용품점,울산광역시, 131 
1060,애완용품점,경상남도, 494 
1061,애완용품점,제주특별자치도, 90 
1062,약국,합계," 22,575 "
1063,약국,서울특별시," 5,068 "
1064,약국,인천광역시," 1,108 "
1065,약국,경기도," 4,971 "
1066,약국,강원도, 673 
1067,약국,대전광역시, 737 
1068,약국,충청북도, 670 
1069,약국,충청남도, 947 
1070,약국,세종특별자치시, 113 
1071,약국,광주광역시, 675 
1072,약국,전라북도, 915 
1073,약국,전라남도, 789 
1074,약국,대구광역시," 1,282 "
1075,약국,경상북도," 1,103 "
1076,약국,부산광역시," 1,531 "
1077,약국,울산광역시, 415 
1078,약국,경상남도," 1,286 "
1079,약국,제주특별자치도, 292 
1080,여관ㆍ모텔,합계," 21,227 "
1081,여관ㆍ모텔,서울특별시," 2,027 "
1082,여관ㆍ모텔,인천광역시, 833 
1083,여관ㆍ모텔,경기도," 3,283 "
1084,여관ㆍ모텔,강원도," 1,574 "
1085,여관ㆍ모텔,대전광역시, 645 
1086,여관ㆍ모텔,충청북도, 865 
1087,여관ㆍ모텔,충청남도," 1,515 "
1088,여관ㆍ모텔,세종특별자치시, 67 
1089,여관ㆍ모텔,광주광역시, 517 
1090,여관ㆍ모텔,전라북도," 1,022 "
1091,여관ㆍ모텔,전라남도," 1,321 "
1092,여관ㆍ모텔,대구광역시, 734 
1093,여관ㆍ모텔,경상북도," 1,974 "
1094,여관ㆍ모텔,부산광역시," 1,412 "
1095,여관ㆍ모텔,울산광역시, 631 
1096,여관ㆍ모텔,경상남도," 2,380 "
1097,여관ㆍ모텔,제주특별자치도, 427 
1098,여행사,합계," 14,199 "
1099,여행사,서울특별시," 5,625 "
1100,여행사,인천광역시, 416 
1101,여행사,경기도," 1,751 "
1102,여행사,강원도, 341 
1103,여행사,대전광역시, 323 
1104,여행사,충청북도, 285 
1105,여행사,충청남도, 311 
1106,여행사,세종특별자치시, 52 
1107,여행사,광주광역시, 418 
1108,여행사,전라북도, 419 
1109,여행사,전라남도, 439 
1110,여행사,대구광역시, 536 
1111,여행사,경상북도, 463 
1112,여행사,부산광역시," 1,088 "
1113,여행사,울산광역시, 188 
1114,여행사,경상남도, 593 
1115,여행사,제주특별자치도, 951 
1116,예술학원,합계," 30,938 "
1117,예술학원,서울특별시," 5,492 "
1118,예술학원,인천광역시," 1,517 "
1119,예술학원,경기도," 8,538 "
1120,예술학원,강원도, 867 
1121,예술학원,대전광역시, 908 
1122,예술학원,충청북도, 894 
1123,예술학원,충청남도," 1,107 "
1124,예술학원,세종특별자치시, 257 
1125,예술학원,광주광역시," 1,098 "
1126,예술학원,전라북도," 1,331 "
1127,예술학원,전라남도, 872 
1128,예술학원,대구광역시," 1,386 "
1129,예술학원,경상북도," 1,382 "
1130,예술학원,부산광역시," 1,825 "
1131,예술학원,울산광역시, 797 
1132,예술학원,경상남도," 2,231 "
1133,예술학원,제주특별자치도, 436 
1134,예식장,합계, 914 
1135,예식장,서울특별시, 172 
1136,예식장,인천광역시, 26 
1137,예식장,경기도, 145 
1138,예식장,강원도, 40 
1139,예식장,대전광역시, 24 
1140,예식장,충청북도, 38 
1141,예식장,충청남도, 70 
1142,예식장,세종특별자치시, 5 
1143,예식장,광주광역시, 27 
1144,예식장,전라북도, 49 
1145,예식장,전라남도, 44 
1146,예식장,대구광역시, 41 
1147,예식장,경상북도, 67 
1148,예식장,부산광역시, 64 
1149,예식장,울산광역시, 15 
1150,예식장,경상남도, 66 
1151,예식장,제주특별자치도, 21 
1152,옷가게,합계," 86,515 "
1153,옷가게,서울특별시," 16,002 "
1154,옷가게,인천광역시," 4,066 "
1155,옷가게,경기도," 17,573 "
1156,옷가게,강원도," 3,218 "
1157,옷가게,대전광역시," 2,815 "
1158,옷가게,충청북도," 2,975 "
1159,옷가게,충청남도," 3,314 "
1160,옷가게,세종특별자치시, 351 
1161,옷가게,광주광역시," 3,189 "
1162,옷가게,전라북도," 3,472 "
1163,옷가게,전라남도," 3,067 "
1164,옷가게,대구광역시," 5,307 "
1165,옷가게,경상북도," 4,691 "
1166,옷가게,부산광역시," 7,166 "
1167,옷가게,울산광역시," 1,844 "
1168,옷가게,경상남도," 5,798 "
1169,옷가게,제주특별자치도," 1,667 "
1170,의료용품가게,합계," 7,050 "
1171,의료용품가게,서울특별시," 1,594 "
1172,의료용품가게,인천광역시, 314 
1173,의료용품가게,경기도," 1,518 "
1174,의료용품가게,강원도, 184 
1175,의료용품가게,대전광역시, 276 
1176,의료용품가게,충청북도, 176 
1177,의료용품가게,충청남도, 287 
1178,의료용품가게,세종특별자치시, 22 
1179,의료용품가게,광주광역시, 319 
1180,의료용품가게,전라북도, 330 
1181,의료용품가게,전라남도, 224 
1182,의료용품가게,대구광역시, 340 
1183,의료용품가게,경상북도, 267 
1184,의료용품가게,부산광역시, 590 
1185,의료용품가게,울산광역시, 112 
1186,의료용품가게,경상남도, 416 
1187,의료용품가게,제주특별자치도, 81 
1188,이륜자동차판매점,합계," 2,657 "
1189,이륜자동차판매점,서울특별시, 464 
1190,이륜자동차판매점,인천광역시, 95 
1191,이륜자동차판매점,경기도, 449 
1192,이륜자동차판매점,강원도, 93 
1193,이륜자동차판매점,대전광역시, 58 
1194,이륜자동차판매점,충청북도, 88 
1195,이륜자동차판매점,충청남도, 146 
1196,이륜자동차판매점,세종특별자치시, 9 
1197,이륜자동차판매점,광주광역시, 66 
1198,이륜자동차판매점,전라북도, 128 
1199,이륜자동차판매점,전라남도, 151 
1200,이륜자동차판매점,대구광역시, 153 
1201,이륜자동차판매점,경상북도, 208 
1202,이륜자동차판매점,부산광역시, 212 
1203,이륜자동차판매점,울산광역시, 76 
1204,이륜자동차판매점,경상남도, 221 
1205,이륜자동차판매점,제주특별자치도, 40 
1206,이발소,합계," 11,877 "
1207,이발소,서울특별시," 2,168 "
1208,이발소,인천광역시, 415 
1209,이발소,경기도," 2,100 "
1210,이발소,강원도, 653 
1211,이발소,대전광역시, 413 
1212,이발소,충청북도, 414 
1213,이발소,충청남도, 609 
1214,이발소,세종특별자치시, 35 
1215,이발소,광주광역시, 259 
1216,이발소,전라북도, 458 
1217,이발소,전라남도, 554 
1218,이발소,대구광역시, 578 
1219,이발소,경상북도, 875 
1220,이발소,부산광역시," 1,025 "
1221,이발소,울산광역시, 372 
1222,이발소,경상남도, 788 
1223,이발소,제주특별자치도, 161 
1224,이비인후과 의원,합계," 2,573 "
1225,이비인후과 의원,서울특별시, 678 
1226,이비인후과 의원,인천광역시, 136 
1227,이비인후과 의원,경기도, 648 
1228,이비인후과 의원,강원도, 48 
1229,이비인후과 의원,대전광역시, 82 
1230,이비인후과 의원,충청북도, 61 
1231,이비인후과 의원,충청남도, 57 
1232,이비인후과 의원,세종특별자치시, 15 
1233,이비인후과 의원,광주광역시, 76 
1234,이비인후과 의원,전라북도, 73 
1235,이비인후과 의원,전라남도, 48 
1236,이비인후과 의원,대구광역시, 159 
1237,이비인후과 의원,경상북도, 87 
1238,이비인후과 의원,부산광역시, 203 
1239,이비인후과 의원,울산광역시, 47 
1240,이비인후과 의원,경상남도, 128 
1241,이비인후과 의원,제주특별자치도, 27 
1242,일반외과 의원,합계," 4,805 "
1243,일반외과 의원,서울특별시," 1,075 "
1244,일반외과 의원,인천광역시, 265 
1245,일반외과 의원,경기도," 1,125 "
1246,일반외과 의원,강원도, 133 
1247,일반외과 의원,대전광역시, 141 
1248,일반외과 의원,충청북도, 174 
1249,일반외과 의원,충청남도, 190 
1250,일반외과 의원,세종특별자치시, 33 
1251,일반외과 의원,광주광역시, 100 
1252,일반외과 의원,전라북도, 181 
1253,일반외과 의원,전라남도, 137 
1254,일반외과 의원,대구광역시, 304 
1255,일반외과 의원,경상북도, 233 
1256,일반외과 의원,부산광역시, 323 
1257,일반외과 의원,울산광역시, 77 
1258,일반외과 의원,경상남도, 243 
1259,일반외과 의원,제주특별자치도, 71 
1260,일식전문점,합계," 18,312 "
1261,일식전문점,서울특별시," 5,590 "
1262,일식전문점,인천광역시, 994 
1263,일식전문점,경기도," 3,697 "
1264,일식전문점,강원도," 1,000 "
1265,일식전문점,대전광역시, 445 
1266,일식전문점,충청북도, 495 
1267,일식전문점,충청남도, 743 
1268,일식전문점,세종특별자치시, 92 
1269,일식전문점,광주광역시, 267 
1270,일식전문점,전라북도, 507 
1271,일식전문점,전라남도, 432 
1272,일식전문점,대구광역시, 847 
1273,일식전문점,경상북도, 544 
1274,일식전문점,부산광역시," 1,083 "
1275,일식전문점,울산광역시, 281 
1276,일식전문점,경상남도, 766 
1277,일식전문점,제주특별자치도, 529 
1278,자동차수리점,합계," 43,732 "
1279,자동차수리점,서울특별시," 4,867 "
1280,자동차수리점,인천광역시," 2,301 "
1281,자동차수리점,경기도," 11,009 "
1282,자동차수리점,강원도," 1,768 "
1283,자동차수리점,대전광역시," 1,406 "
1284,자동차수리점,충청북도," 1,816 "
1285,자동차수리점,충청남도," 2,419 "
1286,자동차수리점,세종특별자치시, 193 
1287,자동차수리점,광주광역시," 1,510 "
1288,자동차수리점,전라북도," 2,000 "
1289,자동차수리점,전라남도," 1,992 "
1290,자동차수리점,대구광역시," 2,242 "
1291,자동차수리점,경상북도," 3,031 "
1292,자동차수리점,부산광역시," 2,338 "
1293,자동차수리점,울산광역시," 1,074 "
1294,자동차수리점,경상남도," 3,188 "
1295,자동차수리점,제주특별자치도, 578 
1296,자전거판매점,합계," 2,551 "
1297,자전거판매점,서울특별시, 407 
1298,자전거판매점,인천광역시, 107 
1299,자전거판매점,경기도, 617 
1300,자전거판매점,강원도, 89 
1301,자전거판매점,대전광역시, 97 
1302,자전거판매점,충청북도, 83 
1303,자전거판매점,충청남도, 111 
1304,자전거판매점,세종특별자치시, 12 
1305,자전거판매점,광주광역시, 63 
1306,자전거판매점,전라북도, 135 
1307,자전거판매점,전라남도, 97 
1308,자전거판매점,대구광역시, 160 
1309,자전거판매점,경상북도, 167 
1310,자전거판매점,부산광역시, 108 
1311,자전거판매점,울산광역시, 62 
1312,자전거판매점,경상남도, 203 
1313,자전거판매점,제주특별자치도, 33 
1314,장난감가게,합계," 3,070 "
1315,장난감가게,서울특별시, 549 
1316,장난감가게,인천광역시, 143 
1317,장난감가게,경기도, 859 
1318,장난감가게,강원도, 98 
1319,장난감가게,대전광역시, 94 
1320,장난감가게,충청북도, 87 
1321,장난감가게,충청남도, 135 
1322,장난감가게,세종특별자치시, 26 
1323,장난감가게,광주광역시, 78 
1324,장난감가게,전라북도, 102 
1325,장난감가게,전라남도, 106 
1326,장난감가게,대구광역시, 141 
1327,장난감가게,경상북도, 168 
1328,장난감가게,부산광역시, 189 
1329,장난감가게,울산광역시, 61 
1330,장난감가게,경상남도, 170 
1331,장난감가게,제주특별자치도, 64 
1332,정육점,합계," 19,783 "
1333,정육점,서울특별시," 2,805 "
1334,정육점,인천광역시," 1,060 "
1335,정육점,경기도," 4,281 "
1336,정육점,강원도, 856 
1337,정육점,대전광역시, 758 
1338,정육점,충청북도, 779 
1339,정육점,충청남도," 1,007 "
1340,정육점,세종특별자치시, 113 
1341,정육점,광주광역시, 541 
1342,정육점,전라북도," 1,054 "
1343,정육점,전라남도, 813 
1344,정육점,대구광역시," 1,286 "
1345,정육점,경상북도," 1,257 "
1346,정육점,부산광역시," 1,112 "
1347,정육점,울산광역시, 575 
1348,정육점,경상남도," 1,203 "
1349,정육점,제주특별자치도, 283 
1350,제과점,합계," 16,967 "
1351,제과점,서울특별시," 3,564 "
1352,제과점,인천광역시, 788 
1353,제과점,경기도," 3,910 "
1354,제과점,강원도, 554 
1355,제과점,대전광역시, 508 
1356,제과점,충청북도, 525 
1357,제과점,충청남도, 676 
1358,제과점,세종특별자치시, 116 
1359,제과점,광주광역시, 480 
1360,제과점,전라북도, 611 
1361,제과점,전라남도, 552 
1362,제과점,대구광역시, 896 
1363,제과점,경상북도, 892 
1364,제과점,부산광역시," 1,074 "
1365,제과점,울산광역시, 362 
1366,제과점,경상남도," 1,061 "
1367,제과점,제주특별자치도, 398 
1368,종합병원,합계," 3,396 "
1369,종합병원,서울특별시, 433 
1370,종합병원,인천광역시, 147 
1371,종합병원,경기도, 673 
1372,종합병원,강원도, 86 
1373,종합병원,대전광역시, 101 
1374,종합병원,충청북도, 98 
1375,종합병원,충청남도, 141 
1376,종합병원,세종특별자치시, 12 
1377,종합병원,광주광역시, 170 
1378,종합병원,전라북도, 167 
1379,종합병원,전라남도, 197 
1380,종합병원,대구광역시, 189 
1381,종합병원,경상북도, 229 
1382,종합병원,부산광역시, 337 
1383,종합병원,울산광역시, 94 
1384,종합병원,경상남도, 297 
1385,종합병원,제주특별자치도, 25 
1386,주유소,합계," 10,703 "
1387,주유소,서울특별시, 399 
1388,주유소,인천광역시, 274 
1389,주유소,경기도," 2,163 "
1390,주유소,강원도, 628 
1391,주유소,대전광역시, 228 
1392,주유소,충청북도, 711 
1393,주유소,충청남도," 1,000 "
1394,주유소,세종특별자치시, 66 
1395,주유소,광주광역시, 262 
1396,주유소,전라북도, 837 
1397,주유소,전라남도, 814 
1398,주유소,대구광역시, 326 
1399,주유소,경상북도," 1,214 "
1400,주유소,부산광역시, 352 
1401,주유소,울산광역시, 209 
1402,주유소,경상남도," 1,037 "
1403,주유소,제주특별자치도, 183 
1404,주차장운영업,합계," 7,703 "
1405,주차장운영업,서울특별시," 1,755 "
1406,주차장운영업,인천광역시, 306 
1407,주차장운영업,경기도," 1,216 "
1408,주차장운영업,강원도, 146 
1409,주차장운영업,대전광역시, 169 
1410,주차장운영업,충청북도, 150 
1411,주차장운영업,충청남도, 131 
1412,주차장운영업,세종특별자치시, 23 
1413,주차장운영업,광주광역시, 254 
1414,주차장운영업,전라북도, 123 
1415,주차장운영업,전라남도, 96 
1416,주차장운영업,대구광역시, 430 
1417,주차장운영업,경상북도, 246 
1418,주차장운영업,부산광역시," 1,733 "
1419,주차장운영업,울산광역시, 223 
1420,주차장운영업,경상남도, 652 
1421,주차장운영업,제주특별자치도, 50 
1422,중고차판매점,합계," 4,818 "
1423,중고차판매점,서울특별시, 489 
1424,중고차판매점,인천광역시, 280 
1425,중고차판매점,경기도," 1,043 "
1426,중고차판매점,강원도, 158 
1427,중고차판매점,대전광역시, 169 
1428,중고차판매점,충청북도, 195 
1429,중고차판매점,충청남도, 210 
1430,중고차판매점,세종특별자치시, 4 
1431,중고차판매점,광주광역시, 237 
1432,중고차판매점,전라북도, 293 
1433,중고차판매점,전라남도, 216 
1434,중고차판매점,대구광역시, 475 
1435,중고차판매점,경상북도, 333 
1436,중고차판매점,부산광역시, 232 
1437,중고차판매점,울산광역시, 102 
1438,중고차판매점,경상남도, 327 
1439,중고차판매점,제주특별자치도, 55 
1440,중식전문점,합계," 24,231 "
1441,중식전문점,서울특별시," 4,785 "
1442,중식전문점,인천광역시," 1,166 "
1443,중식전문점,경기도," 5,097 "
1444,중식전문점,강원도," 1,014 "
1445,중식전문점,대전광역시, 572 
1446,중식전문점,충청북도, 891 
1447,중식전문점,충청남도," 1,214 "
1448,중식전문점,세종특별자치시, 143 
1449,중식전문점,광주광역시, 484 
1450,중식전문점,전라북도," 1,030 "
1451,중식전문점,전라남도, 829 
1452,중식전문점,대구광역시," 1,253 "
1453,중식전문점,경상북도," 1,470 "
1454,중식전문점,부산광역시," 1,750 "
1455,중식전문점,울산광역시, 485 
1456,중식전문점,경상남도," 1,648 "
1457,중식전문점,제주특별자치도, 400 
1458,채소가게,합계," 11,192 "
1459,채소가게,서울특별시," 1,553 "
1460,채소가게,인천광역시, 528 
1461,채소가게,경기도," 1,960 "
1462,채소가게,강원도, 780 
1463,채소가게,대전광역시, 276 
1464,채소가게,충청북도, 494 
1465,채소가게,충청남도, 682 
1466,채소가게,세종특별자치시, 55 
1467,채소가게,광주광역시, 223 
1468,채소가게,전라북도, 615 
1469,채소가게,전라남도, 718 
1470,채소가게,대구광역시, 439 
1471,채소가게,경상북도, 929 
1472,채소가게,부산광역시, 701 
1473,채소가게,울산광역시, 130 
1474,채소가게,경상남도, 816 
1475,채소가게,제주특별자치도, 293 
1476,철물점,합계," 8,856 "
1477,철물점,서울특별시," 1,406 "
1478,철물점,인천광역시, 501 
1479,철물점,경기도," 1,848 "
1480,철물점,강원도, 458 
1481,철물점,대전광역시, 280 
1482,철물점,충청북도, 354 
1483,철물점,충청남도, 457 
1484,철물점,세종특별자치시, 40 
1485,철물점,광주광역시, 296 
1486,철물점,전라북도, 427 
1487,철물점,전라남도, 456 
1488,철물점,대구광역시, 345 
1489,철물점,경상북도, 490 
1490,철물점,부산광역시, 672 
1491,철물점,울산광역시, 173 
1492,철물점,경상남도, 550 
1493,철물점,제주특별자치도, 103 
1494,치과병원ㆍ의원,합계," 18,168 "
1495,치과병원ㆍ의원,서울특별시," 4,892 "
1496,치과병원ㆍ의원,인천광역시, 911 
1497,치과병원ㆍ의원,경기도," 4,255 "
1498,치과병원ㆍ의원,강원도, 389 
1499,치과병원ㆍ의원,대전광역시, 533 
1500,치과병원ㆍ의원,충청북도, 429 
1501,치과병원ㆍ의원,충청남도, 569 
1502,치과병원ㆍ의원,세종특별자치시, 84 
1503,치과병원ㆍ의원,광주광역시, 635 
1504,치과병원ㆍ의원,전라북도, 581 
1505,치과병원ㆍ의원,전라남도, 489 
1506,치과병원ㆍ의원,대구광역시, 896 
1507,치과병원ㆍ의원,경상북도, 684 
1508,치과병원ㆍ의원,부산광역시," 1,305 "
1509,치과병원ㆍ의원,울산광역시, 386 
1510,치과병원ㆍ의원,경상남도, 914 
1511,치과병원ㆍ의원,제주특별자치도, 216 
1512,침구ㆍ커튼가게,합계," 9,959 "
1513,침구ㆍ커튼가게,서울특별시," 1,314 "
1514,침구ㆍ커튼가게,인천광역시, 425 
1515,침구ㆍ커튼가게,경기도," 1,889 "
1516,침구ㆍ커튼가게,강원도, 407 
1517,침구ㆍ커튼가게,대전광역시, 423 
1518,침구ㆍ커튼가게,충청북도, 397 
1519,침구ㆍ커튼가게,충청남도, 511 
1520,침구ㆍ커튼가게,세종특별자치시, 54 
1521,침구ㆍ커튼가게,광주광역시, 393 
1522,침구ㆍ커튼가게,전라북도, 490 
1523,침구ㆍ커튼가게,전라남도, 483 
1524,침구ㆍ커튼가게,대구광역시, 655 
1525,침구ㆍ커튼가게,경상북도, 665 
1526,침구ㆍ커튼가게,부산광역시, 704 
1527,침구ㆍ커튼가게,울산광역시, 239 
1528,침구ㆍ커튼가게,경상남도, 690 
1529,침구ㆍ커튼가게,제주특별자치도, 220 
1530,커피음료점,합계," 59,105 "
1531,커피음료점,서울특별시," 11,846 "
1532,커피음료점,인천광역시," 2,877 "
1533,커피음료점,경기도," 12,466 "
1534,커피음료점,강원도," 2,070 "
1535,커피음료점,대전광역시," 2,146 "
1536,커피음료점,충청북도," 1,985 "
1537,커피음료점,충청남도," 2,608 "
1538,커피음료점,세종특별자치시, 397 
1539,커피음료점,광주광역시," 1,522 "
1540,커피음료점,전라북도," 2,420 "
1541,커피음료점,전라남도," 2,079 "
1542,커피음료점,대구광역시," 2,787 "
1543,커피음료점,경상북도," 4,170 "
1544,커피음료점,부산광역시," 3,352 "
1545,커피음료점,울산광역시," 1,381 "
1546,커피음료점,경상남도," 3,812 "
1547,커피음료점,제주특별자치도," 1,187 "
1548,컴퓨터판매점,합계," 4,985 "
1549,컴퓨터판매점,서울특별시," 1,008 "
1550,컴퓨터판매점,인천광역시, 211 
1551,컴퓨터판매점,경기도," 1,098 "
1552,컴퓨터판매점,강원도, 185 
1553,컴퓨터판매점,대전광역시, 178 
1554,컴퓨터판매점,충청북도, 187 
1555,컴퓨터판매점,충청남도, 212 
1556,컴퓨터판매점,세종특별자치시, 36 
1557,컴퓨터판매점,광주광역시, 187 
1558,컴퓨터판매점,전라북도, 210 
1559,컴퓨터판매점,전라남도, 180 
1560,컴퓨터판매점,대구광역시, 229 
1561,컴퓨터판매점,경상북도, 316 
1562,컴퓨터판매점,부산광역시, 241 
1563,컴퓨터판매점,울산광역시, 93 
1564,컴퓨터판매점,경상남도, 322 
1565,컴퓨터판매점,제주특별자치도, 92 
1566,통신판매업,합계," 251,758 "
1567,통신판매업,서울특별시," 75,066 "
1568,통신판매업,인천광역시," 16,599 "
1569,통신판매업,경기도," 73,744 "
1570,통신판매업,강원도," 3,364 "
1571,통신판매업,대전광역시," 6,044 "
1572,통신판매업,충청북도," 4,770 "
1573,통신판매업,충청남도," 6,112 "
1574,통신판매업,세종특별자치시," 1,131 "
1575,통신판매업,광주광역시," 5,764 "
1576,통신판매업,전라북도," 4,901 "
1577,통신판매업,전라남도," 4,532 "
1578,통신판매업,대구광역시," 11,990 "
1579,통신판매업,경상북도," 7,978 "
1580,통신판매업,부산광역시," 15,581 "
1581,통신판매업,울산광역시," 3,032 "
1582,통신판매업,경상남도," 9,272 "
1583,통신판매업,제주특별자치도," 1,878 "
1584,패스트푸드점,합계," 38,057 "
1585,패스트푸드점,서울특별시," 6,162 "
1586,패스트푸드점,인천광역시," 1,688 "
1587,패스트푸드점,경기도," 8,282 "
1588,패스트푸드점,강원도," 1,874 "
1589,패스트푸드점,대전광역시," 1,034 "
1590,패스트푸드점,충청북도," 1,554 "
1591,패스트푸드점,충청남도," 2,020 "
1592,패스트푸드점,세종특별자치시, 317 
1593,패스트푸드점,광주광역시," 1,068 "
1594,패스트푸드점,전라북도," 1,623 "
1595,패스트푸드점,전라남도," 1,505 "
1596,패스트푸드점,대구광역시," 1,405 "
1597,패스트푸드점,경상북도," 2,258 "
1598,패스트푸드점,부산광역시," 2,505 "
1599,패스트푸드점,울산광역시, 974 
1600,패스트푸드점,경상남도," 3,189 "
1601,패스트푸드점,제주특별자치도, 599 
1602,펜션ㆍ게스트하우스,합계," 13,137 "
1603,펜션ㆍ게스트하우스,서울특별시, 681 
1604,펜션ㆍ게스트하우스,인천광역시, 598 
1605,펜션ㆍ게스트하우스,경기도," 1,761 "
1606,펜션ㆍ게스트하우스,강원도," 2,277 "
1607,펜션ㆍ게스트하우스,대전광역시, 20 
1608,펜션ㆍ게스트하우스,충청북도, 379 
1609,펜션ㆍ게스트하우스,충청남도," 1,190 "
1610,펜션ㆍ게스트하우스,세종특별자치시, 4 
1611,펜션ㆍ게스트하우스,광주광역시, 22 
1612,펜션ㆍ게스트하우스,전라북도, 397 
1613,펜션ㆍ게스트하우스,전라남도, 691 
1614,펜션ㆍ게스트하우스,대구광역시, 29 
1615,펜션ㆍ게스트하우스,경상북도," 1,129 "
1616,펜션ㆍ게스트하우스,부산광역시, 154 
1617,펜션ㆍ게스트하우스,울산광역시, 122 
1618,펜션ㆍ게스트하우스,경상남도," 1,314 "
1619,펜션ㆍ게스트하우스,제주특별자치도," 2,369 "
1620,편의점,합계," 41,367 "
1621,편의점,서울특별시," 8,039 "
1622,편의점,인천광역시," 2,206 "
1623,편의점,경기도," 10,184 "
1624,편의점,강원도," 1,665 "
1625,편의점,대전광역시," 1,124 "
1626,편의점,충청북도," 1,481 "
1627,편의점,충청남도," 2,192 "
1628,편의점,세종특별자치시, 252 
1629,편의점,광주광역시," 1,033 "
1630,편의점,전라북도," 1,218 "
1631,편의점,전라남도," 1,137 "
1632,편의점,대구광역시," 1,538 "
1633,편의점,경상북도," 1,933 "
1634,편의점,부산광역시," 2,451 "
1635,편의점,울산광역시, 905 
1636,편의점,경상남도," 2,888 "
1637,편의점,제주특별자치도," 1,121 "
1638,피부관리업,합계," 36,521 "
1639,피부관리업,서울특별시," 7,161 "
1640,피부관리업,인천광역시," 2,110 "
1641,피부관리업,경기도," 8,469 "
1642,피부관리업,강원도," 1,049 "
1643,피부관리업,대전광역시," 1,193 "
1644,피부관리업,충청북도," 1,091 "
1645,피부관리업,충청남도," 1,296 "
1646,피부관리업,세종특별자치시, 163 
1647,피부관리업,광주광역시," 1,550 "
1648,피부관리업,전라북도," 1,158 "
1649,피부관리업,전라남도," 1,338 "
1650,피부관리업,대구광역시," 1,563 "
1651,피부관리업,경상북도," 1,536 "
1652,피부관리업,부산광역시," 2,663 "
1653,피부관리업,울산광역시, 804 
1654,피부관리업,경상남도," 2,673 "
1655,피부관리업,제주특별자치도, 704 
1656,피부ㆍ비뇨기과 의원,합계," 3,885 "
1657,피부ㆍ비뇨기과 의원,서울특별시," 1,333 "
1658,피부ㆍ비뇨기과 의원,인천광역시, 170 
1659,피부ㆍ비뇨기과 의원,경기도, 817 
1660,피부ㆍ비뇨기과 의원,강원도, 58 
1661,피부ㆍ비뇨기과 의원,대전광역시, 111 
1662,피부ㆍ비뇨기과 의원,충청북도, 77 
1663,피부ㆍ비뇨기과 의원,충청남도, 98 
1664,피부ㆍ비뇨기과 의원,세종특별자치시, 15 
1665,피부ㆍ비뇨기과 의원,광주광역시, 124 
1666,피부ㆍ비뇨기과 의원,전라북도, 89 
1667,피부ㆍ비뇨기과 의원,전라남도, 73 
1668,피부ㆍ비뇨기과 의원,대구광역시, 201 
1669,피부ㆍ비뇨기과 의원,경상북도, 103 
1670,피부ㆍ비뇨기과 의원,부산광역시, 327 
1671,피부ㆍ비뇨기과 의원,울산광역시, 76 
1672,피부ㆍ비뇨기과 의원,경상남도, 170 
1673,피부ㆍ비뇨기과 의원,제주특별자치도, 43 
1674,한방병원ㆍ한의원,합계," 14,825 "
1675,한방병원ㆍ한의원,서울특별시," 3,702 "
1676,한방병원ㆍ한의원,인천광역시, 692 
1677,한방병원ㆍ한의원,경기도," 3,211 "
1678,한방병원ㆍ한의원,강원도, 362 
1679,한방병원ㆍ한의원,대전광역시, 525 
1680,한방병원ㆍ한의원,충청북도, 404 
1681,한방병원ㆍ한의원,충청남도, 526 
1682,한방병원ㆍ한의원,세종특별자치시, 73 
1683,한방병원ㆍ한의원,광주광역시, 412 
1684,한방병원ㆍ한의원,전라북도, 542 
1685,한방병원ㆍ한의원,전라남도, 401 
1686,한방병원ㆍ한의원,대구광역시, 886 
1687,한방병원ㆍ한의원,경상북도, 647 
1688,한방병원ㆍ한의원,부산광역시," 1,143 "
1689,한방병원ㆍ한의원,울산광역시, 286 
1690,한방병원ㆍ한의원,경상남도, 816 
1691,한방병원ㆍ한의원,제주특별자치도, 197 
1692,한식전문점,합계," 384,379 "
1693,한식전문점,서울특별시," 53,232 "
1694,한식전문점,인천광역시," 17,537 "
1695,한식전문점,경기도," 79,416 "
1696,한식전문점,강원도," 19,570 "
1697,한식전문점,대전광역시," 11,615 "
1698,한식전문점,충청북도," 15,253 "
1699,한식전문점,충청남도," 19,396 "
1700,한식전문점,세종특별자치시," 2,012 "
1701,한식전문점,광주광역시," 9,748 "
1702,한식전문점,전라북도," 14,152 "
1703,한식전문점,전라남도," 17,564 "
1704,한식전문점,대구광역시," 19,568 "
1705,한식전문점,경상북도," 29,239 "
1706,한식전문점,부산광역시," 24,259 "
1707,한식전문점,울산광역시," 10,889 "
1708,한식전문점,경상남도," 32,239 "
1709,한식전문점,제주특별자치도," 8,690 "
1710,헬스클럽,합계," 7,527 "
1711,헬스클럽,서울특별시," 1,798 "
1712,헬스클럽,인천광역시, 404 
1713,헬스클럽,경기도," 1,814 "
1714,헬스클럽,강원도, 213 
1715,헬스클럽,대전광역시, 236 
1716,헬스클럽,충청북도, 264 
1717,헬스클럽,충청남도, 270 
1718,헬스클럽,세종특별자치시, 34 
1719,헬스클럽,광주광역시, 228 
1720,헬스클럽,전라북도, 226 
1721,헬스클럽,전라남도, 166 
1722,헬스클럽,대구광역시, 370 
1723,헬스클럽,경상북도, 349 
1724,헬스클럽,부산광역시, 512 
1725,헬스클럽,울산광역시, 129 
1726,헬스클럽,경상남도, 409 
1727,헬스클럽,제주특별자치도, 105 
1728,호프전문점,합계," 33,897 "
1729,호프전문점,서울특별시," 7,128 "
1730,호프전문점,인천광역시," 1,795 "
1731,호프전문점,경기도," 7,030 "
1732,호프전문점,강원도," 1,407 "
1733,호프전문점,대전광역시, 991 
1734,호프전문점,충청북도," 1,797 "
1735,호프전문점,충청남도," 1,636 "
1736,호프전문점,세종특별자치시, 154 
1737,호프전문점,광주광역시," 2,343 "
1738,호프전문점,전라북도," 1,361 "
1739,호프전문점,전라남도," 2,346 "
1740,호프전문점,대구광역시, 577 
1741,호프전문점,경상북도," 1,040 "
1742,호프전문점,부산광역시," 1,840 "
1743,호프전문점,울산광역시, 355 
1744,호프전문점,경상남도," 1,469 "
1745,호프전문점,제주특별자치도, 628 
1746,화장품가게,합계," 35,165 "
1747,화장품가게,서울특별시," 6,776 "
1748,화장품가게,인천광역시," 1,438 "
1749,화장품가게,경기도," 7,858 "
1750,화장품가게,강원도," 1,111 "
1751,화장품가게,대전광역시," 1,241 "
1752,화장품가게,충청북도," 1,044 "
1753,화장품가게,충청남도," 1,313 "
1754,화장품가게,세종특별자치시, 148 
1755,화장품가게,광주광역시," 1,146 "
1756,화장품가게,전라북도," 1,431 "
1757,화장품가게,전라남도," 1,068 "
1758,화장품가게,대구광역시," 2,151 "
1759,화장품가게,경상북도," 1,864 "
1760,화장품가게,부산광역시," 2,454 "
1761,화장품가게,울산광역시, 982 
1762,화장품가게,경상남도," 2,447 "
1763,화장품가게,제주특별자치도, 693 
1764,휴대폰가게,합계," 18,006 "
1765,휴대폰가게,서울특별시," 3,057 "
1766,휴대폰가게,인천광역시, 920 
1767,휴대폰가게,경기도," 3,957 "
1768,휴대폰가게,강원도, 600 
1769,휴대폰가게,대전광역시, 656 
1770,휴대폰가게,충청북도, 545 
1771,휴대폰가게,충청남도, 859 
1772,휴대폰가게,세종특별자치시, 72 
1773,휴대폰가게,광주광역시, 576 
1774,휴대폰가게,전라북도, 721 
1775,휴대폰가게,전라남도, 598 
1776,휴대폰가게,대구광역시," 1,010 "
1777,휴대폰가게,경상북도," 1,057 "
1778,휴대폰가게,부산광역시," 1,358 "
1779,휴대폰가게,울산광역시, 494 
1780,휴대폰가게,경상남도," 1,296 "
1781,휴대폰가게,제주특별자치도, 230 
1782,LPG 충전소,합계," 1,622 "
1783,LPG 충전소,서울특별시, 76 
1784,LPG 충전소,인천광역시, 72 
1785,LPG 충전소,경기도, 383 
1786,LPG 충전소,강원도, 95 
1787,LPG 충전소,대전광역시, 38 
1788,LPG 충전소,충청북도, 75 
1789,LPG 충전소,충청남도, 128 
1790,LPG 충전소,세종특별자치시, 4 
1791,LPG 충전소,광주광역시, 39 
1792,LPG 충전소,전라북도, 106 
1793,LPG 충전소,전라남도, 123 
1794,LPG 충전소,대구광역시, 46 
1795,LPG 충전소,경상북도, 162 
1796,LPG 충전소,부산광역시, 57 
1797,LPG 충전소,울산광역시, 30 
1798,LPG 충전소,경상남도, 152 
1799,LPG 충전소,제주특별자치도, 36 
1800,PC방,합계," 10,337 "
1801,PC방,서울특별시," 1,671 "
1802,PC방,인천광역시, 522 
1803,PC방,경기도," 2,399 "
1804,PC방,강원도, 438 
1805,PC방,대전광역시, 335 
1806,PC방,충청북도, 336 
1807,PC방,충청남도, 442 
1808,PC방,세종특별자치시, 42 
1809,PC방,광주광역시, 413 
1810,PC방,전라북도, 425 
1811,PC방,전라남도, 377 
1812,PC방,대구광역시, 572 
1813,PC방,경상북도, 578 
1814,PC방,부산광역시, 648 
1815,PC방,울산광역시, 281 
1816,PC방,경상남도, 683 
1817,PC방,제주특별자치도, 175 
