,corp,city,2
0,업종전체,합계,"2,515,815"
1,업종전체,서울특별시,"501,875"
2,업종전체,인천광역시,"129,209"
3,업종전체,경기도,"595,288"
4,업종전체,강원도,"88,513"
5,업종전체,대전광역시,"72,927"
6,업종전체,충청북도,"79,819"
7,업종전체,충청남도,"105,065"
8,업종전체,세종특별자치시,"13,961"
9,업종전체,광주광역시,"73,292"
10,업종전체,전라북도,"87,672"
11,업종전체,전라남도,"88,427"
12,업종전체,대구광역시,"119,650"
13,업종전체,경상북도,"133,292"
14,업종전체,부산광역시,"164,602"
15,업종전체,울산광역시,"53,212"
16,업종전체,경상남도,"162,405"
17,업종전체,제주특별자치도,"46,606"
18,LPG 충전소,합계,"1,610"
19,LPG 충전소,서울특별시,76
20,LPG 충전소,인천광역시,70
21,LPG 충전소,경기도,372
22,LPG 충전소,강원도,93
23,LPG 충전소,대전광역시,38
24,LPG 충전소,충청북도,77
25,LPG 충전소,충청남도,131
26,LPG 충전소,세종특별자치시,4
27,LPG 충전소,광주광역시,39
28,LPG 충전소,전라북도,108
29,LPG 충전소,전라남도,119
30,LPG 충전소,대구광역시,42
31,LPG 충전소,경상북도,165
32,LPG 충전소,부산광역시,58
33,LPG 충전소,울산광역시,29
34,LPG 충전소,경상남도,154
35,LPG 충전소,제주특별자치도,35
36,PC방,합계,"10,339"
37,PC방,서울특별시,"1,649"
38,PC방,인천광역시,548
39,PC방,경기도,"2,501"
40,PC방,강원도,442
41,PC방,대전광역시,298
42,PC방,충청북도,366
43,PC방,충청남도,451
44,PC방,세종특별자치시,48
45,PC방,광주광역시,484
46,PC방,전라북도,403
47,PC방,전라남도,384
48,PC방,대구광역시,546
49,PC방,경상북도,569
50,PC방,부산광역시,608
51,PC방,울산광역시,244
52,PC방,경상남도,629
53,PC방,제주특별자치도,169
54,가구점,합계,"7,581"
55,가구점,서울특별시,"1,023"
56,가구점,인천광역시,302
57,가구점,경기도,"2,042"
58,가구점,강원도,299
59,가구점,대전광역시,211
60,가구점,충청북도,273
61,가구점,충청남도,291
62,가구점,세종특별자치시,27
63,가구점,광주광역시,219
64,가구점,전라북도,400
65,가구점,전라남도,278
66,가구점,대구광역시,364
67,가구점,경상북도,476
68,가구점,부산광역시,489
69,가구점,울산광역시,168
70,가구점,경상남도,535
71,가구점,제주특별자치도,184
72,가전제품수리점,합계,"16,942"
73,가전제품수리점,서울특별시,"2,816"
74,가전제품수리점,인천광역시,"1,201"
75,가전제품수리점,경기도,"5,002"
76,가전제품수리점,강원도,575
77,가전제품수리점,대전광역시,561
78,가전제품수리점,충청북도,485
79,가전제품수리점,충청남도,698
80,가전제품수리점,세종특별자치시,81
81,가전제품수리점,광주광역시,485
82,가전제품수리점,전라북도,575
83,가전제품수리점,전라남도,527
84,가전제품수리점,대구광역시,820
85,가전제품수리점,경상북도,606
86,가전제품수리점,부산광역시,"1,020"
87,가전제품수리점,울산광역시,306
88,가전제품수리점,경상남도,985
89,가전제품수리점,제주특별자치도,199
90,가전제품판매점,합계,"10,201"
91,가전제품판매점,서울특별시,"1,552"
92,가전제품판매점,인천광역시,391
93,가전제품판매점,경기도,"2,012"
94,가전제품판매점,강원도,467
95,가전제품판매점,대전광역시,304
96,가전제품판매점,충청북도,418
97,가전제품판매점,충청남도,535
98,가전제품판매점,세종특별자치시,46
99,가전제품판매점,광주광역시,347
100,가전제품판매점,전라북도,536
101,가전제품판매점,전라남도,575
102,가전제품판매점,대구광역시,495
103,가전제품판매점,경상북도,703
104,가전제품판매점,부산광역시,611
105,가전제품판매점,울산광역시,204
106,가전제품판매점,경상남도,753
107,가전제품판매점,제주특별자치도,252
108,간이주점,합계,"12,972"
109,간이주점,서울특별시,"4,086"
110,간이주점,인천광역시,"1,308"
111,간이주점,경기도,"2,632"
112,간이주점,강원도,393
113,간이주점,대전광역시,83
114,간이주점,충청북도,426
115,간이주점,충청남도,586
116,간이주점,세종특별자치시,15
117,간이주점,광주광역시,182
118,간이주점,전라북도,290
119,간이주점,전라남도,258
120,간이주점,대구광역시,241
121,간이주점,경상북도,351
122,간이주점,부산광역시,826
123,간이주점,울산광역시,103
124,간이주점,경상남도,"1,033"
125,간이주점,제주특별자치도,159
126,간판광고물업,합계,"13,029"
127,간판광고물업,서울특별시,"2,596"
128,간판광고물업,인천광역시,555
129,간판광고물업,경기도,"3,227"
130,간판광고물업,강원도,522
131,간판광고물업,대전광역시,383
132,간판광고물업,충청북도,384
133,간판광고물업,충청남도,478
134,간판광고물업,세종특별자치시,31
135,간판광고물업,광주광역시,433
136,간판광고물업,전라북도,513
137,간판광고물업,전라남도,485
138,간판광고물업,대구광역시,760
139,간판광고물업,경상북도,671
140,간판광고물업,부산광역시,831
141,간판광고물업,울산광역시,266
142,간판광고물업,경상남도,698
143,간판광고물업,제주특별자치도,196
144,감정평가사,합계,"1,220"
145,감정평가사,서울특별시,265
146,감정평가사,인천광역시,79
147,감정평가사,경기도,396
148,감정평가사,강원도,35
149,감정평가사,대전광역시,30
150,감정평가사,충청북도,31
151,감정평가사,충청남도,37
152,감정평가사,세종특별자치시,13
153,감정평가사,광주광역시,36
154,감정평가사,전라북도,38
155,감정평가사,전라남도,20
156,감정평가사,대구광역시,59
157,감정평가사,경상북도,19
158,감정평가사,부산광역시,59
159,감정평가사,울산광역시,21
160,감정평가사,경상남도,66
161,감정평가사,제주특별자치도,16
162,건강보조식품가게,합계,"14,009"
163,건강보조식품가게,서울특별시,"2,302"
164,건강보조식품가게,인천광역시,660
165,건강보조식품가게,경기도,"2,826"
166,건강보조식품가게,강원도,517
167,건강보조식품가게,대전광역시,472
168,건강보조식품가게,충청북도,432
169,건강보조식품가게,충청남도,"1,289"
170,건강보조식품가게,세종특별자치시,60
171,건강보조식품가게,광주광역시,414
172,건강보조식품가게,전라북도,743
173,건강보조식품가게,전라남도,483
174,건강보조식품가게,대구광역시,600
175,건강보조식품가게,경상북도,940
176,건강보조식품가게,부산광역시,842
177,건강보조식품가게,울산광역시,224
178,건강보조식품가게,경상남도,"1,022"
179,건강보조식품가게,제주특별자치도,183
180,건어물가게,합계,"7,348"
181,건어물가게,서울특별시,771
182,건어물가게,인천광역시,389
183,건어물가게,경기도,873
184,건어물가게,강원도,664
185,건어물가게,대전광역시,128
186,건어물가게,충청북도,111
187,건어물가게,충청남도,634
188,건어물가게,세종특별자치시,14
189,건어물가게,광주광역시,176
190,건어물가게,전라북도,357
191,건어물가게,전라남도,940
192,건어물가게,대구광역시,160
193,건어물가게,경상북도,638
194,건어물가게,부산광역시,524
195,건어물가게,울산광역시,141
196,건어물가게,경상남도,719
197,건어물가게,제주특별자치도,109
198,건축사,합계,"10,304"
199,건축사,서울특별시,"2,682"
200,건축사,인천광역시,346
201,건축사,경기도,"2,177"
202,건축사,강원도,341
203,건축사,대전광역시,221
204,건축사,충청북도,301
205,건축사,충청남도,357
206,건축사,세종특별자치시,58
207,건축사,광주광역시,245
208,건축사,전라북도,368
209,건축사,전라남도,286
210,건축사,대구광역시,692
211,건축사,경상북도,486
212,건축사,부산광역시,691
213,건축사,울산광역시,219
214,건축사,경상남도,528
215,건축사,제주특별자치도,306
216,결혼상담소,합계,"1,664"
217,결혼상담소,서울특별시,443
218,결혼상담소,인천광역시,65
219,결혼상담소,경기도,252
220,결혼상담소,강원도,35
221,결혼상담소,대전광역시,71
222,결혼상담소,충청북도,51
223,결혼상담소,충청남도,74
224,결혼상담소,세종특별자치시,7
225,결혼상담소,광주광역시,83
226,결혼상담소,전라북도,84
227,결혼상담소,전라남도,52
228,결혼상담소,대구광역시,112
229,결혼상담소,경상북도,62
230,결혼상담소,부산광역시,117
231,결혼상담소,울산광역시,30
232,결혼상담소,경상남도,97
233,결혼상담소,제주특별자치도,29
234,곡물가게,합계,"5,057"
235,곡물가게,서울특별시,644
236,곡물가게,인천광역시,213
237,곡물가게,경기도,891
238,곡물가게,강원도,327
239,곡물가게,대전광역시,153
240,곡물가게,충청북도,247
241,곡물가게,충청남도,385
242,곡물가게,세종특별자치시,31
243,곡물가게,광주광역시,111
244,곡물가게,전라북도,374
245,곡물가게,전라남도,404
246,곡물가게,대구광역시,186
247,곡물가게,경상북도,368
248,곡물가게,부산광역시,334
249,곡물가게,울산광역시,45
250,곡물가게,경상남도,276
251,곡물가게,제주특별자치도,68
252,공인노무사,합계,976
253,공인노무사,서울특별시,419
254,공인노무사,인천광역시,44
255,공인노무사,경기도,171
256,공인노무사,강원도,16
257,공인노무사,대전광역시,21
258,공인노무사,충청북도,18
259,공인노무사,충청남도,27
260,공인노무사,세종특별자치시,5
261,공인노무사,광주광역시,29
262,공인노무사,전라북도,26
263,공인노무사,전라남도,11
264,공인노무사,대구광역시,33
265,공인노무사,경상북도,17
266,공인노무사,부산광역시,62
267,공인노무사,울산광역시,26
268,공인노무사,경상남도,42
269,공인노무사,제주특별자치도,9
270,공인회계사,합계,"1,841"
271,공인회계사,서울특별시,845
272,공인회계사,인천광역시,68
273,공인회계사,경기도,317
274,공인회계사,강원도,14
275,공인회계사,대전광역시,36
276,공인회계사,충청북도,32
277,공인회계사,충청남도,42
278,공인회계사,세종특별자치시,12
279,공인회계사,광주광역시,34
280,공인회계사,전라북도,36
281,공인회계사,전라남도,25
282,공인회계사,대구광역시,89
283,공인회계사,경상북도,28
284,공인회계사,부산광역시,131
285,공인회계사,울산광역시,28
286,공인회계사,경상남도,75
287,공인회계사,제주특별자치도,29
288,과일가게,합계,"12,246"
289,과일가게,서울특별시,"1,295"
290,과일가게,인천광역시,443
291,과일가게,경기도,"1,977"
292,과일가게,강원도,308
293,과일가게,대전광역시,322
294,과일가게,충청북도,657
295,과일가게,충청남도,685
296,과일가게,세종특별자치시,104
297,과일가게,광주광역시,309
298,과일가게,전라북도,615
299,과일가게,전라남도,666
300,과일가게,대구광역시,399
301,과일가게,경상북도,"1,365"
302,과일가게,부산광역시,646
303,과일가게,울산광역시,152
304,과일가게,경상남도,"1,248"
305,과일가게,제주특별자치도,"1,055"
306,교습소･공부방,합계,"38,546"
307,교습소･공부방,서울특별시,"7,782"
308,교습소･공부방,인천광역시,"1,797"
309,교습소･공부방,경기도,"9,648"
310,교습소･공부방,강원도,"1,058"
311,교습소･공부방,대전광역시,"1,450"
312,교습소･공부방,충청북도,"1,019"
313,교습소･공부방,충청남도,"1,315"
314,교습소･공부방,세종특별자치시,315
315,교습소･공부방,광주광역시,845
316,교습소･공부방,전라북도,862
317,교습소･공부방,전라남도,830
318,교습소･공부방,대구광역시,"2,862"
319,교습소･공부방,경상북도,"2,065"
320,교습소･공부방,부산광역시,"2,752"
321,교습소･공부방,울산광역시,909
322,교습소･공부방,경상남도,"2,399"
323,교습소･공부방,제주특별자치도,638
324,교습학원,합계,"56,468"
325,교습학원,서울특별시,"10,440"
326,교습학원,인천광역시,"2,518"
327,교습학원,경기도,"15,030"
328,교습학원,강원도,"1,456"
329,교습학원,대전광역시,"1,272"
330,교습학원,충청북도,"1,476"
331,교습학원,충청남도,"1,870"
332,교습학원,세종특별자치시,476
333,교습학원,광주광역시,"2,401"
334,교습학원,전라북도,"2,425"
335,교습학원,전라남도,"1,817"
336,교습학원,대구광역시,"2,673"
337,교습학원,경상북도,"2,606"
338,교습학원,부산광역시,"3,576"
339,교습학원,울산광역시,"1,652"
340,교습학원,경상남도,"4,055"
341,교습학원,제주특별자치도,725
342,구내식당,합계,"20,733"
343,구내식당,서울특별시,"3,698"
344,구내식당,인천광역시,"1,342"
345,구내식당,경기도,"5,052"
346,구내식당,강원도,583
347,구내식당,대전광역시,676
348,구내식당,충청북도,738
349,구내식당,충청남도,"1,002"
350,구내식당,세종특별자치시,78
351,구내식당,광주광역시,393
352,구내식당,전라북도,754
353,구내식당,전라남도,616
354,구내식당,대구광역시,855
355,구내식당,경상북도,"1,256"
356,구내식당,부산광역시,"1,369"
357,구내식당,울산광역시,404
358,구내식당,경상남도,"1,767"
359,구내식당,제주특별자치도,150
360,기술및직업훈련학원,합계,"15,218"
361,기술및직업훈련학원,서울특별시,"3,364"
362,기술및직업훈련학원,인천광역시,635
363,기술및직업훈련학원,경기도,"3,528"
364,기술및직업훈련학원,강원도,452
365,기술및직업훈련학원,대전광역시,519
366,기술및직업훈련학원,충청북도,407
367,기술및직업훈련학원,충청남도,585
368,기술및직업훈련학원,세종특별자치시,128
369,기술및직업훈련학원,광주광역시,545
370,기술및직업훈련학원,전라북도,561
371,기술및직업훈련학원,전라남도,462
372,기술및직업훈련학원,대구광역시,836
373,기술및직업훈련학원,경상북도,629
374,기술및직업훈련학원,부산광역시,"1,019"
375,기술및직업훈련학원,울산광역시,342
376,기술및직업훈련학원,경상남도,885
377,기술및직업훈련학원,제주특별자치도,321
378,기술사,합계,"1,137"
379,기술사,서울특별시,316
380,기술사,인천광역시,29
381,기술사,경기도,266
382,기술사,강원도,39
383,기술사,대전광역시,27
384,기술사,충청북도,34
385,기술사,충청남도,35
386,기술사,세종특별자치시,4
387,기술사,광주광역시,38
388,기술사,전라북도,38
389,기술사,전라남도,44
390,기술사,대구광역시,34
391,기술사,경상북도,45
392,기술사,부산광역시,67
393,기술사,울산광역시,18
394,기술사,경상남도,83
395,기술사,제주특별자치도,20
396,기타 일반의원,합계,"3,328"
397,기타 일반의원,서울특별시,914
398,기타 일반의원,인천광역시,151
399,기타 일반의원,경기도,658
400,기타 일반의원,강원도,70
401,기타 일반의원,대전광역시,148
402,기타 일반의원,충청북도,95
403,기타 일반의원,충청남도,100
404,기타 일반의원,세종특별자치시,20
405,기타 일반의원,광주광역시,128
406,기타 일반의원,전라북도,179
407,기타 일반의원,전라남도,109
408,기타 일반의원,대구광역시,160
409,기타 일반의원,경상북도,109
410,기타 일반의원,부산광역시,232
411,기타 일반의원,울산광역시,50
412,기타 일반의원,경상남도,148
413,기타 일반의원,제주특별자치도,57
414,기타외국식전문점,합계,"24,710"
415,기타외국식전문점,서울특별시,"7,539"
416,기타외국식전문점,인천광역시,836
417,기타외국식전문점,경기도,"5,271"
418,기타외국식전문점,강원도,804
419,기타외국식전문점,대전광역시,625
420,기타외국식전문점,충청북도,557
421,기타외국식전문점,충청남도,726
422,기타외국식전문점,세종특별자치시,168
423,기타외국식전문점,광주광역시,393
424,기타외국식전문점,전라북도,761
425,기타외국식전문점,전라남도,445
426,기타외국식전문점,대구광역시,"1,211"
427,기타외국식전문점,경상북도,732
428,기타외국식전문점,부산광역시,"1,872"
429,기타외국식전문점,울산광역시,661
430,기타외국식전문점,경상남도,"1,251"
431,기타외국식전문점,제주특별자치도,858
432,기타음식점,합계,"22,642"
433,기타음식점,서울특별시,"4,329"
434,기타음식점,인천광역시,929
435,기타음식점,경기도,"5,297"
436,기타음식점,강원도,982
437,기타음식점,대전광역시,527
438,기타음식점,충청북도,717
439,기타음식점,충청남도,945
440,기타음식점,세종특별자치시,116
441,기타음식점,광주광역시,885
442,기타음식점,전라북도,696
443,기타음식점,전라남도,770
444,기타음식점,대구광역시,"1,173"
445,기타음식점,경상북도,"1,147"
446,기타음식점,부산광역시,"1,535"
447,기타음식점,울산광역시,537
448,기타음식점,경상남도,"1,680"
449,기타음식점,제주특별자치도,377
450,꽃가게,합계,"24,372"
451,꽃가게,서울특별시,"4,423"
452,꽃가게,인천광역시,975
453,꽃가게,경기도,"5,646"
454,꽃가게,강원도,775
455,꽃가게,대전광역시,721
456,꽃가게,충청북도,907
457,꽃가게,충청남도,"1,126"
458,꽃가게,세종특별자치시,111
459,꽃가게,광주광역시,770
460,꽃가게,전라북도,"1,100"
461,꽃가게,전라남도,"1,177"
462,꽃가게,대구광역시,"1,166"
463,꽃가게,경상북도,"1,427"
464,꽃가게,부산광역시,"1,335"
465,꽃가게,울산광역시,528
466,꽃가게,경상남도,"1,804"
467,꽃가게,제주특별자치도,381
468,내과ㆍ소아과 의원,합계,"11,445"
469,내과ㆍ소아과 의원,서울특별시,"2,488"
470,내과ㆍ소아과 의원,인천광역시,595
471,내과ㆍ소아과 의원,경기도,"2,645"
472,내과ㆍ소아과 의원,강원도,321
473,내과ㆍ소아과 의원,대전광역시,379
474,내과ㆍ소아과 의원,충청북도,321
475,내과ㆍ소아과 의원,충청남도,450
476,내과ㆍ소아과 의원,세종특별자치시,66
477,내과ㆍ소아과 의원,광주광역시,330
478,내과ㆍ소아과 의원,전라북도,422
479,내과ㆍ소아과 의원,전라남도,435
480,내과ㆍ소아과 의원,대구광역시,580
481,내과ㆍ소아과 의원,경상북도,537
482,내과ㆍ소아과 의원,부산광역시,812
483,내과ㆍ소아과 의원,울산광역시,223
484,내과ㆍ소아과 의원,경상남도,683
485,내과ㆍ소아과 의원,제주특별자치도,158
486,노래방,합계,"29,251"
487,노래방,서울특별시,"5,554"
488,노래방,인천광역시,"2,242"
489,노래방,경기도,"7,024"
490,노래방,강원도,831
491,노래방,대전광역시,"1,273"
492,노래방,충청북도,"1,109"
493,노래방,충청남도,"1,193"
494,노래방,세종특별자치시,144
495,노래방,광주광역시,"1,027"
496,노래방,전라북도,823
497,노래방,전라남도,711
498,노래방,대구광역시,"1,608"
499,노래방,경상북도,"1,497"
500,노래방,부산광역시,"1,646"
501,노래방,울산광역시,714
502,노래방,경상남도,"1,546"
503,노래방,제주특별자치도,309
504,담배가게,합계,"12,350"
505,담배가게,서울특별시,"2,142"
506,담배가게,인천광역시,376
507,담배가게,경기도,"1,677"
508,담배가게,강원도,560
509,담배가게,대전광역시,275
510,담배가게,충청북도,527
511,담배가게,충청남도,588
512,담배가게,세종특별자치시,44
513,담배가게,광주광역시,287
514,담배가게,전라북도,617
515,담배가게,전라남도,932
516,담배가게,대구광역시,484
517,담배가게,경상북도,"1,285"
518,담배가게,부산광역시,"1,106"
519,담배가게,울산광역시,232
520,담배가게,경상남도,"1,047"
521,담배가게,제주특별자치도,171
522,당구장,합계,"18,023"
523,당구장,서울특별시,"3,126"
524,당구장,인천광역시,"1,133"
525,당구장,경기도,"4,582"
526,당구장,강원도,782
527,당구장,대전광역시,497
528,당구장,충청북도,701
529,당구장,충청남도,778
530,당구장,세종특별자치시,95
531,당구장,광주광역시,584
532,당구장,전라북도,613
533,당구장,전라남도,717
534,당구장,대구광역시,676
535,당구장,경상북도,905
536,당구장,부산광역시,933
537,당구장,울산광역시,488
538,당구장,경상남도,"1,076"
539,당구장,제주특별자치도,337
540,독서실,합계,"9,714"
541,독서실,서울특별시,"3,276"
542,독서실,인천광역시,465
543,독서실,경기도,"2,336"
544,독서실,강원도,162
545,독서실,대전광역시,271
546,독서실,충청북도,200
547,독서실,충청남도,242
548,독서실,세종특별자치시,41
549,독서실,광주광역시,390
550,독서실,전라북도,282
551,독서실,전라남도,185
552,독서실,대구광역시,420
553,독서실,경상북도,259
554,독서실,부산광역시,459
555,독서실,울산광역시,241
556,독서실,경상남도,403
557,독서실,제주특별자치도,82
558,동물병원,합계,"4,222"
559,동물병원,서울특별시,838
560,동물병원,인천광역시,193
561,동물병원,경기도,"1,094"
562,동물병원,강원도,102
563,동물병원,대전광역시,101
564,동물병원,충청북도,112
565,동물병원,충청남도,191
566,동물병원,세종특별자치시,26
567,동물병원,광주광역시,108
568,동물병원,전라북도,164
569,동물병원,전라남도,169
570,동물병원,대구광역시,170
571,동물병원,경상북도,278
572,동물병원,부산광역시,244
573,동물병원,울산광역시,74
574,동물병원,경상남도,277
575,동물병원,제주특별자치도,81
576,목욕탕,합계,"5,349"
577,목욕탕,서울특별시,676
578,목욕탕,인천광역시,204
579,목욕탕,경기도,733
580,목욕탕,강원도,178
581,목욕탕,대전광역시,95
582,목욕탕,충청북도,151
583,목욕탕,충청남도,193
584,목욕탕,세종특별자치시,14
585,목욕탕,광주광역시,175
586,목욕탕,전라북도,205
587,목욕탕,전라남도,290
588,목욕탕,대구광역시,251
589,목욕탕,경상북도,412
590,목욕탕,부산광역시,721
591,목욕탕,울산광역시,183
592,목욕탕,경상남도,755
593,목욕탕,제주특별자치도,113
594,문구점,합계,"9,109"
595,문구점,서울특별시,"1,549"
596,문구점,인천광역시,482
597,문구점,경기도,"2,099"
598,문구점,강원도,363
599,문구점,대전광역시,307
600,문구점,충청북도,328
601,문구점,충청남도,430
602,문구점,세종특별자치시,80
603,문구점,광주광역시,287
604,문구점,전라북도,416
605,문구점,전라남도,409
606,문구점,대구광역시,358
607,문구점,경상북도,519
608,문구점,부산광역시,533
609,문구점,울산광역시,193
610,문구점,경상남도,594
611,문구점,제주특별자치도,162
612,미용실,합계,"104,205"
613,미용실,서울특별시,"18,241"
614,미용실,인천광역시,"5,542"
615,미용실,경기도,"23,621"
616,미용실,강원도,"3,628"
617,미용실,대전광역시,"3,355"
618,미용실,충청북도,"3,547"
619,미용실,충청남도,"4,349"
620,미용실,세종특별자치시,433
621,미용실,광주광역시,"3,322"
622,미용실,전라북도,"4,004"
623,미용실,전라남도,"3,632"
624,미용실,대구광역시,"5,637"
625,미용실,경상북도,"6,024"
626,미용실,부산광역시,"7,585"
627,미용실,울산광역시,"2,669"
628,미용실,경상남도,"7,221"
629,미용실,제주특별자치도,"1,395"
630,법무사,합계,"6,629"
631,법무사,서울특별시,"1,993"
632,법무사,인천광역시,294
633,법무사,경기도,"1,245"
634,법무사,강원도,195
635,법무사,대전광역시,171
636,법무사,충청북도,170
637,법무사,충청남도,222
638,법무사,세종특별자치시,24
639,법무사,광주광역시,219
640,법무사,전라북도,248
641,법무사,전라남도,223
642,법무사,대구광역시,312
643,법무사,경상북도,263
644,법무사,부산광역시,465
645,법무사,울산광역시,113
646,법무사,경상남도,389
647,법무사,제주특별자치도,83
648,변리사,합계,"1,051"
649,변리사,서울특별시,743
650,변리사,인천광역시,16
651,변리사,경기도,93
652,변리사,강원도,*
653,변리사,대전광역시,89
654,변리사,충청북도,5
655,변리사,충청남도,7
656,변리사,세종특별자치시,*
657,변리사,광주광역시,11
658,변리사,전라북도,6
659,변리사,전라남도,3
660,변리사,대구광역시,22
661,변리사,경상북도,5
662,변리사,부산광역시,28
663,변리사,울산광역시,6
664,변리사,경상남도,12
665,변리사,제주특별자치도,3
666,변호사,합계,"7,672"
667,변호사,서울특별시,"3,997"
668,변호사,인천광역시,261
669,변호사,경기도,"1,001"
670,변호사,강원도,120
671,변호사,대전광역시,229
672,변호사,충청북도,107
673,변호사,충청남도,146
674,변호사,세종특별자치시,17
675,변호사,광주광역시,219
676,변호사,전라북도,196
677,변호사,전라남도,94
678,변호사,대구광역시,283
679,변호사,경상북도,121
680,변호사,부산광역시,437
681,변호사,울산광역시,123
682,변호사,경상남도,231
683,변호사,제주특별자치도,90
684,부동산중개업,합계,"131,062"
685,부동산중개업,서울특별시,"32,266"
686,부동산중개업,인천광역시,"7,156"
687,부동산중개업,경기도,"36,814"
688,부동산중개업,강원도,"2,666"
689,부동산중개업,대전광역시,"3,441"
690,부동산중개업,충청북도,"3,006"
691,부동산중개업,충청남도,"4,322"
692,부동산중개업,세종특별자치시,"1,458"
693,부동산중개업,광주광역시,"4,277"
694,부동산중개업,전라북도,"3,290"
695,부동산중개업,전라남도,"2,414"
696,부동산중개업,대구광역시,"6,035"
697,부동산중개업,경상북도,"4,218"
698,부동산중개업,부산광역시,"8,402"
699,부동산중개업,울산광역시,"2,353"
700,부동산중개업,경상남도,"6,910"
701,부동산중개업,제주특별자치도,"2,034"
702,분식점,합계,"54,339"
703,분식점,서울특별시,"10,765"
704,분식점,인천광역시,"2,563"
705,분식점,경기도,"12,797"
706,분식점,강원도,"1,689"
707,분식점,대전광역시,"1,954"
708,분식점,충청북도,"2,212"
709,분식점,충청남도,"2,362"
710,분식점,세종특별자치시,216
711,분식점,광주광역시,"1,577"
712,분식점,전라북도,"2,049"
713,분식점,전라남도,"1,490"
714,분식점,대구광역시,"2,492"
715,분식점,경상북도,"2,556"
716,분식점,부산광역시,"4,067"
717,분식점,울산광역시,809
718,분식점,경상남도,"3,955"
719,분식점,제주특별자치도,786
720,사진촬영업,합계,"14,746"
721,사진촬영업,서울특별시,"4,801"
722,사진촬영업,인천광역시,667
723,사진촬영업,경기도,"3,186"
724,사진촬영업,강원도,433
725,사진촬영업,대전광역시,409
726,사진촬영업,충청북도,317
727,사진촬영업,충청남도,415
728,사진촬영업,세종특별자치시,64
729,사진촬영업,광주광역시,414
730,사진촬영업,전라북도,429
731,사진촬영업,전라남도,342
732,사진촬영업,대구광역시,666
733,사진촬영업,경상북도,530
734,사진촬영업,부산광역시,844
735,사진촬영업,울산광역시,237
736,사진촬영업,경상남도,597
737,사진촬영업,제주특별자치도,395
738,산부인과 의원,합계,"1,674"
739,산부인과 의원,서울특별시,500
740,산부인과 의원,인천광역시,81
741,산부인과 의원,경기도,338
742,산부인과 의원,강원도,37
743,산부인과 의원,대전광역시,59
744,산부인과 의원,충청북도,45
745,산부인과 의원,충청남도,49
746,산부인과 의원,세종특별자치시,9
747,산부인과 의원,광주광역시,53
748,산부인과 의원,전라북도,54
749,산부인과 의원,전라남도,24
750,산부인과 의원,대구광역시,106
751,산부인과 의원,경상북도,66
752,산부인과 의원,부산광역시,101
753,산부인과 의원,울산광역시,44
754,산부인과 의원,경상남도,84
755,산부인과 의원,제주특별자치도,24
756,생선가게,합계,"12,026"
757,생선가게,서울특별시,"1,494"
758,생선가게,인천광역시,778
759,생선가게,경기도,"1,322"
760,생선가게,강원도,595
761,생선가게,대전광역시,168
762,생선가게,충청북도,188
763,생선가게,충청남도,737
764,생선가게,세종특별자치시,26
765,생선가게,광주광역시,341
766,생선가게,전라북도,628
767,생선가게,전라남도,"1,663"
768,생선가게,대구광역시,244
769,생선가게,경상북도,940
770,생선가게,부산광역시,"1,104"
771,생선가게,울산광역시,411
772,생선가게,경상남도,925
773,생선가게,제주특별자치도,462
774,서점,합계,"8,447"
775,서점,서울특별시,"1,634"
776,서점,인천광역시,391
777,서점,경기도,"2,037"
778,서점,강원도,236
779,서점,대전광역시,325
780,서점,충청북도,242
781,서점,충청남도,355
782,서점,세종특별자치시,74
783,서점,광주광역시,274
784,서점,전라북도,343
785,서점,전라남도,262
786,서점,대구광역시,497
787,서점,경상북도,390
788,서점,부산광역시,546
789,서점,울산광역시,196
790,서점,경상남도,496
791,서점,제주특별자치도,149
792,성형외과 의원,합계,"1,519"
793,성형외과 의원,서울특별시,753
794,성형외과 의원,인천광역시,49
795,성형외과 의원,경기도,196
796,성형외과 의원,강원도,17
797,성형외과 의원,대전광역시,45
798,성형외과 의원,충청북도,25
799,성형외과 의원,충청남도,26
800,성형외과 의원,세종특별자치시,5
801,성형외과 의원,광주광역시,47
802,성형외과 의원,전라북도,26
803,성형외과 의원,전라남도,16
804,성형외과 의원,대구광역시,78
805,성형외과 의원,경상북도,17
806,성형외과 의원,부산광역시,139
807,성형외과 의원,울산광역시,19
808,성형외과 의원,경상남도,42
809,성형외과 의원,제주특별자치도,19
810,세무사,합계,"12,853"
811,세무사,서울특별시,"5,318"
812,세무사,인천광역시,536
813,세무사,경기도,"2,844"
814,세무사,강원도,175
815,세무사,대전광역시,283
816,세무사,충청북도,175
817,세무사,충청남도,269
818,세무사,세종특별자치시,43
819,세무사,광주광역시,311
820,세무사,전라북도,272
821,세무사,전라남도,138
822,세무사,대구광역시,565
823,세무사,경상북도,241
824,세무사,부산광역시,964
825,세무사,울산광역시,168
826,세무사,경상남도,438
827,세무사,제주특별자치도,113
828,세탁소,합계,"24,083"
829,세탁소,서울특별시,"4,685"
830,세탁소,인천광역시,"1,306"
831,세탁소,경기도,"5,541"
832,세탁소,강원도,958
833,세탁소,대전광역시,881
834,세탁소,충청북도,905
835,세탁소,충청남도,"1,143"
836,세탁소,세종특별자치시,106
837,세탁소,광주광역시,883
838,세탁소,전라북도,917
839,세탁소,전라남도,865
840,세탁소,대구광역시,895
841,세탁소,경상북도,"1,284"
842,세탁소,부산광역시,"1,367"
843,세탁소,울산광역시,444
844,세탁소,경상남도,"1,294"
845,세탁소,제주특별자치도,609
846,슈퍼마켓,합계,"28,818"
847,슈퍼마켓,서울특별시,"3,825"
848,슈퍼마켓,인천광역시,"1,792"
849,슈퍼마켓,경기도,"7,797"
850,슈퍼마켓,강원도,993
851,슈퍼마켓,대전광역시,674
852,슈퍼마켓,충청북도,954
853,슈퍼마켓,충청남도,"1,221"
854,슈퍼마켓,세종특별자치시,141
855,슈퍼마켓,광주광역시,837
856,슈퍼마켓,전라북도,988
857,슈퍼마켓,전라남도,"1,218"
858,슈퍼마켓,대구광역시,"1,614"
859,슈퍼마켓,경상북도,"1,800"
860,슈퍼마켓,부산광역시,"1,789"
861,슈퍼마켓,울산광역시,843
862,슈퍼마켓,경상남도,"1,935"
863,슈퍼마켓,제주특별자치도,397
864,스포츠교육기관,합계,"26,091"
865,스포츠교육기관,서울특별시,"4,803"
866,스포츠교육기관,인천광역시,"1,392"
867,스포츠교육기관,경기도,"6,800"
868,스포츠교육기관,강원도,718
869,스포츠교육기관,대전광역시,835
870,스포츠교육기관,충청북도,765
871,스포츠교육기관,충청남도,955
872,스포츠교육기관,세종특별자치시,217
873,스포츠교육기관,광주광역시,941
874,스포츠교육기관,전라북도,862
875,스포츠교육기관,전라남도,735
876,스포츠교육기관,대구광역시,"1,290"
877,스포츠교육기관,경상북도,"1,196"
878,스포츠교육기관,부산광역시,"1,712"
879,스포츠교육기관,울산광역시,601
880,스포츠교육기관,경상남도,"1,831"
881,스포츠교육기관,제주특별자치도,438
882,스포츠시설운영업,합계,"8,674"
883,스포츠시설운영업,서울특별시,"2,344"
884,스포츠시설운영업,인천광역시,452
885,스포츠시설운영업,경기도,"2,320"
886,스포츠시설운영업,강원도,254
887,스포츠시설운영업,대전광역시,196
888,스포츠시설운영업,충청북도,196
889,스포츠시설운영업,충청남도,230
890,스포츠시설운영업,세종특별자치시,54
891,스포츠시설운영업,광주광역시,256
892,스포츠시설운영업,전라북도,267
893,스포츠시설운영업,전라남도,182
894,스포츠시설운영업,대구광역시,352
895,스포츠시설운영업,경상북도,315
896,스포츠시설운영업,부산광역시,523
897,스포츠시설운영업,울산광역시,153
898,스포츠시설운영업,경상남도,447
899,스포츠시설운영업,제주특별자치도,133
900,스포츠용품점,합계,"15,182"
901,스포츠용품점,서울특별시,"1,486"
902,스포츠용품점,인천광역시,519
903,스포츠용품점,경기도,"3,325"
904,스포츠용품점,강원도,878
905,스포츠용품점,대전광역시,374
906,스포츠용품점,충청북도,637
907,스포츠용품점,충청남도,"1,006"
908,스포츠용품점,세종특별자치시,78
909,스포츠용품점,광주광역시,436
910,스포츠용품점,전라북도,886
911,스포츠용품점,전라남도,905
912,스포츠용품점,대구광역시,638
913,스포츠용품점,경상북도,"1,226"
914,스포츠용품점,부산광역시,690
915,스포츠용품점,울산광역시,288
916,스포츠용품점,경상남도,"1,357"
917,스포츠용품점,제주특별자치도,453
918,시계ㆍ귀금속점,합계,"8,148"
919,시계ㆍ귀금속점,서울특별시,"1,875"
920,시계ㆍ귀금속점,인천광역시,361
921,시계ㆍ귀금속점,경기도,"1,297"
922,시계ㆍ귀금속점,강원도,234
923,시계ㆍ귀금속점,대전광역시,231
924,시계ㆍ귀금속점,충청북도,252
925,시계ㆍ귀금속점,충청남도,315
926,시계ㆍ귀금속점,세종특별자치시,23
927,시계ㆍ귀금속점,광주광역시,263
928,시계ㆍ귀금속점,전라북도,375
929,시계ㆍ귀금속점,전라남도,284
930,시계ㆍ귀금속점,대구광역시,526
931,시계ㆍ귀금속점,경상북도,430
932,시계ㆍ귀금속점,부산광역시,795
933,시계ㆍ귀금속점,울산광역시,218
934,시계ㆍ귀금속점,경상남도,566
935,시계ㆍ귀금속점,제주특별자치도,103
936,식료품가게,합계,"48,517"
937,식료품가게,서울특별시,"5,462"
938,식료품가게,인천광역시,"2,117"
939,식료품가게,경기도,"9,108"
940,식료품가게,강원도,"2,826"
941,식료품가게,대전광역시,"1,329"
942,식료품가게,충청북도,"2,227"
943,식료품가게,충청남도,"3,324"
944,식료품가게,세종특별자치시,220
945,식료품가게,광주광역시,"1,395"
946,식료품가게,전라북도,"3,350"
947,식료품가게,전라남도,"3,589"
948,식료품가게,대구광역시,"1,659"
949,식료품가게,경상북도,"3,465"
950,식료품가게,부산광역시,"3,022"
951,식료품가게,울산광역시,754
952,식료품가게,경상남도,"3,850"
953,식료품가게,제주특별자치도,820
954,신경정신과 의원,합계,"1,827"
955,신경정신과 의원,서울특별시,536
956,신경정신과 의원,인천광역시,74
957,신경정신과 의원,경기도,381
958,신경정신과 의원,강원도,40
959,신경정신과 의원,대전광역시,75
960,신경정신과 의원,충청북도,48
961,신경정신과 의원,충청남도,52
962,신경정신과 의원,세종특별자치시,12
963,신경정신과 의원,광주광역시,52
964,신경정신과 의원,전라북도,71
965,신경정신과 의원,전라남도,43
966,신경정신과 의원,대구광역시,114
967,신경정신과 의원,경상북도,50
968,신경정신과 의원,부산광역시,156
969,신경정신과 의원,울산광역시,26
970,신경정신과 의원,경상남도,75
971,신경정신과 의원,제주특별자치도,22
972,신발가게,합계,"6,469"
973,신발가게,서울특별시,"1,275"
974,신발가게,인천광역시,333
975,신발가게,경기도,"1,264"
976,신발가게,강원도,241
977,신발가게,대전광역시,199
978,신발가게,충청북도,217
979,신발가게,충청남도,274
980,신발가게,세종특별자치시,26
981,신발가게,광주광역시,213
982,신발가게,전라북도,289
983,신발가게,전라남도,257
984,신발가게,대구광역시,334
985,신발가게,경상북도,360
986,신발가게,부산광역시,563
987,신발가게,울산광역시,109
988,신발가게,경상남도,410
989,신발가게,제주특별자치도,105
990,실내스크린골프점,합계,"5,213"
991,실내스크린골프점,서울특별시,707
992,실내스크린골프점,인천광역시,217
993,실내스크린골프점,경기도,"1,370"
994,실내스크린골프점,강원도,175
995,실내스크린골프점,대전광역시,148
996,실내스크린골프점,충청북도,188
997,실내스크린골프점,충청남도,224
998,실내스크린골프점,세종특별자치시,33
999,실내스크린골프점,광주광역시,117
1000,실내스크린골프점,전라북도,181
1001,실내스크린골프점,전라남도,171
1002,실내스크린골프점,대구광역시,319
1003,실내스크린골프점,경상북도,320
1004,실내스크린골프점,부산광역시,317
1005,실내스크린골프점,울산광역시,190
1006,실내스크린골프점,경상남도,432
1007,실내스크린골프점,제주특별자치도,104
1008,실내장식가게,합계,"60,911"
1009,실내장식가게,서울특별시,"14,290"
1010,실내장식가게,인천광역시,"3,607"
1011,실내장식가게,경기도,"18,140"
1012,실내장식가게,강원도,"1,260"
1013,실내장식가게,대전광역시,"2,020"
1014,실내장식가게,충청북도,"1,417"
1015,실내장식가게,충청남도,"1,658"
1016,실내장식가게,세종특별자치시,277
1017,실내장식가게,광주광역시,"2,142"
1018,실내장식가게,전라북도,286
1019,실내장식가게,전라남도,"1,315"
1020,실내장식가게,대구광역시,"2,816"
1021,실내장식가게,경상북도,"1,988"
1022,실내장식가게,부산광역시,"4,291"
1023,실내장식가게,울산광역시,"1,105"
1024,실내장식가게,경상남도,"2,961"
1025,실내장식가게,제주특별자치도,"1,338"
1026,실외골프연습장,합계,"2,182"
1027,실외골프연습장,서울특별시,355
1028,실외골프연습장,인천광역시,70
1029,실외골프연습장,경기도,487
1030,실외골프연습장,강원도,106
1031,실외골프연습장,대전광역시,69
1032,실외골프연습장,충청북도,97
1033,실외골프연습장,충청남도,92
1034,실외골프연습장,세종특별자치시,4
1035,실외골프연습장,광주광역시,43
1036,실외골프연습장,전라북도,89
1037,실외골프연습장,전라남도,91
1038,실외골프연습장,대구광역시,95
1039,실외골프연습장,경상북도,192
1040,실외골프연습장,부산광역시,131
1041,실외골프연습장,울산광역시,50
1042,실외골프연습장,경상남도,158
1043,실외골프연습장,제주특별자치도,53
1044,안경점,합계,"9,252"
1045,안경점,서울특별시,"2,026"
1046,안경점,인천광역시,423
1047,안경점,경기도,"2,024"
1048,안경점,강원도,253
1049,안경점,대전광역시,318
1050,안경점,충청북도,290
1051,안경점,충청남도,346
1052,안경점,세종특별자치시,48
1053,안경점,광주광역시,353
1054,안경점,전라북도,361
1055,안경점,전라남도,309
1056,안경점,대구광역시,478
1057,안경점,경상북도,436
1058,안경점,부산광역시,643
1059,안경점,울산광역시,220
1060,안경점,경상남도,593
1061,안경점,제주특별자치도,131
1062,안과 의원,합계,"1,672"
1063,안과 의원,서울특별시,457
1064,안과 의원,인천광역시,65
1065,안과 의원,경기도,360
1066,안과 의원,강원도,43
1067,안과 의원,대전광역시,49
1068,안과 의원,충청북도,38
1069,안과 의원,충청남도,52
1070,안과 의원,세종특별자치시,6
1071,안과 의원,광주광역시,41
1072,안과 의원,전라북도,63
1073,안과 의원,전라남도,49
1074,안과 의원,대구광역시,101
1075,안과 의원,경상북도,68
1076,안과 의원,부산광역시,133
1077,안과 의원,울산광역시,33
1078,안과 의원,경상남도,94
1079,안과 의원,제주특별자치도,20
1080,애완용품점,합계,"8,399"
1081,애완용품점,서울특별시,"1,338"
1082,애완용품점,인천광역시,524
1083,애완용품점,경기도,"2,615"
1084,애완용품점,강원도,240
1085,애완용품점,대전광역시,277
1086,애완용품점,충청북도,247
1087,애완용품점,충청남도,358
1088,애완용품점,세종특별자치시,30
1089,애완용품점,광주광역시,192
1090,애완용품점,전라북도,233
1091,애완용품점,전라남도,189
1092,애완용품점,대구광역시,369
1093,애완용품점,경상북도,423
1094,애완용품점,부산광역시,610
1095,애완용품점,울산광역시,135
1096,애완용품점,경상남도,508
1097,애완용품점,제주특별자치도,111
1098,약국,합계,"23,151"
1099,약국,서울특별시,"5,204"
1100,약국,인천광역시,"1,127"
1101,약국,경기도,"5,179"
1102,약국,강원도,685
1103,약국,대전광역시,746
1104,약국,충청북도,680
1105,약국,충청남도,968
1106,약국,세종특별자치시,133
1107,약국,광주광역시,682
1108,약국,전라북도,936
1109,약국,전라남도,799
1110,약국,대구광역시,"1,305"
1111,약국,경상북도,"1,118"
1112,약국,부산광역시,"1,566"
1113,약국,울산광역시,421
1114,약국,경상남도,"1,301"
1115,약국,제주특별자치도,301
1116,여관ㆍ모텔,합계,"20,340"
1117,여관ㆍ모텔,서울특별시,"1,806"
1118,여관ㆍ모텔,인천광역시,811
1119,여관ㆍ모텔,경기도,"3,155"
1120,여관ㆍ모텔,강원도,"1,534"
1121,여관ㆍ모텔,대전광역시,603
1122,여관ㆍ모텔,충청북도,846
1123,여관ㆍ모텔,충청남도,"1,480"
1124,여관ㆍ모텔,세종특별자치시,66
1125,여관ㆍ모텔,광주광역시,493
1126,여관ㆍ모텔,전라북도,"1,008"
1127,여관ㆍ모텔,전라남도,"1,297"
1128,여관ㆍ모텔,대구광역시,661
1129,여관ㆍ모텔,경상북도,"1,941"
1130,여관ㆍ모텔,부산광역시,"1,327"
1131,여관ㆍ모텔,울산광역시,614
1132,여관ㆍ모텔,경상남도,"2,296"
1133,여관ㆍ모텔,제주특별자치도,402
1134,여행사,합계,"13,703"
1135,여행사,서울특별시,"5,327"
1136,여행사,인천광역시,397
1137,여행사,경기도,"1,764"
1138,여행사,강원도,344
1139,여행사,대전광역시,312
1140,여행사,충청북도,271
1141,여행사,충청남도,317
1142,여행사,세종특별자치시,52
1143,여행사,광주광역시,400
1144,여행사,전라북도,409
1145,여행사,전라남도,442
1146,여행사,대구광역시,529
1147,여행사,경상북도,456
1148,여행사,부산광역시,"1,033"
1149,여행사,울산광역시,177
1150,여행사,경상남도,557
1151,여행사,제주특별자치도,916
1152,예술학원,합계,"30,924"
1153,예술학원,서울특별시,"5,447"
1154,예술학원,인천광역시,"1,498"
1155,예술학원,경기도,"8,512"
1156,예술학원,강원도,887
1157,예술학원,대전광역시,898
1158,예술학원,충청북도,879
1159,예술학원,충청남도,"1,104"
1160,예술학원,세종특별자치시,288
1161,예술학원,광주광역시,"1,098"
1162,예술학원,전라북도,"1,329"
1163,예술학원,전라남도,872
1164,예술학원,대구광역시,"1,413"
1165,예술학원,경상북도,"1,397"
1166,예술학원,부산광역시,"1,843"
1167,예술학원,울산광역시,802
1168,예술학원,경상남도,"2,204"
1169,예술학원,제주특별자치도,453
1170,예식장,합계,842
1171,예식장,서울특별시,164
1172,예식장,인천광역시,22
1173,예식장,경기도,126
1174,예식장,강원도,35
1175,예식장,대전광역시,21
1176,예식장,충청북도,36
1177,예식장,충청남도,66
1178,예식장,세종특별자치시,5
1179,예식장,광주광역시,24
1180,예식장,전라북도,41
1181,예식장,전라남도,42
1182,예식장,대구광역시,39
1183,예식장,경상북도,62
1184,예식장,부산광역시,61
1185,예식장,울산광역시,16
1186,예식장,경상남도,61
1187,예식장,제주특별자치도,21
1188,옷가게,합계,"85,330"
1189,옷가게,서울특별시,"15,578"
1190,옷가게,인천광역시,"4,015"
1191,옷가게,경기도,"17,676"
1192,옷가게,강원도,"3,153"
1193,옷가게,대전광역시,"2,792"
1194,옷가게,충청북도,"2,921"
1195,옷가게,충청남도,"3,291"
1196,옷가게,세종특별자치시,365
1197,옷가게,광주광역시,"3,137"
1198,옷가게,전라북도,"3,364"
1199,옷가게,전라남도,"3,051"
1200,옷가게,대구광역시,"5,248"
1201,옷가게,경상북도,"4,627"
1202,옷가게,부산광역시,"7,039"
1203,옷가게,울산광역시,"1,772"
1204,옷가게,경상남도,"5,606"
1205,옷가게,제주특별자치도,"1,695"
1206,의료용품가게,합계,"7,223"
1207,의료용품가게,서울특별시,"1,590"
1208,의료용품가게,인천광역시,307
1209,의료용품가게,경기도,"1,649"
1210,의료용품가게,강원도,186
1211,의료용품가게,대전광역시,257
1212,의료용품가게,충청북도,192
1213,의료용품가게,충청남도,293
1214,의료용품가게,세종특별자치시,31
1215,의료용품가게,광주광역시,317
1216,의료용품가게,전라북도,350
1217,의료용품가게,전라남도,224
1218,의료용품가게,대구광역시,346
1219,의료용품가게,경상북도,289
1220,의료용품가게,부산광역시,587
1221,의료용품가게,울산광역시,113
1222,의료용품가게,경상남도,410
1223,의료용품가게,제주특별자치도,82
1224,이륜자동차판매점,합계,"2,690"
1225,이륜자동차판매점,서울특별시,458
1226,이륜자동차판매점,인천광역시,93
1227,이륜자동차판매점,경기도,474
1228,이륜자동차판매점,강원도,93
1229,이륜자동차판매점,대전광역시,65
1230,이륜자동차판매점,충청북도,91
1231,이륜자동차판매점,충청남도,142
1232,이륜자동차판매점,세종특별자치시,8
1233,이륜자동차판매점,광주광역시,65
1234,이륜자동차판매점,전라북도,128
1235,이륜자동차판매점,전라남도,150
1236,이륜자동차판매점,대구광역시,156
1237,이륜자동차판매점,경상북도,209
1238,이륜자동차판매점,부산광역시,215
1239,이륜자동차판매점,울산광역시,72
1240,이륜자동차판매점,경상남도,230
1241,이륜자동차판매점,제주특별자치도,41
1242,이발소,합계,"12,098"
1243,이발소,서울특별시,"2,175"
1244,이발소,인천광역시,409
1245,이발소,경기도,"2,137"
1246,이발소,강원도,661
1247,이발소,대전광역시,411
1248,이발소,충청북도,423
1249,이발소,충청남도,643
1250,이발소,세종특별자치시,41
1251,이발소,광주광역시,255
1252,이발소,전라북도,483
1253,이발소,전라남도,607
1254,이발소,대구광역시,582
1255,이발소,경상북도,884
1256,이발소,부산광역시,"1,035"
1257,이발소,울산광역시,373
1258,이발소,경상남도,812
1259,이발소,제주특별자치도,167
1260,이비인후과 의원,합계,"2,624"
1261,이비인후과 의원,서울특별시,701
1262,이비인후과 의원,인천광역시,139
1263,이비인후과 의원,경기도,662
1264,이비인후과 의원,강원도,51
1265,이비인후과 의원,대전광역시,81
1266,이비인후과 의원,충청북도,60
1267,이비인후과 의원,충청남도,58
1268,이비인후과 의원,세종특별자치시,17
1269,이비인후과 의원,광주광역시,80
1270,이비인후과 의원,전라북도,73
1271,이비인후과 의원,전라남도,49
1272,이비인후과 의원,대구광역시,157
1273,이비인후과 의원,경상북도,88
1274,이비인후과 의원,부산광역시,203
1275,이비인후과 의원,울산광역시,47
1276,이비인후과 의원,경상남도,131
1277,이비인후과 의원,제주특별자치도,27
1278,일반외과 의원,합계,"4,964"
1279,일반외과 의원,서울특별시,"1,148"
1280,일반외과 의원,인천광역시,271
1281,일반외과 의원,경기도,"1,178"
1282,일반외과 의원,강원도,134
1283,일반외과 의원,대전광역시,146
1284,일반외과 의원,충청북도,175
1285,일반외과 의원,충청남도,196
1286,일반외과 의원,세종특별자치시,34
1287,일반외과 의원,광주광역시,98
1288,일반외과 의원,전라북도,180
1289,일반외과 의원,전라남도,137
1290,일반외과 의원,대구광역시,307
1291,일반외과 의원,경상북도,230
1292,일반외과 의원,부산광역시,337
1293,일반외과 의원,울산광역시,76
1294,일반외과 의원,경상남도,245
1295,일반외과 의원,제주특별자치도,72
1296,일식전문점,합계,"18,148"
1297,일식전문점,서울특별시,"5,534"
1298,일식전문점,인천광역시,968
1299,일식전문점,경기도,"3,826"
1300,일식전문점,강원도,943
1301,일식전문점,대전광역시,438
1302,일식전문점,충청북도,486
1303,일식전문점,충청남도,714
1304,일식전문점,세종특별자치시,97
1305,일식전문점,광주광역시,263
1306,일식전문점,전라북도,497
1307,일식전문점,전라남도,441
1308,일식전문점,대구광역시,830
1309,일식전문점,경상북도,534
1310,일식전문점,부산광역시,"1,051"
1311,일식전문점,울산광역시,279
1312,일식전문점,경상남도,732
1313,일식전문점,제주특별자치도,515
1314,자동차수리점,합계,"44,900"
1315,자동차수리점,서울특별시,"4,971"
1316,자동차수리점,인천광역시,"2,375"
1317,자동차수리점,경기도,"11,493"
1318,자동차수리점,강원도,"1,794"
1319,자동차수리점,대전광역시,"1,463"
1320,자동차수리점,충청북도,"1,846"
1321,자동차수리점,충청남도,"2,497"
1322,자동차수리점,세종특별자치시,205
1323,자동차수리점,광주광역시,"1,522"
1324,자동차수리점,전라북도,"1,988"
1325,자동차수리점,전라남도,"2,000"
1326,자동차수리점,대구광역시,"2,277"
1327,자동차수리점,경상북도,"3,084"
1328,자동차수리점,부산광역시,"2,416"
1329,자동차수리점,울산광역시,"1,108"
1330,자동차수리점,경상남도,"3,255"
1331,자동차수리점,제주특별자치도,606
1332,자전거판매점,합계,"2,524"
1333,자전거판매점,서울특별시,394
1334,자전거판매점,인천광역시,102
1335,자전거판매점,경기도,623
1336,자전거판매점,강원도,87
1337,자전거판매점,대전광역시,88
1338,자전거판매점,충청북도,82
1339,자전거판매점,충청남도,116
1340,자전거판매점,세종특별자치시,15
1341,자전거판매점,광주광역시,59
1342,자전거판매점,전라북도,136
1343,자전거판매점,전라남도,96
1344,자전거판매점,대구광역시,153
1345,자전거판매점,경상북도,172
1346,자전거판매점,부산광역시,112
1347,자전거판매점,울산광역시,57
1348,자전거판매점,경상남도,200
1349,자전거판매점,제주특별자치도,32
1350,장난감가게,합계,"3,028"
1351,장난감가게,서울특별시,508
1352,장난감가게,인천광역시,143
1353,장난감가게,경기도,878
1354,장난감가게,강원도,97
1355,장난감가게,대전광역시,90
1356,장난감가게,충청북도,84
1357,장난감가게,충청남도,141
1358,장난감가게,세종특별자치시,23
1359,장난감가게,광주광역시,74
1360,장난감가게,전라북도,109
1361,장난감가게,전라남도,111
1362,장난감가게,대구광역시,136
1363,장난감가게,경상북도,147
1364,장난감가게,부산광역시,187
1365,장난감가게,울산광역시,62
1366,장난감가게,경상남도,173
1367,장난감가게,제주특별자치도,65
1368,정육점,합계,"20,152"
1369,정육점,서울특별시,"2,785"
1370,정육점,인천광역시,"1,066"
1371,정육점,경기도,"4,354"
1372,정육점,강원도,876
1373,정육점,대전광역시,768
1374,정육점,충청북도,792
1375,정육점,충청남도,"1,021"
1376,정육점,세종특별자치시,122
1377,정육점,광주광역시,558
1378,정육점,전라북도,"1,084"
1379,정육점,전라남도,861
1380,정육점,대구광역시,"1,308"
1381,정육점,경상북도,"1,278"
1382,정육점,부산광역시,"1,130"
1383,정육점,울산광역시,615
1384,정육점,경상남도,"1,245"
1385,정육점,제주특별자치도,289
1386,제과점,합계,"17,850"
1387,제과점,서울특별시,"3,670"
1388,제과점,인천광역시,810
1389,제과점,경기도,"4,193"
1390,제과점,강원도,602
1391,제과점,대전광역시,538
1392,제과점,충청북도,555
1393,제과점,충청남도,718
1394,제과점,세종특별자치시,127
1395,제과점,광주광역시,503
1396,제과점,전라북도,630
1397,제과점,전라남도,584
1398,제과점,대구광역시,939
1399,제과점,경상북도,941
1400,제과점,부산광역시,"1,107"
1401,제과점,울산광역시,377
1402,제과점,경상남도,"1,137"
1403,제과점,제주특별자치도,419
1404,종합병원,합계,"3,441"
1405,종합병원,서울특별시,438
1406,종합병원,인천광역시,148
1407,종합병원,경기도,695
1408,종합병원,강원도,86
1409,종합병원,대전광역시,99
1410,종합병원,충청북도,102
1411,종합병원,충청남도,141
1412,종합병원,세종특별자치시,13
1413,종합병원,광주광역시,180
1414,종합병원,전라북도,169
1415,종합병원,전라남도,199
1416,종합병원,대구광역시,193
1417,종합병원,경상북도,229
1418,종합병원,부산광역시,333
1419,종합병원,울산광역시,98
1420,종합병원,경상남도,294
1421,종합병원,제주특별자치도,24
1422,주유소,합계,"10,944"
1423,주유소,서울특별시,436
1424,주유소,인천광역시,286
1425,주유소,경기도,"2,283"
1426,주유소,강원도,639
1427,주유소,대전광역시,242
1428,주유소,충청북도,712
1429,주유소,충청남도,"1,012"
1430,주유소,세종특별자치시,68
1431,주유소,광주광역시,279
1432,주유소,전라북도,829
1433,주유소,전라남도,811
1434,주유소,대구광역시,338
1435,주유소,경상북도,"1,216"
1436,주유소,부산광역시,355
1437,주유소,울산광역시,218
1438,주유소,경상남도,"1,037"
1439,주유소,제주특별자치도,183
1440,주차장운영업,합계,"8,184"
1441,주차장운영업,서울특별시,"1,782"
1442,주차장운영업,인천광역시,310
1443,주차장운영업,경기도,"1,392"
1444,주차장운영업,강원도,155
1445,주차장운영업,대전광역시,187
1446,주차장운영업,충청북도,166
1447,주차장운영업,충청남도,149
1448,주차장운영업,세종특별자치시,29
1449,주차장운영업,광주광역시,271
1450,주차장운영업,전라북도,144
1451,주차장운영업,전라남도,109
1452,주차장운영업,대구광역시,430
1453,주차장운영업,경상북도,266
1454,주차장운영업,부산광역시,"1,782"
1455,주차장운영업,울산광역시,244
1456,주차장운영업,경상남도,709
1457,주차장운영업,제주특별자치도,59
1458,중고차판매점,합계,"4,807"
1459,중고차판매점,서울특별시,481
1460,중고차판매점,인천광역시,245
1461,중고차판매점,경기도,"1,030"
1462,중고차판매점,강원도,156
1463,중고차판매점,대전광역시,219
1464,중고차판매점,충청북도,191
1465,중고차판매점,충청남도,217
1466,중고차판매점,세종특별자치시,3
1467,중고차판매점,광주광역시,230
1468,중고차판매점,전라북도,290
1469,중고차판매점,전라남도,220
1470,중고차판매점,대구광역시,485
1471,중고차판매점,경상북도,305
1472,중고차판매점,부산광역시,235
1473,중고차판매점,울산광역시,121
1474,중고차판매점,경상남도,324
1475,중고차판매점,제주특별자치도,55
1476,중식전문점,합계,"24,919"
1477,중식전문점,서울특별시,"4,824"
1478,중식전문점,인천광역시,"1,207"
1479,중식전문점,경기도,"5,392"
1480,중식전문점,강원도,"1,056"
1481,중식전문점,대전광역시,611
1482,중식전문점,충청북도,925
1483,중식전문점,충청남도,"1,232"
1484,중식전문점,세종특별자치시,154
1485,중식전문점,광주광역시,475
1486,중식전문점,전라북도,"1,043"
1487,중식전문점,전라남도,825
1488,중식전문점,대구광역시,"1,239"
1489,중식전문점,경상북도,"1,516"
1490,중식전문점,부산광역시,"1,805"
1491,중식전문점,울산광역시,504
1492,중식전문점,경상남도,"1,676"
1493,중식전문점,제주특별자치도,435
1494,채소가게,합계,"12,045"
1495,채소가게,서울특별시,"1,607"
1496,채소가게,인천광역시,574
1497,채소가게,경기도,"2,198"
1498,채소가게,강원도,813
1499,채소가게,대전광역시,312
1500,채소가게,충청북도,522
1501,채소가게,충청남도,718
1502,채소가게,세종특별자치시,60
1503,채소가게,광주광역시,262
1504,채소가게,전라북도,663
1505,채소가게,전라남도,780
1506,채소가게,대구광역시,456
1507,채소가게,경상북도,958
1508,채소가게,부산광역시,765
1509,채소가게,울산광역시,141
1510,채소가게,경상남도,909
1511,채소가게,제주특별자치도,307
1512,철물점,합계,"8,790"
1513,철물점,서울특별시,"1,359"
1514,철물점,인천광역시,494
1515,철물점,경기도,"1,835"
1516,철물점,강원도,473
1517,철물점,대전광역시,280
1518,철물점,충청북도,344
1519,철물점,충청남도,459
1520,철물점,세종특별자치시,38
1521,철물점,광주광역시,287
1522,철물점,전라북도,425
1523,철물점,전라남도,465
1524,철물점,대구광역시,336
1525,철물점,경상북도,485
1526,철물점,부산광역시,663
1527,철물점,울산광역시,174
1528,철물점,경상남도,563
1529,철물점,제주특별자치도,110
1530,치과병원ㆍ의원,합계,"18,493"
1531,치과병원ㆍ의원,서울특별시,"4,940"
1532,치과병원ㆍ의원,인천광역시,938
1533,치과병원ㆍ의원,경기도,"4,381"
1534,치과병원ㆍ의원,강원도,404
1535,치과병원ㆍ의원,대전광역시,540
1536,치과병원ㆍ의원,충청북도,441
1537,치과병원ㆍ의원,충청남도,573
1538,치과병원ㆍ의원,세종특별자치시,90
1539,치과병원ㆍ의원,광주광역시,645
1540,치과병원ㆍ의원,전라북도,588
1541,치과병원ㆍ의원,전라남도,499
1542,치과병원ㆍ의원,대구광역시,904
1543,치과병원ㆍ의원,경상북도,691
1544,치과병원ㆍ의원,부산광역시,"1,320"
1545,치과병원ㆍ의원,울산광역시,392
1546,치과병원ㆍ의원,경상남도,928
1547,치과병원ㆍ의원,제주특별자치도,219
1548,침구ㆍ커튼가게,합계,"9,879"
1549,침구ㆍ커튼가게,서울특별시,"1,241"
1550,침구ㆍ커튼가게,인천광역시,427
1551,침구ㆍ커튼가게,경기도,"1,931"
1552,침구ㆍ커튼가게,강원도,391
1553,침구ㆍ커튼가게,대전광역시,412
1554,침구ㆍ커튼가게,충청북도,392
1555,침구ㆍ커튼가게,충청남도,502
1556,침구ㆍ커튼가게,세종특별자치시,55
1557,침구ㆍ커튼가게,광주광역시,381
1558,침구ㆍ커튼가게,전라북도,488
1559,침구ㆍ커튼가게,전라남도,490
1560,침구ㆍ커튼가게,대구광역시,651
1561,침구ㆍ커튼가게,경상북도,666
1562,침구ㆍ커튼가게,부산광역시,708
1563,침구ㆍ커튼가게,울산광역시,227
1564,침구ㆍ커튼가게,경상남도,695
1565,침구ㆍ커튼가게,제주특별자치도,222
1566,커피음료점,합계,"69,490"
1567,커피음료점,서울특별시,"13,402"
1568,커피음료점,인천광역시,"3,497"
1569,커피음료점,경기도,"15,050"
1570,커피음료점,강원도,"2,498"
1571,커피음료점,대전광역시,"2,468"
1572,커피음료점,충청북도,"2,329"
1573,커피음료점,충청남도,"2,999"
1574,커피음료점,세종특별자치시,489
1575,커피음료점,광주광역시,"1,932"
1576,커피음료점,전라북도,"2,797"
1577,커피음료점,전라남도,"2,551"
1578,커피음료점,대구광역시,"3,168"
1579,커피음료점,경상북도,"4,676"
1580,커피음료점,부산광역시,"4,087"
1581,커피음료점,울산광역시,"1,603"
1582,커피음료점,경상남도,"4,532"
1583,커피음료점,제주특별자치도,"1,412"
1584,컴퓨터판매점,합계,"5,123"
1585,컴퓨터판매점,서울특별시,"1,051"
1586,컴퓨터판매점,인천광역시,209
1587,컴퓨터판매점,경기도,"1,186"
1588,컴퓨터판매점,강원도,185
1589,컴퓨터판매점,대전광역시,186
1590,컴퓨터판매점,충청북도,190
1591,컴퓨터판매점,충청남도,216
1592,컴퓨터판매점,세종특별자치시,37
1593,컴퓨터판매점,광주광역시,183
1594,컴퓨터판매점,전라북도,209
1595,컴퓨터판매점,전라남도,180
1596,컴퓨터판매점,대구광역시,232
1597,컴퓨터판매점,경상북도,313
1598,컴퓨터판매점,부산광역시,238
1599,컴퓨터판매점,울산광역시,86
1600,컴퓨터판매점,경상남도,327
1601,컴퓨터판매점,제주특별자치도,95
1602,통신판매업,합계,"333,239"
1603,통신판매업,서울특별시,"97,605"
1604,통신판매업,인천광역시,"21,798"
1605,통신판매업,경기도,"101,517"
1606,통신판매업,강원도,"4,598"
1607,통신판매업,대전광역시,"7,880"
1608,통신판매업,충청북도,"6,272"
1609,통신판매업,충청남도,"8,306"
1610,통신판매업,세종특별자치시,"1,694"
1611,통신판매업,광주광역시,"7,184"
1612,통신판매업,전라북도,"6,324"
1613,통신판매업,전라남도,"5,637"
1614,통신판매업,대구광역시,"15,014"
1615,통신판매업,경상북도,"10,107"
1616,통신판매업,부산광역시,"20,416"
1617,통신판매업,울산광역시,"4,044"
1618,통신판매업,경상남도,"12,294"
1619,통신판매업,제주특별자치도,"2,549"
1620,패스트푸드점,합계,"42,004"
1621,패스트푸드점,서울특별시,"6,936"
1622,패스트푸드점,인천광역시,"1,955"
1623,패스트푸드점,경기도,"9,316"
1624,패스트푸드점,강원도,"1,928"
1625,패스트푸드점,대전광역시,"1,139"
1626,패스트푸드점,충청북도,"1,686"
1627,패스트푸드점,충청남도,"2,165"
1628,패스트푸드점,세종특별자치시,337
1629,패스트푸드점,광주광역시,"1,211"
1630,패스트푸드점,전라북도,"1,729"
1631,패스트푸드점,전라남도,"1,636"
1632,패스트푸드점,대구광역시,"1,629"
1633,패스트푸드점,경상북도,"2,366"
1634,패스트푸드점,부산광역시,"2,754"
1635,패스트푸드점,울산광역시,"1,098"
1636,패스트푸드점,경상남도,"3,422"
1637,패스트푸드점,제주특별자치도,697
1638,펜션ㆍ게스트하우스,합계,"15,817"
1639,펜션ㆍ게스트하우스,서울특별시,754
1640,펜션ㆍ게스트하우스,인천광역시,703
1641,펜션ㆍ게스트하우스,경기도,"2,109"
1642,펜션ㆍ게스트하우스,강원도,"2,817"
1643,펜션ㆍ게스트하우스,대전광역시,26
1644,펜션ㆍ게스트하우스,충청북도,481
1645,펜션ㆍ게스트하우스,충청남도,"1,355"
1646,펜션ㆍ게스트하우스,세종특별자치시,8
1647,펜션ㆍ게스트하우스,광주광역시,27
1648,펜션ㆍ게스트하우스,전라북도,483
1649,펜션ㆍ게스트하우스,전라남도,895
1650,펜션ㆍ게스트하우스,대구광역시,43
1651,펜션ㆍ게스트하우스,경상북도,"1,393"
1652,펜션ㆍ게스트하우스,부산광역시,197
1653,펜션ㆍ게스트하우스,울산광역시,131
1654,펜션ㆍ게스트하우스,경상남도,"1,490"
1655,펜션ㆍ게스트하우스,제주특별자치도,"2,905"
1656,편의점,합계,"44,303"
1657,편의점,서울특별시,"8,127"
1658,편의점,인천광역시,"2,363"
1659,편의점,경기도,"11,270"
1660,편의점,강원도,"1,841"
1661,편의점,대전광역시,"1,221"
1662,편의점,충청북도,"1,584"
1663,편의점,충청남도,"2,337"
1664,편의점,세종특별자치시,286
1665,편의점,광주광역시,"1,084"
1666,편의점,전라북도,"1,335"
1667,편의점,전라남도,"1,259"
1668,편의점,대구광역시,"1,717"
1669,편의점,경상북도,"2,070"
1670,편의점,부산광역시,"2,649"
1671,편의점,울산광역시,959
1672,편의점,경상남도,"3,021"
1673,편의점,제주특별자치도,"1,180"
1674,피부관리업,합계,"41,257"
1675,피부관리업,서울특별시,"7,803"
1676,피부관리업,인천광역시,"2,315"
1677,피부관리업,경기도,"9,876"
1678,피부관리업,강원도,"1,194"
1679,피부관리업,대전광역시,"1,288"
1680,피부관리업,충청북도,"1,239"
1681,피부관리업,충청남도,"1,448"
1682,피부관리업,세종특별자치시,196
1683,피부관리업,광주광역시,"1,737"
1684,피부관리업,전라북도,"1,363"
1685,피부관리업,전라남도,"1,539"
1686,피부관리업,대구광역시,"1,767"
1687,피부관리업,경상북도,"1,796"
1688,피부관리업,부산광역시,"2,961"
1689,피부관리업,울산광역시,904
1690,피부관리업,경상남도,"3,065"
1691,피부관리업,제주특별자치도,766
1692,피부ㆍ비뇨기과 의원,합계,"4,039"
1693,피부ㆍ비뇨기과 의원,서울특별시,"1,391"
1694,피부ㆍ비뇨기과 의원,인천광역시,184
1695,피부ㆍ비뇨기과 의원,경기도,851
1696,피부ㆍ비뇨기과 의원,강원도,62
1697,피부ㆍ비뇨기과 의원,대전광역시,113
1698,피부ㆍ비뇨기과 의원,충청북도,79
1699,피부ㆍ비뇨기과 의원,충청남도,100
1700,피부ㆍ비뇨기과 의원,세종특별자치시,16
1701,피부ㆍ비뇨기과 의원,광주광역시,126
1702,피부ㆍ비뇨기과 의원,전라북도,95
1703,피부ㆍ비뇨기과 의원,전라남도,77
1704,피부ㆍ비뇨기과 의원,대구광역시,209
1705,피부ㆍ비뇨기과 의원,경상북도,102
1706,피부ㆍ비뇨기과 의원,부산광역시,336
1707,피부ㆍ비뇨기과 의원,울산광역시,78
1708,피부ㆍ비뇨기과 의원,경상남도,175
1709,피부ㆍ비뇨기과 의원,제주특별자치도,45
1710,한방병원ㆍ한의원,합계,"14,945"
1711,한방병원ㆍ한의원,서울특별시,"3,713"
1712,한방병원ㆍ한의원,인천광역시,698
1713,한방병원ㆍ한의원,경기도,"3,290"
1714,한방병원ㆍ한의원,강원도,373
1715,한방병원ㆍ한의원,대전광역시,518
1716,한방병원ㆍ한의원,충청북도,402
1717,한방병원ㆍ한의원,충청남도,520
1718,한방병원ㆍ한의원,세종특별자치시,81
1719,한방병원ㆍ한의원,광주광역시,407
1720,한방병원ㆍ한의원,전라북도,539
1721,한방병원ㆍ한의원,전라남도,399
1722,한방병원ㆍ한의원,대구광역시,892
1723,한방병원ㆍ한의원,경상북도,642
1724,한방병원ㆍ한의원,부산광역시,"1,163"
1725,한방병원ㆍ한의원,울산광역시,287
1726,한방병원ㆍ한의원,경상남도,825
1727,한방병원ㆍ한의원,제주특별자치도,196
1728,한식전문점,합계,"395,323"
1729,한식전문점,서울특별시,"54,650"
1730,한식전문점,인천광역시,"18,570"
1731,한식전문점,경기도,"82,447"
1732,한식전문점,강원도,"19,842"
1733,한식전문점,대전광역시,"11,764"
1734,한식전문점,충청북도,"15,671"
1735,한식전문점,충청남도,"19,900"
1736,한식전문점,세종특별자치시,"2,150"
1737,한식전문점,광주광역시,"10,237"
1738,한식전문점,전라북도,"14,572"
1739,한식전문점,전라남도,"17,963"
1740,한식전문점,대구광역시,"19,829"
1741,한식전문점,경상북도,"29,661"
1742,한식전문점,부산광역시,"25,060"
1743,한식전문점,울산광역시,"11,008"
1744,한식전문점,경상남도,"32,960"
1745,한식전문점,제주특별자치도,"9,039"
1746,헬스클럽,합계,"8,352"
1747,헬스클럽,서울특별시,"2,022"
1748,헬스클럽,인천광역시,453
1749,헬스클럽,경기도,"2,012"
1750,헬스클럽,강원도,240
1751,헬스클럽,대전광역시,269
1752,헬스클럽,충청북도,273
1753,헬스클럽,충청남도,291
1754,헬스클럽,세종특별자치시,43
1755,헬스클럽,광주광역시,237
1756,헬스클럽,전라북도,241
1757,헬스클럽,전라남도,186
1758,헬스클럽,대구광역시,400
1759,헬스클럽,경상북도,376
1760,헬스클럽,부산광역시,595
1761,헬스클럽,울산광역시,141
1762,헬스클럽,경상남도,448
1763,헬스클럽,제주특별자치도,125
1764,호프전문점,합계,"30,553"
1765,호프전문점,서울특별시,"6,256"
1766,호프전문점,인천광역시,"1,640"
1767,호프전문점,경기도,"6,427"
1768,호프전문점,강원도,"1,289"
1769,호프전문점,대전광역시,829
1770,호프전문점,충청북도,"1,617"
1771,호프전문점,충청남도,"1,462"
1772,호프전문점,세종특별자치시,122
1773,호프전문점,광주광역시,"2,079"
1774,호프전문점,전라북도,"1,238"
1775,호프전문점,전라남도,"2,168"
1776,호프전문점,대구광역시,530
1777,호프전문점,경상북도,969
1778,호프전문점,부산광역시,"1,647"
1779,호프전문점,울산광역시,342
1780,호프전문점,경상남도,"1,298"
1781,호프전문점,제주특별자치도,640
1782,화장품가게,합계,"35,106"
1783,화장품가게,서울특별시,"6,598"
1784,화장품가게,인천광역시,"1,429"
1785,화장품가게,경기도,"8,052"
1786,화장품가게,강원도,"1,108"
1787,화장품가게,대전광역시,"1,242"
1788,화장품가게,충청북도,"1,000"
1789,화장품가게,충청남도,"1,337"
1790,화장품가게,세종특별자치시,160
1791,화장품가게,광주광역시,"1,192"
1792,화장품가게,전라북도,"1,481"
1793,화장품가게,전라남도,"1,057"
1794,화장품가게,대구광역시,"2,130"
1795,화장품가게,경상북도,"1,887"
1796,화장품가게,부산광역시,"2,435"
1797,화장품가게,울산광역시,962
1798,화장품가게,경상남도,"2,366"
1799,화장품가게,제주특별자치도,670
1800,휴대폰가게,합계,"18,654"
1801,휴대폰가게,서울특별시,"3,112"
1802,휴대폰가게,인천광역시,"1,043"
1803,휴대폰가게,경기도,"4,292"
1804,휴대폰가게,강원도,626
1805,휴대폰가게,대전광역시,667
1806,휴대폰가게,충청북도,557
1807,휴대폰가게,충청남도,883
1808,휴대폰가게,세종특별자치시,76
1809,휴대폰가게,광주광역시,577
1810,휴대폰가게,전라북도,735
1811,휴대폰가게,전라남도,585
1812,휴대폰가게,대구광역시,"1,020"
1813,휴대폰가게,경상북도,"1,049"
1814,휴대폰가게,부산광역시,"1,365"
1815,휴대폰가게,울산광역시,497
1816,휴대폰가게,경상남도,"1,328"
1817,휴대폰가게,제주특별자치도,242
