,corp,city,2
0,업종전체,합계,"2,485,979"
1,업종전체,서울특별시,"496,455"
2,업종전체,인천광역시,"127,035"
3,업종전체,경기도,"584,928"
4,업종전체,강원도,"87,834"
5,업종전체,대전광역시,"72,376"
6,업종전체,충청북도,"79,018"
7,업종전체,충청남도,"104,077"
8,업종전체,세종특별자치시,"13,667"
9,업종전체,광주광역시,"72,610"
10,업종전체,전라북도,"86,864"
11,업종전체,전라남도,"87,635"
12,업종전체,대구광역시,"118,589"
13,업종전체,경상북도,"132,196"
14,업종전체,부산광역시,"162,888"
15,업종전체,울산광역시,"52,854"
16,업종전체,경상남도,"160,861"
17,업종전체,제주특별자치도,"46,092"
18,LPG 충전소,합계,"1,610"
19,LPG 충전소,서울특별시,76
20,LPG 충전소,인천광역시,69
21,LPG 충전소,경기도,376
22,LPG 충전소,강원도,94
23,LPG 충전소,대전광역시,43
24,LPG 충전소,충청북도,74
25,LPG 충전소,충청남도,127
26,LPG 충전소,세종특별자치시,4
27,LPG 충전소,광주광역시,38
28,LPG 충전소,전라북도,106
29,LPG 충전소,전라남도,120
30,LPG 충전소,대구광역시,44
31,LPG 충전소,경상북도,164
32,LPG 충전소,부산광역시,58
33,LPG 충전소,울산광역시,29
34,LPG 충전소,경상남도,153
35,LPG 충전소,제주특별자치도,35
36,PC방,합계,"10,223"
37,PC방,서울특별시,"1,666"
38,PC방,인천광역시,548
39,PC방,경기도,"2,503"
40,PC방,강원도,427
41,PC방,대전광역시,300
42,PC방,충청북도,344
43,PC방,충청남도,435
44,PC방,세종특별자치시,44
45,PC방,광주광역시,416
46,PC방,전라북도,402
47,PC방,전라남도,365
48,PC방,대구광역시,554
49,PC방,경상북도,561
50,PC방,부산광역시,615
51,PC방,울산광역시,249
52,PC방,경상남도,623
53,PC방,제주특별자치도,171
54,가구점,합계,"7,561"
55,가구점,서울특별시,"1,032"
56,가구점,인천광역시,302
57,가구점,경기도,"2,012"
58,가구점,강원도,302
59,가구점,대전광역시,214
60,가구점,충청북도,270
61,가구점,충청남도,287
62,가구점,세종특별자치시,26
63,가구점,광주광역시,218
64,가구점,전라북도,399
65,가구점,전라남도,277
66,가구점,대구광역시,371
67,가구점,경상북도,474
68,가구점,부산광역시,487
69,가구점,울산광역시,166
70,가구점,경상남도,540
71,가구점,제주특별자치도,184
72,가전제품수리점,합계,"16,832"
73,가전제품수리점,서울특별시,"2,804"
74,가전제품수리점,인천광역시,"1,186"
75,가전제품수리점,경기도,"4,959"
76,가전제품수리점,강원도,578
77,가전제품수리점,대전광역시,561
78,가전제품수리점,충청북도,488
79,가전제품수리점,충청남도,684
80,가전제품수리점,세종특별자치시,82
81,가전제품수리점,광주광역시,485
82,가전제품수리점,전라북도,574
83,가전제품수리점,전라남도,520
84,가전제품수리점,대구광역시,812
85,가전제품수리점,경상북도,591
86,가전제품수리점,부산광역시,"1,013"
87,가전제품수리점,울산광역시,316
88,가전제품수리점,경상남도,977
89,가전제품수리점,제주특별자치도,202
90,가전제품판매점,합계,"10,174"
91,가전제품판매점,서울특별시,"1,546"
92,가전제품판매점,인천광역시,395
93,가전제품판매점,경기도,"2,001"
94,가전제품판매점,강원도,466
95,가전제품판매점,대전광역시,301
96,가전제품판매점,충청북도,423
97,가전제품판매점,충청남도,532
98,가전제품판매점,세종특별자치시,44
99,가전제품판매점,광주광역시,342
100,가전제품판매점,전라북도,540
101,가전제품판매점,전라남도,577
102,가전제품판매점,대구광역시,499
103,가전제품판매점,경상북도,698
104,가전제품판매점,부산광역시,609
105,가전제품판매점,울산광역시,202
106,가전제품판매점,경상남도,752
107,가전제품판매점,제주특별자치도,247
108,간이주점,합계,"13,271"
109,간이주점,서울특별시,"4,219"
110,간이주점,인천광역시,"1,335"
111,간이주점,경기도,"2,697"
112,간이주점,강원도,396
113,간이주점,대전광역시,78
114,간이주점,충청북도,429
115,간이주점,충청남도,600
116,간이주점,세종특별자치시,15
117,간이주점,광주광역시,182
118,간이주점,전라북도,287
119,간이주점,전라남도,258
120,간이주점,대구광역시,241
121,간이주점,경상북도,363
122,간이주점,부산광역시,853
123,간이주점,울산광역시,106
124,간이주점,경상남도,"1,046"
125,간이주점,제주특별자치도,166
126,간판광고물업,합계,"13,041"
127,간판광고물업,서울특별시,"2,610"
128,간판광고물업,인천광역시,559
129,간판광고물업,경기도,"3,216"
130,간판광고물업,강원도,520
131,간판광고물업,대전광역시,389
132,간판광고물업,충청북도,385
133,간판광고물업,충청남도,481
134,간판광고물업,세종특별자치시,30
135,간판광고물업,광주광역시,433
136,간판광고물업,전라북도,511
137,간판광고물업,전라남도,483
138,간판광고물업,대구광역시,762
139,간판광고물업,경상북도,675
140,간판광고물업,부산광역시,831
141,간판광고물업,울산광역시,263
142,간판광고물업,경상남도,699
143,간판광고물업,제주특별자치도,194
144,감정평가사,합계,"1,194"
145,감정평가사,서울특별시,261
146,감정평가사,인천광역시,77
147,감정평가사,경기도,382
148,감정평가사,강원도,35
149,감정평가사,대전광역시,29
150,감정평가사,충청북도,30
151,감정평가사,충청남도,38
152,감정평가사,세종특별자치시,12
153,감정평가사,광주광역시,37
154,감정평가사,전라북도,38
155,감정평가사,전라남도,21
156,감정평가사,대구광역시,60
157,감정평가사,경상북도,19
158,감정평가사,부산광역시,56
159,감정평가사,울산광역시,21
160,감정평가사,경상남도,63
161,감정평가사,제주특별자치도,15
162,건강보조식품가게,합계,"13,898"
163,건강보조식품가게,서울특별시,"2,267"
164,건강보조식품가게,인천광역시,663
165,건강보조식품가게,경기도,"2,805"
166,건강보조식품가게,강원도,516
167,건강보조식품가게,대전광역시,465
168,건강보조식품가게,충청북도,428
169,건강보조식품가게,충청남도,"1,278"
170,건강보조식품가게,세종특별자치시,57
171,건강보조식품가게,광주광역시,407
172,건강보조식품가게,전라북도,738
173,건강보조식품가게,전라남도,485
174,건강보조식품가게,대구광역시,604
175,건강보조식품가게,경상북도,937
176,건강보조식품가게,부산광역시,833
177,건강보조식품가게,울산광역시,222
178,건강보조식품가게,경상남도,"1,012"
179,건강보조식품가게,제주특별자치도,181
180,건어물가게,합계,"7,298"
181,건어물가게,서울특별시,766
182,건어물가게,인천광역시,377
183,건어물가게,경기도,866
184,건어물가게,강원도,664
185,건어물가게,대전광역시,126
186,건어물가게,충청북도,112
187,건어물가게,충청남도,636
188,건어물가게,세종특별자치시,12
189,건어물가게,광주광역시,179
190,건어물가게,전라북도,355
191,건어물가게,전라남도,934
192,건어물가게,대구광역시,158
193,건어물가게,경상북도,638
194,건어물가게,부산광역시,518
195,건어물가게,울산광역시,136
196,건어물가게,경상남도,712
197,건어물가게,제주특별자치도,109
198,건축사,합계,"10,238"
199,건축사,서울특별시,"2,664"
200,건축사,인천광역시,348
201,건축사,경기도,"2,164"
202,건축사,강원도,338
203,건축사,대전광역시,221
204,건축사,충청북도,301
205,건축사,충청남도,357
206,건축사,세종특별자치시,58
207,건축사,광주광역시,243
208,건축사,전라북도,367
209,건축사,전라남도,279
210,건축사,대구광역시,684
211,건축사,경상북도,485
212,건축사,부산광역시,685
213,건축사,울산광역시,217
214,건축사,경상남도,523
215,건축사,제주특별자치도,304
216,결혼상담소,합계,"1,640"
217,결혼상담소,서울특별시,439
218,결혼상담소,인천광역시,63
219,결혼상담소,경기도,249
220,결혼상담소,강원도,33
221,결혼상담소,대전광역시,69
222,결혼상담소,충청북도,52
223,결혼상담소,충청남도,74
224,결혼상담소,세종특별자치시,7
225,결혼상담소,광주광역시,82
226,결혼상담소,전라북도,80
227,결혼상담소,전라남도,51
228,결혼상담소,대구광역시,108
229,결혼상담소,경상북도,61
230,결혼상담소,부산광역시,115
231,결혼상담소,울산광역시,30
232,결혼상담소,경상남도,99
233,결혼상담소,제주특별자치도,28
234,곡물가게,합계,"5,049"
235,곡물가게,서울특별시,645
236,곡물가게,인천광역시,202
237,곡물가게,경기도,892
238,곡물가게,강원도,329
239,곡물가게,대전광역시,154
240,곡물가게,충청북도,245
241,곡물가게,충청남도,386
242,곡물가게,세종특별자치시,32
243,곡물가게,광주광역시,112
244,곡물가게,전라북도,377
245,곡물가게,전라남도,400
246,곡물가게,대구광역시,182
247,곡물가게,경상북도,368
248,곡물가게,부산광역시,340
249,곡물가게,울산광역시,43
250,곡물가게,경상남도,275
251,곡물가게,제주특별자치도,67
252,공인노무사,합계,955
253,공인노무사,서울특별시,411
254,공인노무사,인천광역시,41
255,공인노무사,경기도,167
256,공인노무사,강원도,16
257,공인노무사,대전광역시,21
258,공인노무사,충청북도,17
259,공인노무사,충청남도,27
260,공인노무사,세종특별자치시,5
261,공인노무사,광주광역시,28
262,공인노무사,전라북도,26
263,공인노무사,전라남도,10
264,공인노무사,대구광역시,33
265,공인노무사,경상북도,16
266,공인노무사,부산광역시,61
267,공인노무사,울산광역시,24
268,공인노무사,경상남도,43
269,공인노무사,제주특별자치도,9
270,공인회계사,합계,"1,838"
271,공인회계사,서울특별시,849
272,공인회계사,인천광역시,68
273,공인회계사,경기도,311
274,공인회계사,강원도,13
275,공인회계사,대전광역시,37
276,공인회계사,충청북도,32
277,공인회계사,충청남도,42
278,공인회계사,세종특별자치시,11
279,공인회계사,광주광역시,34
280,공인회계사,전라북도,36
281,공인회계사,전라남도,25
282,공인회계사,대구광역시,89
283,공인회계사,경상북도,28
284,공인회계사,부산광역시,131
285,공인회계사,울산광역시,28
286,공인회계사,경상남도,75
287,공인회계사,제주특별자치도,29
288,과일가게,합계,"12,146"
289,과일가게,서울특별시,"1,301"
290,과일가게,인천광역시,434
291,과일가게,경기도,"1,955"
292,과일가게,강원도,306
293,과일가게,대전광역시,317
294,과일가게,충청북도,646
295,과일가게,충청남도,684
296,과일가게,세종특별자치시,104
297,과일가게,광주광역시,313
298,과일가게,전라북도,606
299,과일가게,전라남도,667
300,과일가게,대구광역시,391
301,과일가게,경상북도,"1,357"
302,과일가게,부산광역시,647
303,과일가게,울산광역시,148
304,과일가게,경상남도,"1,227"
305,과일가게,제주특별자치도,"1,043"
306,교습소･공부방,합계,"37,868"
307,교습소･공부방,서울특별시,"7,690"
308,교습소･공부방,인천광역시,"1,749"
309,교습소･공부방,경기도,"9,434"
310,교습소･공부방,강원도,"1,037"
311,교습소･공부방,대전광역시,"1,448"
312,교습소･공부방,충청북도,"1,008"
313,교습소･공부방,충청남도,"1,281"
314,교습소･공부방,세종특별자치시,306
315,교습소･공부방,광주광역시,827
316,교습소･공부방,전라북도,831
317,교습소･공부방,전라남도,806
318,교습소･공부방,대구광역시,"2,842"
319,교습소･공부방,경상북도,"2,013"
320,교습소･공부방,부산광역시,"2,702"
321,교습소･공부방,울산광역시,905
322,교습소･공부방,경상남도,"2,355"
323,교습소･공부방,제주특별자치도,634
324,교습학원,합계,"56,343"
325,교습학원,서울특별시,"10,405"
326,교습학원,인천광역시,"2,509"
327,교습학원,경기도,"14,979"
328,교습학원,강원도,"1,455"
329,교습학원,대전광역시,"1,262"
330,교습학원,충청북도,"1,465"
331,교습학원,충청남도,"1,860"
332,교습학원,세종특별자치시,468
333,교습학원,광주광역시,"2,418"
334,교습학원,전라북도,"2,421"
335,교습학원,전라남도,"1,811"
336,교습학원,대구광역시,"2,682"
337,교습학원,경상북도,"2,606"
338,교습학원,부산광역시,"3,565"
339,교습학원,울산광역시,"1,654"
340,교습학원,경상남도,"4,066"
341,교습학원,제주특별자치도,717
342,구내식당,합계,"20,977"
343,구내식당,서울특별시,"3,750"
344,구내식당,인천광역시,"1,353"
345,구내식당,경기도,"5,122"
346,구내식당,강원도,587
347,구내식당,대전광역시,679
348,구내식당,충청북도,747
349,구내식당,충청남도,"1,004"
350,구내식당,세종특별자치시,77
351,구내식당,광주광역시,397
352,구내식당,전라북도,766
353,구내식당,전라남도,627
354,구내식당,대구광역시,857
355,구내식당,경상북도,"1,263"
356,구내식당,부산광역시,"1,390"
357,구내식당,울산광역시,414
358,구내식당,경상남도,"1,787"
359,구내식당,제주특별자치도,157
360,기술및직업훈련학원,합계,"14,869"
361,기술및직업훈련학원,서울특별시,"3,284"
362,기술및직업훈련학원,인천광역시,620
363,기술및직업훈련학원,경기도,"3,421"
364,기술및직업훈련학원,강원도,446
365,기술및직업훈련학원,대전광역시,504
366,기술및직업훈련학원,충청북도,398
367,기술및직업훈련학원,충청남도,569
368,기술및직업훈련학원,세종특별자치시,123
369,기술및직업훈련학원,광주광역시,536
370,기술및직업훈련학원,전라북도,547
371,기술및직업훈련학원,전라남도,456
372,기술및직업훈련학원,대구광역시,818
373,기술및직업훈련학원,경상북도,615
374,기술및직업훈련학원,부산광역시,"1,008"
375,기술및직업훈련학원,울산광역시,341
376,기술및직업훈련학원,경상남도,874
377,기술및직업훈련학원,제주특별자치도,309
378,기술사,합계,"1,118"
379,기술사,서울특별시,308
380,기술사,인천광역시,28
381,기술사,경기도,261
382,기술사,강원도,38
383,기술사,대전광역시,27
384,기술사,충청북도,33
385,기술사,충청남도,34
386,기술사,세종특별자치시,4
387,기술사,광주광역시,38
388,기술사,전라북도,38
389,기술사,전라남도,42
390,기술사,대구광역시,34
391,기술사,경상북도,43
392,기술사,부산광역시,67
393,기술사,울산광역시,19
394,기술사,경상남도,84
395,기술사,제주특별자치도,20
396,기타 일반의원,합계,"3,321"
397,기타 일반의원,서울특별시,913
398,기타 일반의원,인천광역시,148
399,기타 일반의원,경기도,661
400,기타 일반의원,강원도,65
401,기타 일반의원,대전광역시,147
402,기타 일반의원,충청북도,96
403,기타 일반의원,충청남도,99
404,기타 일반의원,세종특별자치시,19
405,기타 일반의원,광주광역시,128
406,기타 일반의원,전라북도,179
407,기타 일반의원,전라남도,109
408,기타 일반의원,대구광역시,161
409,기타 일반의원,경상북도,109
410,기타 일반의원,부산광역시,233
411,기타 일반의원,울산광역시,49
412,기타 일반의원,경상남도,148
413,기타 일반의원,제주특별자치도,57
414,기타외국식전문점,합계,"24,315"
415,기타외국식전문점,서울특별시,"7,419"
416,기타외국식전문점,인천광역시,815
417,기타외국식전문점,경기도,"5,152"
418,기타외국식전문점,강원도,792
419,기타외국식전문점,대전광역시,606
420,기타외국식전문점,충청북도,546
421,기타외국식전문점,충청남도,706
422,기타외국식전문점,세종특별자치시,163
423,기타외국식전문점,광주광역시,388
424,기타외국식전문점,전라북도,756
425,기타외국식전문점,전라남도,434
426,기타외국식전문점,대구광역시,"1,211"
427,기타외국식전문점,경상북도,723
428,기타외국식전문점,부산광역시,"1,867"
429,기타외국식전문점,울산광역시,661
430,기타외국식전문점,경상남도,"1,234"
431,기타외국식전문점,제주특별자치도,842
432,기타음식점,합계,"22,843"
433,기타음식점,서울특별시,"4,400"
434,기타음식점,인천광역시,945
435,기타음식점,경기도,"5,296"
436,기타음식점,강원도,988
437,기타음식점,대전광역시,539
438,기타음식점,충청북도,731
439,기타음식점,충청남도,953
440,기타음식점,세종특별자치시,111
441,기타음식점,광주광역시,909
442,기타음식점,전라북도,700
443,기타음식점,전라남도,779
444,기타음식점,대구광역시,"1,183"
445,기타음식점,경상북도,"1,153"
446,기타음식점,부산광역시,"1,549"
447,기타음식점,울산광역시,538
448,기타음식점,경상남도,"1,685"
449,기타음식점,제주특별자치도,384
450,꽃가게,합계,"24,191"
451,꽃가게,서울특별시,"4,420"
452,꽃가게,인천광역시,961
453,꽃가게,경기도,"5,579"
454,꽃가게,강원도,761
455,꽃가게,대전광역시,710
456,꽃가게,충청북도,904
457,꽃가게,충청남도,"1,114"
458,꽃가게,세종특별자치시,109
459,꽃가게,광주광역시,769
460,꽃가게,전라북도,"1,092"
461,꽃가게,전라남도,"1,177"
462,꽃가게,대구광역시,"1,148"
463,꽃가게,경상북도,"1,428"
464,꽃가게,부산광역시,"1,317"
465,꽃가게,울산광역시,526
466,꽃가게,경상남도,"1,800"
467,꽃가게,제주특별자치도,376
468,내과ㆍ소아과 의원,합계,"11,437"
469,내과ㆍ소아과 의원,서울특별시,"2,485"
470,내과ㆍ소아과 의원,인천광역시,594
471,내과ㆍ소아과 의원,경기도,"2,640"
472,내과ㆍ소아과 의원,강원도,324
473,내과ㆍ소아과 의원,대전광역시,380
474,내과ㆍ소아과 의원,충청북도,318
475,내과ㆍ소아과 의원,충청남도,449
476,내과ㆍ소아과 의원,세종특별자치시,65
477,내과ㆍ소아과 의원,광주광역시,333
478,내과ㆍ소아과 의원,전라북도,420
479,내과ㆍ소아과 의원,전라남도,435
480,내과ㆍ소아과 의원,대구광역시,577
481,내과ㆍ소아과 의원,경상북도,538
482,내과ㆍ소아과 의원,부산광역시,817
483,내과ㆍ소아과 의원,울산광역시,224
484,내과ㆍ소아과 의원,경상남도,681
485,내과ㆍ소아과 의원,제주특별자치도,157
486,노래방,합계,"29,503"
487,노래방,서울특별시,"5,629"
488,노래방,인천광역시,"2,255"
489,노래방,경기도,"7,078"
490,노래방,강원도,829
491,노래방,대전광역시,"1,282"
492,노래방,충청북도,"1,118"
493,노래방,충청남도,"1,199"
494,노래방,세종특별자치시,145
495,노래방,광주광역시,"1,031"
496,노래방,전라북도,831
497,노래방,전라남도,717
498,노래방,대구광역시,"1,641"
499,노래방,경상북도,"1,511"
500,노래방,부산광역시,"1,662"
501,노래방,울산광역시,722
502,노래방,경상남도,"1,548"
503,노래방,제주특별자치도,305
504,담배가게,합계,"12,335"
505,담배가게,서울특별시,"2,160"
506,담배가게,인천광역시,368
507,담배가게,경기도,"1,658"
508,담배가게,강원도,566
509,담배가게,대전광역시,277
510,담배가게,충청북도,518
511,담배가게,충청남도,588
512,담배가게,세종특별자치시,43
513,담배가게,광주광역시,287
514,담배가게,전라북도,617
515,담배가게,전라남도,936
516,담배가게,대구광역시,486
517,담배가게,경상북도,"1,284"
518,담배가게,부산광역시,"1,105"
519,담배가게,울산광역시,230
520,담배가게,경상남도,"1,043"
521,담배가게,제주특별자치도,169
522,당구장,합계,"17,920"
523,당구장,서울특별시,"3,142"
524,당구장,인천광역시,"1,127"
525,당구장,경기도,"4,574"
526,당구장,강원도,783
527,당구장,대전광역시,503
528,당구장,충청북도,691
529,당구장,충청남도,771
530,당구장,세종특별자치시,94
531,당구장,광주광역시,496
532,당구장,전라북도,605
533,당구장,전라남도,705
534,당구장,대구광역시,675
535,당구장,경상북도,913
536,당구장,부산광역시,938
537,당구장,울산광역시,489
538,당구장,경상남도,"1,084"
539,당구장,제주특별자치도,330
540,독서실,합계,"9,650"
541,독서실,서울특별시,"3,293"
542,독서실,인천광역시,452
543,독서실,경기도,"2,332"
544,독서실,강원도,161
545,독서실,대전광역시,258
546,독서실,충청북도,195
547,독서실,충청남도,243
548,독서실,세종특별자치시,42
549,독서실,광주광역시,384
550,독서실,전라북도,279
551,독서실,전라남도,181
552,독서실,대구광역시,418
553,독서실,경상북도,250
554,독서실,부산광역시,449
555,독서실,울산광역시,240
556,독서실,경상남도,394
557,독서실,제주특별자치도,79
558,동물병원,합계,"4,199"
559,동물병원,서울특별시,835
560,동물병원,인천광역시,190
561,동물병원,경기도,"1,086"
562,동물병원,강원도,105
563,동물병원,대전광역시,102
564,동물병원,충청북도,111
565,동물병원,충청남도,191
566,동물병원,세종특별자치시,27
567,동물병원,광주광역시,108
568,동물병원,전라북도,162
569,동물병원,전라남도,167
570,동물병원,대구광역시,169
571,동물병원,경상북도,274
572,동물병원,부산광역시,241
573,동물병원,울산광역시,73
574,동물병원,경상남도,278
575,동물병원,제주특별자치도,80
576,목욕탕,합계,"5,379"
577,목욕탕,서울특별시,686
578,목욕탕,인천광역시,205
579,목욕탕,경기도,738
580,목욕탕,강원도,180
581,목욕탕,대전광역시,97
582,목욕탕,충청북도,147
583,목욕탕,충청남도,195
584,목욕탕,세종특별자치시,14
585,목욕탕,광주광역시,174
586,목욕탕,전라북도,206
587,목욕탕,전라남도,291
588,목욕탕,대구광역시,255
589,목욕탕,경상북도,412
590,목욕탕,부산광역시,721
591,목욕탕,울산광역시,185
592,목욕탕,경상남도,761
593,목욕탕,제주특별자치도,112
594,문구점,합계,"9,120"
595,문구점,서울특별시,"1,542"
596,문구점,인천광역시,483
597,문구점,경기도,"2,115"
598,문구점,강원도,364
599,문구점,대전광역시,312
600,문구점,충청북도,335
601,문구점,충청남도,428
602,문구점,세종특별자치시,78
603,문구점,광주광역시,288
604,문구점,전라북도,413
605,문구점,전라남도,405
606,문구점,대구광역시,353
607,문구점,경상북도,524
608,문구점,부산광역시,530
609,문구점,울산광역시,193
610,문구점,경상남도,599
611,문구점,제주특별자치도,158
612,미용실,합계,"103,697"
613,미용실,서울특별시,"18,230"
614,미용실,인천광역시,"5,520"
615,미용실,경기도,"23,451"
616,미용실,강원도,"3,617"
617,미용실,대전광역시,"3,355"
618,미용실,충청북도,"3,519"
619,미용실,충청남도,"4,336"
620,미용실,세종특별자치시,432
621,미용실,광주광역시,"3,301"
622,미용실,전라북도,"3,968"
623,미용실,전라남도,"3,609"
624,미용실,대구광역시,"5,586"
625,미용실,경상북도,"5,995"
626,미용실,부산광역시,"7,554"
627,미용실,울산광역시,"2,662"
628,미용실,경상남도,"7,174"
629,미용실,제주특별자치도,"1,388"
630,법무사,합계,"6,619"
631,법무사,서울특별시,"1,987"
632,법무사,인천광역시,293
633,법무사,경기도,"1,246"
634,법무사,강원도,195
635,법무사,대전광역시,171
636,법무사,충청북도,170
637,법무사,충청남도,220
638,법무사,세종특별자치시,24
639,법무사,광주광역시,219
640,법무사,전라북도,247
641,법무사,전라남도,221
642,법무사,대구광역시,310
643,법무사,경상북도,264
644,법무사,부산광역시,466
645,법무사,울산광역시,113
646,법무사,경상남도,390
647,법무사,제주특별자치도,83
648,변리사,합계,"1,046"
649,변리사,서울특별시,743
650,변리사,인천광역시,15
651,변리사,경기도,94
652,변리사,강원도,*
653,변리사,대전광역시,88
654,변리사,충청북도,4
655,변리사,충청남도,6
656,변리사,세종특별자치시,*
657,변리사,광주광역시,11
658,변리사,전라북도,6
659,변리사,전라남도,3
660,변리사,대구광역시,21
661,변리사,경상북도,5
662,변리사,부산광역시,28
663,변리사,울산광역시,6
664,변리사,경상남도,12
665,변리사,제주특별자치도,*
666,변호사,합계,"7,622"
667,변호사,서울특별시,"3,974"
668,변호사,인천광역시,258
669,변호사,경기도,985
670,변호사,강원도,120
671,변호사,대전광역시,227
672,변호사,충청북도,106
673,변호사,충청남도,146
674,변호사,세종특별자치시,20
675,변호사,광주광역시,219
676,변호사,전라북도,194
677,변호사,전라남도,94
678,변호사,대구광역시,284
679,변호사,경상북도,122
680,변호사,부산광역시,432
681,변호사,울산광역시,126
682,변호사,경상남도,227
683,변호사,제주특별자치도,88
684,부동산중개업,합계,"130,010"
685,부동산중개업,서울특별시,"32,061"
686,부동산중개업,인천광역시,"7,088"
687,부동산중개업,경기도,"36,459"
688,부동산중개업,강원도,"2,661"
689,부동산중개업,대전광역시,"3,422"
690,부동산중개업,충청북도,"2,981"
691,부동산중개업,충청남도,"4,286"
692,부동산중개업,세종특별자치시,"1,430"
693,부동산중개업,광주광역시,"4,261"
694,부동산중개업,전라북도,"3,268"
695,부동산중개업,전라남도,"2,374"
696,부동산중개업,대구광역시,"5,973"
697,부동산중개업,경상북도,"4,189"
698,부동산중개업,부산광역시,"8,299"
699,부동산중개업,울산광역시,"2,350"
700,부동산중개업,경상남도,"6,888"
701,부동산중개업,제주특별자치도,"2,020"
702,분식점,합계,"54,147"
703,분식점,서울특별시,"10,790"
704,분식점,인천광역시,"2,560"
705,분식점,경기도,"12,740"
706,분식점,강원도,"1,675"
707,분식점,대전광역시,"1,967"
708,분식점,충청북도,"2,220"
709,분식점,충청남도,"2,350"
710,분식점,세종특별자치시,215
711,분식점,광주광역시,"1,528"
712,분식점,전라북도,"2,052"
713,분식점,전라남도,"1,487"
714,분식점,대구광역시,"2,474"
715,분식점,경상북도,"2,534"
716,분식점,부산광역시,"4,052"
717,분식점,울산광역시,796
718,분식점,경상남도,"3,927"
719,분식점,제주특별자치도,780
720,사진촬영업,합계,"14,561"
721,사진촬영업,서울특별시,"4,758"
722,사진촬영업,인천광역시,657
723,사진촬영업,경기도,"3,136"
724,사진촬영업,강원도,420
725,사진촬영업,대전광역시,409
726,사진촬영업,충청북도,314
727,사진촬영업,충청남도,410
728,사진촬영업,세종특별자치시,62
729,사진촬영업,광주광역시,410
730,사진촬영업,전라북도,424
731,사진촬영업,전라남도,338
732,사진촬영업,대구광역시,653
733,사진촬영업,경상북도,527
734,사진촬영업,부산광역시,829
735,사진촬영업,울산광역시,232
736,사진촬영업,경상남도,597
737,사진촬영업,제주특별자치도,385
738,산부인과 의원,합계,"1,675"
739,산부인과 의원,서울특별시,501
740,산부인과 의원,인천광역시,82
741,산부인과 의원,경기도,338
742,산부인과 의원,강원도,37
743,산부인과 의원,대전광역시,59
744,산부인과 의원,충청북도,45
745,산부인과 의원,충청남도,49
746,산부인과 의원,세종특별자치시,9
747,산부인과 의원,광주광역시,52
748,산부인과 의원,전라북도,54
749,산부인과 의원,전라남도,24
750,산부인과 의원,대구광역시,107
751,산부인과 의원,경상북도,66
752,산부인과 의원,부산광역시,100
753,산부인과 의원,울산광역시,44
754,산부인과 의원,경상남도,84
755,산부인과 의원,제주특별자치도,24
756,생선가게,합계,"11,879"
757,생선가게,서울특별시,"1,503"
758,생선가게,인천광역시,769
759,생선가게,경기도,"1,298"
760,생선가게,강원도,581
761,생선가게,대전광역시,161
762,생선가게,충청북도,183
763,생선가게,충청남도,727
764,생선가게,세종특별자치시,25
765,생선가게,광주광역시,330
766,생선가게,전라북도,617
767,생선가게,전라남도,"1,633"
768,생선가게,대구광역시,233
769,생선가게,경상북도,918
770,생선가게,부산광역시,"1,111"
771,생선가게,울산광역시,407
772,생선가게,경상남도,924
773,생선가게,제주특별자치도,459
774,서점,합계,"8,429"
775,서점,서울특별시,"1,637"
776,서점,인천광역시,395
777,서점,경기도,"2,015"
778,서점,강원도,237
779,서점,대전광역시,325
780,서점,충청북도,243
781,서점,충청남도,353
782,서점,세종특별자치시,69
783,서점,광주광역시,276
784,서점,전라북도,342
785,서점,전라남도,259
786,서점,대구광역시,503
787,서점,경상북도,383
788,서점,부산광역시,554
789,서점,울산광역시,191
790,서점,경상남도,497
791,서점,제주특별자치도,150
792,성형외과 의원,합계,"1,511"
793,성형외과 의원,서울특별시,748
794,성형외과 의원,인천광역시,49
795,성형외과 의원,경기도,195
796,성형외과 의원,강원도,17
797,성형외과 의원,대전광역시,44
798,성형외과 의원,충청북도,25
799,성형외과 의원,충청남도,27
800,성형외과 의원,세종특별자치시,6
801,성형외과 의원,광주광역시,46
802,성형외과 의원,전라북도,26
803,성형외과 의원,전라남도,16
804,성형외과 의원,대구광역시,78
805,성형외과 의원,경상북도,17
806,성형외과 의원,부산광역시,138
807,성형외과 의원,울산광역시,19
808,성형외과 의원,경상남도,40
809,성형외과 의원,제주특별자치도,20
810,세무사,합계,"12,783"
811,세무사,서울특별시,"5,296"
812,세무사,인천광역시,537
813,세무사,경기도,"2,817"
814,세무사,강원도,176
815,세무사,대전광역시,279
816,세무사,충청북도,173
817,세무사,충청남도,266
818,세무사,세종특별자치시,44
819,세무사,광주광역시,308
820,세무사,전라북도,273
821,세무사,전라남도,136
822,세무사,대구광역시,559
823,세무사,경상북도,240
824,세무사,부산광역시,962
825,세무사,울산광역시,169
826,세무사,경상남도,436
827,세무사,제주특별자치도,112
828,세탁소,합계,"23,875"
829,세탁소,서울특별시,"4,627"
830,세탁소,인천광역시,"1,295"
831,세탁소,경기도,"5,492"
832,세탁소,강원도,956
833,세탁소,대전광역시,879
834,세탁소,충청북도,890
835,세탁소,충청남도,"1,135"
836,세탁소,세종특별자치시,106
837,세탁소,광주광역시,877
838,세탁소,전라북도,914
839,세탁소,전라남도,848
840,세탁소,대구광역시,881
841,세탁소,경상북도,"1,283"
842,세탁소,부산광역시,"1,360"
843,세탁소,울산광역시,444
844,세탁소,경상남도,"1,281"
845,세탁소,제주특별자치도,607
846,슈퍼마켓,합계,"28,896"
847,슈퍼마켓,서울특별시,"3,842"
848,슈퍼마켓,인천광역시,"1,792"
849,슈퍼마켓,경기도,"7,801"
850,슈퍼마켓,강원도,988
851,슈퍼마켓,대전광역시,676
852,슈퍼마켓,충청북도,964
853,슈퍼마켓,충청남도,"1,220"
854,슈퍼마켓,세종특별자치시,139
855,슈퍼마켓,광주광역시,844
856,슈퍼마켓,전라북도,981
857,슈퍼마켓,전라남도,"1,204"
858,슈퍼마켓,대구광역시,"1,637"
859,슈퍼마켓,경상북도,"1,805"
860,슈퍼마켓,부산광역시,"1,816"
861,슈퍼마켓,울산광역시,861
862,슈퍼마켓,경상남도,"1,928"
863,슈퍼마켓,제주특별자치도,398
864,스포츠교육기관,합계,"25,821"
865,스포츠교육기관,서울특별시,"4,746"
866,스포츠교육기관,인천광역시,"1,364"
867,스포츠교육기관,경기도,"6,732"
868,스포츠교육기관,강원도,709
869,스포츠교육기관,대전광역시,839
870,스포츠교육기관,충청북도,759
871,스포츠교육기관,충청남도,932
872,스포츠교육기관,세종특별자치시,215
873,스포츠교육기관,광주광역시,934
874,스포츠교육기관,전라북도,856
875,스포츠교육기관,전라남도,730
876,스포츠교육기관,대구광역시,"1,274"
877,스포츠교육기관,경상북도,"1,188"
878,스포츠교육기관,부산광역시,"1,707"
879,스포츠교육기관,울산광역시,593
880,스포츠교육기관,경상남도,"1,808"
881,스포츠교육기관,제주특별자치도,435
882,스포츠시설운영업,합계,"8,502"
883,스포츠시설운영업,서울특별시,"2,317"
884,스포츠시설운영업,인천광역시,445
885,스포츠시설운영업,경기도,"2,263"
886,스포츠시설운영업,강원도,247
887,스포츠시설운영업,대전광역시,191
888,스포츠시설운영업,충청북도,192
889,스포츠시설운영업,충청남도,227
890,스포츠시설운영업,세종특별자치시,49
891,스포츠시설운영업,광주광역시,242
892,스포츠시설운영업,전라북도,264
893,스포츠시설운영업,전라남도,176
894,스포츠시설운영업,대구광역시,340
895,스포츠시설운영업,경상북도,309
896,스포츠시설운영업,부산광역시,515
897,스포츠시설운영업,울산광역시,151
898,스포츠시설운영업,경상남도,440
899,스포츠시설운영업,제주특별자치도,134
900,스포츠용품점,합계,"15,151"
901,스포츠용품점,서울특별시,"1,502"
902,스포츠용품점,인천광역시,517
903,스포츠용품점,경기도,"3,267"
904,스포츠용품점,강원도,889
905,스포츠용품점,대전광역시,377
906,스포츠용품점,충청북도,648
907,스포츠용품점,충청남도,"1,005"
908,스포츠용품점,세종특별자치시,77
909,스포츠용품점,광주광역시,433
910,스포츠용품점,전라북도,881
911,스포츠용품점,전라남도,911
912,스포츠용품점,대구광역시,633
913,스포츠용품점,경상북도,"1,218"
914,스포츠용품점,부산광역시,693
915,스포츠용품점,울산광역시,286
916,스포츠용품점,경상남도,"1,367"
917,스포츠용품점,제주특별자치도,447
918,시계ㆍ귀금속점,합계,"8,123"
919,시계ㆍ귀금속점,서울특별시,"1,862"
920,시계ㆍ귀금속점,인천광역시,358
921,시계ㆍ귀금속점,경기도,"1,290"
922,시계ㆍ귀금속점,강원도,231
923,시계ㆍ귀금속점,대전광역시,230
924,시계ㆍ귀금속점,충청북도,256
925,시계ㆍ귀금속점,충청남도,319
926,시계ㆍ귀금속점,세종특별자치시,22
927,시계ㆍ귀금속점,광주광역시,262
928,시계ㆍ귀금속점,전라북도,372
929,시계ㆍ귀금속점,전라남도,285
930,시계ㆍ귀금속점,대구광역시,526
931,시계ㆍ귀금속점,경상북도,433
932,시계ㆍ귀금속점,부산광역시,790
933,시계ㆍ귀금속점,울산광역시,219
934,시계ㆍ귀금속점,경상남도,567
935,시계ㆍ귀금속점,제주특별자치도,101
936,식료품가게,합계,"48,506"
937,식료품가게,서울특별시,"5,464"
938,식료품가게,인천광역시,"2,104"
939,식료품가게,경기도,"9,064"
940,식료품가게,강원도,"2,832"
941,식료품가게,대전광역시,"1,347"
942,식료품가게,충청북도,"2,234"
943,식료품가게,충청남도,"3,338"
944,식료품가게,세종특별자치시,220
945,식료품가게,광주광역시,"1,414"
946,식료품가게,전라북도,"3,353"
947,식료품가게,전라남도,"3,582"
948,식료품가게,대구광역시,"1,662"
949,식료품가게,경상북도,"3,462"
950,식료품가게,부산광역시,"3,019"
951,식료품가게,울산광역시,754
952,식료품가게,경상남도,"3,840"
953,식료품가게,제주특별자치도,817
954,신경정신과 의원,합계,"1,813"
955,신경정신과 의원,서울특별시,530
956,신경정신과 의원,인천광역시,73
957,신경정신과 의원,경기도,379
958,신경정신과 의원,강원도,40
959,신경정신과 의원,대전광역시,74
960,신경정신과 의원,충청북도,48
961,신경정신과 의원,충청남도,52
962,신경정신과 의원,세종특별자치시,12
963,신경정신과 의원,광주광역시,52
964,신경정신과 의원,전라북도,69
965,신경정신과 의원,전라남도,43
966,신경정신과 의원,대구광역시,114
967,신경정신과 의원,경상북도,52
968,신경정신과 의원,부산광역시,154
969,신경정신과 의원,울산광역시,26
970,신경정신과 의원,경상남도,73
971,신경정신과 의원,제주특별자치도,22
972,신발가게,합계,"6,476"
973,신발가게,서울특별시,"1,284"
974,신발가게,인천광역시,333
975,신발가게,경기도,"1,260"
976,신발가게,강원도,239
977,신발가게,대전광역시,200
978,신발가게,충청북도,219
979,신발가게,충청남도,273
980,신발가게,세종특별자치시,25
981,신발가게,광주광역시,214
982,신발가게,전라북도,289
983,신발가게,전라남도,257
984,신발가게,대구광역시,333
985,신발가게,경상북도,361
986,신발가게,부산광역시,561
987,신발가게,울산광역시,110
988,신발가게,경상남도,409
989,신발가게,제주특별자치도,109
990,실내스크린골프점,합계,"5,134"
991,실내스크린골프점,서울특별시,694
992,실내스크린골프점,인천광역시,217
993,실내스크린골프점,경기도,"1,349"
994,실내스크린골프점,강원도,168
995,실내스크린골프점,대전광역시,148
996,실내스크린골프점,충청북도,185
997,실내스크린골프점,충청남도,215
998,실내스크린골프점,세종특별자치시,30
999,실내스크린골프점,광주광역시,112
1000,실내스크린골프점,전라북도,178
1001,실내스크린골프점,전라남도,170
1002,실내스크린골프점,대구광역시,318
1003,실내스크린골프점,경상북도,315
1004,실내스크린골프점,부산광역시,317
1005,실내스크린골프점,울산광역시,186
1006,실내스크린골프점,경상남도,431
1007,실내스크린골프점,제주특별자치도,101
1008,실내장식가게,합계,"60,171"
1009,실내장식가게,서울특별시,"14,247"
1010,실내장식가게,인천광역시,"3,536"
1011,실내장식가게,경기도,"17,868"
1012,실내장식가게,강원도,"1,221"
1013,실내장식가게,대전광역시,"1,976"
1014,실내장식가게,충청북도,"1,405"
1015,실내장식가게,충청남도,"1,620"
1016,실내장식가게,세종특별자치시,266
1017,실내장식가게,광주광역시,"2,152"
1018,실내장식가게,전라북도,284
1019,실내장식가게,전라남도,"1,300"
1020,실내장식가게,대구광역시,"2,768"
1021,실내장식가게,경상북도,"1,955"
1022,실내장식가게,부산광역시,"4,248"
1023,실내장식가게,울산광역시,"1,093"
1024,실내장식가게,경상남도,"2,917"
1025,실내장식가게,제주특별자치도,"1,315"
1026,실외골프연습장,합계,"2,188"
1027,실외골프연습장,서울특별시,354
1028,실외골프연습장,인천광역시,70
1029,실외골프연습장,경기도,488
1030,실외골프연습장,강원도,107
1031,실외골프연습장,대전광역시,68
1032,실외골프연습장,충청북도,98
1033,실외골프연습장,충청남도,93
1034,실외골프연습장,세종특별자치시,4
1035,실외골프연습장,광주광역시,46
1036,실외골프연습장,전라북도,90
1037,실외골프연습장,전라남도,90
1038,실외골프연습장,대구광역시,95
1039,실외골프연습장,경상북도,191
1040,실외골프연습장,부산광역시,131
1041,실외골프연습장,울산광역시,50
1042,실외골프연습장,경상남도,158
1043,실외골프연습장,제주특별자치도,55
1044,안경점,합계,"9,250"
1045,안경점,서울특별시,"2,031"
1046,안경점,인천광역시,427
1047,안경점,경기도,"2,017"
1048,안경점,강원도,252
1049,안경점,대전광역시,318
1050,안경점,충청북도,290
1051,안경점,충청남도,344
1052,안경점,세종특별자치시,49
1053,안경점,광주광역시,352
1054,안경점,전라북도,360
1055,안경점,전라남도,309
1056,안경점,대구광역시,479
1057,안경점,경상북도,437
1058,안경점,부산광역시,639
1059,안경점,울산광역시,223
1060,안경점,경상남도,594
1061,안경점,제주특별자치도,129
1062,안과 의원,합계,"1,669"
1063,안과 의원,서울특별시,456
1064,안과 의원,인천광역시,65
1065,안과 의원,경기도,359
1066,안과 의원,강원도,43
1067,안과 의원,대전광역시,49
1068,안과 의원,충청북도,38
1069,안과 의원,충청남도,52
1070,안과 의원,세종특별자치시,6
1071,안과 의원,광주광역시,41
1072,안과 의원,전라북도,63
1073,안과 의원,전라남도,49
1074,안과 의원,대구광역시,101
1075,안과 의원,경상북도,67
1076,안과 의원,부산광역시,134
1077,안과 의원,울산광역시,33
1078,안과 의원,경상남도,93
1079,안과 의원,제주특별자치도,20
1080,애완용품점,합계,"8,234"
1081,애완용품점,서울특별시,"1,309"
1082,애완용품점,인천광역시,524
1083,애완용품점,경기도,"2,544"
1084,애완용품점,강원도,227
1085,애완용품점,대전광역시,272
1086,애완용품점,충청북도,240
1087,애완용품점,충청남도,350
1088,애완용품점,세종특별자치시,31
1089,애완용품점,광주광역시,190
1090,애완용품점,전라북도,230
1091,애완용품점,전라남도,187
1092,애완용품점,대구광역시,369
1093,애완용품점,경상북도,419
1094,애완용품점,부산광역시,606
1095,애완용품점,울산광역시,137
1096,애완용품점,경상남도,493
1097,애완용품점,제주특별자치도,106
1098,약국,합계,"23,045"
1099,약국,서울특별시,"5,179"
1100,약국,인천광역시,"1,120"
1101,약국,경기도,"5,139"
1102,약국,강원도,685
1103,약국,대전광역시,749
1104,약국,충청북도,680
1105,약국,충청남도,960
1106,약국,세종특별자치시,130
1107,약국,광주광역시,681
1108,약국,전라북도,931
1109,약국,전라남도,794
1110,약국,대구광역시,"1,303"
1111,약국,경상북도,"1,114"
1112,약국,부산광역시,"1,556"
1113,약국,울산광역시,421
1114,약국,경상남도,"1,301"
1115,약국,제주특별자치도,302
1116,여관ㆍ모텔,합계,"20,496"
1117,여관ㆍ모텔,서울특별시,"1,836"
1118,여관ㆍ모텔,인천광역시,811
1119,여관ㆍ모텔,경기도,"3,175"
1120,여관ㆍ모텔,강원도,"1,550"
1121,여관ㆍ모텔,대전광역시,610
1122,여관ㆍ모텔,충청북도,850
1123,여관ㆍ모텔,충청남도,"1,478"
1124,여관ㆍ모텔,세종특별자치시,65
1125,여관ㆍ모텔,광주광역시,499
1126,여관ㆍ모텔,전라북도,"1,014"
1127,여관ㆍ모텔,전라남도,"1,308"
1128,여관ㆍ모텔,대구광역시,671
1129,여관ㆍ모텔,경상북도,"1,951"
1130,여관ㆍ모텔,부산광역시,"1,346"
1131,여관ㆍ모텔,울산광역시,616
1132,여관ㆍ모텔,경상남도,"2,311"
1133,여관ㆍ모텔,제주특별자치도,405
1134,여행사,합계,"13,909"
1135,여행사,서울특별시,"5,430"
1136,여행사,인천광역시,407
1137,여행사,경기도,"1,792"
1138,여행사,강원도,355
1139,여행사,대전광역시,317
1140,여행사,충청북도,275
1141,여행사,충청남도,319
1142,여행사,세종특별자치시,52
1143,여행사,광주광역시,406
1144,여행사,전라북도,412
1145,여행사,전라남도,447
1146,여행사,대구광역시,531
1147,여행사,경상북도,458
1148,여행사,부산광역시,"1,047"
1149,여행사,울산광역시,178
1150,여행사,경상남도,564
1151,여행사,제주특별자치도,919
1152,예술학원,합계,"30,953"
1153,예술학원,서울특별시,"5,476"
1154,예술학원,인천광역시,"1,489"
1155,예술학원,경기도,"8,523"
1156,예술학원,강원도,887
1157,예술학원,대전광역시,905
1158,예술학원,충청북도,875
1159,예술학원,충청남도,"1,112"
1160,예술학원,세종특별자치시,280
1161,예술학원,광주광역시,"1,102"
1162,예술학원,전라북도,"1,334"
1163,예술학원,전라남도,871
1164,예술학원,대구광역시,"1,412"
1165,예술학원,경상북도,"1,400"
1166,예술학원,부산광역시,"1,827"
1167,예술학원,울산광역시,799
1168,예술학원,경상남도,"2,214"
1169,예술학원,제주특별자치도,447
1170,예식장,합계,850
1171,예식장,서울특별시,164
1172,예식장,인천광역시,22
1173,예식장,경기도,127
1174,예식장,강원도,36
1175,예식장,대전광역시,23
1176,예식장,충청북도,36
1177,예식장,충청남도,65
1178,예식장,세종특별자치시,5
1179,예식장,광주광역시,25
1180,예식장,전라북도,41
1181,예식장,전라남도,43
1182,예식장,대구광역시,39
1183,예식장,경상북도,64
1184,예식장,부산광역시,60
1185,예식장,울산광역시,16
1186,예식장,경상남도,63
1187,예식장,제주특별자치도,21
1188,옷가게,합계,"85,395"
1189,옷가게,서울특별시,"15,688"
1190,옷가게,인천광역시,"3,997"
1191,옷가게,경기도,"17,588"
1192,옷가게,강원도,"3,145"
1193,옷가게,대전광역시,"2,808"
1194,옷가게,충청북도,"2,933"
1195,옷가게,충청남도,"3,289"
1196,옷가게,세종특별자치시,358
1197,옷가게,광주광역시,"3,158"
1198,옷가게,전라북도,"3,375"
1199,옷가게,전라남도,"3,046"
1200,옷가게,대구광역시,"5,254"
1201,옷가게,경상북도,"4,649"
1202,옷가게,부산광역시,"7,050"
1203,옷가게,울산광역시,"1,769"
1204,옷가게,경상남도,"5,604"
1205,옷가게,제주특별자치도,"1,684"
1206,의료용품가게,합계,"7,248"
1207,의료용품가게,서울특별시,"1,621"
1208,의료용품가게,인천광역시,308
1209,의료용품가게,경기도,"1,627"
1210,의료용품가게,강원도,189
1211,의료용품가게,대전광역시,262
1212,의료용품가게,충청북도,189
1213,의료용품가게,충청남도,292
1214,의료용품가게,세종특별자치시,29
1215,의료용품가게,광주광역시,318
1216,의료용품가게,전라북도,352
1217,의료용품가게,전라남도,223
1218,의료용품가게,대구광역시,345
1219,의료용품가게,경상북도,293
1220,의료용품가게,부산광역시,589
1221,의료용품가게,울산광역시,113
1222,의료용품가게,경상남도,416
1223,의료용품가게,제주특별자치도,82
1224,이륜자동차판매점,합계,"2,676"
1225,이륜자동차판매점,서울특별시,454
1226,이륜자동차판매점,인천광역시,91
1227,이륜자동차판매점,경기도,469
1228,이륜자동차판매점,강원도,92
1229,이륜자동차판매점,대전광역시,65
1230,이륜자동차판매점,충청북도,89
1231,이륜자동차판매점,충청남도,143
1232,이륜자동차판매점,세종특별자치시,8
1233,이륜자동차판매점,광주광역시,65
1234,이륜자동차판매점,전라북도,130
1235,이륜자동차판매점,전라남도,151
1236,이륜자동차판매점,대구광역시,152
1237,이륜자동차판매점,경상북도,211
1238,이륜자동차판매점,부산광역시,214
1239,이륜자동차판매점,울산광역시,73
1240,이륜자동차판매점,경상남도,229
1241,이륜자동차판매점,제주특별자치도,40
1242,이발소,합계,"12,043"
1243,이발소,서울특별시,"2,172"
1244,이발소,인천광역시,411
1245,이발소,경기도,"2,135"
1246,이발소,강원도,660
1247,이발소,대전광역시,411
1248,이발소,충청북도,420
1249,이발소,충청남도,637
1250,이발소,세종특별자치시,41
1251,이발소,광주광역시,251
1252,이발소,전라북도,476
1253,이발소,전라남도,602
1254,이발소,대구광역시,583
1255,이발소,경상북도,878
1256,이발소,부산광역시,"1,030"
1257,이발소,울산광역시,368
1258,이발소,경상남도,803
1259,이발소,제주특별자치도,165
1260,이비인후과 의원,합계,"2,622"
1261,이비인후과 의원,서울특별시,699
1262,이비인후과 의원,인천광역시,137
1263,이비인후과 의원,경기도,662
1264,이비인후과 의원,강원도,51
1265,이비인후과 의원,대전광역시,81
1266,이비인후과 의원,충청북도,60
1267,이비인후과 의원,충청남도,58
1268,이비인후과 의원,세종특별자치시,16
1269,이비인후과 의원,광주광역시,80
1270,이비인후과 의원,전라북도,74
1271,이비인후과 의원,전라남도,49
1272,이비인후과 의원,대구광역시,157
1273,이비인후과 의원,경상북도,89
1274,이비인후과 의원,부산광역시,204
1275,이비인후과 의원,울산광역시,47
1276,이비인후과 의원,경상남도,130
1277,이비인후과 의원,제주특별자치도,28
1278,일반외과 의원,합계,"4,941"
1279,일반외과 의원,서울특별시,"1,135"
1280,일반외과 의원,인천광역시,271
1281,일반외과 의원,경기도,"1,170"
1282,일반외과 의원,강원도,135
1283,일반외과 의원,대전광역시,145
1284,일반외과 의원,충청북도,176
1285,일반외과 의원,충청남도,195
1286,일반외과 의원,세종특별자치시,34
1287,일반외과 의원,광주광역시,98
1288,일반외과 의원,전라북도,180
1289,일반외과 의원,전라남도,138
1290,일반외과 의원,대구광역시,307
1291,일반외과 의원,경상북도,231
1292,일반외과 의원,부산광역시,334
1293,일반외과 의원,울산광역시,77
1294,일반외과 의원,경상남도,245
1295,일반외과 의원,제주특별자치도,70
1296,일식전문점,합계,"17,873"
1297,일식전문점,서울특별시,"5,462"
1298,일식전문점,인천광역시,960
1299,일식전문점,경기도,"3,733"
1300,일식전문점,강원도,942
1301,일식전문점,대전광역시,430
1302,일식전문점,충청북도,477
1303,일식전문점,충청남도,712
1304,일식전문점,세종특별자치시,94
1305,일식전문점,광주광역시,253
1306,일식전문점,전라북도,490
1307,일식전문점,전라남도,440
1308,일식전문점,대구광역시,817
1309,일식전문점,경상북도,529
1310,일식전문점,부산광역시,"1,036"
1311,일식전문점,울산광역시,270
1312,일식전문점,경상남도,722
1313,일식전문점,제주특별자치도,506
1314,자동차수리점,합계,"44,712"
1315,자동차수리점,서울특별시,"4,993"
1316,자동차수리점,인천광역시,"2,368"
1317,자동차수리점,경기도,"11,408"
1318,자동차수리점,강원도,"1,792"
1319,자동차수리점,대전광역시,"1,469"
1320,자동차수리점,충청북도,"1,840"
1321,자동차수리점,충청남도,"2,481"
1322,자동차수리점,세종특별자치시,201
1323,자동차수리점,광주광역시,"1,510"
1324,자동차수리점,전라북도,"1,983"
1325,자동차수리점,전라남도,"1,987"
1326,자동차수리점,대구광역시,"2,270"
1327,자동차수리점,경상북도,"3,076"
1328,자동차수리점,부산광역시,"2,395"
1329,자동차수리점,울산광역시,"1,095"
1330,자동차수리점,경상남도,"3,241"
1331,자동차수리점,제주특별자치도,603
1332,자전거판매점,합계,"2,520"
1333,자전거판매점,서울특별시,391
1334,자전거판매점,인천광역시,101
1335,자전거판매점,경기도,622
1336,자전거판매점,강원도,88
1337,자전거판매점,대전광역시,88
1338,자전거판매점,충청북도,83
1339,자전거판매점,충청남도,115
1340,자전거판매점,세종특별자치시,15
1341,자전거판매점,광주광역시,60
1342,자전거판매점,전라북도,134
1343,자전거판매점,전라남도,96
1344,자전거판매점,대구광역시,153
1345,자전거판매점,경상북도,171
1346,자전거판매점,부산광역시,114
1347,자전거판매점,울산광역시,58
1348,자전거판매점,경상남도,200
1349,자전거판매점,제주특별자치도,31
1350,장난감가게,합계,"3,036"
1351,장난감가게,서울특별시,511
1352,장난감가게,인천광역시,139
1353,장난감가게,경기도,885
1354,장난감가게,강원도,97
1355,장난감가게,대전광역시,91
1356,장난감가게,충청북도,82
1357,장난감가게,충청남도,139
1358,장난감가게,세종특별자치시,23
1359,장난감가게,광주광역시,76
1360,장난감가게,전라북도,107
1361,장난감가게,전라남도,112
1362,장난감가게,대구광역시,136
1363,장난감가게,경상북도,148
1364,장난감가게,부산광역시,187
1365,장난감가게,울산광역시,61
1366,장난감가게,경상남도,177
1367,장난감가게,제주특별자치도,65
1368,정육점,합계,"19,955"
1369,정육점,서울특별시,"2,768"
1370,정육점,인천광역시,"1,065"
1371,정육점,경기도,"4,303"
1372,정육점,강원도,873
1373,정육점,대전광역시,755
1374,정육점,충청북도,783
1375,정육점,충청남도,"1,017"
1376,정육점,세종특별자치시,118
1377,정육점,광주광역시,554
1378,정육점,전라북도,"1,072"
1379,정육점,전라남도,849
1380,정육점,대구광역시,"1,307"
1381,정육점,경상북도,"1,261"
1382,정육점,부산광역시,"1,122"
1383,정육점,울산광역시,595
1384,정육점,경상남도,"1,227"
1385,정육점,제주특별자치도,286
1386,제과점,합계,"17,723"
1387,제과점,서울특별시,"3,670"
1388,제과점,인천광역시,808
1389,제과점,경기도,"4,135"
1390,제과점,강원도,595
1391,제과점,대전광역시,537
1392,제과점,충청북도,554
1393,제과점,충청남도,721
1394,제과점,세종특별자치시,121
1395,제과점,광주광역시,497
1396,제과점,전라북도,628
1397,제과점,전라남도,568
1398,제과점,대구광역시,931
1399,제과점,경상북도,938
1400,제과점,부산광역시,"1,097"
1401,제과점,울산광역시,382
1402,제과점,경상남도,"1,129"
1403,제과점,제주특별자치도,412
1404,종합병원,합계,"3,438"
1405,종합병원,서울특별시,439
1406,종합병원,인천광역시,147
1407,종합병원,경기도,696
1408,종합병원,강원도,86
1409,종합병원,대전광역시,99
1410,종합병원,충청북도,99
1411,종합병원,충청남도,140
1412,종합병원,세종특별자치시,14
1413,종합병원,광주광역시,177
1414,종합병원,전라북도,170
1415,종합병원,전라남도,200
1416,종합병원,대구광역시,195
1417,종합병원,경상북도,228
1418,종합병원,부산광역시,335
1419,종합병원,울산광역시,97
1420,종합병원,경상남도,292
1421,종합병원,제주특별자치도,24
1422,주유소,합계,"10,986"
1423,주유소,서울특별시,438
1424,주유소,인천광역시,293
1425,주유소,경기도,"2,294"
1426,주유소,강원도,639
1427,주유소,대전광역시,241
1428,주유소,충청북도,716
1429,주유소,충청남도,"1,016"
1430,주유소,세종특별자치시,68
1431,주유소,광주광역시,278
1432,주유소,전라북도,834
1433,주유소,전라남도,815
1434,주유소,대구광역시,340
1435,주유소,경상북도,"1,216"
1436,주유소,부산광역시,353
1437,주유소,울산광역시,218
1438,주유소,경상남도,"1,043"
1439,주유소,제주특별자치도,184
1440,주차장운영업,합계,"8,113"
1441,주차장운영업,서울특별시,"1,770"
1442,주차장운영업,인천광역시,305
1443,주차장운영업,경기도,"1,365"
1444,주차장운영업,강원도,153
1445,주차장운영업,대전광역시,185
1446,주차장운영업,충청북도,161
1447,주차장운영업,충청남도,145
1448,주차장운영업,세종특별자치시,30
1449,주차장운영업,광주광역시,272
1450,주차장운영업,전라북도,142
1451,주차장운영업,전라남도,111
1452,주차장운영업,대구광역시,429
1453,주차장운영업,경상북도,264
1454,주차장운영업,부산광역시,"1,779"
1455,주차장운영업,울산광역시,241
1456,주차장운영업,경상남도,703
1457,주차장운영업,제주특별자치도,58
1458,중고차판매점,합계,"4,809"
1459,중고차판매점,서울특별시,479
1460,중고차판매점,인천광역시,249
1461,중고차판매점,경기도,"1,034"
1462,중고차판매점,강원도,156
1463,중고차판매점,대전광역시,216
1464,중고차판매점,충청북도,189
1465,중고차판매점,충청남도,216
1466,중고차판매점,세종특별자치시,4
1467,중고차판매점,광주광역시,231
1468,중고차판매점,전라북도,289
1469,중고차판매점,전라남도,222
1470,중고차판매점,대구광역시,491
1471,중고차판매점,경상북도,309
1472,중고차판매점,부산광역시,229
1473,중고차판매점,울산광역시,117
1474,중고차판매점,경상남도,321
1475,중고차판매점,제주특별자치도,57
1476,중식전문점,합계,"24,839"
1477,중식전문점,서울특별시,"4,842"
1478,중식전문점,인천광역시,"1,192"
1479,중식전문점,경기도,"5,348"
1480,중식전문점,강원도,"1,059"
1481,중식전문점,대전광역시,613
1482,중식전문점,충청북도,925
1483,중식전문점,충청남도,"1,224"
1484,중식전문점,세종특별자치시,154
1485,중식전문점,광주광역시,479
1486,중식전문점,전라북도,"1,030"
1487,중식전문점,전라남도,821
1488,중식전문점,대구광역시,"1,245"
1489,중식전문점,경상북도,"1,522"
1490,중식전문점,부산광역시,"1,795"
1491,중식전문점,울산광역시,501
1492,중식전문점,경상남도,"1,670"
1493,중식전문점,제주특별자치도,419
1494,채소가게,합계,"11,867"
1495,채소가게,서울특별시,"1,601"
1496,채소가게,인천광역시,562
1497,채소가게,경기도,"2,148"
1498,채소가게,강원도,816
1499,채소가게,대전광역시,306
1500,채소가게,충청북도,511
1501,채소가게,충청남도,709
1502,채소가게,세종특별자치시,61
1503,채소가게,광주광역시,253
1504,채소가게,전라북도,647
1505,채소가게,전라남도,756
1506,채소가게,대구광역시,458
1507,채소가게,경상북도,948
1508,채소가게,부산광역시,761
1509,채소가게,울산광역시,138
1510,채소가게,경상남도,888
1511,채소가게,제주특별자치도,304
1512,철물점,합계,"8,786"
1513,철물점,서울특별시,"1,364"
1514,철물점,인천광역시,496
1515,철물점,경기도,"1,835"
1516,철물점,강원도,467
1517,철물점,대전광역시,282
1518,철물점,충청북도,346
1519,철물점,충청남도,460
1520,철물점,세종특별자치시,37
1521,철물점,광주광역시,290
1522,철물점,전라북도,424
1523,철물점,전라남도,466
1524,철물점,대구광역시,334
1525,철물점,경상북도,485
1526,철물점,부산광역시,659
1527,철물점,울산광역시,174
1528,철물점,경상남도,558
1529,철물점,제주특별자치도,109
1530,치과병원ㆍ의원,합계,"18,433"
1531,치과병원ㆍ의원,서울특별시,"4,923"
1532,치과병원ㆍ의원,인천광역시,932
1533,치과병원ㆍ의원,경기도,"4,359"
1534,치과병원ㆍ의원,강원도,400
1535,치과병원ㆍ의원,대전광역시,539
1536,치과병원ㆍ의원,충청북도,438
1537,치과병원ㆍ의원,충청남도,572
1538,치과병원ㆍ의원,세종특별자치시,89
1539,치과병원ㆍ의원,광주광역시,647
1540,치과병원ㆍ의원,전라북도,588
1541,치과병원ㆍ의원,전라남도,499
1542,치과병원ㆍ의원,대구광역시,902
1543,치과병원ㆍ의원,경상북도,691
1544,치과병원ㆍ의원,부산광역시,"1,317"
1545,치과병원ㆍ의원,울산광역시,389
1546,치과병원ㆍ의원,경상남도,927
1547,치과병원ㆍ의원,제주특별자치도,221
1548,침구ㆍ커튼가게,합계,"9,870"
1549,침구ㆍ커튼가게,서울특별시,"1,250"
1550,침구ㆍ커튼가게,인천광역시,426
1551,침구ㆍ커튼가게,경기도,"1,928"
1552,침구ㆍ커튼가게,강원도,396
1553,침구ㆍ커튼가게,대전광역시,411
1554,침구ㆍ커튼가게,충청북도,389
1555,침구ㆍ커튼가게,충청남도,501
1556,침구ㆍ커튼가게,세종특별자치시,53
1557,침구ㆍ커튼가게,광주광역시,383
1558,침구ㆍ커튼가게,전라북도,488
1559,침구ㆍ커튼가게,전라남도,484
1560,침구ㆍ커튼가게,대구광역시,647
1561,침구ㆍ커튼가게,경상북도,667
1562,침구ㆍ커튼가게,부산광역시,711
1563,침구ㆍ커튼가게,울산광역시,230
1564,침구ㆍ커튼가게,경상남도,687
1565,침구ㆍ커튼가게,제주특별자치도,219
1566,커피음료점,합계,"67,748"
1567,커피음료점,서울특별시,"13,191"
1568,커피음료점,인천광역시,"3,358"
1569,커피음료점,경기도,"14,650"
1570,커피음료점,강원도,"2,433"
1571,커피음료점,대전광역시,"2,415"
1572,커피음료점,충청북도,"2,270"
1573,커피음료점,충청남도,"2,937"
1574,커피음료점,세종특별자치시,472
1575,커피음료점,광주광역시,"1,874"
1576,커피음료점,전라북도,"2,722"
1577,커피음료점,전라남도,"2,469"
1578,커피음료점,대구광역시,"3,114"
1579,커피음료점,경상북도,"4,558"
1580,커피음료점,부산광역시,"3,974"
1581,커피음료점,울산광역시,"1,566"
1582,커피음료점,경상남도,"4,370"
1583,커피음료점,제주특별자치도,"1,375"
1584,컴퓨터판매점,합계,"5,099"
1585,컴퓨터판매점,서울특별시,"1,047"
1586,컴퓨터판매점,인천광역시,212
1587,컴퓨터판매점,경기도,"1,165"
1588,컴퓨터판매점,강원도,189
1589,컴퓨터판매점,대전광역시,187
1590,컴퓨터판매점,충청북도,188
1591,컴퓨터판매점,충청남도,216
1592,컴퓨터판매점,세종특별자치시,34
1593,컴퓨터판매점,광주광역시,182
1594,컴퓨터판매점,전라북도,213
1595,컴퓨터판매점,전라남도,179
1596,컴퓨터판매점,대구광역시,234
1597,컴퓨터판매점,경상북도,312
1598,컴퓨터판매점,부산광역시,235
1599,컴퓨터판매점,울산광역시,87
1600,컴퓨터판매점,경상남도,327
1601,컴퓨터판매점,제주특별자치도,92
1602,통신판매업,합계,"316,004"
1603,통신판매업,서울특별시,"92,919"
1604,통신판매업,인천광역시,"20,605"
1605,통신판매업,경기도,"95,617"
1606,통신판매업,강원도,"4,304"
1607,통신판매업,대전광역시,"7,482"
1608,통신판매업,충청북도,"5,910"
1609,통신판매업,충청남도,"7,929"
1610,통신판매업,세종특별자치시,"1,600"
1611,통신판매업,광주광역시,"6,898"
1612,통신판매업,전라북도,"6,012"
1613,통신판매업,전라남도,"5,382"
1614,통신판매업,대구광역시,"14,416"
1615,통신판매업,경상북도,"9,652"
1616,통신판매업,부산광역시,"19,404"
1617,통신판매업,울산광역시,"3,874"
1618,통신판매업,경상남도,"11,592"
1619,통신판매업,제주특별자치도,"2,408"
1620,패스트푸드점,합계,"41,260"
1621,패스트푸드점,서울특별시,"6,818"
1622,패스트푸드점,인천광역시,"1,886"
1623,패스트푸드점,경기도,"9,128"
1624,패스트푸드점,강원도,"1,915"
1625,패스트푸드점,대전광역시,"1,128"
1626,패스트푸드점,충청북도,"1,651"
1627,패스트푸드점,충청남도,"2,131"
1628,패스트푸드점,세종특별자치시,329
1629,패스트푸드점,광주광역시,"1,180"
1630,패스트푸드점,전라북도,"1,697"
1631,패스트푸드점,전라남도,"1,616"
1632,패스트푸드점,대구광역시,"1,612"
1633,패스트푸드점,경상북도,"2,330"
1634,패스트푸드점,부산광역시,"2,717"
1635,패스트푸드점,울산광역시,"1,073"
1636,패스트푸드점,경상남도,"3,367"
1637,패스트푸드점,제주특별자치도,682
1638,펜션ㆍ게스트하우스,합계,"15,475"
1639,펜션ㆍ게스트하우스,서울특별시,769
1640,펜션ㆍ게스트하우스,인천광역시,678
1641,펜션ㆍ게스트하우스,경기도,"2,035"
1642,펜션ㆍ게스트하우스,강원도,"2,756"
1643,펜션ㆍ게스트하우스,대전광역시,24
1644,펜션ㆍ게스트하우스,충청북도,473
1645,펜션ㆍ게스트하우스,충청남도,"1,339"
1646,펜션ㆍ게스트하우스,세종특별자치시,8
1647,펜션ㆍ게스트하우스,광주광역시,26
1648,펜션ㆍ게스트하우스,전라북도,464
1649,펜션ㆍ게스트하우스,전라남도,874
1650,펜션ㆍ게스트하우스,대구광역시,42
1651,펜션ㆍ게스트하우스,경상북도,"1,357"
1652,펜션ㆍ게스트하우스,부산광역시,189
1653,펜션ㆍ게스트하우스,울산광역시,134
1654,펜션ㆍ게스트하우스,경상남도,"1,459"
1655,펜션ㆍ게스트하우스,제주특별자치도,"2,848"
1656,편의점,합계,"43,722"
1657,편의점,서울특별시,"8,092"
1658,편의점,인천광역시,"2,331"
1659,편의점,경기도,"11,053"
1660,편의점,강원도,"1,811"
1661,편의점,대전광역시,"1,201"
1662,편의점,충청북도,"1,567"
1663,편의점,충청남도,"2,333"
1664,편의점,세종특별자치시,281
1665,편의점,광주광역시,"1,058"
1666,편의점,전라북도,"1,308"
1667,편의점,전라남도,"1,248"
1668,편의점,대구광역시,"1,696"
1669,편의점,경상북도,"2,038"
1670,편의점,부산광역시,"2,593"
1671,편의점,울산광역시,957
1672,편의점,경상남도,"2,980"
1673,편의점,제주특별자치도,"1,175"
1674,피부관리업,합계,"40,585"
1675,피부관리업,서울특별시,"7,761"
1676,피부관리업,인천광역시,"2,286"
1677,피부관리업,경기도,"9,664"
1678,피부관리업,강원도,"1,163"
1679,피부관리업,대전광역시,"1,285"
1680,피부관리업,충청북도,"1,213"
1681,피부관리업,충청남도,"1,418"
1682,피부관리업,세종특별자치시,195
1683,피부관리업,광주광역시,"1,715"
1684,피부관리업,전라북도,"1,337"
1685,피부관리업,전라남도,"1,510"
1686,피부관리업,대구광역시,"1,747"
1687,피부관리업,경상북도,"1,738"
1688,피부관리업,부산광역시,"2,904"
1689,피부관리업,울산광역시,892
1690,피부관리업,경상남도,"3,000"
1691,피부관리업,제주특별자치도,757
1692,피부ㆍ비뇨기과 의원,합계,"4,013"
1693,피부ㆍ비뇨기과 의원,서울특별시,"1,377"
1694,피부ㆍ비뇨기과 의원,인천광역시,183
1695,피부ㆍ비뇨기과 의원,경기도,846
1696,피부ㆍ비뇨기과 의원,강원도,62
1697,피부ㆍ비뇨기과 의원,대전광역시,113
1698,피부ㆍ비뇨기과 의원,충청북도,78
1699,피부ㆍ비뇨기과 의원,충청남도,99
1700,피부ㆍ비뇨기과 의원,세종특별자치시,17
1701,피부ㆍ비뇨기과 의원,광주광역시,127
1702,피부ㆍ비뇨기과 의원,전라북도,94
1703,피부ㆍ비뇨기과 의원,전라남도,77
1704,피부ㆍ비뇨기과 의원,대구광역시,207
1705,피부ㆍ비뇨기과 의원,경상북도,101
1706,피부ㆍ비뇨기과 의원,부산광역시,335
1707,피부ㆍ비뇨기과 의원,울산광역시,78
1708,피부ㆍ비뇨기과 의원,경상남도,174
1709,피부ㆍ비뇨기과 의원,제주특별자치도,45
1710,한방병원ㆍ한의원,합계,"14,936"
1711,한방병원ㆍ한의원,서울특별시,"3,722"
1712,한방병원ㆍ한의원,인천광역시,696
1713,한방병원ㆍ한의원,경기도,"3,269"
1714,한방병원ㆍ한의원,강원도,369
1715,한방병원ㆍ한의원,대전광역시,519
1716,한방병원ㆍ한의원,충청북도,403
1717,한방병원ㆍ한의원,충청남도,521
1718,한방병원ㆍ한의원,세종특별자치시,82
1719,한방병원ㆍ한의원,광주광역시,409
1720,한방병원ㆍ한의원,전라북도,538
1721,한방병원ㆍ한의원,전라남도,400
1722,한방병원ㆍ한의원,대구광역시,891
1723,한방병원ㆍ한의원,경상북도,643
1724,한방병원ㆍ한의원,부산광역시,"1,164"
1725,한방병원ㆍ한의원,울산광역시,287
1726,한방병원ㆍ한의원,경상남도,826
1727,한방병원ㆍ한의원,제주특별자치도,197
1728,한식전문점,합계,"392,857"
1729,한식전문점,서울특별시,"54,400"
1730,한식전문점,인천광역시,"18,340"
1731,한식전문점,경기도,"81,599"
1732,한식전문점,강원도,"19,802"
1733,한식전문점,대전광역시,"11,767"
1734,한식전문점,충청북도,"15,529"
1735,한식전문점,충청남도,"19,750"
1736,한식전문점,세종특별자치시,"2,127"
1737,한식전문점,광주광역시,"10,159"
1738,한식전문점,전라북도,"14,472"
1739,한식전문점,전라남도,"17,889"
1740,한식전문점,대구광역시,"19,742"
1741,한식전문점,경상북도,"29,539"
1742,한식전문점,부산광역시,"24,941"
1743,한식전문점,울산광역시,"10,972"
1744,한식전문점,경상남도,"32,822"
1745,한식전문점,제주특별자치도,"9,007"
1746,헬스클럽,합계,"8,214"
1747,헬스클럽,서울특별시,"1,986"
1748,헬스클럽,인천광역시,442
1749,헬스클럽,경기도,"1,988"
1750,헬스클럽,강원도,235
1751,헬스클럽,대전광역시,264
1752,헬스클럽,충청북도,270
1753,헬스클럽,충청남도,288
1754,헬스클럽,세종특별자치시,42
1755,헬스클럽,광주광역시,233
1756,헬스클럽,전라북도,238
1757,헬스클럽,전라남도,182
1758,헬스클럽,대구광역시,398
1759,헬스클럽,경상북도,372
1760,헬스클럽,부산광역시,579
1761,헬스클럽,울산광역시,138
1762,헬스클럽,경상남도,437
1763,헬스클럽,제주특별자치도,122
1764,호프전문점,합계,"31,176"
1765,호프전문점,서울특별시,"6,476"
1766,호프전문점,인천광역시,"1,659"
1767,호프전문점,경기도,"6,548"
1768,호프전문점,강원도,"1,315"
1769,호프전문점,대전광역시,847
1770,호프전문점,충청북도,"1,649"
1771,호프전문점,충청남도,"1,492"
1772,호프전문점,세종특별자치시,128
1773,호프전문점,광주광역시,"2,127"
1774,호프전문점,전라북도,"1,251"
1775,호프전문점,전라남도,"2,185"
1776,호프전문점,대구광역시,543
1777,호프전문점,경상북도,989
1778,호프전문점,부산광역시,"1,675"
1779,호프전문점,울산광역시,344
1780,호프전문점,경상남도,"1,312"
1781,호프전문점,제주특별자치도,636
1782,화장품가게,합계,"35,024"
1783,화장품가게,서울특별시,"6,618"
1784,화장품가게,인천광역시,"1,433"
1785,화장품가게,경기도,"7,979"
1786,화장품가게,강원도,"1,109"
1787,화장품가게,대전광역시,"1,233"
1788,화장품가게,충청북도,"1,002"
1789,화장품가게,충청남도,"1,332"
1790,화장품가게,세종특별자치시,157
1791,화장품가게,광주광역시,"1,202"
1792,화장품가게,전라북도,"1,488"
1793,화장품가게,전라남도,"1,054"
1794,화장품가게,대구광역시,"2,111"
1795,화장품가게,경상북도,"1,871"
1796,화장품가게,부산광역시,"2,440"
1797,화장품가게,울산광역시,963
1798,화장품가게,경상남도,"2,363"
1799,화장품가게,제주특별자치도,669
1800,휴대폰가게,합계,"18,584"
1801,휴대폰가게,서울특별시,"3,114"
1802,휴대폰가게,인천광역시,"1,007"
1803,휴대폰가게,경기도,"4,259"
1804,휴대폰가게,강원도,627
1805,휴대폰가게,대전광역시,664
1806,휴대폰가게,충청북도,553
1807,휴대폰가게,충청남도,873
1808,휴대폰가게,세종특별자치시,76
1809,휴대폰가게,광주광역시,591
1810,휴대폰가게,전라북도,725
1811,휴대폰가게,전라남도,587
1812,휴대폰가게,대구광역시,"1,014"
1813,휴대폰가게,경상북도,"1,056"
1814,휴대폰가게,부산광역시,"1,363"
1815,휴대폰가게,울산광역시,502
1816,휴대폰가게,경상남도,"1,332"
1817,휴대폰가게,제주특별자치도,241
