,corp,city,2
0,업종전체,합계,"2,544,505"
1,업종전체,서울특별시,"507,899"
2,업종전체,인천광역시,"131,051"
3,업종전체,경기도,"605,277"
4,업종전체,강원도,"89,078"
5,업종전체,대전광역시,"73,569"
6,업종전체,충청북도,"80,495"
7,업종전체,충청남도,"105,936"
8,업종전체,세종특별자치시,"14,290"
9,업종전체,광주광역시,"73,822"
10,업종전체,전라북도,"88,077"
11,업종전체,전라남도,"89,212"
12,업종전체,대구광역시,"120,632"
13,업종전체,경상북도,"134,378"
14,업종전체,부산광역시,"166,158"
15,업종전체,울산광역시,"53,671"
16,업종전체,경상남도,"163,758"
17,업종전체,제주특별자치도,"47,202"
18,LPG 충전소,합계,"1,608"
19,LPG 충전소,서울특별시,76
20,LPG 충전소,인천광역시,68
21,LPG 충전소,경기도,371
22,LPG 충전소,강원도,93
23,LPG 충전소,대전광역시,38
24,LPG 충전소,충청북도,74
25,LPG 충전소,충청남도,131
26,LPG 충전소,세종특별자치시,4
27,LPG 충전소,광주광역시,39
28,LPG 충전소,전라북도,108
29,LPG 충전소,전라남도,119
30,LPG 충전소,대구광역시,42
31,LPG 충전소,경상북도,167
32,LPG 충전소,부산광역시,59
33,LPG 충전소,울산광역시,29
34,LPG 충전소,경상남도,156
35,LPG 충전소,제주특별자치도,34
36,PC방,합계,"10,039"
37,PC방,서울특별시,"1,584"
38,PC방,인천광역시,534
39,PC방,경기도,"2,420"
40,PC방,강원도,432
41,PC방,대전광역시,296
42,PC방,충청북도,355
43,PC방,충청남도,446
44,PC방,세종특별자치시,48
45,PC방,광주광역시,470
46,PC방,전라북도,395
47,PC방,전라남도,377
48,PC방,대구광역시,524
49,PC방,경상북도,559
50,PC방,부산광역시,585
51,PC방,울산광역시,241
52,PC방,경상남도,605
53,PC방,제주특별자치도,168
54,가구점,합계,"7,643"
55,가구점,서울특별시,"1,031"
56,가구점,인천광역시,307
57,가구점,경기도,"2,058"
58,가구점,강원도,300
59,가구점,대전광역시,211
60,가구점,충청북도,276
61,가구점,충청남도,297
62,가구점,세종특별자치시,30
63,가구점,광주광역시,217
64,가구점,전라북도,403
65,가구점,전라남도,280
66,가구점,대구광역시,366
67,가구점,경상북도,478
68,가구점,부산광역시,496
69,가구점,울산광역시,164
70,가구점,경상남도,538
71,가구점,제주특별자치도,191
72,가전제품수리점,합계,"17,052"
73,가전제품수리점,서울특별시,"2,823"
74,가전제품수리점,인천광역시,"1,221"
75,가전제품수리점,경기도,"5,036"
76,가전제품수리점,강원도,578
77,가전제품수리점,대전광역시,566
78,가전제품수리점,충청북도,498
79,가전제품수리점,충청남도,711
80,가전제품수리점,세종특별자치시,83
81,가전제품수리점,광주광역시,487
82,가전제품수리점,전라북도,574
83,가전제품수리점,전라남도,523
84,가전제품수리점,대구광역시,825
85,가전제품수리점,경상북도,619
86,가전제품수리점,부산광역시,"1,015"
87,가전제품수리점,울산광역시,308
88,가전제품수리점,경상남도,993
89,가전제품수리점,제주특별자치도,192
90,가전제품판매점,합계,"10,200"
91,가전제품판매점,서울특별시,"1,538"
92,가전제품판매점,인천광역시,391
93,가전제품판매점,경기도,"2,044"
94,가전제품판매점,강원도,465
95,가전제품판매점,대전광역시,306
96,가전제품판매점,충청북도,412
97,가전제품판매점,충청남도,533
98,가전제품판매점,세종특별자치시,45
99,가전제품판매점,광주광역시,350
100,가전제품판매점,전라북도,533
101,가전제품판매점,전라남도,574
102,가전제품판매점,대구광역시,489
103,가전제품판매점,경상북도,696
104,가전제품판매점,부산광역시,613
105,가전제품판매점,울산광역시,204
106,가전제품판매점,경상남도,754
107,가전제품판매점,제주특별자치도,253
108,간이주점,합계,"12,592"
109,간이주점,서울특별시,"3,968"
110,간이주점,인천광역시,"1,268"
111,간이주점,경기도,"2,567"
112,간이주점,강원도,384
113,간이주점,대전광역시,79
114,간이주점,충청북도,409
115,간이주점,충청남도,562
116,간이주점,세종특별자치시,15
117,간이주점,광주광역시,176
118,간이주점,전라북도,279
119,간이주점,전라남도,249
120,간이주점,대구광역시,240
121,간이주점,경상북도,341
122,간이주점,부산광역시,792
123,간이주점,울산광역시,98
124,간이주점,경상남도,"1,008"
125,간이주점,제주특별자치도,157
126,간판광고물업,합계,"13,023"
127,간판광고물업,서울특별시,"2,585"
128,간판광고물업,인천광역시,552
129,간판광고물업,경기도,"3,235"
130,간판광고물업,강원도,523
131,간판광고물업,대전광역시,384
132,간판광고물업,충청북도,383
133,간판광고물업,충청남도,479
134,간판광고물업,세종특별자치시,31
135,간판광고물업,광주광역시,432
136,간판광고물업,전라북도,512
137,간판광고물업,전라남도,486
138,간판광고물업,대구광역시,758
139,간판광고물업,경상북도,674
140,간판광고물업,부산광역시,826
141,간판광고물업,울산광역시,267
142,간판광고물업,경상남도,701
143,간판광고물업,제주특별자치도,195
144,감정평가사,합계,"1,238"
145,감정평가사,서울특별시,268
146,감정평가사,인천광역시,82
147,감정평가사,경기도,400
148,감정평가사,강원도,35
149,감정평가사,대전광역시,31
150,감정평가사,충청북도,32
151,감정평가사,충청남도,37
152,감정평가사,세종특별자치시,12
153,감정평가사,광주광역시,37
154,감정평가사,전라북도,39
155,감정평가사,전라남도,20
156,감정평가사,대구광역시,59
157,감정평가사,경상북도,19
158,감정평가사,부산광역시,59
159,감정평가사,울산광역시,23
160,감정평가사,경상남도,69
161,감정평가사,제주특별자치도,16
162,건강보조식품가게,합계,"14,056"
163,건강보조식품가게,서울특별시,"2,322"
164,건강보조식품가게,인천광역시,655
165,건강보조식품가게,경기도,"2,847"
166,건강보조식품가게,강원도,516
167,건강보조식품가게,대전광역시,482
168,건강보조식품가게,충청북도,431
169,건강보조식품가게,충청남도,"1,284"
170,건강보조식품가게,세종특별자치시,60
171,건강보조식품가게,광주광역시,414
172,건강보조식품가게,전라북도,751
173,건강보조식품가게,전라남도,483
174,건강보조식품가게,대구광역시,596
175,건강보조식품가게,경상북도,939
176,건강보조식품가게,부산광역시,839
177,건강보조식품가게,울산광역시,231
178,건강보조식품가게,경상남도,"1,024"
179,건강보조식품가게,제주특별자치도,182
180,건어물가게,합계,"7,406"
181,건어물가게,서울특별시,767
182,건어물가게,인천광역시,395
183,건어물가게,경기도,891
184,건어물가게,강원도,673
185,건어물가게,대전광역시,129
186,건어물가게,충청북도,109
187,건어물가게,충청남도,633
188,건어물가게,세종특별자치시,15
189,건어물가게,광주광역시,179
190,건어물가게,전라북도,360
191,건어물가게,전라남도,950
192,건어물가게,대구광역시,159
193,건어물가게,경상북도,654
194,건어물가게,부산광역시,525
195,건어물가게,울산광역시,142
196,건어물가게,경상남도,717
197,건어물가게,제주특별자치도,108
198,건축사,합계,"10,501"
199,건축사,서울특별시,"2,742"
200,건축사,인천광역시,353
201,건축사,경기도,"2,218"
202,건축사,강원도,345
203,건축사,대전광역시,224
204,건축사,충청북도,307
205,건축사,충청남도,363
206,건축사,세종특별자치시,61
207,건축사,광주광역시,251
208,건축사,전라북도,372
209,건축사,전라남도,298
210,건축사,대구광역시,698
211,건축사,경상북도,490
212,건축사,부산광역시,703
213,건축사,울산광역시,221
214,건축사,경상남도,540
215,건축사,제주특별자치도,315
216,결혼상담소,합계,"1,679"
217,결혼상담소,서울특별시,449
218,결혼상담소,인천광역시,66
219,결혼상담소,경기도,256
220,결혼상담소,강원도,34
221,결혼상담소,대전광역시,69
222,결혼상담소,충청북도,52
223,결혼상담소,충청남도,74
224,결혼상담소,세종특별자치시,8
225,결혼상담소,광주광역시,86
226,결혼상담소,전라북도,83
227,결혼상담소,전라남도,53
228,결혼상담소,대구광역시,114
229,결혼상담소,경상북도,67
230,결혼상담소,부산광역시,114
231,결혼상담소,울산광역시,31
232,결혼상담소,경상남도,95
233,결혼상담소,제주특별자치도,28
234,곡물가게,합계,"5,077"
235,곡물가게,서울특별시,643
236,곡물가게,인천광역시,214
237,곡물가게,경기도,897
238,곡물가게,강원도,329
239,곡물가게,대전광역시,152
240,곡물가게,충청북도,249
241,곡물가게,충청남도,386
242,곡물가게,세종특별자치시,31
243,곡물가게,광주광역시,109
244,곡물가게,전라북도,371
245,곡물가게,전라남도,408
246,곡물가게,대구광역시,187
247,곡물가게,경상북도,373
248,곡물가게,부산광역시,333
249,곡물가게,울산광역시,47
250,곡물가게,경상남도,280
251,곡물가게,제주특별자치도,68
252,공인노무사,합계,991
253,공인노무사,서울특별시,423
254,공인노무사,인천광역시,42
255,공인노무사,경기도,178
256,공인노무사,강원도,17
257,공인노무사,대전광역시,21
258,공인노무사,충청북도,18
259,공인노무사,충청남도,27
260,공인노무사,세종특별자치시,6
261,공인노무사,광주광역시,29
262,공인노무사,전라북도,27
263,공인노무사,전라남도,12
264,공인노무사,대구광역시,33
265,공인노무사,경상북도,19
266,공인노무사,부산광역시,63
267,공인노무사,울산광역시,26
268,공인노무사,경상남도,41
269,공인노무사,제주특별자치도,9
270,공인회계사,합계,"1,847"
271,공인회계사,서울특별시,847
272,공인회계사,인천광역시,69
273,공인회계사,경기도,318
274,공인회계사,강원도,15
275,공인회계사,대전광역시,34
276,공인회계사,충청북도,33
277,공인회계사,충청남도,43
278,공인회계사,세종특별자치시,12
279,공인회계사,광주광역시,34
280,공인회계사,전라북도,36
281,공인회계사,전라남도,25
282,공인회계사,대구광역시,89
283,공인회계사,경상북도,27
284,공인회계사,부산광역시,132
285,공인회계사,울산광역시,28
286,공인회계사,경상남도,76
287,공인회계사,제주특별자치도,29
288,과일가게,합계,"12,386"
289,과일가게,서울특별시,"1,306"
290,과일가게,인천광역시,446
291,과일가게,경기도,"2,030"
292,과일가게,강원도,316
293,과일가게,대전광역시,322
294,과일가게,충청북도,656
295,과일가게,충청남도,695
296,과일가게,세종특별자치시,105
297,과일가게,광주광역시,306
298,과일가게,전라북도,609
299,과일가게,전라남도,666
300,과일가게,대구광역시,393
301,과일가게,경상북도,"1,374"
302,과일가게,부산광역시,656
303,과일가게,울산광역시,155
304,과일가게,경상남도,"1,262"
305,과일가게,제주특별자치도,"1,089"
306,교습소･공부방,합계,"39,149"
307,교습소･공부방,서울특별시,"7,856"
308,교습소･공부방,인천광역시,"1,803"
309,교습소･공부방,경기도,"9,876"
310,교습소･공부방,강원도,"1,084"
311,교습소･공부방,대전광역시,"1,459"
312,교습소･공부방,충청북도,"1,053"
313,교습소･공부방,충청남도,"1,323"
314,교습소･공부방,세종특별자치시,330
315,교습소･공부방,광주광역시,854
316,교습소･공부방,전라북도,867
317,교습소･공부방,전라남도,847
318,교습소･공부방,대구광역시,"2,885"
319,교습소･공부방,경상북도,"2,100"
320,교습소･공부방,부산광역시,"2,800"
321,교습소･공부방,울산광역시,915
322,교습소･공부방,경상남도,"2,445"
323,교습소･공부방,제주특별자치도,652
324,교습학원,합계,"56,480"
325,교습학원,서울특별시,"10,466"
326,교습학원,인천광역시,"2,523"
327,교습학원,경기도,"15,039"
328,교습학원,강원도,"1,446"
329,교습학원,대전광역시,"1,278"
330,교습학원,충청북도,"1,469"
331,교습학원,충청남도,"1,870"
332,교습학원,세종특별자치시,488
333,교습학원,광주광역시,"2,392"
334,교습학원,전라북도,"2,422"
335,교습학원,전라남도,"1,811"
336,교습학원,대구광역시,"2,681"
337,교습학원,경상북도,"2,576"
338,교습학원,부산광역시,"3,595"
339,교습학원,울산광역시,"1,641"
340,교습학원,경상남도,"4,052"
341,교습학원,제주특별자치도,731
342,구내식당,합계,"20,492"
343,구내식당,서울특별시,"3,626"
344,구내식당,인천광역시,"1,327"
345,구내식당,경기도,"5,007"
346,구내식당,강원도,572
347,구내식당,대전광역시,667
348,구내식당,충청북도,731
349,구내식당,충청남도,995
350,구내식당,세종특별자치시,78
351,구내식당,광주광역시,386
352,구내식당,전라북도,743
353,구내식당,전라남도,611
354,구내식당,대구광역시,844
355,구내식당,경상북도,"1,249"
356,구내식당,부산광역시,"1,350"
357,구내식당,울산광역시,404
358,구내식당,경상남도,"1,748"
359,구내식당,제주특별자치도,154
360,기술및직업훈련학원,합계,"15,613"
361,기술및직업훈련학원,서울특별시,"3,434"
362,기술및직업훈련학원,인천광역시,650
363,기술및직업훈련학원,경기도,"3,670"
364,기술및직업훈련학원,강원도,464
365,기술및직업훈련학원,대전광역시,525
366,기술및직업훈련학원,충청북도,417
367,기술및직업훈련학원,충청남도,590
368,기술및직업훈련학원,세종특별자치시,130
369,기술및직업훈련학원,광주광역시,549
370,기술및직업훈련학원,전라북도,572
371,기술및직업훈련학원,전라남도,489
372,기술및직업훈련학원,대구광역시,845
373,기술및직업훈련학원,경상북도,643
374,기술및직업훈련학원,부산광역시,"1,046"
375,기술및직업훈련학원,울산광역시,351
376,기술및직업훈련학원,경상남도,907
377,기술및직업훈련학원,제주특별자치도,331
378,기술사,합계,"1,145"
379,기술사,서울특별시,314
380,기술사,인천광역시,33
381,기술사,경기도,268
382,기술사,강원도,39
383,기술사,대전광역시,28
384,기술사,충청북도,34
385,기술사,충청남도,35
386,기술사,세종특별자치시,4
387,기술사,광주광역시,38
388,기술사,전라북도,39
389,기술사,전라남도,45
390,기술사,대구광역시,34
391,기술사,경상북도,47
392,기술사,부산광역시,67
393,기술사,울산광역시,17
394,기술사,경상남도,84
395,기술사,제주특별자치도,19
396,기타 일반의원,합계,"3,323"
397,기타 일반의원,서울특별시,912
398,기타 일반의원,인천광역시,151
399,기타 일반의원,경기도,660
400,기타 일반의원,강원도,70
401,기타 일반의원,대전광역시,146
402,기타 일반의원,충청북도,95
403,기타 일반의원,충청남도,100
404,기타 일반의원,세종특별자치시,20
405,기타 일반의원,광주광역시,127
406,기타 일반의원,전라북도,181
407,기타 일반의원,전라남도,109
408,기타 일반의원,대구광역시,160
409,기타 일반의원,경상북도,109
410,기타 일반의원,부산광역시,231
411,기타 일반의원,울산광역시,49
412,기타 일반의원,경상남도,148
413,기타 일반의원,제주특별자치도,55
414,기타외국식전문점,합계,"25,005"
415,기타외국식전문점,서울특별시,"7,635"
416,기타외국식전문점,인천광역시,852
417,기타외국식전문점,경기도,"5,379"
418,기타외국식전문점,강원도,812
419,기타외국식전문점,대전광역시,623
420,기타외국식전문점,충청북도,565
421,기타외국식전문점,충청남도,731
422,기타외국식전문점,세종특별자치시,170
423,기타외국식전문점,광주광역시,397
424,기타외국식전문점,전라북도,771
425,기타외국식전문점,전라남도,439
426,기타외국식전문점,대구광역시,"1,208"
427,기타외국식전문점,경상북도,736
428,기타외국식전문점,부산광역시,"1,887"
429,기타외국식전문점,울산광역시,667
430,기타외국식전문점,경상남도,"1,267"
431,기타외국식전문점,제주특별자치도,866
432,기타음식점,합계,"22,422"
433,기타음식점,서울특별시,"4,241"
434,기타음식점,인천광역시,923
435,기타음식점,경기도,"5,280"
436,기타음식점,강원도,963
437,기타음식점,대전광역시,525
438,기타음식점,충청북도,697
439,기타음식점,충청남도,931
440,기타음식점,세종특별자치시,124
441,기타음식점,광주광역시,877
442,기타음식점,전라북도,697
443,기타음식점,전라남도,768
444,기타음식점,대구광역시,"1,140"
445,기타음식점,경상북도,"1,154"
446,기타음식점,부산광역시,"1,512"
447,기타음식점,울산광역시,530
448,기타음식점,경상남도,"1,686"
449,기타음식점,제주특별자치도,374
450,꽃가게,합계,"24,533"
451,꽃가게,서울특별시,"4,438"
452,꽃가게,인천광역시,986
453,꽃가게,경기도,"5,692"
454,꽃가게,강원도,787
455,꽃가게,대전광역시,733
456,꽃가게,충청북도,910
457,꽃가게,충청남도,"1,134"
458,꽃가게,세종특별자치시,115
459,꽃가게,광주광역시,763
460,꽃가게,전라북도,"1,103"
461,꽃가게,전라남도,"1,187"
462,꽃가게,대구광역시,"1,166"
463,꽃가게,경상북도,"1,439"
464,꽃가게,부산광역시,"1,345"
465,꽃가게,울산광역시,533
466,꽃가게,경상남도,"1,812"
467,꽃가게,제주특별자치도,390
468,내과ㆍ소아과 의원,합계,"11,465"
469,내과ㆍ소아과 의원,서울특별시,"2,489"
470,내과ㆍ소아과 의원,인천광역시,597
471,내과ㆍ소아과 의원,경기도,"2,657"
472,내과ㆍ소아과 의원,강원도,321
473,내과ㆍ소아과 의원,대전광역시,380
474,내과ㆍ소아과 의원,충청북도,321
475,내과ㆍ소아과 의원,충청남도,449
476,내과ㆍ소아과 의원,세종특별자치시,67
477,내과ㆍ소아과 의원,광주광역시,329
478,내과ㆍ소아과 의원,전라북도,418
479,내과ㆍ소아과 의원,전라남도,434
480,내과ㆍ소아과 의원,대구광역시,583
481,내과ㆍ소아과 의원,경상북도,536
482,내과ㆍ소아과 의원,부산광역시,816
483,내과ㆍ소아과 의원,울산광역시,223
484,내과ㆍ소아과 의원,경상남도,685
485,내과ㆍ소아과 의원,제주특별자치도,160
486,노래방,합계,"28,884"
487,노래방,서울특별시,"5,477"
488,노래방,인천광역시,"2,222"
489,노래방,경기도,"6,949"
490,노래방,강원도,825
491,노래방,대전광역시,"1,255"
492,노래방,충청북도,"1,108"
493,노래방,충청남도,"1,187"
494,노래방,세종특별자치시,143
495,노래방,광주광역시,"1,006"
496,노래방,전라북도,808
497,노래방,전라남도,700
498,노래방,대구광역시,"1,581"
499,노래방,경상북도,"1,481"
500,노래방,부산광역시,"1,615"
501,노래방,울산광역시,700
502,노래방,경상남도,"1,520"
503,노래방,제주특별자치도,307
504,담배가게,합계,"12,352"
505,담배가게,서울특별시,"2,135"
506,담배가게,인천광역시,373
507,담배가게,경기도,"1,682"
508,담배가게,강원도,560
509,담배가게,대전광역시,273
510,담배가게,충청북도,528
511,담배가게,충청남도,594
512,담배가게,세종특별자치시,45
513,담배가게,광주광역시,287
514,담배가게,전라북도,624
515,담배가게,전라남도,935
516,담배가게,대구광역시,489
517,담배가게,경상북도,"1,283"
518,담배가게,부산광역시,"1,096"
519,담배가게,울산광역시,232
520,담배가게,경상남도,"1,044"
521,담배가게,제주특별자치도,172
522,당구장,합계,"17,839"
523,당구장,서울특별시,"3,081"
524,당구장,인천광역시,"1,133"
525,당구장,경기도,"4,536"
526,당구장,강원도,774
527,당구장,대전광역시,484
528,당구장,충청북도,697
529,당구장,충청남도,767
530,당구장,세종특별자치시,94
531,당구장,광주광역시,584
532,당구장,전라북도,612
533,당구장,전라남도,716
534,당구장,대구광역시,663
535,당구장,경상북도,900
536,당구장,부산광역시,915
537,당구장,울산광역시,487
538,당구장,경상남도,"1,061"
539,당구장,제주특별자치도,335
540,독서실,합계,"9,744"
541,독서실,서울특별시,"3,257"
542,독서실,인천광역시,473
543,독서실,경기도,"2,344"
544,독서실,강원도,163
545,독서실,대전광역시,278
546,독서실,충청북도,200
547,독서실,충청남도,244
548,독서실,세종특별자치시,46
549,독서실,광주광역시,386
550,독서실,전라북도,277
551,독서실,전라남도,187
552,독서실,대구광역시,427
553,독서실,경상북도,263
554,독서실,부산광역시,469
555,독서실,울산광역시,239
556,독서실,경상남도,406
557,독서실,제주특별자치도,85
558,동물병원,합계,"4,243"
559,동물병원,서울특별시,841
560,동물병원,인천광역시,194
561,동물병원,경기도,"1,102"
562,동물병원,강원도,102
563,동물병원,대전광역시,102
564,동물병원,충청북도,113
565,동물병원,충청남도,191
566,동물병원,세종특별자치시,26
567,동물병원,광주광역시,108
568,동물병원,전라북도,164
569,동물병원,전라남도,170
570,동물병원,대구광역시,171
571,동물병원,경상북도,282
572,동물병원,부산광역시,245
573,동물병원,울산광역시,74
574,동물병원,경상남도,276
575,동물병원,제주특별자치도,82
576,목욕탕,합계,"5,298"
577,목욕탕,서울특별시,665
578,목욕탕,인천광역시,199
579,목욕탕,경기도,722
580,목욕탕,강원도,177
581,목욕탕,대전광역시,95
582,목욕탕,충청북도,151
583,목욕탕,충청남도,195
584,목욕탕,세종특별자치시,14
585,목욕탕,광주광역시,172
586,목욕탕,전라북도,206
587,목욕탕,전라남도,290
588,목욕탕,대구광역시,246
589,목욕탕,경상북도,407
590,목욕탕,부산광역시,713
591,목욕탕,울산광역시,182
592,목욕탕,경상남도,750
593,목욕탕,제주특별자치도,114
594,문구점,합계,"9,083"
595,문구점,서울특별시,"1,539"
596,문구점,인천광역시,464
597,문구점,경기도,"2,101"
598,문구점,강원도,360
599,문구점,대전광역시,307
600,문구점,충청북도,325
601,문구점,충청남도,433
602,문구점,세종특별자치시,83
603,문구점,광주광역시,289
604,문구점,전라북도,417
605,문구점,전라남도,410
606,문구점,대구광역시,357
607,문구점,경상북도,518
608,문구점,부산광역시,536
609,문구점,울산광역시,192
610,문구점,경상남도,589
611,문구점,제주특별자치도,163
612,미용실,합계,"104,459"
613,미용실,서울특별시,"18,215"
614,미용실,인천광역시,"5,570"
615,미용실,경기도,"23,659"
616,미용실,강원도,"3,636"
617,미용실,대전광역시,"3,362"
618,미용실,충청북도,"3,555"
619,미용실,충청남도,"4,361"
620,미용실,세종특별자치시,442
621,미용실,광주광역시,"3,333"
622,미용실,전라북도,"4,015"
623,미용실,전라남도,"3,651"
624,미용실,대구광역시,"5,662"
625,미용실,경상북도,"6,050"
626,미용실,부산광역시,"7,599"
627,미용실,울산광역시,"2,680"
628,미용실,경상남도,"7,268"
629,미용실,제주특별자치도,"1,401"
630,법무사,합계,"6,628"
631,법무사,서울특별시,"1,994"
632,법무사,인천광역시,294
633,법무사,경기도,"1,244"
634,법무사,강원도,194
635,법무사,대전광역시,171
636,법무사,충청북도,171
637,법무사,충청남도,221
638,법무사,세종특별자치시,24
639,법무사,광주광역시,220
640,법무사,전라북도,250
641,법무사,전라남도,225
642,법무사,대구광역시,312
643,법무사,경상북도,261
644,법무사,부산광역시,464
645,법무사,울산광역시,113
646,법무사,경상남도,386
647,법무사,제주특별자치도,84
648,변리사,합계,"1,057"
649,변리사,서울특별시,745
650,변리사,인천광역시,16
651,변리사,경기도,93
652,변리사,강원도,*
653,변리사,대전광역시,89
654,변리사,충청북도,5
655,변리사,충청남도,8
656,변리사,세종특별자치시,*
657,변리사,광주광역시,11
658,변리사,전라북도,6
659,변리사,전라남도,3
660,변리사,대구광역시,23
661,변리사,경상북도,5
662,변리사,부산광역시,29
663,변리사,울산광역시,6
664,변리사,경상남도,12
665,변리사,제주특별자치도,3
666,변호사,합계,"7,744"
667,변호사,서울특별시,"4,035"
668,변호사,인천광역시,267
669,변호사,경기도,"1,004"
670,변호사,강원도,118
671,변호사,대전광역시,230
672,변호사,충청북도,107
673,변호사,충청남도,148
674,변호사,세종특별자치시,18
675,변호사,광주광역시,224
676,변호사,전라북도,195
677,변호사,전라남도,93
678,변호사,대구광역시,287
679,변호사,경상북도,122
680,변호사,부산광역시,443
681,변호사,울산광역시,124
682,변호사,경상남도,237
683,변호사,제주특별자치도,92
684,부동산중개업,합계,"131,919"
685,부동산중개업,서울특별시,"32,429"
686,부동산중개업,인천광역시,"7,217"
687,부동산중개업,경기도,"37,113"
688,부동산중개업,강원도,"2,683"
689,부동산중개업,대전광역시,"3,441"
690,부동산중개업,충청북도,"3,035"
691,부동산중개업,충청남도,"4,342"
692,부동산중개업,세종특별자치시,"1,494"
693,부동산중개업,광주광역시,"4,281"
694,부동산중개업,전라북도,"3,303"
695,부동산중개업,전라남도,"2,445"
696,부동산중개업,대구광역시,"6,084"
697,부동산중개업,경상북도,"4,279"
698,부동산중개업,부산광역시,"8,468"
699,부동산중개업,울산광역시,"2,358"
700,부동산중개업,경상남도,"6,921"
701,부동산중개업,제주특별자치도,"2,026"
702,분식점,합계,"54,226"
703,분식점,서울특별시,"10,716"
704,분식점,인천광역시,"2,545"
705,분식점,경기도,"12,764"
706,분식점,강원도,"1,690"
707,분식점,대전광역시,"1,961"
708,분식점,충청북도,"2,192"
709,분식점,충청남도,"2,346"
710,분식점,세종특별자치시,219
711,분식점,광주광역시,"1,569"
712,분식점,전라북도,"2,049"
713,분식점,전라남도,"1,484"
714,분식점,대구광역시,"2,502"
715,분식점,경상북도,"2,584"
716,분식점,부산광역시,"4,067"
717,분식점,울산광역시,807
718,분식점,경상남도,"3,951"
719,분식점,제주특별자치도,780
720,사진촬영업,합계,"14,982"
721,사진촬영업,서울특별시,"4,869"
722,사진촬영업,인천광역시,661
723,사진촬영업,경기도,"3,289"
724,사진촬영업,강원도,432
725,사진촬영업,대전광역시,416
726,사진촬영업,충청북도,318
727,사진촬영업,충청남도,413
728,사진촬영업,세종특별자치시,65
729,사진촬영업,광주광역시,417
730,사진촬영업,전라북도,434
731,사진촬영업,전라남도,351
732,사진촬영업,대구광역시,676
733,사진촬영업,경상북도,536
734,사진촬영업,부산광역시,862
735,사진촬영업,울산광역시,232
736,사진촬영업,경상남도,602
737,사진촬영업,제주특별자치도,409
738,산부인과 의원,합계,"1,671"
739,산부인과 의원,서울특별시,494
740,산부인과 의원,인천광역시,81
741,산부인과 의원,경기도,337
742,산부인과 의원,강원도,37
743,산부인과 의원,대전광역시,60
744,산부인과 의원,충청북도,45
745,산부인과 의원,충청남도,49
746,산부인과 의원,세종특별자치시,10
747,산부인과 의원,광주광역시,53
748,산부인과 의원,전라북도,54
749,산부인과 의원,전라남도,24
750,산부인과 의원,대구광역시,106
751,산부인과 의원,경상북도,66
752,산부인과 의원,부산광역시,103
753,산부인과 의원,울산광역시,44
754,산부인과 의원,경상남도,84
755,산부인과 의원,제주특별자치도,24
756,생선가게,합계,"12,182"
757,생선가게,서울특별시,"1,505"
758,생선가게,인천광역시,788
759,생선가게,경기도,"1,350"
760,생선가게,강원도,598
761,생선가게,대전광역시,173
762,생선가게,충청북도,188
763,생선가게,충청남도,748
764,생선가게,세종특별자치시,24
765,생선가게,광주광역시,347
766,생선가게,전라북도,635
767,생선가게,전라남도,"1,687"
768,생선가게,대구광역시,247
769,생선가게,경상북도,966
770,생선가게,부산광역시,"1,110"
771,생선가게,울산광역시,417
772,생선가게,경상남도,929
773,생선가게,제주특별자치도,470
774,서점,합계,"8,494"
775,서점,서울특별시,"1,637"
776,서점,인천광역시,395
777,서점,경기도,"2,062"
778,서점,강원도,235
779,서점,대전광역시,324
780,서점,충청북도,240
781,서점,충청남도,359
782,서점,세종특별자치시,73
783,서점,광주광역시,273
784,서점,전라북도,348
785,서점,전라남도,259
786,서점,대구광역시,494
787,서점,경상북도,397
788,서점,부산광역시,549
789,서점,울산광역시,195
790,서점,경상남도,502
791,서점,제주특별자치도,152
792,성형외과 의원,합계,"1,535"
793,성형외과 의원,서울특별시,761
794,성형외과 의원,인천광역시,49
795,성형외과 의원,경기도,198
796,성형외과 의원,강원도,17
797,성형외과 의원,대전광역시,46
798,성형외과 의원,충청북도,24
799,성형외과 의원,충청남도,26
800,성형외과 의원,세종특별자치시,6
801,성형외과 의원,광주광역시,47
802,성형외과 의원,전라북도,26
803,성형외과 의원,전라남도,16
804,성형외과 의원,대구광역시,81
805,성형외과 의원,경상북도,16
806,성형외과 의원,부산광역시,141
807,성형외과 의원,울산광역시,19
808,성형외과 의원,경상남도,42
809,성형외과 의원,제주특별자치도,20
810,세무사,합계,"12,947"
811,세무사,서울특별시,"5,368"
812,세무사,인천광역시,543
813,세무사,경기도,"2,866"
814,세무사,강원도,177
815,세무사,대전광역시,286
816,세무사,충청북도,175
817,세무사,충청남도,270
818,세무사,세종특별자치시,45
819,세무사,광주광역시,310
820,세무사,전라북도,275
821,세무사,전라남도,136
822,세무사,대구광역시,563
823,세무사,경상북도,241
824,세무사,부산광역시,969
825,세무사,울산광역시,169
826,세무사,경상남도,441
827,세무사,제주특별자치도,113
828,세탁소,합계,"24,230"
829,세탁소,서울특별시,"4,703"
830,세탁소,인천광역시,"1,314"
831,세탁소,경기도,"5,559"
832,세탁소,강원도,960
833,세탁소,대전광역시,890
834,세탁소,충청북도,912
835,세탁소,충청남도,"1,150"
836,세탁소,세종특별자치시,110
837,세탁소,광주광역시,894
838,세탁소,전라북도,927
839,세탁소,전라남도,879
840,세탁소,대구광역시,908
841,세탁소,경상북도,"1,288"
842,세탁소,부산광역시,"1,378"
843,세탁소,울산광역시,446
844,세탁소,경상남도,"1,304"
845,세탁소,제주특별자치도,608
846,슈퍼마켓,합계,"28,746"
847,슈퍼마켓,서울특별시,"3,816"
848,슈퍼마켓,인천광역시,"1,777"
849,슈퍼마켓,경기도,"7,785"
850,슈퍼마켓,강원도,998
851,슈퍼마켓,대전광역시,670
852,슈퍼마켓,충청북도,956
853,슈퍼마켓,충청남도,"1,221"
854,슈퍼마켓,세종특별자치시,142
855,슈퍼마켓,광주광역시,839
856,슈퍼마켓,전라북도,999
857,슈퍼마켓,전라남도,"1,216"
858,슈퍼마켓,대구광역시,"1,608"
859,슈퍼마켓,경상북도,"1,787"
860,슈퍼마켓,부산광역시,"1,770"
861,슈퍼마켓,울산광역시,834
862,슈퍼마켓,경상남도,"1,932"
863,슈퍼마켓,제주특별자치도,396
864,스포츠교육기관,합계,"26,299"
865,스포츠교육기관,서울특별시,"4,848"
866,스포츠교육기관,인천광역시,"1,415"
867,스포츠교육기관,경기도,"6,862"
868,스포츠교육기관,강원도,728
869,스포츠교육기관,대전광역시,833
870,스포츠교육기관,충청북도,766
871,스포츠교육기관,충청남도,947
872,스포츠교육기관,세종특별자치시,222
873,스포츠교육기관,광주광역시,945
874,스포츠교육기관,전라북도,867
875,스포츠교육기관,전라남도,738
876,스포츠교육기관,대구광역시,"1,305"
877,스포츠교육기관,경상북도,"1,199"
878,스포츠교육기관,부산광역시,"1,730"
879,스포츠교육기관,울산광역시,608
880,스포츠교육기관,경상남도,"1,844"
881,스포츠교육기관,제주특별자치도,442
882,스포츠시설운영업,합계,"8,788"
883,스포츠시설운영업,서울특별시,"2,352"
884,스포츠시설운영업,인천광역시,457
885,스포츠시설운영업,경기도,"2,373"
886,스포츠시설운영업,강원도,258
887,스포츠시설운영업,대전광역시,200
888,스포츠시설운영업,충청북도,204
889,스포츠시설운영업,충청남도,232
890,스포츠시설운영업,세종특별자치시,60
891,스포츠시설운영업,광주광역시,263
892,스포츠시설운영업,전라북도,265
893,스포츠시설운영업,전라남도,182
894,스포츠시설운영업,대구광역시,355
895,스포츠시설운영업,경상북도,319
896,스포츠시설운영업,부산광역시,528
897,스포츠시설운영업,울산광역시,153
898,스포츠시설운영업,경상남도,450
899,스포츠시설운영업,제주특별자치도,137
900,스포츠용품점,합계,"15,229"
901,스포츠용품점,서울특별시,"1,492"
902,스포츠용품점,인천광역시,523
903,스포츠용품점,경기도,"3,368"
904,스포츠용품점,강원도,880
905,스포츠용품점,대전광역시,377
906,스포츠용품점,충청북도,629
907,스포츠용품점,충청남도,"1,012"
908,스포츠용품점,세종특별자치시,80
909,스포츠용품점,광주광역시,436
910,스포츠용품점,전라북도,892
911,스포츠용품점,전라남도,903
912,스포츠용품점,대구광역시,631
913,스포츠용품점,경상북도,"1,225"
914,스포츠용품점,부산광역시,693
915,스포츠용품점,울산광역시,286
916,스포츠용품점,경상남도,"1,346"
917,스포츠용품점,제주특별자치도,456
918,시계ㆍ귀금속점,합계,"8,154"
919,시계ㆍ귀금속점,서울특별시,"1,875"
920,시계ㆍ귀금속점,인천광역시,361
921,시계ㆍ귀금속점,경기도,"1,307"
922,시계ㆍ귀금속점,강원도,236
923,시계ㆍ귀금속점,대전광역시,231
924,시계ㆍ귀금속점,충청북도,249
925,시계ㆍ귀금속점,충청남도,315
926,시계ㆍ귀금속점,세종특별자치시,23
927,시계ㆍ귀금속점,광주광역시,264
928,시계ㆍ귀금속점,전라북도,376
929,시계ㆍ귀금속점,전라남도,285
930,시계ㆍ귀금속점,대구광역시,523
931,시계ㆍ귀금속점,경상북도,427
932,시계ㆍ귀금속점,부산광역시,790
933,시계ㆍ귀금속점,울산광역시,223
934,시계ㆍ귀금속점,경상남도,566
935,시계ㆍ귀금속점,제주특별자치도,103
936,식료품가게,합계,"48,432"
937,식료품가게,서울특별시,"5,434"
938,식료품가게,인천광역시,"2,115"
939,식료품가게,경기도,"9,145"
940,식료품가게,강원도,"2,814"
941,식료품가게,대전광역시,"1,317"
942,식료품가게,충청북도,"2,224"
943,식료품가게,충청남도,"3,318"
944,식료품가게,세종특별자치시,222
945,식료품가게,광주광역시,"1,399"
946,식료품가게,전라북도,"3,336"
947,식료품가게,전라남도,"3,579"
948,식료품가게,대구광역시,"1,651"
949,식료품가게,경상북도,"3,480"
950,식료품가게,부산광역시,"3,009"
951,식료품가게,울산광역시,753
952,식료품가게,경상남도,"3,819"
953,식료품가게,제주특별자치도,817
954,신경정신과 의원,합계,"1,838"
955,신경정신과 의원,서울특별시,541
956,신경정신과 의원,인천광역시,75
957,신경정신과 의원,경기도,385
958,신경정신과 의원,강원도,40
959,신경정신과 의원,대전광역시,75
960,신경정신과 의원,충청북도,48
961,신경정신과 의원,충청남도,52
962,신경정신과 의원,세종특별자치시,12
963,신경정신과 의원,광주광역시,52
964,신경정신과 의원,전라북도,71
965,신경정신과 의원,전라남도,43
966,신경정신과 의원,대구광역시,114
967,신경정신과 의원,경상북도,50
968,신경정신과 의원,부산광역시,157
969,신경정신과 의원,울산광역시,26
970,신경정신과 의원,경상남도,75
971,신경정신과 의원,제주특별자치도,22
972,신발가게,합계,"6,365"
973,신발가게,서울특별시,"1,246"
974,신발가게,인천광역시,329
975,신발가게,경기도,"1,241"
976,신발가게,강원도,239
977,신발가게,대전광역시,195
978,신발가게,충청북도,214
979,신발가게,충청남도,270
980,신발가게,세종특별자치시,27
981,신발가게,광주광역시,212
982,신발가게,전라북도,284
983,신발가게,전라남도,255
984,신발가게,대구광역시,326
985,신발가게,경상북도,361
986,신발가게,부산광역시,553
987,신발가게,울산광역시,107
988,신발가게,경상남도,401
989,신발가게,제주특별자치도,105
990,실내스크린골프점,합계,"5,301"
991,실내스크린골프점,서울특별시,713
992,실내스크린골프점,인천광역시,222
993,실내스크린골프점,경기도,"1,399"
994,실내스크린골프점,강원도,175
995,실내스크린골프점,대전광역시,153
996,실내스크린골프점,충청북도,193
997,실내스크린골프점,충청남도,229
998,실내스크린골프점,세종특별자치시,35
999,실내스크린골프점,광주광역시,122
1000,실내스크린골프점,전라북도,184
1001,실내스크린골프점,전라남도,173
1002,실내스크린골프점,대구광역시,320
1003,실내스크린골프점,경상북도,325
1004,실내스크린골프점,부산광역시,320
1005,실내스크린골프점,울산광역시,187
1006,실내스크린골프점,경상남도,441
1007,실내스크린골프점,제주특별자치도,110
1008,실내장식가게,합계,"62,123"
1009,실내장식가게,서울특별시,"14,474"
1010,실내장식가게,인천광역시,"3,685"
1011,실내장식가게,경기도,"18,524"
1012,실내장식가게,강원도,"1,297"
1013,실내장식가게,대전광역시,"2,071"
1014,실내장식가게,충청북도,"1,448"
1015,실내장식가게,충청남도,"1,699"
1016,실내장식가게,세종특별자치시,280
1017,실내장식가게,광주광역시,"2,189"
1018,실내장식가게,전라북도,289
1019,실내장식가게,전라남도,"1,346"
1020,실내장식가게,대구광역시,"2,879"
1021,실내장식가게,경상북도,"2,031"
1022,실내장식가게,부산광역시,"4,370"
1023,실내장식가게,울산광역시,"1,134"
1024,실내장식가게,경상남도,"3,041"
1025,실내장식가게,제주특별자치도,"1,366"
1026,실외골프연습장,합계,"2,190"
1027,실외골프연습장,서울특별시,361
1028,실외골프연습장,인천광역시,71
1029,실외골프연습장,경기도,492
1030,실외골프연습장,강원도,105
1031,실외골프연습장,대전광역시,68
1032,실외골프연습장,충청북도,95
1033,실외골프연습장,충청남도,93
1034,실외골프연습장,세종특별자치시,4
1035,실외골프연습장,광주광역시,42
1036,실외골프연습장,전라북도,88
1037,실외골프연습장,전라남도,93
1038,실외골프연습장,대구광역시,94
1039,실외골프연습장,경상북도,193
1040,실외골프연습장,부산광역시,129
1041,실외골프연습장,울산광역시,50
1042,실외골프연습장,경상남도,158
1043,실외골프연습장,제주특별자치도,54
1044,안경점,합계,"9,253"
1045,안경점,서울특별시,"2,023"
1046,안경점,인천광역시,420
1047,안경점,경기도,"2,034"
1048,안경점,강원도,254
1049,안경점,대전광역시,316
1050,안경점,충청북도,290
1051,안경점,충청남도,347
1052,안경점,세종특별자치시,49
1053,안경점,광주광역시,354
1054,안경점,전라북도,357
1055,안경점,전라남도,316
1056,안경점,대구광역시,475
1057,안경점,경상북도,435
1058,안경점,부산광역시,640
1059,안경점,울산광역시,221
1060,안경점,경상남도,590
1061,안경점,제주특별자치도,132
1062,안과 의원,합계,"1,681"
1063,안과 의원,서울특별시,460
1064,안과 의원,인천광역시,66
1065,안과 의원,경기도,361
1066,안과 의원,강원도,42
1067,안과 의원,대전광역시,49
1068,안과 의원,충청북도,40
1069,안과 의원,충청남도,52
1070,안과 의원,세종특별자치시,6
1071,안과 의원,광주광역시,41
1072,안과 의원,전라북도,63
1073,안과 의원,전라남도,49
1074,안과 의원,대구광역시,101
1075,안과 의원,경상북도,69
1076,안과 의원,부산광역시,136
1077,안과 의원,울산광역시,33
1078,안과 의원,경상남도,93
1079,안과 의원,제주특별자치도,20
1080,애완용품점,합계,"8,566"
1081,애완용품점,서울특별시,"1,365"
1082,애완용품점,인천광역시,530
1083,애완용품점,경기도,"2,696"
1084,애완용품점,강원도,240
1085,애완용품점,대전광역시,279
1086,애완용품점,충청북도,253
1087,애완용품점,충청남도,361
1088,애완용품점,세종특별자치시,32
1089,애완용품점,광주광역시,192
1090,애완용품점,전라북도,238
1091,애완용품점,전라남도,191
1092,애완용품점,대구광역시,383
1093,애완용품점,경상북도,429
1094,애완용품점,부산광역시,624
1095,애완용품점,울산광역시,140
1096,애완용품점,경상남도,502
1097,애완용품점,제주특별자치도,111
1098,약국,합계,"23,208"
1099,약국,서울특별시,"5,217"
1100,약국,인천광역시,"1,135"
1101,약국,경기도,"5,194"
1102,약국,강원도,689
1103,약국,대전광역시,745
1104,약국,충청북도,685
1105,약국,충청남도,971
1106,약국,세종특별자치시,135
1107,약국,광주광역시,679
1108,약국,전라북도,934
1109,약국,전라남도,799
1110,약국,대구광역시,"1,308"
1111,약국,경상북도,"1,117"
1112,약국,부산광역시,"1,573"
1113,약국,울산광역시,423
1114,약국,경상남도,"1,301"
1115,약국,제주특별자치도,303
1116,여관ㆍ모텔,합계,"20,211"
1117,여관ㆍ모텔,서울특별시,"1,782"
1118,여관ㆍ모텔,인천광역시,806
1119,여관ㆍ모텔,경기도,"3,138"
1120,여관ㆍ모텔,강원도,"1,522"
1121,여관ㆍ모텔,대전광역시,595
1122,여관ㆍ모텔,충청북도,847
1123,여관ㆍ모텔,충청남도,"1,474"
1124,여관ㆍ모텔,세종특별자치시,65
1125,여관ㆍ모텔,광주광역시,490
1126,여관ㆍ모텔,전라북도,"1,009"
1127,여관ㆍ모텔,전라남도,"1,293"
1128,여관ㆍ모텔,대구광역시,650
1129,여관ㆍ모텔,경상북도,"1,930"
1130,여관ㆍ모텔,부산광역시,"1,309"
1131,여관ㆍ모텔,울산광역시,606
1132,여관ㆍ모텔,경상남도,"2,292"
1133,여관ㆍ모텔,제주특별자치도,403
1134,여행사,합계,"13,558"
1135,여행사,서울특별시,"5,246"
1136,여행사,인천광역시,394
1137,여행사,경기도,"1,756"
1138,여행사,강원도,343
1139,여행사,대전광역시,313
1140,여행사,충청북도,269
1141,여행사,충청남도,315
1142,여행사,세종특별자치시,52
1143,여행사,광주광역시,391
1144,여행사,전라북도,407
1145,여행사,전라남도,444
1146,여행사,대구광역시,523
1147,여행사,경상북도,449
1148,여행사,부산광역시,"1,020"
1149,여행사,울산광역시,177
1150,여행사,경상남도,542
1151,여행사,제주특별자치도,917
1152,예술학원,합계,"30,809"
1153,예술학원,서울특별시,"5,410"
1154,예술학원,인천광역시,"1,494"
1155,예술학원,경기도,"8,476"
1156,예술학원,강원도,892
1157,예술학원,대전광역시,879
1158,예술학원,충청북도,880
1159,예술학원,충청남도,"1,100"
1160,예술학원,세종특별자치시,291
1161,예술학원,광주광역시,"1,098"
1162,예술학원,전라북도,"1,319"
1163,예술학원,전라남도,875
1164,예술학원,대구광역시,"1,413"
1165,예술학원,경상북도,"1,385"
1166,예술학원,부산광역시,"1,850"
1167,예술학원,울산광역시,802
1168,예술학원,경상남도,"2,190"
1169,예술학원,제주특별자치도,455
1170,예식장,합계,835
1171,예식장,서울특별시,159
1172,예식장,인천광역시,23
1173,예식장,경기도,127
1174,예식장,강원도,35
1175,예식장,대전광역시,21
1176,예식장,충청북도,36
1177,예식장,충청남도,64
1178,예식장,세종특별자치시,5
1179,예식장,광주광역시,23
1180,예식장,전라북도,43
1181,예식장,전라남도,41
1182,예식장,대구광역시,39
1183,예식장,경상북도,61
1184,예식장,부산광역시,60
1185,예식장,울산광역시,16
1186,예식장,경상남도,62
1187,예식장,제주특별자치도,20
1188,옷가게,합계,"85,173"
1189,옷가게,서울특별시,"15,489"
1190,옷가게,인천광역시,"4,022"
1191,옷가게,경기도,"17,724"
1192,옷가게,강원도,"3,145"
1193,옷가게,대전광역시,"2,807"
1194,옷가게,충청북도,"2,892"
1195,옷가게,충청남도,"3,302"
1196,옷가게,세종특별자치시,371
1197,옷가게,광주광역시,"3,094"
1198,옷가게,전라북도,"3,336"
1199,옷가게,전라남도,"3,043"
1200,옷가게,대구광역시,"5,227"
1201,옷가게,경상북도,"4,627"
1202,옷가게,부산광역시,"7,025"
1203,옷가게,울산광역시,"1,773"
1204,옷가게,경상남도,"5,579"
1205,옷가게,제주특별자치도,"1,717"
1206,의료용품가게,합계,"7,192"
1207,의료용품가게,서울특별시,"1,591"
1208,의료용품가게,인천광역시,302
1209,의료용품가게,경기도,"1,642"
1210,의료용품가게,강원도,188
1211,의료용품가게,대전광역시,254
1212,의료용품가게,충청북도,192
1213,의료용품가게,충청남도,285
1214,의료용품가게,세종특별자치시,30
1215,의료용품가게,광주광역시,312
1216,의료용품가게,전라북도,343
1217,의료용품가게,전라남도,222
1218,의료용품가게,대구광역시,349
1219,의료용품가게,경상북도,288
1220,의료용품가게,부산광역시,589
1221,의료용품가게,울산광역시,114
1222,의료용품가게,경상남도,411
1223,의료용품가게,제주특별자치도,80
1224,이륜자동차판매점,합계,"2,707"
1225,이륜자동차판매점,서울특별시,461
1226,이륜자동차판매점,인천광역시,96
1227,이륜자동차판매점,경기도,477
1228,이륜자동차판매점,강원도,92
1229,이륜자동차판매점,대전광역시,66
1230,이륜자동차판매점,충청북도,92
1231,이륜자동차판매점,충청남도,143
1232,이륜자동차판매점,세종특별자치시,8
1233,이륜자동차판매점,광주광역시,65
1234,이륜자동차판매점,전라북도,129
1235,이륜자동차판매점,전라남도,150
1236,이륜자동차판매점,대구광역시,154
1237,이륜자동차판매점,경상북도,209
1238,이륜자동차판매점,부산광역시,219
1239,이륜자동차판매점,울산광역시,73
1240,이륜자동차판매점,경상남도,232
1241,이륜자동차판매점,제주특별자치도,41
1242,이발소,합계,"12,133"
1243,이발소,서울특별시,"2,165"
1244,이발소,인천광역시,414
1245,이발소,경기도,"2,156"
1246,이발소,강원도,657
1247,이발소,대전광역시,406
1248,이발소,충청북도,425
1249,이발소,충청남도,642
1250,이발소,세종특별자치시,42
1251,이발소,광주광역시,256
1252,이발소,전라북도,492
1253,이발소,전라남도,608
1254,이발소,대구광역시,575
1255,이발소,경상북도,893
1256,이발소,부산광역시,"1,032"
1257,이발소,울산광역시,376
1258,이발소,경상남도,825
1259,이발소,제주특별자치도,169
1260,이비인후과 의원,합계,"2,625"
1261,이비인후과 의원,서울특별시,701
1262,이비인후과 의원,인천광역시,140
1263,이비인후과 의원,경기도,663
1264,이비인후과 의원,강원도,51
1265,이비인후과 의원,대전광역시,80
1266,이비인후과 의원,충청북도,60
1267,이비인후과 의원,충청남도,58
1268,이비인후과 의원,세종특별자치시,16
1269,이비인후과 의원,광주광역시,81
1270,이비인후과 의원,전라북도,74
1271,이비인후과 의원,전라남도,49
1272,이비인후과 의원,대구광역시,158
1273,이비인후과 의원,경상북도,88
1274,이비인후과 의원,부산광역시,201
1275,이비인후과 의원,울산광역시,47
1276,이비인후과 의원,경상남도,131
1277,이비인후과 의원,제주특별자치도,27
1278,일반외과 의원,합계,"4,999"
1279,일반외과 의원,서울특별시,"1,161"
1280,일반외과 의원,인천광역시,266
1281,일반외과 의원,경기도,"1,196"
1282,일반외과 의원,강원도,136
1283,일반외과 의원,대전광역시,147
1284,일반외과 의원,충청북도,176
1285,일반외과 의원,충청남도,196
1286,일반외과 의원,세종특별자치시,34
1287,일반외과 의원,광주광역시,100
1288,일반외과 의원,전라북도,182
1289,일반외과 의원,전라남도,139
1290,일반외과 의원,대구광역시,307
1291,일반외과 의원,경상북도,230
1292,일반외과 의원,부산광역시,338
1293,일반외과 의원,울산광역시,76
1294,일반외과 의원,경상남도,243
1295,일반외과 의원,제주특별자치도,72
1296,일식전문점,합계,"18,310"
1297,일식전문점,서울특별시,"5,557"
1298,일식전문점,인천광역시,957
1299,일식전문점,경기도,"3,884"
1300,일식전문점,강원도,938
1301,일식전문점,대전광역시,448
1302,일식전문점,충청북도,501
1303,일식전문점,충청남도,709
1304,일식전문점,세종특별자치시,100
1305,일식전문점,광주광역시,269
1306,일식전문점,전라북도,516
1307,일식전문점,전라남도,441
1308,일식전문점,대구광역시,831
1309,일식전문점,경상북도,536
1310,일식전문점,부산광역시,"1,074"
1311,일식전문점,울산광역시,282
1312,일식전문점,경상남도,743
1313,일식전문점,제주특별자치도,524
1314,자동차수리점,합계,"45,134"
1315,자동차수리점,서울특별시,"4,977"
1316,자동차수리점,인천광역시,"2,393"
1317,자동차수리점,경기도,"11,587"
1318,자동차수리점,강원도,"1,801"
1319,자동차수리점,대전광역시,"1,463"
1320,자동차수리점,충청북도,"1,864"
1321,자동차수리점,충청남도,"2,509"
1322,자동차수리점,세종특별자치시,203
1323,자동차수리점,광주광역시,"1,530"
1324,자동차수리점,전라북도,"1,986"
1325,자동차수리점,전라남도,"2,011"
1326,자동차수리점,대구광역시,"2,278"
1327,자동차수리점,경상북도,"3,086"
1328,자동차수리점,부산광역시,"2,435"
1329,자동차수리점,울산광역시,"1,119"
1330,자동차수리점,경상남도,"3,277"
1331,자동차수리점,제주특별자치도,615
1332,자전거판매점,합계,"2,533"
1333,자전거판매점,서울특별시,395
1334,자전거판매점,인천광역시,100
1335,자전거판매점,경기도,627
1336,자전거판매점,강원도,88
1337,자전거판매점,대전광역시,88
1338,자전거판매점,충청북도,83
1339,자전거판매점,충청남도,118
1340,자전거판매점,세종특별자치시,15
1341,자전거판매점,광주광역시,58
1342,자전거판매점,전라북도,138
1343,자전거판매점,전라남도,95
1344,자전거판매점,대구광역시,150
1345,자전거판매점,경상북도,173
1346,자전거판매점,부산광역시,114
1347,자전거판매점,울산광역시,57
1348,자전거판매점,경상남도,202
1349,자전거판매점,제주특별자치도,32
1350,장난감가게,합계,"3,034"
1351,장난감가게,서울특별시,504
1352,장난감가게,인천광역시,144
1353,장난감가게,경기도,883
1354,장난감가게,강원도,101
1355,장난감가게,대전광역시,88
1356,장난감가게,충청북도,84
1357,장난감가게,충청남도,139
1358,장난감가게,세종특별자치시,22
1359,장난감가게,광주광역시,73
1360,장난감가게,전라북도,107
1361,장난감가게,전라남도,114
1362,장난감가게,대구광역시,133
1363,장난감가게,경상북도,150
1364,장난감가게,부산광역시,188
1365,장난감가게,울산광역시,61
1366,장난감가게,경상남도,173
1367,장난감가게,제주특별자치도,70
1368,정육점,합계,"20,255"
1369,정육점,서울특별시,"2,794"
1370,정육점,인천광역시,"1,070"
1371,정육점,경기도,"4,392"
1372,정육점,강원도,876
1373,정육점,대전광역시,759
1374,정육점,충청북도,805
1375,정육점,충청남도,"1,028"
1376,정육점,세종특별자치시,124
1377,정육점,광주광역시,558
1378,정육점,전라북도,"1,087"
1379,정육점,전라남도,858
1380,정육점,대구광역시,"1,316"
1381,정육점,경상북도,"1,303"
1382,정육점,부산광역시,"1,134"
1383,정육점,울산광역시,618
1384,정육점,경상남도,"1,244"
1385,정육점,제주특별자치도,289
1386,제과점,합계,"18,095"
1387,제과점,서울특별시,"3,723"
1388,제과점,인천광역시,829
1389,제과점,경기도,"4,270"
1390,제과점,강원도,589
1391,제과점,대전광역시,549
1392,제과점,충청북도,560
1393,제과점,충청남도,726
1394,제과점,세종특별자치시,125
1395,제과점,광주광역시,502
1396,제과점,전라북도,635
1397,제과점,전라남도,596
1398,제과점,대구광역시,949
1399,제과점,경상북도,957
1400,제과점,부산광역시,"1,118"
1401,제과점,울산광역시,383
1402,제과점,경상남도,"1,162"
1403,제과점,제주특별자치도,422
1404,종합병원,합계,"3,445"
1405,종합병원,서울특별시,443
1406,종합병원,인천광역시,151
1407,종합병원,경기도,694
1408,종합병원,강원도,85
1409,종합병원,대전광역시,98
1410,종합병원,충청북도,101
1411,종합병원,충청남도,140
1412,종합병원,세종특별자치시,13
1413,종합병원,광주광역시,179
1414,종합병원,전라북도,169
1415,종합병원,전라남도,201
1416,종합병원,대구광역시,195
1417,종합병원,경상북도,228
1418,종합병원,부산광역시,332
1419,종합병원,울산광역시,98
1420,종합병원,경상남도,294
1421,종합병원,제주특별자치도,24
1422,주유소,합계,"10,926"
1423,주유소,서울특별시,435
1424,주유소,인천광역시,287
1425,주유소,경기도,"2,273"
1426,주유소,강원도,638
1427,주유소,대전광역시,240
1428,주유소,충청북도,715
1429,주유소,충청남도,"1,006"
1430,주유소,세종특별자치시,69
1431,주유소,광주광역시,273
1432,주유소,전라북도,831
1433,주유소,전라남도,819
1434,주유소,대구광역시,338
1435,주유소,경상북도,"1,209"
1436,주유소,부산광역시,353
1437,주유소,울산광역시,217
1438,주유소,경상남도,"1,040"
1439,주유소,제주특별자치도,183
1440,주차장운영업,합계,"8,283"
1441,주차장운영업,서울특별시,"1,807"
1442,주차장운영업,인천광역시,311
1443,주차장운영업,경기도,"1,429"
1444,주차장운영업,강원도,155
1445,주차장운영업,대전광역시,190
1446,주차장운영업,충청북도,170
1447,주차장운영업,충청남도,152
1448,주차장운영업,세종특별자치시,30
1449,주차장운영업,광주광역시,270
1450,주차장운영업,전라북도,146
1451,주차장운영업,전라남도,113
1452,주차장운영업,대구광역시,424
1453,주차장운영업,경상북도,269
1454,주차장운영업,부산광역시,"1,780"
1455,주차장운영업,울산광역시,246
1456,주차장운영업,경상남도,730
1457,주차장운영업,제주특별자치도,61
1458,중고차판매점,합계,"4,823"
1459,중고차판매점,서울특별시,481
1460,중고차판매점,인천광역시,245
1461,중고차판매점,경기도,"1,039"
1462,중고차판매점,강원도,157
1463,중고차판매점,대전광역시,216
1464,중고차판매점,충청북도,187
1465,중고차판매점,충청남도,217
1466,중고차판매점,세종특별자치시,3
1467,중고차판매점,광주광역시,232
1468,중고차판매점,전라북도,289
1469,중고차판매점,전라남도,220
1470,중고차판매점,대구광역시,489
1471,중고차판매점,경상북도,304
1472,중고차판매점,부산광역시,235
1473,중고차판매점,울산광역시,125
1474,중고차판매점,경상남도,330
1475,중고차판매점,제주특별자치도,54
1476,중식전문점,합계,"25,041"
1477,중식전문점,서울특별시,"4,828"
1478,중식전문점,인천광역시,"1,215"
1479,중식전문점,경기도,"5,432"
1480,중식전문점,강원도,"1,062"
1481,중식전문점,대전광역시,611
1482,중식전문점,충청북도,929
1483,중식전문점,충청남도,"1,241"
1484,중식전문점,세종특별자치시,162
1485,중식전문점,광주광역시,476
1486,중식전문점,전라북도,"1,043"
1487,중식전문점,전라남도,833
1488,중식전문점,대구광역시,"1,239"
1489,중식전문점,경상북도,"1,533"
1490,중식전문점,부산광역시,"1,804"
1491,중식전문점,울산광역시,514
1492,중식전문점,경상남도,"1,682"
1493,중식전문점,제주특별자치도,437
1494,채소가게,합계,"12,260"
1495,채소가게,서울특별시,"1,627"
1496,채소가게,인천광역시,584
1497,채소가게,경기도,"2,244"
1498,채소가게,강원도,823
1499,채소가게,대전광역시,328
1500,채소가게,충청북도,528
1501,채소가게,충청남도,734
1502,채소가게,세종특별자치시,60
1503,채소가게,광주광역시,268
1504,채소가게,전라북도,680
1505,채소가게,전라남도,786
1506,채소가게,대구광역시,458
1507,채소가게,경상북도,974
1508,채소가게,부산광역시,777
1509,채소가게,울산광역시,147
1510,채소가게,경상남도,926
1511,채소가게,제주특별자치도,316
1512,철물점,합계,"8,799"
1513,철물점,서울특별시,"1,367"
1514,철물점,인천광역시,496
1515,철물점,경기도,"1,835"
1516,철물점,강원도,475
1517,철물점,대전광역시,283
1518,철물점,충청북도,344
1519,철물점,충청남도,459
1520,철물점,세종특별자치시,37
1521,철물점,광주광역시,283
1522,철물점,전라북도,420
1523,철물점,전라남도,468
1524,철물점,대구광역시,337
1525,철물점,경상북도,487
1526,철물점,부산광역시,664
1527,철물점,울산광역시,175
1528,철물점,경상남도,561
1529,철물점,제주특별자치도,108
1530,치과병원ㆍ의원,합계,"18,538"
1531,치과병원ㆍ의원,서울특별시,"4,947"
1532,치과병원ㆍ의원,인천광역시,943
1533,치과병원ㆍ의원,경기도,"4,398"
1534,치과병원ㆍ의원,강원도,406
1535,치과병원ㆍ의원,대전광역시,541
1536,치과병원ㆍ의원,충청북도,444
1537,치과병원ㆍ의원,충청남도,577
1538,치과병원ㆍ의원,세종특별자치시,91
1539,치과병원ㆍ의원,광주광역시,644
1540,치과병원ㆍ의원,전라북도,589
1541,치과병원ㆍ의원,전라남도,501
1542,치과병원ㆍ의원,대구광역시,903
1543,치과병원ㆍ의원,경상북도,689
1544,치과병원ㆍ의원,부산광역시,"1,328"
1545,치과병원ㆍ의원,울산광역시,392
1546,치과병원ㆍ의원,경상남도,925
1547,치과병원ㆍ의원,제주특별자치도,220
1548,침구ㆍ커튼가게,합계,"9,904"
1549,침구ㆍ커튼가게,서울특별시,"1,253"
1550,침구ㆍ커튼가게,인천광역시,426
1551,침구ㆍ커튼가게,경기도,"1,930"
1552,침구ㆍ커튼가게,강원도,389
1553,침구ㆍ커튼가게,대전광역시,415
1554,침구ㆍ커튼가게,충청북도,388
1555,침구ㆍ커튼가게,충청남도,506
1556,침구ㆍ커튼가게,세종특별자치시,56
1557,침구ㆍ커튼가게,광주광역시,381
1558,침구ㆍ커튼가게,전라북도,494
1559,침구ㆍ커튼가게,전라남도,494
1560,침구ㆍ커튼가게,대구광역시,655
1561,침구ㆍ커튼가게,경상북도,658
1562,침구ㆍ커튼가게,부산광역시,714
1563,침구ㆍ커튼가게,울산광역시,228
1564,침구ㆍ커튼가게,경상남도,692
1565,침구ㆍ커튼가게,제주특별자치도,225
1566,커피음료점,합계,"70,806"
1567,커피음료점,서울특별시,"13,522"
1568,커피음료점,인천광역시,"3,585"
1569,커피음료점,경기도,"15,377"
1570,커피음료점,강원도,"2,554"
1571,커피음료점,대전광역시,"2,503"
1572,커피음료점,충청북도,"2,382"
1573,커피음료점,충청남도,"3,082"
1574,커피음료점,세종특별자치시,493
1575,커피음료점,광주광역시,"1,977"
1576,커피음료점,전라북도,"2,850"
1577,커피음료점,전라남도,"2,628"
1578,커피음료점,대구광역시,"3,212"
1579,커피음료점,경상북도,"4,762"
1580,커피음료점,부산광역시,"4,148"
1581,커피음료점,울산광역시,"1,625"
1582,커피음료점,경상남도,"4,635"
1583,커피음료점,제주특별자치도,"1,471"
1584,컴퓨터판매점,합계,"5,158"
1585,컴퓨터판매점,서울특별시,"1,050"
1586,컴퓨터판매점,인천광역시,212
1587,컴퓨터판매점,경기도,"1,208"
1588,컴퓨터판매점,강원도,185
1589,컴퓨터판매점,대전광역시,189
1590,컴퓨터판매점,충청북도,192
1591,컴퓨터판매점,충청남도,223
1592,컴퓨터판매점,세종특별자치시,34
1593,컴퓨터판매점,광주광역시,185
1594,컴퓨터판매점,전라북도,205
1595,컴퓨터판매점,전라남도,179
1596,컴퓨터판매점,대구광역시,239
1597,컴퓨터판매점,경상북도,312
1598,컴퓨터판매점,부산광역시,236
1599,컴퓨터판매점,울산광역시,88
1600,컴퓨터판매점,경상남도,326
1601,컴퓨터판매점,제주특별자치도,95
1602,통신판매업,합계,"353,110"
1603,통신판매업,서울특별시,"103,059"
1604,통신판매업,인천광역시,"23,013"
1605,통신판매업,경기도,"108,064"
1606,통신판매업,강원도,"4,945"
1607,통신판매업,대전광역시,"8,360"
1608,통신판매업,충청북도,"6,678"
1609,통신판매업,충청남도,"8,798"
1610,통신판매업,세종특별자치시,"1,817"
1611,통신판매업,광주광역시,"7,598"
1612,통신판매업,전라북도,"6,618"
1613,통신판매업,전라남도,"6,042"
1614,통신판매업,대구광역시,"15,788"
1615,통신판매업,경상북도,"10,586"
1616,통신판매업,부산광역시,"21,555"
1617,통신판매업,울산광역시,"4,302"
1618,통신판매업,경상남도,"13,143"
1619,통신판매업,제주특별자치도,"2,744"
1620,패스트푸드점,합계,"42,642"
1621,패스트푸드점,서울특별시,"7,090"
1622,패스트푸드점,인천광역시,"2,010"
1623,패스트푸드점,경기도,"9,487"
1624,패스트푸드점,강원도,"1,944"
1625,패스트푸드점,대전광역시,"1,132"
1626,패스트푸드점,충청북도,"1,711"
1627,패스트푸드점,충청남도,"2,208"
1628,패스트푸드점,세종특별자치시,349
1629,패스트푸드점,광주광역시,"1,232"
1630,패스트푸드점,전라북도,"1,734"
1631,패스트푸드점,전라남도,"1,634"
1632,패스트푸드점,대구광역시,"1,634"
1633,패스트푸드점,경상북도,"2,394"
1634,패스트푸드점,부산광역시,"2,790"
1635,패스트푸드점,울산광역시,"1,129"
1636,패스트푸드점,경상남도,"3,462"
1637,패스트푸드점,제주특별자치도,702
1638,펜션ㆍ게스트하우스,합계,"15,993"
1639,펜션ㆍ게스트하우스,서울특별시,726
1640,펜션ㆍ게스트하우스,인천광역시,712
1641,펜션ㆍ게스트하우스,경기도,"2,135"
1642,펜션ㆍ게스트하우스,강원도,"2,849"
1643,펜션ㆍ게스트하우스,대전광역시,28
1644,펜션ㆍ게스트하우스,충청북도,485
1645,펜션ㆍ게스트하우스,충청남도,"1,357"
1646,펜션ㆍ게스트하우스,세종특별자치시,9
1647,펜션ㆍ게스트하우스,광주광역시,27
1648,펜션ㆍ게스트하우스,전라북도,491
1649,펜션ㆍ게스트하우스,전라남도,923
1650,펜션ㆍ게스트하우스,대구광역시,43
1651,펜션ㆍ게스트하우스,경상북도,"1,420"
1652,펜션ㆍ게스트하우스,부산광역시,192
1653,펜션ㆍ게스트하우스,울산광역시,136
1654,펜션ㆍ게스트하우스,경상남도,"1,506"
1655,펜션ㆍ게스트하우스,제주특별자치도,"2,954"
1656,편의점,합계,"44,789"
1657,편의점,서울특별시,"8,142"
1658,편의점,인천광역시,"2,389"
1659,편의점,경기도,"11,442"
1660,편의점,강원도,"1,859"
1661,편의점,대전광역시,"1,233"
1662,편의점,충청북도,"1,614"
1663,편의점,충청남도,"2,387"
1664,편의점,세종특별자치시,290
1665,편의점,광주광역시,"1,101"
1666,편의점,전라북도,"1,341"
1667,편의점,전라남도,"1,285"
1668,편의점,대구광역시,"1,732"
1669,편의점,경상북도,"2,103"
1670,편의점,부산광역시,"2,660"
1671,편의점,울산광역시,975
1672,편의점,경상남도,"3,041"
1673,편의점,제주특별자치도,"1,195"
1674,피부관리업,합계,"41,798"
1675,피부관리업,서울특별시,"7,863"
1676,피부관리업,인천광역시,"2,358"
1677,피부관리업,경기도,"10,050"
1678,피부관리업,강원도,"1,202"
1679,피부관리업,대전광역시,"1,296"
1680,피부관리업,충청북도,"1,246"
1681,피부관리업,충청남도,"1,461"
1682,피부관리업,세종특별자치시,200
1683,피부관리업,광주광역시,"1,762"
1684,피부관리업,전라북도,"1,387"
1685,피부관리업,전라남도,"1,570"
1686,피부관리업,대구광역시,"1,784"
1687,피부관리업,경상북도,"1,829"
1688,피부관리업,부산광역시,"2,980"
1689,피부관리업,울산광역시,915
1690,피부관리업,경상남도,"3,111"
1691,피부관리업,제주특별자치도,784
1692,피부ㆍ비뇨기과 의원,합계,"4,066"
1693,피부ㆍ비뇨기과 의원,서울특별시,"1,399"
1694,피부ㆍ비뇨기과 의원,인천광역시,187
1695,피부ㆍ비뇨기과 의원,경기도,860
1696,피부ㆍ비뇨기과 의원,강원도,62
1697,피부ㆍ비뇨기과 의원,대전광역시,112
1698,피부ㆍ비뇨기과 의원,충청북도,80
1699,피부ㆍ비뇨기과 의원,충청남도,100
1700,피부ㆍ비뇨기과 의원,세종특별자치시,17
1701,피부ㆍ비뇨기과 의원,광주광역시,125
1702,피부ㆍ비뇨기과 의원,전라북도,97
1703,피부ㆍ비뇨기과 의원,전라남도,78
1704,피부ㆍ비뇨기과 의원,대구광역시,215
1705,피부ㆍ비뇨기과 의원,경상북도,103
1706,피부ㆍ비뇨기과 의원,부산광역시,335
1707,피부ㆍ비뇨기과 의원,울산광역시,79
1708,피부ㆍ비뇨기과 의원,경상남도,172
1709,피부ㆍ비뇨기과 의원,제주특별자치도,45
1710,한방병원ㆍ한의원,합계,"14,971"
1711,한방병원ㆍ한의원,서울특별시,"3,711"
1712,한방병원ㆍ한의원,인천광역시,701
1713,한방병원ㆍ한의원,경기도,"3,307"
1714,한방병원ㆍ한의원,강원도,372
1715,한방병원ㆍ한의원,대전광역시,518
1716,한방병원ㆍ한의원,충청북도,406
1717,한방병원ㆍ한의원,충청남도,520
1718,한방병원ㆍ한의원,세종특별자치시,82
1719,한방병원ㆍ한의원,광주광역시,408
1720,한방병원ㆍ한의원,전라북도,540
1721,한방병원ㆍ한의원,전라남도,399
1722,한방병원ㆍ한의원,대구광역시,892
1723,한방병원ㆍ한의원,경상북도,643
1724,한방병원ㆍ한의원,부산광역시,"1,163"
1725,한방병원ㆍ한의원,울산광역시,287
1726,한방병원ㆍ한의원,경상남도,824
1727,한방병원ㆍ한의원,제주특별자치도,198
1728,한식전문점,합계,"396,621"
1729,한식전문점,서울특별시,"54,696"
1730,한식전문점,인천광역시,"18,741"
1731,한식전문점,경기도,"82,879"
1732,한식전문점,강원도,"19,860"
1733,한식전문점,대전광역시,"11,802"
1734,한식전문점,충청북도,"15,730"
1735,한식전문점,충청남도,"19,952"
1736,한식전문점,세종특별자치시,"2,161"
1737,한식전문점,광주광역시,"10,296"
1738,한식전문점,전라북도,"14,585"
1739,한식전문점,전라남도,"18,005"
1740,한식전문점,대구광역시,"19,884"
1741,한식전문점,경상북도,"29,724"
1742,한식전문점,부산광역시,"25,158"
1743,한식전문점,울산광역시,"11,034"
1744,한식전문점,경상남도,"33,047"
1745,한식전문점,제주특별자치도,"9,067"
1746,헬스클럽,합계,"8,479"
1747,헬스클럽,서울특별시,"2,077"
1748,헬스클럽,인천광역시,457
1749,헬스클럽,경기도,"2,040"
1750,헬스클럽,강원도,241
1751,헬스클럽,대전광역시,268
1752,헬스클럽,충청북도,276
1753,헬스클럽,충청남도,289
1754,헬스클럽,세종특별자치시,47
1755,헬스클럽,광주광역시,235
1756,헬스클럽,전라북도,239
1757,헬스클럽,전라남도,190
1758,헬스클럽,대구광역시,405
1759,헬스클럽,경상북도,382
1760,헬스클럽,부산광역시,599
1761,헬스클럽,울산광역시,142
1762,헬스클럽,경상남도,458
1763,헬스클럽,제주특별자치도,134
1764,호프전문점,합계,"29,872"
1765,호프전문점,서울특별시,"6,119"
1766,호프전문점,인천광역시,"1,601"
1767,호프전문점,경기도,"6,255"
1768,호프전문점,강원도,"1,268"
1769,호프전문점,대전광역시,807
1770,호프전문점,충청북도,"1,601"
1771,호프전문점,충청남도,"1,439"
1772,호프전문점,세종특별자치시,121
1773,호프전문점,광주광역시,"2,032"
1774,호프전문점,전라북도,"1,168"
1775,호프전문점,전라남도,"2,137"
1776,호프전문점,대구광역시,503
1777,호프전문점,경상북도,968
1778,호프전문점,부산광역시,"1,608"
1779,호프전문점,울산광역시,331
1780,호프전문점,경상남도,"1,277"
1781,호프전문점,제주특별자치도,637
1782,화장품가게,합계,"35,189"
1783,화장품가게,서울특별시,"6,581"
1784,화장품가게,인천광역시,"1,447"
1785,화장품가게,경기도,"8,106"
1786,화장품가게,강원도,"1,113"
1787,화장품가게,대전광역시,"1,245"
1788,화장품가게,충청북도,996
1789,화장품가게,충청남도,"1,355"
1790,화장품가게,세종특별자치시,161
1791,화장품가게,광주광역시,"1,191"
1792,화장품가게,전라북도,"1,486"
1793,화장품가게,전라남도,"1,053"
1794,화장품가게,대구광역시,"2,124"
1795,화장품가게,경상북도,"1,910"
1796,화장품가게,부산광역시,"2,434"
1797,화장품가게,울산광역시,965
1798,화장품가게,경상남도,"2,354"
1799,화장품가게,제주특별자치도,668
1800,휴대폰가게,합계,"18,734"
1801,휴대폰가게,서울특별시,"3,095"
1802,휴대폰가게,인천광역시,"1,043"
1803,휴대폰가게,경기도,"4,361"
1804,휴대폰가게,강원도,633
1805,휴대폰가게,대전광역시,661
1806,휴대폰가게,충청북도,557
1807,휴대폰가게,충청남도,895
1808,휴대폰가게,세종특별자치시,81
1809,휴대폰가게,광주광역시,579
1810,휴대폰가게,전라북도,739
1811,휴대폰가게,전라남도,583
1812,휴대폰가게,대구광역시,"1,017"
1813,휴대폰가게,경상북도,"1,049"
1814,휴대폰가게,부산광역시,"1,355"
1815,휴대폰가게,울산광역시,502
1816,휴대폰가게,경상남도,"1,337"
1817,휴대폰가게,제주특별자치도,247
