,corp,city,2
0, 업종전체,합계,"2,418,349 "
1, 업종전체,서울특별시,"481,508 "
2, 업종전체,인천광역시,"123,300 "
3, 업종전체,경기도,"564,220 "
4, 업종전체,강원도,"85,671 "
5, 업종전체,대전광역시,"70,954 "
6, 업종전체,충청북도,"77,371 "
7, 업종전체,충청남도,"101,737 "
8, 업종전체,세종특별자치시,"13,108 "
9, 업종전체,광주광역시,"71,367 "
10, 업종전체,전라북도,"85,296 "
11, 업종전체,전라남도,"85,631 "
12, 업종전체,대구광역시,"115,633 "
13, 업종전체,경상북도,"129,542 "
14, 업종전체,부산광역시,"158,710 "
15, 업종전체,울산광역시,"51,744 "
16, 업종전체,경상남도,"157,677 "
17, 업종전체,제주특별자치도,"44,880 "
18,LPG 충전소,합계,"1,623 "
19,LPG 충전소,서울특별시,79 
20,LPG 충전소,인천광역시,70 
21,LPG 충전소,경기도,379 
22,LPG 충전소,강원도,96 
23,LPG 충전소,대전광역시,39 
24,LPG 충전소,충청북도,75 
25,LPG 충전소,충청남도,126 
26,LPG 충전소,세종특별자치시,4 
27,LPG 충전소,광주광역시,40 
28,LPG 충전소,전라북도,110 
29,LPG 충전소,전라남도,120 
30,LPG 충전소,대구광역시,44 
31,LPG 충전소,경상북도,164 
32,LPG 충전소,부산광역시,58 
33,LPG 충전소,울산광역시,29 
34,LPG 충전소,경상남도,155 
35,LPG 충전소,제주특별자치도,35 
36,PC방,합계,"9,980 "
37,PC방,서울특별시,"1,595 "
38,PC방,인천광역시,519 
39,PC방,경기도,"2,319 "
40,PC방,강원도,424 
41,PC방,대전광역시,312 
42,PC방,충청북도,333 
43,PC방,충청남도,436 
44,PC방,세종특별자치시,42 
45,PC방,광주광역시,399 
46,PC방,전라북도,424 
47,PC방,전라남도,352 
48,PC방,대구광역시,556 
49,PC방,경상북도,560 
50,PC방,부산광역시,640 
51,PC방,울산광역시,255 
52,PC방,경상남도,643 
53,PC방,제주특별자치도,171 
54,가구점,합계,"7,484 "
55,가구점,서울특별시,"1,012 "
56,가구점,인천광역시,301 
57,가구점,경기도,"1,947 "
58,가구점,강원도,305 
59,가구점,대전광역시,210 
60,가구점,충청북도,276 
61,가구점,충청남도,297 
62,가구점,세종특별자치시,25 
63,가구점,광주광역시,215 
64,가구점,전라북도,396 
65,가구점,전라남도,269 
66,가구점,대구광역시,370 
67,가구점,경상북도,474 
68,가구점,부산광역시,492 
69,가구점,울산광역시,171 
70,가구점,경상남도,536 
71,가구점,제주특별자치도,188 
72,가전제품수리점,합계,"16,195 "
73,가전제품수리점,서울특별시,"2,665 "
74,가전제품수리점,인천광역시,"1,146 "
75,가전제품수리점,경기도,"4,751 "
76,가전제품수리점,강원도,566 
77,가전제품수리점,대전광역시,549 
78,가전제품수리점,충청북도,471 
79,가전제품수리점,충청남도,680 
80,가전제품수리점,세종특별자치시,72 
81,가전제품수리점,광주광역시,471 
82,가전제품수리점,전라북도,551 
83,가전제품수리점,전라남도,507 
84,가전제품수리점,대구광역시,780 
85,가전제품수리점,경상북도,581 
86,가전제품수리점,부산광역시,966 
87,가전제품수리점,울산광역시,301 
88,가전제품수리점,경상남도,933 
89,가전제품수리점,제주특별자치도,205 
90,가전제품판매점,합계,"10,020 "
91,가전제품판매점,서울특별시,"1,522 "
92,가전제품판매점,인천광역시,377 
93,가전제품판매점,경기도,"1,947 "
94,가전제품판매점,강원도,456 
95,가전제품판매점,대전광역시,301 
96,가전제품판매점,충청북도,425 
97,가전제품판매점,충청남도,519 
98,가전제품판매점,세종특별자치시,42 
99,가전제품판매점,광주광역시,344 
100,가전제품판매점,전라북도,530 
101,가전제품판매점,전라남도,568 
102,가전제품판매점,대구광역시,515 
103,가전제품판매점,경상북도,690 
104,가전제품판매점,부산광역시,603 
105,가전제품판매점,울산광역시,201 
106,가전제품판매점,경상남도,737 
107,가전제품판매점,제주특별자치도,243 
108,간이주점,합계,"13,838 "
109,간이주점,서울특별시,"4,429 "
110,간이주점,인천광역시,"1,425 "
111,간이주점,경기도,"2,745 "
112,간이주점,강원도,411 
113,간이주점,대전광역시,77 
114,간이주점,충청북도,451 
115,간이주점,충청남도,625 
116,간이주점,세종특별자치시,14 
117,간이주점,광주광역시,192 
118,간이주점,전라북도,310 
119,간이주점,전라남도,255 
120,간이주점,대구광역시,263 
121,간이주점,경상북도,378 
122,간이주점,부산광역시,877 
123,간이주점,울산광역시,106 
124,간이주점,경상남도,"1,107 "
125,간이주점,제주특별자치도,173 
126,간판광고물업,합계,"13,014 "
127,간판광고물업,서울특별시,"2,643 "
128,간판광고물업,인천광역시,556 
129,간판광고물업,경기도,"3,193 "
130,간판광고물업,강원도,511 
131,간판광고물업,대전광역시,395 
132,간판광고물업,충청북도,378 
133,간판광고물업,충청남도,467 
134,간판광고물업,세종특별자치시,29 
135,간판광고물업,광주광역시,438 
136,간판광고물업,전라북도,504 
137,간판광고물업,전라남도,477 
138,간판광고물업,대구광역시,766 
139,간판광고물업,경상북도,665 
140,간판광고물업,부산광역시,836 
141,간판광고물업,울산광역시,262 
142,간판광고물업,경상남도,698 
143,간판광고물업,제주특별자치도,196 
144,감정평가사,합계,"1,172 "
145,감정평가사,서울특별시,256 
146,감정평가사,인천광역시,76 
147,감정평가사,경기도,381 
148,감정평가사,강원도,33 
149,감정평가사,대전광역시,30 
150,감정평가사,충청북도,28 
151,감정평가사,충청남도,35 
152,감정평가사,세종특별자치시,12 
153,감정평가사,광주광역시,37 
154,감정평가사,전라북도,38 
155,감정평가사,전라남도,19 
156,감정평가사,대구광역시,56 
157,감정평가사,경상북도,20 
158,감정평가사,부산광역시,55 
159,감정평가사,울산광역시,18 
160,감정평가사,경상남도,63 
161,감정평가사,제주특별자치도,15 
162,건강보조식품가게,합계,"13,563 "
163,건강보조식품가게,서울특별시,"2,198 "
164,건강보조식품가게,인천광역시,647 
165,건강보조식품가게,경기도,"2,706 "
166,건강보조식품가게,강원도,497 
167,건강보조식품가게,대전광역시,456 
168,건강보조식품가게,충청북도,432 
169,건강보조식품가게,충청남도,"1,256 "
170,건강보조식품가게,세종특별자치시,52 
171,건강보조식품가게,광주광역시,408 
172,건강보조식품가게,전라북도,710 
173,건강보조식품가게,전라남도,489 
174,건강보조식품가게,대구광역시,585 
175,건강보조식품가게,경상북도,912 
176,건강보조식품가게,부산광역시,826 
177,건강보조식품가게,울산광역시,219 
178,건강보조식품가게,경상남도,"1,002 "
179,건강보조식품가게,제주특별자치도,168 
180,건어물가게,합계,"7,141 "
181,건어물가게,서울특별시,743 
182,건어물가게,인천광역시,373 
183,건어물가게,경기도,811 
184,건어물가게,강원도,655 
185,건어물가게,대전광역시,124 
186,건어물가게,충청북도,110 
187,건어물가게,충청남도,630 
188,건어물가게,세종특별자치시,12 
189,건어물가게,광주광역시,176 
190,건어물가게,전라북도,360 
191,건어물가게,전라남도,925 
192,건어물가게,대구광역시,152 
193,건어물가게,경상북도,641 
194,건어물가게,부산광역시,494 
195,건어물가게,울산광역시,127 
196,건어물가게,경상남도,698 
197,건어물가게,제주특별자치도,110 
198,건축사,합계,"10,156 "
199,건축사,서울특별시,"2,621 "
200,건축사,인천광역시,350 
201,건축사,경기도,"2,153 "
202,건축사,강원도,337 
203,건축사,대전광역시,216 
204,건축사,충청북도,295 
205,건축사,충청남도,355 
206,건축사,세종특별자치시,59 
207,건축사,광주광역시,242 
208,건축사,전라북도,362 
209,건축사,전라남도,278 
210,건축사,대구광역시,681 
211,건축사,경상북도,481 
212,건축사,부산광역시,684 
213,건축사,울산광역시,216 
214,건축사,경상남도,526 
215,건축사,제주특별자치도,300 
216,결혼상담소,합계,"1,623 "
217,결혼상담소,서울특별시,437 
218,결혼상담소,인천광역시,66 
219,결혼상담소,경기도,247 
220,결혼상담소,강원도,29 
221,결혼상담소,대전광역시,69 
222,결혼상담소,충청북도,52 
223,결혼상담소,충청남도,75 
224,결혼상담소,세종특별자치시,7 
225,결혼상담소,광주광역시,83 
226,결혼상담소,전라북도,80 
227,결혼상담소,전라남도,50 
228,결혼상담소,대구광역시,108 
229,결혼상담소,경상북도,55 
230,결혼상담소,부산광역시,111 
231,결혼상담소,울산광역시,31 
232,결혼상담소,경상남도,94 
233,결혼상담소,제주특별자치도,29 
234,곡물가게,합계,"4,969 "
235,곡물가게,서울특별시,642 
236,곡물가게,인천광역시,197 
237,곡물가게,경기도,871 
238,곡물가게,강원도,331 
239,곡물가게,대전광역시,149 
240,곡물가게,충청북도,243 
241,곡물가게,충청남도,388 
242,곡물가게,세종특별자치시,31 
243,곡물가게,광주광역시,110 
244,곡물가게,전라북도,372 
245,곡물가게,전라남도,388 
246,곡물가게,대구광역시,180 
247,곡물가게,경상북도,358 
248,곡물가게,부산광역시,332 
249,곡물가게,울산광역시,40 
250,곡물가게,경상남도,271 
251,곡물가게,제주특별자치도,66 
252,공인노무사,합계,922 
253,공인노무사,서울특별시,403 
254,공인노무사,인천광역시,37 
255,공인노무사,경기도,153 
256,공인노무사,강원도,15 
257,공인노무사,대전광역시,21 
258,공인노무사,충청북도,18 
259,공인노무사,충청남도,24 
260,공인노무사,세종특별자치시,5 
261,공인노무사,광주광역시,30 
262,공인노무사,전라북도,25 
263,공인노무사,전라남도,9 
264,공인노무사,대구광역시,32 
265,공인노무사,경상북도,16 
266,공인노무사,부산광역시,59 
267,공인노무사,울산광역시,24 
268,공인노무사,경상남도,41 
269,공인노무사,제주특별자치도,10 
270,공인회계사,합계,"1,835 "
271,공인회계사,서울특별시,848 
272,공인회계사,인천광역시,68 
273,공인회계사,경기도,309 
274,공인회계사,강원도,13 
275,공인회계사,대전광역시,38 
276,공인회계사,충청북도,33 
277,공인회계사,충청남도,42 
278,공인회계사,세종특별자치시,11 
279,공인회계사,광주광역시,36 
280,공인회계사,전라북도,36 
281,공인회계사,전라남도,24 
282,공인회계사,대구광역시,88 
283,공인회계사,경상북도,29 
284,공인회계사,부산광역시,130 
285,공인회계사,울산광역시,27 
286,공인회계사,경상남도,75 
287,공인회계사,제주특별자치도,28 
288,과일가게,합계,"11,767 "
289,과일가게,서울특별시,"1,237 "
290,과일가게,인천광역시,425 
291,과일가게,경기도,"1,840 "
292,과일가게,강원도,298 
293,과일가게,대전광역시,306 
294,과일가게,충청북도,637 
295,과일가게,충청남도,657 
296,과일가게,세종특별자치시,103 
297,과일가게,광주광역시,299 
298,과일가게,전라북도,576 
299,과일가게,전라남도,651 
300,과일가게,대구광역시,366 
301,과일가게,경상북도,"1,357 "
302,과일가게,부산광역시,604 
303,과일가게,울산광역시,154 
304,과일가게,경상남도,"1,195 "
305,과일가게,제주특별자치도,"1,062 "
306,교습소･공부방,합계,"34,847 "
307,교습소･공부방,서울특별시,"7,376 "
308,교습소･공부방,인천광역시,"1,677 "
309,교습소･공부방,경기도,"8,532 "
310,교습소･공부방,강원도,944 
311,교습소･공부방,대전광역시,"1,386 "
312,교습소･공부방,충청북도,829 
313,교습소･공부방,충청남도,"1,192 "
314,교습소･공부방,세종특별자치시,267 
315,교습소･공부방,광주광역시,772 
316,교습소･공부방,전라북도,788 
317,교습소･공부방,전라남도,678 
318,교습소･공부방,대구광역시,"2,632 "
319,교습소･공부방,경상북도,"1,783 "
320,교습소･공부방,부산광역시,"2,543 "
321,교습소･공부방,울산광역시,761 
322,교습소･공부방,경상남도,"2,131 "
323,교습소･공부방,제주특별자치도,556 
324,교습학원,합계,"56,183 "
325,교습학원,서울특별시,"10,319 "
326,교습학원,인천광역시,"2,528 "
327,교습학원,경기도,"14,957 "
328,교습학원,강원도,"1,456 "
329,교습학원,대전광역시,"1,260 "
330,교습학원,충청북도,"1,449 "
331,교습학원,충청남도,"1,846 "
332,교습학원,세종특별자치시,442 
333,교습학원,광주광역시,"2,421 "
334,교습학원,전라북도,"2,407 "
335,교습학원,전라남도,"1,812 "
336,교습학원,대구광역시,"2,683 "
337,교습학원,경상북도,"2,613 "
338,교습학원,부산광역시,"3,567 "
339,교습학원,울산광역시,"1,655 "
340,교습학원,경상남도,"4,054 "
341,교습학원,제주특별자치도,714 
342,구내식당,합계,"21,392 "
343,구내식당,서울특별시,"3,849 "
344,구내식당,인천광역시,"1,360 "
345,구내식당,경기도,"5,208 "
346,구내식당,강원도,607 
347,구내식당,대전광역시,701 
348,구내식당,충청북도,766 
349,구내식당,충청남도,"1,024 "
350,구내식당,세종특별자치시,80 
351,구내식당,광주광역시,399 
352,구내식당,전라북도,781 
353,구내식당,전라남도,637 
354,구내식당,대구광역시,877 
355,구내식당,경상북도,"1,280 "
356,구내식당,부산광역시,"1,424 "
357,구내식당,울산광역시,419 
358,구내식당,경상남도,"1,820 "
359,구내식당,제주특별자치도,160 
360,기술및직업훈련학원,합계,"14,253 "
361,기술및직업훈련학원,서울특별시,"3,176 "
362,기술및직업훈련학원,인천광역시,603 
363,기술및직업훈련학원,경기도,"3,208 "
364,기술및직업훈련학원,강원도,421 
365,기술및직업훈련학원,대전광역시,481 
366,기술및직업훈련학원,충청북도,385 
367,기술및직업훈련학원,충청남도,547 
368,기술및직업훈련학원,세종특별자치시,119 
369,기술및직업훈련학원,광주광역시,512 
370,기술및직업훈련학원,전라북도,525 
371,기술및직업훈련학원,전라남도,440 
372,기술및직업훈련학원,대구광역시,793 
373,기술및직업훈련학원,경상북도,578 
374,기술및직업훈련학원,부산광역시,973 
375,기술및직업훈련학원,울산광역시,341 
376,기술및직업훈련학원,경상남도,867 
377,기술및직업훈련학원,제주특별자치도,284 
378,기술사,합계,"1,104 "
379,기술사,서울특별시,301 
380,기술사,인천광역시,27 
381,기술사,경기도,255 
382,기술사,강원도,40 
383,기술사,대전광역시,26 
384,기술사,충청북도,35 
385,기술사,충청남도,31 
386,기술사,세종특별자치시,4 
387,기술사,광주광역시,37 
388,기술사,전라북도,36 
389,기술사,전라남도,39 
390,기술사,대구광역시,35 
391,기술사,경상북도,44 
392,기술사,부산광역시,68 
393,기술사,울산광역시,22 
394,기술사,경상남도,86 
395,기술사,제주특별자치도,18 
396,기타 일반의원,합계,"3,300 "
397,기타 일반의원,서울특별시,907 
398,기타 일반의원,인천광역시,149 
399,기타 일반의원,경기도,654 
400,기타 일반의원,강원도,65 
401,기타 일반의원,대전광역시,147 
402,기타 일반의원,충청북도,95 
403,기타 일반의원,충청남도,102 
404,기타 일반의원,세종특별자치시,20 
405,기타 일반의원,광주광역시,127 
406,기타 일반의원,전라북도,177 
407,기타 일반의원,전라남도,109 
408,기타 일반의원,대구광역시,158 
409,기타 일반의원,경상북도,105 
410,기타 일반의원,부산광역시,230 
411,기타 일반의원,울산광역시,50 
412,기타 일반의원,경상남도,148 
413,기타 일반의원,제주특별자치도,57 
414,기타외국식전문점,합계,"23,850 "
415,기타외국식전문점,서울특별시,"7,298 "
416,기타외국식전문점,인천광역시,809 
417,기타외국식전문점,경기도,"5,045 "
418,기타외국식전문점,강원도,774 
419,기타외국식전문점,대전광역시,601 
420,기타외국식전문점,충청북도,529 
421,기타외국식전문점,충청남도,688 
422,기타외국식전문점,세종특별자치시,160 
423,기타외국식전문점,광주광역시,386 
424,기타외국식전문점,전라북도,740 
425,기타외국식전문점,전라남도,412 
426,기타외국식전문점,대구광역시,"1,195 "
427,기타외국식전문점,경상북도,696 
428,기타외국식전문점,부산광역시,"1,823 "
429,기타외국식전문점,울산광역시,664 
430,기타외국식전문점,경상남도,"1,215 "
431,기타외국식전문점,제주특별자치도,815 
432,기타음식점,합계,"23,063 "
433,기타음식점,서울특별시,"4,425 "
434,기타음식점,인천광역시,958 
435,기타음식점,경기도,"5,365 "
436,기타음식점,강원도,"1,008 "
437,기타음식점,대전광역시,549 
438,기타음식점,충청북도,721 
439,기타음식점,충청남도,949 
440,기타음식점,세종특별자치시,109 
441,기타음식점,광주광역시,952 
442,기타음식점,전라북도,703 
443,기타음식점,전라남도,781 
444,기타음식점,대구광역시,"1,219 "
445,기타음식점,경상북도,"1,141 "
446,기타음식점,부산광역시,"1,568 "
447,기타음식점,울산광역시,515 
448,기타음식점,경상남도,"1,696 "
449,기타음식점,제주특별자치도,404 
450,꽃가게,합계,"23,869 "
451,꽃가게,서울특별시,"4,365 "
452,꽃가게,인천광역시,957 
453,꽃가게,경기도,"5,516 "
454,꽃가게,강원도,743 
455,꽃가게,대전광역시,703 
456,꽃가게,충청북도,893 
457,꽃가게,충청남도,"1,094 "
458,꽃가게,세종특별자치시,106 
459,꽃가게,광주광역시,766 
460,꽃가게,전라북도,"1,075 "
461,꽃가게,전라남도,"1,146 "
462,꽃가게,대구광역시,"1,139 "
463,꽃가게,경상북도,"1,420 "
464,꽃가게,부산광역시,"1,289 "
465,꽃가게,울산광역시,523 
466,꽃가게,경상남도,"1,769 "
467,꽃가게,제주특별자치도,365 
468,내과ㆍ소아과 의원,합계,"11,428 "
469,내과ㆍ소아과 의원,서울특별시,"2,486 "
470,내과ㆍ소아과 의원,인천광역시,596 
471,내과ㆍ소아과 의원,경기도,"2,630 "
472,내과ㆍ소아과 의원,강원도,326 
473,내과ㆍ소아과 의원,대전광역시,379 
474,내과ㆍ소아과 의원,충청북도,321 
475,내과ㆍ소아과 의원,충청남도,443 
476,내과ㆍ소아과 의원,세종특별자치시,64 
477,내과ㆍ소아과 의원,광주광역시,333 
478,내과ㆍ소아과 의원,전라북도,420 
479,내과ㆍ소아과 의원,전라남도,437 
480,내과ㆍ소아과 의원,대구광역시,575 
481,내과ㆍ소아과 의원,경상북도,536 
482,내과ㆍ소아과 의원,부산광역시,821 
483,내과ㆍ소아과 의원,울산광역시,225 
484,내과ㆍ소아과 의원,경상남도,681 
485,내과ㆍ소아과 의원,제주특별자치도,155 
486,노래방,합계,"29,965 "
487,노래방,서울특별시,"5,692 "
488,노래방,인천광역시,"2,289 "
489,노래방,경기도,"7,194 "
490,노래방,강원도,841 
491,노래방,대전광역시,"1,299 "
492,노래방,충청북도,"1,136 "
493,노래방,충청남도,"1,199 "
494,노래방,세종특별자치시,145 
495,노래방,광주광역시,"1,051 "
496,노래방,전라북도,841 
497,노래방,전라남도,724 
498,노래방,대구광역시,"1,670 "
499,노래방,경상북도,"1,551 "
500,노래방,부산광역시,"1,707 "
501,노래방,울산광역시,743 
502,노래방,경상남도,"1,580 "
503,노래방,제주특별자치도,303 
504,담배가게,합계,"12,292 "
505,담배가게,서울특별시,"2,167 "
506,담배가게,인천광역시,348 
507,담배가게,경기도,"1,601 "
508,담배가게,강원도,564 
509,담배가게,대전광역시,274 
510,담배가게,충청북도,522 
511,담배가게,충청남도,577 
512,담배가게,세종특별자치시,39 
513,담배가게,광주광역시,289 
514,담배가게,전라북도,622 
515,담배가게,전라남도,950 
516,담배가게,대구광역시,493 
517,담배가게,경상북도,"1,311 "
518,담배가게,부산광역시,"1,112 "
519,담배가게,울산광역시,228 
520,담배가게,경상남도,"1,032 "
521,담배가게,제주특별자치도,163 
522,당구장,합계,"17,992 "
523,당구장,서울특별시,"3,166 "
524,당구장,인천광역시,"1,128 "
525,당구장,경기도,"4,634 "
526,당구장,강원도,784 
527,당구장,대전광역시,509 
528,당구장,충청북도,700 
529,당구장,충청남도,786 
530,당구장,세종특별자치시,92 
531,당구장,광주광역시,491 
532,당구장,전라북도,599 
533,당구장,전라남도,692 
534,당구장,대구광역시,655 
535,당구장,경상북도,899 
536,당구장,부산광역시,950 
537,당구장,울산광역시,500 
538,당구장,경상남도,"1,087 "
539,당구장,제주특별자치도,320 
540,독서실,합계,"9,614 "
541,독서실,서울특별시,"3,355 "
542,독서실,인천광역시,444 
543,독서실,경기도,"2,325 "
544,독서실,강원도,159 
545,독서실,대전광역시,245 
546,독서실,충청북도,193 
547,독서실,충청남도,240 
548,독서실,세종특별자치시,40 
549,독서실,광주광역시,373 
550,독서실,전라북도,267 
551,독서실,전라남도,176 
552,독서실,대구광역시,411 
553,독서실,경상북도,243 
554,독서실,부산광역시,437 
555,독서실,울산광역시,235 
556,독서실,경상남도,390 
557,독서실,제주특별자치도,81 
558,동물병원,합계,"4,139 "
559,동물병원,서울특별시,830 
560,동물병원,인천광역시,186 
561,동물병원,경기도,"1,069 "
562,동물병원,강원도,101 
563,동물병원,대전광역시,99 
564,동물병원,충청북도,108 
565,동물병원,충청남도,190 
566,동물병원,세종특별자치시,26 
567,동물병원,광주광역시,107 
568,동물병원,전라북도,160 
569,동물병원,전라남도,162 
570,동물병원,대구광역시,170 
571,동물병원,경상북도,268 
572,동물병원,부산광역시,241 
573,동물병원,울산광역시,72 
574,동물병원,경상남도,274 
575,동물병원,제주특별자치도,76 
576,목욕탕,합계,"5,456 "
577,목욕탕,서울특별시,705 
578,목욕탕,인천광역시,211 
579,목욕탕,경기도,750 
580,목욕탕,강원도,179 
581,목욕탕,대전광역시,97 
582,목욕탕,충청북도,150 
583,목욕탕,충청남도,199 
584,목욕탕,세종특별자치시,14 
585,목욕탕,광주광역시,176 
586,목욕탕,전라북도,207 
587,목욕탕,전라남도,297 
588,목욕탕,대구광역시,261 
589,목욕탕,경상북도,415 
590,목욕탕,부산광역시,732 
591,목욕탕,울산광역시,183 
592,목욕탕,경상남도,766 
593,목욕탕,제주특별자치도,114 
594,문구점,합계,"9,150 "
595,문구점,서울특별시,"1,543 "
596,문구점,인천광역시,484 
597,문구점,경기도,"2,133 "
598,문구점,강원도,366 
599,문구점,대전광역시,317 
600,문구점,충청북도,325 
601,문구점,충청남도,429 
602,문구점,세종특별자치시,80 
603,문구점,광주광역시,291 
604,문구점,전라북도,417 
605,문구점,전라남도,411 
606,문구점,대구광역시,346 
607,문구점,경상북도,525 
608,문구점,부산광역시,524 
609,문구점,울산광역시,193 
610,문구점,경상남도,614 
611,문구점,제주특별자치도,152 
612,미용실,합계,"102,438 "
613,미용실,서울특별시,"18,074 "
614,미용실,인천광역시,"5,473 "
615,미용실,경기도,"23,171 "
616,미용실,강원도,"3,588 "
617,미용실,대전광역시,"3,328 "
618,미용실,충청북도,"3,498 "
619,미용실,충청남도,"4,259 "
620,미용실,세종특별자치시,420 
621,미용실,광주광역시,"3,250 "
622,미용실,전라북도,"3,901 "
623,미용실,전라남도,"3,532 "
624,미용실,대구광역시,"5,474 "
625,미용실,경상북도,"5,893 "
626,미용실,부산광역시,"7,524 "
627,미용실,울산광역시,"2,627 "
628,미용실,경상남도,"7,057 "
629,미용실,제주특별자치도,"1,369 "
630,법무사,합계,"6,518 "
631,법무사,서울특별시,"1,959 "
632,법무사,인천광역시,288 
633,법무사,경기도,"1,223 "
634,법무사,강원도,189 
635,법무사,대전광역시,167 
636,법무사,충청북도,169 
637,법무사,충청남도,219 
638,법무사,세종특별자치시,22 
639,법무사,광주광역시,221 
640,법무사,전라북도,240 
641,법무사,전라남도,214 
642,법무사,대구광역시,304 
643,법무사,경상북도,262 
644,법무사,부산광역시,462 
645,법무사,울산광역시,113 
646,법무사,경상남도,383 
647,법무사,제주특별자치도,83 
648,변리사,합계,"1,034 "
649,변리사,서울특별시,736 
650,변리사,인천광역시,14 
651,변리사,경기도,90 
652,변리사,강원도,*
653,변리사,대전광역시,86 
654,변리사,충청북도,4 
655,변리사,충청남도,6 
656,변리사,세종특별자치시,*
657,변리사,광주광역시,11 
658,변리사,전라북도,6 
659,변리사,전라남도,4 
660,변리사,대구광역시,23 
661,변리사,경상북도,4 
662,변리사,부산광역시,28 
663,변리사,울산광역시,6 
664,변리사,경상남도,12 
665,변리사,제주특별자치도,*
666,변호사,합계,"7,504 "
667,변호사,서울특별시,"3,890 "
668,변호사,인천광역시,256 
669,변호사,경기도,979 
670,변호사,강원도,119 
671,변호사,대전광역시,226 
672,변호사,충청북도,104 
673,변호사,충청남도,144 
674,변호사,세종특별자치시,18 
675,변호사,광주광역시,216 
676,변호사,전라북도,189 
677,변호사,전라남도,93 
678,변호사,대구광역시,284 
679,변호사,경상북도,120 
680,변호사,부산광역시,428 
681,변호사,울산광역시,120 
682,변호사,경상남도,232 
683,변호사,제주특별자치도,86 
684,부동산중개업,합계,"127,371 "
685,부동산중개업,서울특별시,"31,342 "
686,부동산중개업,인천광역시,"6,902 "
687,부동산중개업,경기도,"35,692 "
688,부동산중개업,강원도,"2,610 "
689,부동산중개업,대전광역시,"3,352 "
690,부동산중개업,충청북도,"2,890 "
691,부동산중개업,충청남도,"4,192 "
692,부동산중개업,세종특별자치시,"1,392 "
693,부동산중개업,광주광역시,"4,196 "
694,부동산중개업,전라북도,"3,222 "
695,부동산중개업,전라남도,"2,301 "
696,부동산중개업,대구광역시,"5,837 "
697,부동산중개업,경상북도,"4,138 "
698,부동산중개업,부산광역시,"8,120 "
699,부동산중개업,울산광역시,"2,334 "
700,부동산중개업,경상남도,"6,837 "
701,부동산중개업,제주특별자치도,"2,014 "
702,분식점,합계,"53,864 "
703,분식점,서울특별시,"10,819 "
704,분식점,인천광역시,"2,564 "
705,분식점,경기도,"12,714 "
706,분식점,강원도,"1,635 "
707,분식점,대전광역시,"1,941 "
708,분식점,충청북도,"2,205 "
709,분식점,충청남도,"2,323 "
710,분식점,세종특별자치시,204 
711,분식점,광주광역시,"1,551 "
712,분식점,전라북도,"1,996 "
713,분식점,전라남도,"1,467 "
714,분식점,대구광역시,"2,453 "
715,분식점,경상북도,"2,489 "
716,분식점,부산광역시,"4,023 "
717,분식점,울산광역시,765 
718,분식점,경상남도,"3,928 "
719,분식점,제주특별자치도,787 
720,사진촬영업,합계,"14,254 "
721,사진촬영업,서울특별시,"4,653 "
722,사진촬영업,인천광역시,662 
723,사진촬영업,경기도,"3,031 "
724,사진촬영업,강원도,413 
725,사진촬영업,대전광역시,403 
726,사진촬영업,충청북도,310 
727,사진촬영업,충청남도,397 
728,사진촬영업,세종특별자치시,60 
729,사진촬영업,광주광역시,403 
730,사진촬영업,전라북도,420 
731,사진촬영업,전라남도,330 
732,사진촬영업,대구광역시,648 
733,사진촬영업,경상북도,522 
734,사진촬영업,부산광역시,822 
735,사진촬영업,울산광역시,224 
736,사진촬영업,경상남도,602 
737,사진촬영업,제주특별자치도,354 
738,산부인과 의원,합계,"1,680 "
739,산부인과 의원,서울특별시,503 
740,산부인과 의원,인천광역시,82 
741,산부인과 의원,경기도,338 
742,산부인과 의원,강원도,37 
743,산부인과 의원,대전광역시,60 
744,산부인과 의원,충청북도,45 
745,산부인과 의원,충청남도,48 
746,산부인과 의원,세종특별자치시,9 
747,산부인과 의원,광주광역시,51 
748,산부인과 의원,전라북도,56 
749,산부인과 의원,전라남도,24 
750,산부인과 의원,대구광역시,108 
751,산부인과 의원,경상북도,67 
752,산부인과 의원,부산광역시,99 
753,산부인과 의원,울산광역시,44 
754,산부인과 의원,경상남도,85 
755,산부인과 의원,제주특별자치도,24 
756,생선가게,합계,"11,383 "
757,생선가게,서울특별시,"1,444 "
758,생선가게,인천광역시,756 
759,생선가게,경기도,"1,230 "
760,생선가게,강원도,528 
761,생선가게,대전광역시,154 
762,생선가게,충청북도,168 
763,생선가게,충청남도,707 
764,생선가게,세종특별자치시,23 
765,생선가게,광주광역시,320 
766,생선가게,전라북도,604 
767,생선가게,전라남도,"1,593 "
768,생선가게,대구광역시,220 
769,생선가게,경상북도,863 
770,생선가게,부산광역시,"1,064 "
771,생선가게,울산광역시,396 
772,생선가게,경상남도,875 
773,생선가게,제주특별자치도,438 
774,서점,합계,"8,345 "
775,서점,서울특별시,"1,625 "
776,서점,인천광역시,376 
777,서점,경기도,"1,979 "
778,서점,강원도,237 
779,서점,대전광역시,327 
780,서점,충청북도,245 
781,서점,충청남도,345 
782,서점,세종특별자치시,68 
783,서점,광주광역시,279 
784,서점,전라북도,345 
785,서점,전라남도,259 
786,서점,대구광역시,492 
787,서점,경상북도,380 
788,서점,부산광역시,553 
789,서점,울산광역시,195 
790,서점,경상남도,496 
791,서점,제주특별자치도,144 
792,성형외과 의원,합계,"1,488 "
793,성형외과 의원,서울특별시,730 
794,성형외과 의원,인천광역시,47 
795,성형외과 의원,경기도,192 
796,성형외과 의원,강원도,17 
797,성형외과 의원,대전광역시,44 
798,성형외과 의원,충청북도,24 
799,성형외과 의원,충청남도,28 
800,성형외과 의원,세종특별자치시,6 
801,성형외과 의원,광주광역시,46 
802,성형외과 의원,전라북도,26 
803,성형외과 의원,전라남도,16 
804,성형외과 의원,대구광역시,78 
805,성형외과 의원,경상북도,16 
806,성형외과 의원,부산광역시,139 
807,성형외과 의원,울산광역시,19 
808,성형외과 의원,경상남도,39 
809,성형외과 의원,제주특별자치도,21 
810,세무사,합계,"12,524 "
811,세무사,서울특별시,"5,158 "
812,세무사,인천광역시,525 
813,세무사,경기도,"2,778 "
814,세무사,강원도,174 
815,세무사,대전광역시,279 
816,세무사,충청북도,171 
817,세무사,충청남도,261 
818,세무사,세종특별자치시,43 
819,세무사,광주광역시,301 
820,세무사,전라북도,268 
821,세무사,전라남도,133 
822,세무사,대구광역시,555 
823,세무사,경상북도,237 
824,세무사,부산광역시,943 
825,세무사,울산광역시,165 
826,세무사,경상남도,423 
827,세무사,제주특별자치도,110 
828,세탁소,합계,"23,433 "
829,세탁소,서울특별시,"4,547 "
830,세탁소,인천광역시,"1,259 "
831,세탁소,경기도,"5,386 "
832,세탁소,강원도,940 
833,세탁소,대전광역시,883 
834,세탁소,충청북도,882 
835,세탁소,충청남도,"1,123 "
836,세탁소,세종특별자치시,101 
837,세탁소,광주광역시,863 
838,세탁소,전라북도,894 
839,세탁소,전라남도,812 
840,세탁소,대구광역시,842 
841,세탁소,경상북도,"1,260 "
842,세탁소,부산광역시,"1,322 "
843,세탁소,울산광역시,444 
844,세탁소,경상남도,"1,274 "
845,세탁소,제주특별자치도,601 
846,슈퍼마켓,합계,"28,984 "
847,슈퍼마켓,서울특별시,"3,866 "
848,슈퍼마켓,인천광역시,"1,795 "
849,슈퍼마켓,경기도,"7,803 "
850,슈퍼마켓,강원도,"1,002 "
851,슈퍼마켓,대전광역시,688 
852,슈퍼마켓,충청북도,967 
853,슈퍼마켓,충청남도,"1,190 "
854,슈퍼마켓,세종특별자치시,133 
855,슈퍼마켓,광주광역시,854 
856,슈퍼마켓,전라북도,982 
857,슈퍼마켓,전라남도,"1,195 "
858,슈퍼마켓,대구광역시,"1,664 "
859,슈퍼마켓,경상북도,"1,824 "
860,슈퍼마켓,부산광역시,"1,829 "
861,슈퍼마켓,울산광역시,864 
862,슈퍼마켓,경상남도,"1,925 "
863,슈퍼마켓,제주특별자치도,403 
864,스포츠교육기관,합계,"25,370 "
865,스포츠교육기관,서울특별시,"4,666 "
866,스포츠교육기관,인천광역시,"1,357 "
867,스포츠교육기관,경기도,"6,633 "
868,스포츠교육기관,강원도,701 
869,스포츠교육기관,대전광역시,831 
870,스포츠교육기관,충청북도,740 
871,스포츠교육기관,충청남도,913 
872,스포츠교육기관,세종특별자치시,207 
873,스포츠교육기관,광주광역시,908 
874,스포츠교육기관,전라북도,843 
875,스포츠교육기관,전라남도,718 
876,스포츠교육기관,대구광역시,"1,231 "
877,스포츠교육기관,경상북도,"1,171 "
878,스포츠교육기관,부산광역시,"1,685 "
879,스포츠교육기관,울산광역시,579 
880,스포츠교육기관,경상남도,"1,764 "
881,스포츠교육기관,제주특별자치도,423 
882,스포츠시설운영업,합계,"8,125 "
883,스포츠시설운영업,서울특별시,"2,224 "
884,스포츠시설운영업,인천광역시,418 
885,스포츠시설운영업,경기도,"2,160 "
886,스포츠시설운영업,강원도,243 
887,스포츠시설운영업,대전광역시,186 
888,스포츠시설운영업,충청북도,178 
889,스포츠시설운영업,충청남도,223 
890,스포츠시설운영업,세종특별자치시,44 
891,스포츠시설운영업,광주광역시,241 
892,스포츠시설운영업,전라북도,264 
893,스포츠시설운영업,전라남도,175 
894,스포츠시설운영업,대구광역시,304 
895,스포츠시설운영업,경상북도,293 
896,스포츠시설운영업,부산광역시,487 
897,스포츠시설운영업,울산광역시,140 
898,스포츠시설운영업,경상남도,412 
899,스포츠시설운영업,제주특별자치도,133 
900,스포츠용품점,합계,"14,987 "
901,스포츠용품점,서울특별시,"1,468 "
902,스포츠용품점,인천광역시,510 
903,스포츠용품점,경기도,"3,179 "
904,스포츠용품점,강원도,869 
905,스포츠용품점,대전광역시,377 
906,스포츠용품점,충청북도,653 
907,스포츠용품점,충청남도,"1,001 "
908,스포츠용품점,세종특별자치시,65 
909,스포츠용품점,광주광역시,428 
910,스포츠용품점,전라북도,887 
911,스포츠용품점,전라남도,902 
912,스포츠용품점,대구광역시,639 
913,스포츠용품점,경상북도,"1,231 "
914,스포츠용품점,부산광역시,694 
915,스포츠용품점,울산광역시,277 
916,스포츠용품점,경상남도,"1,373 "
917,스포츠용품점,제주특별자치도,434 
918,시계ㆍ귀금속점,합계,"8,148 "
919,시계ㆍ귀금속점,서울특별시,"1,864 "
920,시계ㆍ귀금속점,인천광역시,353 
921,시계ㆍ귀금속점,경기도,"1,302 "
922,시계ㆍ귀금속점,강원도,235 
923,시계ㆍ귀금속점,대전광역시,228 
924,시계ㆍ귀금속점,충청북도,259 
925,시계ㆍ귀금속점,충청남도,313 
926,시계ㆍ귀금속점,세종특별자치시,19 
927,시계ㆍ귀금속점,광주광역시,259 
928,시계ㆍ귀금속점,전라북도,379 
929,시계ㆍ귀금속점,전라남도,286 
930,시계ㆍ귀금속점,대구광역시,529 
931,시계ㆍ귀금속점,경상북도,437 
932,시계ㆍ귀금속점,부산광역시,793 
933,시계ㆍ귀금속점,울산광역시,225 
934,시계ㆍ귀금속점,경상남도,564 
935,시계ㆍ귀금속점,제주특별자치도,103 
936,식료품가게,합계,"47,952 "
937,식료품가게,서울특별시,"5,403 "
938,식료품가게,인천광역시,"2,089 "
939,식료품가게,경기도,"8,817 "
940,식료품가게,강원도,"2,776 "
941,식료품가게,대전광역시,"1,339 "
942,식료품가게,충청북도,"2,207 "
943,식료품가게,충청남도,"3,317 "
944,식료품가게,세종특별자치시,222 
945,식료품가게,광주광역시,"1,417 "
946,식료품가게,전라북도,"3,347 "
947,식료품가게,전라남도,"3,566 "
948,식료품가게,대구광역시,"1,632 "
949,식료품가게,경상북도,"3,445 "
950,식료품가게,부산광역시,"2,997 "
951,식료품가게,울산광역시,746 
952,식료품가게,경상남도,"3,827 "
953,식료품가게,제주특별자치도,805 
954,신경정신과 의원,합계,"1,781 "
955,신경정신과 의원,서울특별시,509 
956,신경정신과 의원,인천광역시,73 
957,신경정신과 의원,경기도,376 
958,신경정신과 의원,강원도,40 
959,신경정신과 의원,대전광역시,74 
960,신경정신과 의원,충청북도,48 
961,신경정신과 의원,충청남도,52 
962,신경정신과 의원,세종특별자치시,11 
963,신경정신과 의원,광주광역시,49 
964,신경정신과 의원,전라북도,68 
965,신경정신과 의원,전라남도,43 
966,신경정신과 의원,대구광역시,113 
967,신경정신과 의원,경상북도,51 
968,신경정신과 의원,부산광역시,154 
969,신경정신과 의원,울산광역시,25 
970,신경정신과 의원,경상남도,73 
971,신경정신과 의원,제주특별자치도,22 
972,신발가게,합계,"6,453 "
973,신발가게,서울특별시,"1,305 "
974,신발가게,인천광역시,336 
975,신발가게,경기도,"1,245 "
976,신발가게,강원도,231 
977,신발가게,대전광역시,193 
978,신발가게,충청북도,223 
979,신발가게,충청남도,273 
980,신발가게,세종특별자치시,24 
981,신발가게,광주광역시,206 
982,신발가게,전라북도,291 
983,신발가게,전라남도,260 
984,신발가게,대구광역시,329 
985,신발가게,경상북도,363 
986,신발가게,부산광역시,552 
987,신발가게,울산광역시,110 
988,신발가게,경상남도,402 
989,신발가게,제주특별자치도,110 
990,실내스크린골프점,합계,"5,007 "
991,실내스크린골프점,서울특별시,683 
992,실내스크린골프점,인천광역시,208 
993,실내스크린골프점,경기도,"1,314 "
994,실내스크린골프점,강원도,162 
995,실내스크린골프점,대전광역시,151 
996,실내스크린골프점,충청북도,179 
997,실내스크린골프점,충청남도,211 
998,실내스크린골프점,세종특별자치시,26 
999,실내스크린골프점,광주광역시,112 
1000,실내스크린골프점,전라북도,179 
1001,실내스크린골프점,전라남도,160 
1002,실내스크린골프점,대구광역시,310 
1003,실내스크린골프점,경상북도,297 
1004,실내스크린골프점,부산광역시,311 
1005,실내스크린골프점,울산광역시,177 
1006,실내스크린골프점,경상남도,431 
1007,실내스크린골프점,제주특별자치도,96 
1008,실내장식가게,합계,"58,166 "
1009,실내장식가게,서울특별시,"13,985 "
1010,실내장식가게,인천광역시,"3,369 "
1011,실내장식가게,경기도,"17,224 "
1012,실내장식가게,강원도,"1,177 "
1013,실내장식가게,대전광역시,"1,935 "
1014,실내장식가게,충청북도,"1,350 "
1015,실내장식가게,충청남도,"1,554 "
1016,실내장식가게,세종특별자치시,239 
1017,실내장식가게,광주광역시,"2,080 "
1018,실내장식가게,전라북도,268 
1019,실내장식가게,전라남도,"1,236 "
1020,실내장식가게,대구광역시,"2,661 "
1021,실내장식가게,경상북도,"1,876 "
1022,실내장식가게,부산광역시,"4,056 "
1023,실내장식가게,울산광역시,"1,045 "
1024,실내장식가게,경상남도,"2,844 "
1025,실내장식가게,제주특별자치도,"1,267 "
1026,실외골프연습장,합계,"2,202 "
1027,실외골프연습장,서울특별시,363 
1028,실외골프연습장,인천광역시,73 
1029,실외골프연습장,경기도,488 
1030,실외골프연습장,강원도,107 
1031,실외골프연습장,대전광역시,65 
1032,실외골프연습장,충청북도,99 
1033,실외골프연습장,충청남도,93 
1034,실외골프연습장,세종특별자치시,4 
1035,실외골프연습장,광주광역시,47 
1036,실외골프연습장,전라북도,92 
1037,실외골프연습장,전라남도,94 
1038,실외골프연습장,대구광역시,94 
1039,실외골프연습장,경상북도,190 
1040,실외골프연습장,부산광역시,132 
1041,실외골프연습장,울산광역시,51 
1042,실외골프연습장,경상남도,156 
1043,실외골프연습장,제주특별자치도,54 
1044,안경점,합계,"9,229 "
1045,안경점,서울특별시,"2,043 "
1046,안경점,인천광역시,428 
1047,안경점,경기도,"1,995 "
1048,안경점,강원도,250 
1049,안경점,대전광역시,317 
1050,안경점,충청북도,288 
1051,안경점,충청남도,341 
1052,안경점,세종특별자치시,47 
1053,안경점,광주광역시,351 
1054,안경점,전라북도,356 
1055,안경점,전라남도,311 
1056,안경점,대구광역시,482 
1057,안경점,경상북도,434 
1058,안경점,부산광역시,643 
1059,안경점,울산광역시,224 
1060,안경점,경상남도,592 
1061,안경점,제주특별자치도,127 
1062,안과 의원,합계,"1,671 "
1063,안과 의원,서울특별시,454 
1064,안과 의원,인천광역시,65 
1065,안과 의원,경기도,360 
1066,안과 의원,강원도,44 
1067,안과 의원,대전광역시,49 
1068,안과 의원,충청북도,38 
1069,안과 의원,충청남도,51 
1070,안과 의원,세종특별자치시,6 
1071,안과 의원,광주광역시,40 
1072,안과 의원,전라북도,64 
1073,안과 의원,전라남도,51 
1074,안과 의원,대구광역시,101 
1075,안과 의원,경상북도,68 
1076,안과 의원,부산광역시,134 
1077,안과 의원,울산광역시,33 
1078,안과 의원,경상남도,93 
1079,안과 의원,제주특별자치도,20 
1080,애완용품점,합계,"8,030 "
1081,애완용품점,서울특별시,"1,298 "
1082,애완용품점,인천광역시,504 
1083,애완용품점,경기도,"2,446 "
1084,애완용품점,강원도,219 
1085,애완용품점,대전광역시,269 
1086,애완용품점,충청북도,236 
1087,애완용품점,충청남도,339 
1088,애완용품점,세종특별자치시,30 
1089,애완용품점,광주광역시,198 
1090,애완용품점,전라북도,223 
1091,애완용품점,전라남도,185 
1092,애완용품점,대구광역시,361 
1093,애완용품점,경상북도,411 
1094,애완용품점,부산광역시,587 
1095,애완용품점,울산광역시,139 
1096,애완용품점,경상남도,484 
1097,애완용품점,제주특별자치도,101 
1098,약국,합계,"22,840 "
1099,약국,서울특별시,"5,140 "
1100,약국,인천광역시,"1,113 "
1101,약국,경기도,"5,075 "
1102,약국,강원도,680 
1103,약국,대전광역시,750 
1104,약국,충청북도,674 
1105,약국,충청남도,948 
1106,약국,세종특별자치시,120 
1107,약국,광주광역시,676 
1108,약국,전라북도,915 
1109,약국,전라남도,794 
1110,약국,대구광역시,"1,297 "
1111,약국,경상북도,"1,109 "
1112,약국,부산광역시,"1,535 "
1113,약국,울산광역시,418 
1114,약국,경상남도,"1,299 "
1115,약국,제주특별자치도,297 
1116,여관ㆍ모텔,합계,"20,768 "
1117,여관ㆍ모텔,서울특별시,"1,915 "
1118,여관ㆍ모텔,인천광역시,819 
1119,여관ㆍ모텔,경기도,"3,209 "
1120,여관ㆍ모텔,강원도,"1,559 "
1121,여관ㆍ모텔,대전광역시,640 
1122,여관ㆍ모텔,충청북도,857 
1123,여관ㆍ모텔,충청남도,"1,483 "
1124,여관ㆍ모텔,세종특별자치시,66 
1125,여관ㆍ모텔,광주광역시,502 
1126,여관ㆍ모텔,전라북도,"1,025 "
1127,여관ㆍ모텔,전라남도,"1,313 "
1128,여관ㆍ모텔,대구광역시,681 
1129,여관ㆍ모텔,경상북도,"1,955 "
1130,여관ㆍ모텔,부산광역시,"1,371 "
1131,여관ㆍ모텔,울산광역시,623 
1132,여관ㆍ모텔,경상남도,"2,339 "
1133,여관ㆍ모텔,제주특별자치도,411 
1134,여행사,합계,"14,155 "
1135,여행사,서울특별시,"5,563 "
1136,여행사,인천광역시,408 
1137,여행사,경기도,"1,800 "
1138,여행사,강원도,348 
1139,여행사,대전광역시,325 
1140,여행사,충청북도,280 
1141,여행사,충청남도,325 
1142,여행사,세종특별자치시,54 
1143,여행사,광주광역시,413 
1144,여행사,전라북도,416 
1145,여행사,전라남도,445 
1146,여행사,대구광역시,535 
1147,여행사,경상북도,468 
1148,여행사,부산광역시,"1,079 "
1149,여행사,울산광역시,181 
1150,여행사,경상남도,574 
1151,여행사,제주특별자치도,941 
1152,예술학원,합계,"30,947 "
1153,예술학원,서울특별시,"5,455 "
1154,예술학원,인천광역시,"1,503 "
1155,예술학원,경기도,"8,548 "
1156,예술학원,강원도,891 
1157,예술학원,대전광역시,906 
1158,예술학원,충청북도,876 
1159,예술학원,충청남도,"1,104 "
1160,예술학원,세종특별자치시,272 
1161,예술학원,광주광역시,"1,105 "
1162,예술학원,전라북도,"1,329 "
1163,예술학원,전라남도,866 
1164,예술학원,대구광역시,"1,430 "
1165,예술학원,경상북도,"1,382 "
1166,예술학원,부산광역시,"1,828 "
1167,예술학원,울산광역시,802 
1168,예술학원,경상남도,"2,207 "
1169,예술학원,제주특별자치도,443 
1170,예식장,합계,886 
1171,예식장,서울특별시,170 
1172,예식장,인천광역시,24 
1173,예식장,경기도,137 
1174,예식장,강원도,37 
1175,예식장,대전광역시,24 
1176,예식장,충청북도,36 
1177,예식장,충청남도,70 
1178,예식장,세종특별자치시,5 
1179,예식장,광주광역시,25 
1180,예식장,전라북도,46 
1181,예식장,전라남도,43 
1182,예식장,대구광역시,40 
1183,예식장,경상북도,66 
1184,예식장,부산광역시,60 
1185,예식장,울산광역시,17 
1186,예식장,경상남도,65 
1187,예식장,제주특별자치도,21 
1188,옷가게,합계,"84,959 "
1189,옷가게,서울특별시,"15,630 "
1190,옷가게,인천광역시,"3,966 "
1191,옷가게,경기도,"17,386 "
1192,옷가게,강원도,"3,120 "
1193,옷가게,대전광역시,"2,773 "
1194,옷가게,충청북도,"2,902 "
1195,옷가게,충청남도,"3,270 "
1196,옷가게,세종특별자치시,364 
1197,옷가게,광주광역시,"3,177 "
1198,옷가게,전라북도,"3,404 "
1199,옷가게,전라남도,"3,015 "
1200,옷가게,대구광역시,"5,257 "
1201,옷가게,경상북도,"4,591 "
1202,옷가게,부산광역시,"7,027 "
1203,옷가게,울산광역시,"1,798 "
1204,옷가게,경상남도,"5,615 "
1205,옷가게,제주특별자치도,"1,664 "
1206,의료용품가게,합계,"7,158 "
1207,의료용품가게,서울특별시,"1,590 "
1208,의료용품가게,인천광역시,306 
1209,의료용품가게,경기도,"1,576 "
1210,의료용품가게,강원도,188 
1211,의료용품가게,대전광역시,267 
1212,의료용품가게,충청북도,184 
1213,의료용품가게,충청남도,291 
1214,의료용품가게,세종특별자치시,28 
1215,의료용품가게,광주광역시,314 
1216,의료용품가게,전라북도,345 
1217,의료용품가게,전라남도,223 
1218,의료용품가게,대구광역시,346 
1219,의료용품가게,경상북도,287 
1220,의료용품가게,부산광역시,581 
1221,의료용품가게,울산광역시,118 
1222,의료용품가게,경상남도,429 
1223,의료용품가게,제주특별자치도,85 
1224,이륜자동차판매점,합계,"2,644 "
1225,이륜자동차판매점,서울특별시,452 
1226,이륜자동차판매점,인천광역시,92 
1227,이륜자동차판매점,경기도,461 
1228,이륜자동차판매점,강원도,90 
1229,이륜자동차판매점,대전광역시,59 
1230,이륜자동차판매점,충청북도,90 
1231,이륜자동차판매점,충청남도,144 
1232,이륜자동차판매점,세종특별자치시,8 
1233,이륜자동차판매점,광주광역시,66 
1234,이륜자동차판매점,전라북도,127 
1235,이륜자동차판매점,전라남도,149 
1236,이륜자동차판매점,대구광역시,151 
1237,이륜자동차판매점,경상북도,207 
1238,이륜자동차판매점,부산광역시,214 
1239,이륜자동차판매점,울산광역시,72 
1240,이륜자동차판매점,경상남도,220 
1241,이륜자동차판매점,제주특별자치도,42 
1242,이발소,합계,"11,812 "
1243,이발소,서울특별시,"2,147 "
1244,이발소,인천광역시,410 
1245,이발소,경기도,"2,101 "
1246,이발소,강원도,651 
1247,이발소,대전광역시,405 
1248,이발소,충청북도,418 
1249,이발소,충청남도,608 
1250,이발소,세종특별자치시,38 
1251,이발소,광주광역시,251 
1252,이발소,전라북도,456 
1253,이발소,전라남도,561 
1254,이발소,대구광역시,579 
1255,이발소,경상북도,866 
1256,이발소,부산광역시,"1,006 "
1257,이발소,울산광역시,371 
1258,이발소,경상남도,785 
1259,이발소,제주특별자치도,159 
1260,이비인후과 의원,합계,"2,610 "
1261,이비인후과 의원,서울특별시,696 
1262,이비인후과 의원,인천광역시,136 
1263,이비인후과 의원,경기도,657 
1264,이비인후과 의원,강원도,50 
1265,이비인후과 의원,대전광역시,81 
1266,이비인후과 의원,충청북도,60 
1267,이비인후과 의원,충청남도,57 
1268,이비인후과 의원,세종특별자치시,16 
1269,이비인후과 의원,광주광역시,78 
1270,이비인후과 의원,전라북도,74 
1271,이비인후과 의원,전라남도,48 
1272,이비인후과 의원,대구광역시,159 
1273,이비인후과 의원,경상북도,90 
1274,이비인후과 의원,부산광역시,206 
1275,이비인후과 의원,울산광역시,47 
1276,이비인후과 의원,경상남도,127 
1277,이비인후과 의원,제주특별자치도,28 
1278,일반외과 의원,합계,"4,894 "
1279,일반외과 의원,서울특별시,"1,119 "
1280,일반외과 의원,인천광역시,268 
1281,일반외과 의원,경기도,"1,156 "
1282,일반외과 의원,강원도,136 
1283,일반외과 의원,대전광역시,144 
1284,일반외과 의원,충청북도,176 
1285,일반외과 의원,충청남도,192 
1286,일반외과 의원,세종특별자치시,34 
1287,일반외과 의원,광주광역시,99 
1288,일반외과 의원,전라북도,178 
1289,일반외과 의원,전라남도,136 
1290,일반외과 의원,대구광역시,306 
1291,일반외과 의원,경상북도,229 
1292,일반외과 의원,부산광역시,329 
1293,일반외과 의원,울산광역시,77 
1294,일반외과 의원,경상남도,245 
1295,일반외과 의원,제주특별자치도,70 
1296,일식전문점,합계,"17,793 "
1297,일식전문점,서울특별시,"5,463 "
1298,일식전문점,인천광역시,946 
1299,일식전문점,경기도,"3,661 "
1300,일식전문점,강원도,957 
1301,일식전문점,대전광역시,429 
1302,일식전문점,충청북도,475 
1303,일식전문점,충청남도,723 
1304,일식전문점,세종특별자치시,92 
1305,일식전문점,광주광역시,260 
1306,일식전문점,전라북도,493 
1307,일식전문점,전라남도,430 
1308,일식전문점,대구광역시,802 
1309,일식전문점,경상북도,531 
1310,일식전문점,부산광역시,"1,030 "
1311,일식전문점,울산광역시,268 
1312,일식전문점,경상남도,720 
1313,일식전문점,제주특별자치도,513 
1314,자동차수리점,합계,"44,212 "
1315,자동차수리점,서울특별시,"4,931 "
1316,자동차수리점,인천광역시,"2,340 "
1317,자동차수리점,경기도,"11,202 "
1318,자동차수리점,강원도,"1,778 "
1319,자동차수리점,대전광역시,"1,449 "
1320,자동차수리점,충청북도,"1,836 "
1321,자동차수리점,충청남도,"2,452 "
1322,자동차수리점,세종특별자치시,202 
1323,자동차수리점,광주광역시,"1,508 "
1324,자동차수리점,전라북도,"1,976 "
1325,자동차수리점,전라남도,"1,983 "
1326,자동차수리점,대구광역시,"2,243 "
1327,자동차수리점,경상북도,"3,056 "
1328,자동차수리점,부산광역시,"2,376 "
1329,자동차수리점,울산광역시,"1,092 "
1330,자동차수리점,경상남도,"3,198 "
1331,자동차수리점,제주특별자치도,590 
1332,자전거판매점,합계,"2,511 "
1333,자전거판매점,서울특별시,393 
1334,자전거판매점,인천광역시,100 
1335,자전거판매점,경기도,612 
1336,자전거판매점,강원도,89 
1337,자전거판매점,대전광역시,93 
1338,자전거판매점,충청북도,82 
1339,자전거판매점,충청남도,114 
1340,자전거판매점,세종특별자치시,15 
1341,자전거판매점,광주광역시,61 
1342,자전거판매점,전라북도,135 
1343,자전거판매점,전라남도,97 
1344,자전거판매점,대구광역시,154 
1345,자전거판매점,경상북도,164 
1346,자전거판매점,부산광역시,110 
1347,자전거판매점,울산광역시,61 
1348,자전거판매점,경상남도,199 
1349,자전거판매점,제주특별자치도,32 
1350,장난감가게,합계,"3,007 "
1351,장난감가게,서울특별시,514 
1352,장난감가게,인천광역시,142 
1353,장난감가게,경기도,852 
1354,장난감가게,강원도,95 
1355,장난감가게,대전광역시,92 
1356,장난감가게,충청북도,82 
1357,장난감가게,충청남도,135 
1358,장난감가게,세종특별자치시,26 
1359,장난감가게,광주광역시,80 
1360,장난감가게,전라북도,107 
1361,장난감가게,전라남도,109 
1362,장난감가게,대구광역시,131 
1363,장난감가게,경상북도,152 
1364,장난감가게,부산광역시,190 
1365,장난감가게,울산광역시,57 
1366,장난감가게,경상남도,175 
1367,장난감가게,제주특별자치도,68 
1368,정육점,합계,"19,687 "
1369,정육점,서울특별시,"2,748 "
1370,정육점,인천광역시,"1,056 "
1371,정육점,경기도,"4,245 "
1372,정육점,강원도,850 
1373,정육점,대전광역시,748 
1374,정육점,충청북도,784 
1375,정육점,충청남도,"1,003 "
1376,정육점,세종특별자치시,114 
1377,정육점,광주광역시,546 
1378,정육점,전라북도,"1,056 "
1379,정육점,전라남도,832 
1380,정육점,대구광역시,"1,279 "
1381,정육점,경상북도,"1,246 "
1382,정육점,부산광역시,"1,106 "
1383,정육점,울산광역시,588 
1384,정육점,경상남도,"1,196 "
1385,정육점,제주특별자치도,290 
1386,제과점,합계,"17,299 "
1387,제과점,서울특별시,"3,582 "
1388,제과점,인천광역시,791 
1389,제과점,경기도,"4,033 "
1390,제과점,강원도,573 
1391,제과점,대전광역시,523 
1392,제과점,충청북도,539 
1393,제과점,충청남도,705 
1394,제과점,세종특별자치시,121 
1395,제과점,광주광역시,490 
1396,제과점,전라북도,625 
1397,제과점,전라남도,558 
1398,제과점,대구광역시,904 
1399,제과점,경상북도,903 
1400,제과점,부산광역시,"1,070 "
1401,제과점,울산광역시,378 
1402,제과점,경상남도,"1,104 "
1403,제과점,제주특별자치도,400 
1404,종합병원,합계,"3,429 "
1405,종합병원,서울특별시,442 
1406,종합병원,인천광역시,146 
1407,종합병원,경기도,691 
1408,종합병원,강원도,83 
1409,종합병원,대전광역시,99 
1410,종합병원,충청북도,96 
1411,종합병원,충청남도,140 
1412,종합병원,세종특별자치시,13 
1413,종합병원,광주광역시,175 
1414,종합병원,전라북도,170 
1415,종합병원,전라남도,200 
1416,종합병원,대구광역시,193 
1417,종합병원,경상북도,230 
1418,종합병원,부산광역시,338 
1419,종합병원,울산광역시,97 
1420,종합병원,경상남도,291 
1421,종합병원,제주특별자치도,25 
1422,주유소,합계,"10,681 "
1423,주유소,서울특별시,394 
1424,주유소,인천광역시,270 
1425,주유소,경기도,"2,185 "
1426,주유소,강원도,630 
1427,주유소,대전광역시,221 
1428,주유소,충청북도,705 
1429,주유소,충청남도,998 
1430,주유소,세종특별자치시,68 
1431,주유소,광주광역시,259 
1432,주유소,전라북도,830 
1433,주유소,전라남도,811 
1434,주유소,대구광역시,325 
1435,주유소,경상북도,"1,207 "
1436,주유소,부산광역시,352 
1437,주유소,울산광역시,212 
1438,주유소,경상남도,"1,031 "
1439,주유소,제주특별자치도,183 
1440,주차장운영업,합계,"7,907 "
1441,주차장운영업,서울특별시,"1,755 "
1442,주차장운영업,인천광역시,292 
1443,주차장운영업,경기도,"1,308 "
1444,주차장운영업,강원도,149 
1445,주차장운영업,대전광역시,179 
1446,주차장운영업,충청북도,159 
1447,주차장운영업,충청남도,134 
1448,주차장운영업,세종특별자치시,25 
1449,주차장운영업,광주광역시,262 
1450,주차장운영업,전라북도,132 
1451,주차장운영업,전라남도,103 
1452,주차장운영업,대구광역시,423 
1453,주차장운영업,경상북도,258 
1454,주차장운영업,부산광역시,"1,756 "
1455,주차장운영업,울산광역시,231 
1456,주차장운영업,경상남도,688 
1457,주차장운영업,제주특별자치도,53 
1458,중고차판매점,합계,"4,832 "
1459,중고차판매점,서울특별시,489 
1460,중고차판매점,인천광역시,266 
1461,중고차판매점,경기도,"1,039 "
1462,중고차판매점,강원도,156 
1463,중고차판매점,대전광역시,202 
1464,중고차판매점,충청북도,193 
1465,중고차판매점,충청남도,215 
1466,중고차판매점,세종특별자치시,4 
1467,중고차판매점,광주광역시,233 
1468,중고차판매점,전라북도,289 
1469,중고차판매점,전라남도,218 
1470,중고차판매점,대구광역시,481 
1471,중고차판매점,경상북도,317 
1472,중고차판매점,부산광역시,240 
1473,중고차판매점,울산광역시,107 
1474,중고차판매점,경상남도,327 
1475,중고차판매점,제주특별자치도,56 
1476,중식전문점,합계,"24,673 "
1477,중식전문점,서울특별시,"4,848 "
1478,중식전문점,인천광역시,"1,190 "
1479,중식전문점,경기도,"5,288 "
1480,중식전문점,강원도,"1,046 "
1481,중식전문점,대전광역시,590 
1482,중식전문점,충청북도,911 
1483,중식전문점,충청남도,"1,210 "
1484,중식전문점,세종특별자치시,152 
1485,중식전문점,광주광역시,487 
1486,중식전문점,전라북도,"1,032 "
1487,중식전문점,전라남도,822 
1488,중식전문점,대구광역시,"1,237 "
1489,중식전문점,경상북도,"1,502 "
1490,중식전문점,부산광역시,"1,785 "
1491,중식전문점,울산광역시,507 
1492,중식전문점,경상남도,"1,651 "
1493,중식전문점,제주특별자치도,415 
1494,채소가게,합계,"11,289 "
1495,채소가게,서울특별시,"1,510 "
1496,채소가게,인천광역시,536 
1497,채소가게,경기도,"1,990 "
1498,채소가게,강원도,771 
1499,채소가게,대전광역시,290 
1500,채소가게,충청북도,494 
1501,채소가게,충청남도,698 
1502,채소가게,세종특별자치시,58 
1503,채소가게,광주광역시,229 
1504,채소가게,전라북도,620 
1505,채소가게,전라남도,736 
1506,채소가게,대구광역시,444 
1507,채소가게,경상북도,917 
1508,채소가게,부산광역시,713 
1509,채소가게,울산광역시,132 
1510,채소가게,경상남도,851 
1511,채소가게,제주특별자치도,300 
1512,철물점,합계,"8,794 "
1513,철물점,서울특별시,"1,364 "
1514,철물점,인천광역시,498 
1515,철물점,경기도,"1,844 "
1516,철물점,강원도,461 
1517,철물점,대전광역시,281 
1518,철물점,충청북도,348 
1519,철물점,충청남도,457 
1520,철물점,세종특별자치시,39 
1521,철물점,광주광역시,290 
1522,철물점,전라북도,425 
1523,철물점,전라남도,465 
1524,철물점,대구광역시,334 
1525,철물점,경상북도,486 
1526,철물점,부산광역시,666 
1527,철물점,울산광역시,176 
1528,철물점,경상남도,553 
1529,철물점,제주특별자치도,107 
1530,치과병원ㆍ의원,합계,"18,349 "
1531,치과병원ㆍ의원,서울특별시,"4,917 "
1532,치과병원ㆍ의원,인천광역시,924 
1533,치과병원ㆍ의원,경기도,"4,321 "
1534,치과병원ㆍ의원,강원도,398 
1535,치과병원ㆍ의원,대전광역시,537 
1536,치과병원ㆍ의원,충청북도,438 
1537,치과병원ㆍ의원,충청남도,571 
1538,치과병원ㆍ의원,세종특별자치시,89 
1539,치과병원ㆍ의원,광주광역시,644 
1540,치과병원ㆍ의원,전라북도,583 
1541,치과병원ㆍ의원,전라남도,493 
1542,치과병원ㆍ의원,대구광역시,901 
1543,치과병원ㆍ의원,경상북도,690 
1544,치과병원ㆍ의원,부산광역시,"1,313 "
1545,치과병원ㆍ의원,울산광역시,389 
1546,치과병원ㆍ의원,경상남도,922 
1547,치과병원ㆍ의원,제주특별자치도,219 
1548,침구ㆍ커튼가게,합계,"9,769 "
1549,침구ㆍ커튼가게,서울특별시,"1,247 "
1550,침구ㆍ커튼가게,인천광역시,421 
1551,침구ㆍ커튼가게,경기도,"1,887 "
1552,침구ㆍ커튼가게,강원도,396 
1553,침구ㆍ커튼가게,대전광역시,409 
1554,침구ㆍ커튼가게,충청북도,392 
1555,침구ㆍ커튼가게,충청남도,500 
1556,침구ㆍ커튼가게,세종특별자치시,51 
1557,침구ㆍ커튼가게,광주광역시,383 
1558,침구ㆍ커튼가게,전라북도,488 
1559,침구ㆍ커튼가게,전라남도,480 
1560,침구ㆍ커튼가게,대구광역시,631 
1561,침구ㆍ커튼가게,경상북도,664 
1562,침구ㆍ커튼가게,부산광역시,692 
1563,침구ㆍ커튼가게,울산광역시,232 
1564,침구ㆍ커튼가게,경상남도,675 
1565,침구ㆍ커튼가게,제주특별자치도,221 
1566,커피음료점,합계,"63,537 "
1567,커피음료점,서울특별시,"12,468 "
1568,커피음료점,인천광역시,"3,109 "
1569,커피음료점,경기도,"13,648 "
1570,커피음료점,강원도,"2,260 "
1571,커피음료점,대전광역시,"2,304 "
1572,커피음료점,충청북도,"2,149 "
1573,커피음료점,충청남도,"2,774 "
1574,커피음료점,세종특별자치시,438 
1575,커피음료점,광주광역시,"1,757 "
1576,커피음료점,전라북도,"2,574 "
1577,커피음료점,전라남도,"2,275 "
1578,커피음료점,대구광역시,"2,949 "
1579,커피음료점,경상북도,"4,339 "
1580,커피음료점,부산광역시,"3,691 "
1581,커피음료점,울산광역시,"1,478 "
1582,커피음료점,경상남도,"4,050 "
1583,커피음료점,제주특별자치도,"1,274 "
1584,컴퓨터판매점,합계,"5,016 "
1585,컴퓨터판매점,서울특별시,"1,028 "
1586,컴퓨터판매점,인천광역시,218 
1587,컴퓨터판매점,경기도,"1,109 "
1588,컴퓨터판매점,강원도,185 
1589,컴퓨터판매점,대전광역시,186 
1590,컴퓨터판매점,충청북도,184 
1591,컴퓨터판매점,충청남도,215 
1592,컴퓨터판매점,세종특별자치시,37 
1593,컴퓨터판매점,광주광역시,186 
1594,컴퓨터판매점,전라북도,214 
1595,컴퓨터판매점,전라남도,179 
1596,컴퓨터판매점,대구광역시,234 
1597,컴퓨터판매점,경상북도,313 
1598,컴퓨터판매점,부산광역시,232 
1599,컴퓨터판매점,울산광역시,86 
1600,컴퓨터판매점,경상남도,319 
1601,컴퓨터판매점,제주특별자치도,91 
1602,통신판매업,합계,"282,079 "
1603,통신판매업,서울특별시,"82,828 "
1604,통신판매업,인천광역시,"18,538 "
1605,통신판매업,경기도,"84,743 "
1606,통신판매업,강원도,"3,809 "
1607,통신판매업,대전광역시,"6,765 "
1608,통신판매업,충청북도,"5,300 "
1609,통신판매업,충청남도,"7,053 "
1610,통신판매업,세종특별자치시,"1,405 "
1611,통신판매업,광주광역시,"6,306 "
1612,통신판매업,전라북도,"5,460 "
1613,통신판매업,전라남도,"4,927 "
1614,통신판매업,대구광역시,"13,012 "
1615,통신판매업,경상북도,"8,725 "
1616,통신판매업,부산광역시,"17,258 "
1617,통신판매업,울산광역시,"3,441 "
1618,통신판매업,경상남도,"10,348 "
1619,통신판매업,제주특별자치도,"2,161 "
1620,패스트푸드점,합계,"39,647 "
1621,패스트푸드점,서울특별시,"6,503 "
1622,패스트푸드점,인천광역시,"1,792 "
1623,패스트푸드점,경기도,"8,754 "
1624,패스트푸드점,강원도,"1,875 "
1625,패스트푸드점,대전광역시,"1,072 "
1626,패스트푸드점,충청북도,"1,596 "
1627,패스트푸드점,충청남도,"2,076 "
1628,패스트푸드점,세종특별자치시,328 
1629,패스트푸드점,광주광역시,"1,112 "
1630,패스트푸드점,전라북도,"1,644 "
1631,패스트푸드점,전라남도,"1,544 "
1632,패스트푸드점,대구광역시,"1,527 "
1633,패스트푸드점,경상북도,"2,279 "
1634,패스트푸드점,부산광역시,"2,581 "
1635,패스트푸드점,울산광역시,"1,035 "
1636,패스트푸드점,경상남도,"3,277 "
1637,패스트푸드점,제주특별자치도,652 
1638,펜션ㆍ게스트하우스,합계,"14,116 "
1639,펜션ㆍ게스트하우스,서울특별시,763 
1640,펜션ㆍ게스트하우스,인천광역시,625 
1641,펜션ㆍ게스트하우스,경기도,"1,880 "
1642,펜션ㆍ게스트하우스,강원도,"2,387 "
1643,펜션ㆍ게스트하우스,대전광역시,23 
1644,펜션ㆍ게스트하우스,충청북도,409 
1645,펜션ㆍ게스트하우스,충청남도,"1,249 "
1646,펜션ㆍ게스트하우스,세종특별자치시,7 
1647,펜션ㆍ게스트하우스,광주광역시,23 
1648,펜션ㆍ게스트하우스,전라북도,421 
1649,펜션ㆍ게스트하우스,전라남도,765 
1650,펜션ㆍ게스트하우스,대구광역시,40 
1651,펜션ㆍ게스트하우스,경상북도,"1,242 "
1652,펜션ㆍ게스트하우스,부산광역시,173 
1653,펜션ㆍ게스트하우스,울산광역시,129 
1654,펜션ㆍ게스트하우스,경상남도,"1,371 "
1655,펜션ㆍ게스트하우스,제주특별자치도,"2,609 "
1656,편의점,합계,"42,465 "
1657,편의점,서울특별시,"7,998 "
1658,편의점,인천광역시,"2,254 "
1659,편의점,경기도,"10,638 "
1660,편의점,강원도,"1,740 "
1661,편의점,대전광역시,"1,164 "
1662,편의점,충청북도,"1,523 "
1663,편의점,충청남도,"2,262 "
1664,편의점,세종특별자치시,267 
1665,편의점,광주광역시,"1,061 "
1666,편의점,전라북도,"1,244 "
1667,편의점,전라남도,"1,186 "
1668,편의점,대구광역시,"1,625 "
1669,편의점,경상북도,"1,987 "
1670,편의점,부산광역시,"2,514 "
1671,편의점,울산광역시,935 
1672,편의점,경상남도,"2,918 "
1673,편의점,제주특별자치도,"1,149 "
1674,피부관리업,합계,"39,029 "
1675,피부관리업,서울특별시,"7,537 "
1676,피부관리업,인천광역시,"2,233 "
1677,피부관리업,경기도,"9,232 "
1678,피부관리업,강원도,"1,123 "
1679,피부관리업,대전광역시,"1,235 "
1680,피부관리업,충청북도,"1,162 "
1681,피부관리업,충청남도,"1,380 "
1682,피부관리업,세종특별자치시,183 
1683,피부관리업,광주광역시,"1,651 "
1684,피부관리업,전라북도,"1,276 "
1685,피부관리업,전라남도,"1,442 "
1686,피부관리업,대구광역시,"1,682 "
1687,피부관리업,경상북도,"1,643 "
1688,피부관리업,부산광역시,"2,805 "
1689,피부관리업,울산광역시,860 
1690,피부관리업,경상남도,"2,855 "
1691,피부관리업,제주특별자치도,730 
1692,피부ㆍ비뇨기과 의원,합계,"3,946 "
1693,피부ㆍ비뇨기과 의원,서울특별시,"1,355 "
1694,피부ㆍ비뇨기과 의원,인천광역시,177 
1695,피부ㆍ비뇨기과 의원,경기도,828 
1696,피부ㆍ비뇨기과 의원,강원도,59 
1697,피부ㆍ비뇨기과 의원,대전광역시,110 
1698,피부ㆍ비뇨기과 의원,충청북도,78 
1699,피부ㆍ비뇨기과 의원,충청남도,97 
1700,피부ㆍ비뇨기과 의원,세종특별자치시,16 
1701,피부ㆍ비뇨기과 의원,광주광역시,126 
1702,피부ㆍ비뇨기과 의원,전라북도,93 
1703,피부ㆍ비뇨기과 의원,전라남도,75 
1704,피부ㆍ비뇨기과 의원,대구광역시,203 
1705,피부ㆍ비뇨기과 의원,경상북도,101 
1706,피부ㆍ비뇨기과 의원,부산광역시,333 
1707,피부ㆍ비뇨기과 의원,울산광역시,77 
1708,피부ㆍ비뇨기과 의원,경상남도,175 
1709,피부ㆍ비뇨기과 의원,제주특별자치도,43 
1710,한방병원ㆍ한의원,합계,"14,886 "
1711,한방병원ㆍ한의원,서울특별시,"3,711 "
1712,한방병원ㆍ한의원,인천광역시,696 
1713,한방병원ㆍ한의원,경기도,"3,242 "
1714,한방병원ㆍ한의원,강원도,367 
1715,한방병원ㆍ한의원,대전광역시,522 
1716,한방병원ㆍ한의원,충청북도,402 
1717,한방병원ㆍ한의원,충청남도,524 
1718,한방병원ㆍ한의원,세종특별자치시,80 
1719,한방병원ㆍ한의원,광주광역시,413 
1720,한방병원ㆍ한의원,전라북도,540 
1721,한방병원ㆍ한의원,전라남도,399 
1722,한방병원ㆍ한의원,대구광역시,888 
1723,한방병원ㆍ한의원,경상북도,645 
1724,한방병원ㆍ한의원,부산광역시,"1,158 "
1725,한방병원ㆍ한의원,울산광역시,285 
1726,한방병원ㆍ한의원,경상남도,818 
1727,한방병원ㆍ한의원,제주특별자치도,196 
1728,한식전문점,합계,"387,736 "
1729,한식전문점,서울특별시,"53,726 "
1730,한식전문점,인천광역시,"18,035 "
1731,한식전문점,경기도,"80,378 "
1732,한식전문점,강원도,"19,516 "
1733,한식전문점,대전광역시,"11,700 "
1734,한식전문점,충청북도,"15,380 "
1735,한식전문점,충청남도,"19,518 "
1736,한식전문점,세종특별자치시,"2,095 "
1737,한식전문점,광주광역시,"10,031 "
1738,한식전문점,전라북도,"14,236 "
1739,한식전문점,전라남도,"17,621 "
1740,한식전문점,대구광역시,"19,557 "
1741,한식전문점,경상북도,"29,301 "
1742,한식전문점,부산광역시,"24,572 "
1743,한식전문점,울산광역시,"10,842 "
1744,한식전문점,경상남도,"32,419 "
1745,한식전문점,제주특별자치도,"8,809 "
1746,헬스클럽,합계,"7,928 "
1747,헬스클럽,서울특별시,"1,914 "
1748,헬스클럽,인천광역시,425 
1749,헬스클럽,경기도,"1,905 "
1750,헬스클럽,강원도,229 
1751,헬스클럽,대전광역시,257 
1752,헬스클럽,충청북도,267 
1753,헬스클럽,충청남도,276 
1754,헬스클럽,세종특별자치시,43 
1755,헬스클럽,광주광역시,234 
1756,헬스클럽,전라북도,237 
1757,헬스클럽,전라남도,176 
1758,헬스클럽,대구광역시,383 
1759,헬스클럽,경상북도,359 
1760,헬스클럽,부산광역시,550 
1761,헬스클럽,울산광역시,131 
1762,헬스클럽,경상남도,428 
1763,헬스클럽,제주특별자치도,114 
1764,호프전문점,합계,"31,959 "
1765,호프전문점,서울특별시,"6,692 "
1766,호프전문점,인천광역시,"1,693 "
1767,호프전문점,경기도,"6,646 "
1768,호프전문점,강원도,"1,331 "
1769,호프전문점,대전광역시,888 
1770,호프전문점,충청북도,"1,683 "
1771,호프전문점,충청남도,"1,535 "
1772,호프전문점,세종특별자치시,141 
1773,호프전문점,광주광역시,"2,190 "
1774,호프전문점,전라북도,"1,305 "
1775,호프전문점,전라남도,"2,237 "
1776,호프전문점,대구광역시,554 
1777,호프전문점,경상북도,"1,000 "
1778,호프전문점,부산광역시,"1,730 "
1779,호프전문점,울산광역시,343 
1780,호프전문점,경상남도,"1,353 "
1781,호프전문점,제주특별자치도,638 
1782,화장품가게,합계,"34,735 "
1783,화장품가게,서울특별시,"6,544 "
1784,화장품가게,인천광역시,"1,422 "
1785,화장품가게,경기도,"7,883 "
1786,화장품가게,강원도,"1,085 "
1787,화장품가게,대전광역시,"1,236 "
1788,화장품가게,충청북도,"1,011 "
1789,화장품가게,충청남도,"1,302 "
1790,화장품가게,세종특별자치시,150 
1791,화장품가게,광주광역시,"1,185 "
1792,화장품가게,전라북도,"1,491 "
1793,화장품가게,전라남도,"1,040 "
1794,화장품가게,대구광역시,"2,083 "
1795,화장품가게,경상북도,"1,853 "
1796,화장품가게,부산광역시,"2,418 "
1797,화장품가게,울산광역시,976 
1798,화장품가게,경상남도,"2,382 "
1799,화장품가게,제주특별자치도,674 
1800,휴대폰가게,합계,"18,225 "
1801,휴대폰가게,서울특별시,"3,066 "
1802,휴대폰가게,인천광역시,951 
1803,휴대폰가게,경기도,"4,097 "
1804,휴대폰가게,강원도,624 
1805,휴대폰가게,대전광역시,659 
1806,휴대폰가게,충청북도,546 
1807,휴대폰가게,충청남도,858 
1808,휴대폰가게,세종특별자치시,73 
1809,휴대폰가게,광주광역시,578 
1810,휴대폰가게,전라북도,726 
1811,휴대폰가게,전라남도,591 
1812,휴대폰가게,대구광역시,"1,011 "
1813,휴대폰가게,경상북도,"1,051 "
1814,휴대폰가게,부산광역시,"1,365 "
1815,휴대폰가게,울산광역시,478 
1816,휴대폰가게,경상남도,"1,311 "
1817,휴대폰가게,제주특별자치도,240 
