,corp,city,2
0,업종전체,합계,"2,498,599"
1,업종전체,서울특별시,"498,716"
2,업종전체,인천광역시,"128,028"
3,업종전체,경기도,"589,504"
4,업종전체,강원도,"88,082"
5,업종전체,대전광역시,"72,543"
6,업종전체,충청북도,"79,270"
7,업종전체,충청남도,"104,524"
8,업종전체,세종특별자치시,"13,805"
9,업종전체,광주광역시,"72,783"
10,업종전체,전라북도,"87,170"
11,업종전체,전라남도,"87,971"
12,업종전체,대구광역시,"119,004"
13,업종전체,경상북도,"132,711"
14,업종전체,부산광역시,"163,666"
15,업종전체,울산광역시,"52,965"
16,업종전체,경상남도,"161,520"
17,업종전체,제주특별자치도,"46,337"
18,LPG 충전소,합계,"1,610"
19,LPG 충전소,서울특별시,76
20,LPG 충전소,인천광역시,70
21,LPG 충전소,경기도,374
22,LPG 충전소,강원도,94
23,LPG 충전소,대전광역시,40
24,LPG 충전소,충청북도,74
25,LPG 충전소,충청남도,130
26,LPG 충전소,세종특별자치시,4
27,LPG 충전소,광주광역시,38
28,LPG 충전소,전라북도,107
29,LPG 충전소,전라남도,120
30,LPG 충전소,대구광역시,42
31,LPG 충전소,경상북도,166
32,LPG 충전소,부산광역시,58
33,LPG 충전소,울산광역시,29
34,LPG 충전소,경상남도,153
35,LPG 충전소,제주특별자치도,35
36,PC방,합계,"10,113"
37,PC방,서울특별시,"1,631"
38,PC방,인천광역시,536
39,PC방,경기도,"2,471"
40,PC방,강원도,433
41,PC방,대전광역시,300
42,PC방,충청북도,341
43,PC방,충청남도,434
44,PC방,세종특별자치시,45
45,PC방,광주광역시,406
46,PC방,전라북도,397
47,PC방,전라남도,370
48,PC방,대구광역시,547
49,PC방,경상북도,563
50,PC방,부산광역시,609
51,PC방,울산광역시,245
52,PC방,경상남도,615
53,PC방,제주특별자치도,170
54,가구점,합계,"7,557"
55,가구점,서울특별시,"1,024"
56,가구점,인천광역시,299
57,가구점,경기도,"2,025"
58,가구점,강원도,300
59,가구점,대전광역시,211
60,가구점,충청북도,272
61,가구점,충청남도,287
62,가구점,세종특별자치시,27
63,가구점,광주광역시,217
64,가구점,전라북도,400
65,가구점,전라남도,275
66,가구점,대구광역시,367
67,가구점,경상북도,475
68,가구점,부산광역시,488
69,가구점,울산광역시,169
70,가구점,경상남도,539
71,가구점,제주특별자치도,182
72,가전제품수리점,합계,"16,893"
73,가전제품수리점,서울특별시,"2,812"
74,가전제품수리점,인천광역시,"1,195"
75,가전제품수리점,경기도,"4,979"
76,가전제품수리점,강원도,577
77,가전제품수리점,대전광역시,564
78,가전제품수리점,충청북도,488
79,가전제품수리점,충청남도,688
80,가전제품수리점,세종특별자치시,80
81,가전제품수리점,광주광역시,486
82,가전제품수리점,전라북도,575
83,가전제품수리점,전라남도,523
84,가전제품수리점,대구광역시,815
85,가전제품수리점,경상북도,597
86,가전제품수리점,부산광역시,"1,020"
87,가전제품수리점,울산광역시,309
88,가전제품수리점,경상남도,983
89,가전제품수리점,제주특별자치도,202
90,가전제품판매점,합계,"10,187"
91,가전제품판매점,서울특별시,"1,550"
92,가전제품판매점,인천광역시,391
93,가전제품판매점,경기도,"2,003"
94,가전제품판매점,강원도,465
95,가전제품판매점,대전광역시,304
96,가전제품판매점,충청북도,420
97,가전제품판매점,충청남도,535
98,가전제품판매점,세종특별자치시,45
99,가전제품판매점,광주광역시,345
100,가전제품판매점,전라북도,536
101,가전제품판매점,전라남도,574
102,가전제품판매점,대구광역시,499
103,가전제품판매점,경상북도,699
104,가전제품판매점,부산광역시,615
105,가전제품판매점,울산광역시,202
106,가전제품판매점,경상남도,754
107,가전제품판매점,제주특별자치도,250
108,간이주점,합계,"13,141"
109,간이주점,서울특별시,"4,162"
110,간이주점,인천광역시,"1,319"
111,간이주점,경기도,"2,660"
112,간이주점,강원도,396
113,간이주점,대전광역시,80
114,간이주점,충청북도,430
115,간이주점,충청남도,598
116,간이주점,세종특별자치시,15
117,간이주점,광주광역시,180
118,간이주점,전라북도,290
119,간이주점,전라남도,261
120,간이주점,대구광역시,242
121,간이주점,경상북도,363
122,간이주점,부산광역시,842
123,간이주점,울산광역시,103
124,간이주점,경상남도,"1,036"
125,간이주점,제주특별자치도,164
126,간판광고물업,합계,"13,040"
127,간판광고물업,서울특별시,"2,599"
128,간판광고물업,인천광역시,558
129,간판광고물업,경기도,"3,230"
130,간판광고물업,강원도,520
131,간판광고물업,대전광역시,388
132,간판광고물업,충청북도,383
133,간판광고물업,충청남도,481
134,간판광고물업,세종특별자치시,31
135,간판광고물업,광주광역시,433
136,간판광고물업,전라북도,512
137,간판광고물업,전라남도,484
138,간판광고물업,대구광역시,760
139,간판광고물업,경상북도,672
140,간판광고물업,부산광역시,834
141,간판광고물업,울산광역시,263
142,간판광고물업,경상남도,696
143,간판광고물업,제주특별자치도,196
144,감정평가사,합계,"1,197"
145,감정평가사,서울특별시,262
146,감정평가사,인천광역시,78
147,감정평가사,경기도,384
148,감정평가사,강원도,35
149,감정평가사,대전광역시,29
150,감정평가사,충청북도,30
151,감정평가사,충청남도,38
152,감정평가사,세종특별자치시,12
153,감정평가사,광주광역시,36
154,감정평가사,전라북도,38
155,감정평가사,전라남도,20
156,감정평가사,대구광역시,59
157,감정평가사,경상북도,19
158,감정평가사,부산광역시,57
159,감정평가사,울산광역시,21
160,감정평가사,경상남도,64
161,감정평가사,제주특별자치도,15
162,건강보조식품가게,합계,"13,947"
163,건강보조식품가게,서울특별시,"2,282"
164,건강보조식품가게,인천광역시,663
165,건강보조식품가게,경기도,"2,816"
166,건강보조식품가게,강원도,519
167,건강보조식품가게,대전광역시,467
168,건강보조식품가게,충청북도,431
169,건강보조식품가게,충청남도,"1,281"
170,건강보조식품가게,세종특별자치시,57
171,건강보조식품가게,광주광역시,409
172,건강보조식품가게,전라북도,737
173,건강보조식품가게,전라남도,486
174,건강보조식품가게,대구광역시,603
175,건강보조식품가게,경상북도,938
176,건강보조식품가게,부산광역시,842
177,건강보조식품가게,울산광역시,220
178,건강보조식품가게,경상남도,"1,015"
179,건강보조식품가게,제주특별자치도,181
180,건어물가게,합계,"7,298"
181,건어물가게,서울특별시,766
182,건어물가게,인천광역시,380
183,건어물가게,경기도,868
184,건어물가게,강원도,657
185,건어물가게,대전광역시,127
186,건어물가게,충청북도,110
187,건어물가게,충청남도,635
188,건어물가게,세종특별자치시,13
189,건어물가게,광주광역시,175
190,건어물가게,전라북도,352
191,건어물가게,전라남도,935
192,건어물가게,대구광역시,160
193,건어물가게,경상북도,636
194,건어물가게,부산광역시,520
195,건어물가게,울산광역시,139
196,건어물가게,경상남도,716
197,건어물가게,제주특별자치도,109
198,건축사,합계,"10,254"
199,건축사,서울특별시,"2,664"
200,건축사,인천광역시,348
201,건축사,경기도,"2,172"
202,건축사,강원도,338
203,건축사,대전광역시,221
204,건축사,충청북도,301
205,건축사,충청남도,357
206,건축사,세종특별자치시,57
207,건축사,광주광역시,240
208,건축사,전라북도,368
209,건축사,전라남도,282
210,건축사,대구광역시,688
211,건축사,경상북도,484
212,건축사,부산광역시,688
213,건축사,울산광역시,217
214,건축사,경상남도,523
215,건축사,제주특별자치도,306
216,결혼상담소,합계,"1,651"
217,결혼상담소,서울특별시,443
218,결혼상담소,인천광역시,65
219,결혼상담소,경기도,250
220,결혼상담소,강원도,34
221,결혼상담소,대전광역시,70
222,결혼상담소,충청북도,52
223,결혼상담소,충청남도,74
224,결혼상담소,세종특별자치시,7
225,결혼상담소,광주광역시,81
226,결혼상담소,전라북도,82
227,결혼상담소,전라남도,51
228,결혼상담소,대구광역시,110
229,결혼상담소,경상북도,60
230,결혼상담소,부산광역시,116
231,결혼상담소,울산광역시,30
232,결혼상담소,경상남도,97
233,결혼상담소,제주특별자치도,29
234,곡물가게,합계,"5,060"
235,곡물가게,서울특별시,643
236,곡물가게,인천광역시,210
237,곡물가게,경기도,892
238,곡물가게,강원도,330
239,곡물가게,대전광역시,155
240,곡물가게,충청북도,246
241,곡물가게,충청남도,387
242,곡물가게,세종특별자치시,32
243,곡물가게,광주광역시,112
244,곡물가게,전라북도,375
245,곡물가게,전라남도,402
246,곡물가게,대구광역시,186
247,곡물가게,경상북도,369
248,곡물가게,부산광역시,334
249,곡물가게,울산광역시,44
250,곡물가게,경상남도,275
251,곡물가게,제주특별자치도,68
252,공인노무사,합계,972
253,공인노무사,서울특별시,416
254,공인노무사,인천광역시,43
255,공인노무사,경기도,171
256,공인노무사,강원도,17
257,공인노무사,대전광역시,22
258,공인노무사,충청북도,18
259,공인노무사,충청남도,27
260,공인노무사,세종특별자치시,5
261,공인노무사,광주광역시,29
262,공인노무사,전라북도,26
263,공인노무사,전라남도,10
264,공인노무사,대구광역시,33
265,공인노무사,경상북도,16
266,공인노무사,부산광역시,62
267,공인노무사,울산광역시,25
268,공인노무사,경상남도,43
269,공인노무사,제주특별자치도,9
270,공인회계사,합계,"1,840"
271,공인회계사,서울특별시,847
272,공인회계사,인천광역시,68
273,공인회계사,경기도,317
274,공인회계사,강원도,14
275,공인회계사,대전광역시,37
276,공인회계사,충청북도,32
277,공인회계사,충청남도,42
278,공인회계사,세종특별자치시,11
279,공인회계사,광주광역시,34
280,공인회계사,전라북도,36
281,공인회계사,전라남도,25
282,공인회계사,대구광역시,87
283,공인회계사,경상북도,28
284,공인회계사,부산광역시,131
285,공인회계사,울산광역시,28
286,공인회계사,경상남도,75
287,공인회계사,제주특별자치도,28
288,과일가게,합계,"12,189"
289,과일가게,서울특별시,"1,302"
290,과일가게,인천광역시,441
291,과일가게,경기도,"1,965"
292,과일가게,강원도,306
293,과일가게,대전광역시,320
294,과일가게,충청북도,645
295,과일가게,충청남도,682
296,과일가게,세종특별자치시,104
297,과일가게,광주광역시,312
298,과일가게,전라북도,607
299,과일가게,전라남도,666
300,과일가게,대구광역시,397
301,과일가게,경상북도,"1,355"
302,과일가게,부산광역시,647
303,과일가게,울산광역시,149
304,과일가게,경상남도,"1,237"
305,과일가게,제주특별자치도,"1,054"
306,교습소･공부방,합계,"38,130"
307,교습소･공부방,서울특별시,"7,731"
308,교습소･공부방,인천광역시,"1,772"
309,교습소･공부방,경기도,"9,534"
310,교습소･공부방,강원도,"1,044"
311,교습소･공부방,대전광역시,"1,442"
312,교습소･공부방,충청북도,"1,013"
313,교습소･공부방,충청남도,"1,290"
314,교습소･공부방,세종특별자치시,307
315,교습소･공부방,광주광역시,828
316,교습소･공부방,전라북도,846
317,교습소･공부방,전라남도,815
318,교습소･공부방,대구광역시,"2,832"
319,교습소･공부방,경상북도,"2,046"
320,교습소･공부방,부산광역시,"2,720"
321,교습소･공부방,울산광역시,906
322,교습소･공부방,경상남도,"2,368"
323,교습소･공부방,제주특별자치도,636
324,교습학원,합계,"56,304"
325,교습학원,서울특별시,"10,372"
326,교습학원,인천광역시,"2,514"
327,교습학원,경기도,"14,968"
328,교습학원,강원도,"1,450"
329,교습학원,대전광역시,"1,263"
330,교습학원,충청북도,"1,467"
331,교습학원,충청남도,"1,863"
332,교습학원,세종특별자치시,472
333,교습학원,광주광역시,"2,410"
334,교습학원,전라북도,"2,422"
335,교습학원,전라남도,"1,813"
336,교습학원,대구광역시,"2,687"
337,교습학원,경상북도,"2,608"
338,교습학원,부산광역시,"3,572"
339,교습학원,울산광역시,"1,652"
340,교습학원,경상남도,"4,051"
341,교습학원,제주특별자치도,720
342,구내식당,합계,"20,832"
343,구내식당,서울특별시,"3,720"
344,구내식당,인천광역시,"1,342"
345,구내식당,경기도,"5,077"
346,구내식당,강원도,584
347,구내식당,대전광역시,678
348,구내식당,충청북도,743
349,구내식당,충청남도,"1,006"
350,구내식당,세종특별자치시,77
351,구내식당,광주광역시,395
352,구내식당,전라북도,755
353,구내식당,전라남도,620
354,구내식당,대구광역시,857
355,구내식당,경상북도,"1,260"
356,구내식당,부산광역시,"1,376"
357,구내식당,울산광역시,410
358,구내식당,경상남도,"1,778"
359,구내식당,제주특별자치도,154
360,기술및직업훈련학원,합계,"15,030"
361,기술및직업훈련학원,서울특별시,"3,320"
362,기술및직업훈련학원,인천광역시,626
363,기술및직업훈련학원,경기도,"3,473"
364,기술및직업훈련학원,강원도,444
365,기술및직업훈련학원,대전광역시,515
366,기술및직업훈련학원,충청북도,398
367,기술및직업훈련학원,충청남도,575
368,기술및직업훈련학원,세종특별자치시,124
369,기술및직업훈련학원,광주광역시,537
370,기술및직업훈련학원,전라북도,553
371,기술및직업훈련학원,전라남도,462
372,기술및직업훈련학원,대구광역시,828
373,기술및직업훈련학원,경상북도,620
374,기술및직업훈련학원,부산광역시,"1,015"
375,기술및직업훈련학원,울산광역시,338
376,기술및직업훈련학원,경상남도,881
377,기술및직업훈련학원,제주특별자치도,321
378,기술사,합계,"1,126"
379,기술사,서울특별시,311
380,기술사,인천광역시,28
381,기술사,경기도,262
382,기술사,강원도,39
383,기술사,대전광역시,27
384,기술사,충청북도,33
385,기술사,충청남도,34
386,기술사,세종특별자치시,5
387,기술사,광주광역시,37
388,기술사,전라북도,38
389,기술사,전라남도,43
390,기술사,대구광역시,35
391,기술사,경상북도,44
392,기술사,부산광역시,67
393,기술사,울산광역시,19
394,기술사,경상남도,84
395,기술사,제주특별자치도,20
396,기타 일반의원,합계,"3,316"
397,기타 일반의원,서울특별시,912
398,기타 일반의원,인천광역시,148
399,기타 일반의원,경기도,659
400,기타 일반의원,강원도,65
401,기타 일반의원,대전광역시,147
402,기타 일반의원,충청북도,95
403,기타 일반의원,충청남도,99
404,기타 일반의원,세종특별자치시,20
405,기타 일반의원,광주광역시,128
406,기타 일반의원,전라북도,179
407,기타 일반의원,전라남도,109
408,기타 일반의원,대구광역시,161
409,기타 일반의원,경상북도,109
410,기타 일반의원,부산광역시,231
411,기타 일반의원,울산광역시,49
412,기타 일반의원,경상남도,148
413,기타 일반의원,제주특별자치도,57
414,기타외국식전문점,합계,"24,437"
415,기타외국식전문점,서울특별시,"7,458"
416,기타외국식전문점,인천광역시,822
417,기타외국식전문점,경기도,"5,182"
418,기타외국식전문점,강원도,796
419,기타외국식전문점,대전광역시,609
420,기타외국식전문점,충청북도,546
421,기타외국식전문점,충청남도,723
422,기타외국식전문점,세종특별자치시,166
423,기타외국식전문점,광주광역시,393
424,기타외국식전문점,전라북도,749
425,기타외국식전문점,전라남도,435
426,기타외국식전문점,대구광역시,"1,206"
427,기타외국식전문점,경상북도,727
428,기타외국식전문점,부산광역시,"1,873"
429,기타외국식전문점,울산광역시,662
430,기타외국식전문점,경상남도,"1,240"
431,기타외국식전문점,제주특별자치도,850
432,기타음식점,합계,"22,714"
433,기타음식점,서울특별시,"4,364"
434,기타음식점,인천광역시,941
435,기타음식점,경기도,"5,288"
436,기타음식점,강원도,986
437,기타음식점,대전광역시,531
438,기타음식점,충청북도,726
439,기타음식점,충청남도,946
440,기타음식점,세종특별자치시,114
441,기타음식점,광주광역시,894
442,기타음식점,전라북도,698
443,기타음식점,전라남도,768
444,기타음식점,대구광역시,"1,179"
445,기타음식점,경상북도,"1,154"
446,기타음식점,부산광역시,"1,540"
447,기타음식점,울산광역시,529
448,기타음식점,경상남도,"1,673"
449,기타음식점,제주특별자치도,383
450,꽃가게,합계,"24,253"
451,꽃가게,서울특별시,"4,415"
452,꽃가게,인천광역시,965
453,꽃가게,경기도,"5,603"
454,꽃가게,강원도,769
455,꽃가게,대전광역시,714
456,꽃가게,충청북도,901
457,꽃가게,충청남도,"1,123"
458,꽃가게,세종특별자치시,108
459,꽃가게,광주광역시,769
460,꽃가게,전라북도,"1,097"
461,꽃가게,전라남도,"1,174"
462,꽃가게,대구광역시,"1,154"
463,꽃가게,경상북도,"1,425"
464,꽃가게,부산광역시,"1,330"
465,꽃가게,울산광역시,525
466,꽃가게,경상남도,"1,802"
467,꽃가게,제주특별자치도,379
468,내과ㆍ소아과 의원,합계,"11,441"
469,내과ㆍ소아과 의원,서울특별시,"2,489"
470,내과ㆍ소아과 의원,인천광역시,592
471,내과ㆍ소아과 의원,경기도,"2,644"
472,내과ㆍ소아과 의원,강원도,323
473,내과ㆍ소아과 의원,대전광역시,379
474,내과ㆍ소아과 의원,충청북도,321
475,내과ㆍ소아과 의원,충청남도,450
476,내과ㆍ소아과 의원,세종특별자치시,66
477,내과ㆍ소아과 의원,광주광역시,332
478,내과ㆍ소아과 의원,전라북도,421
479,내과ㆍ소아과 의원,전라남도,435
480,내과ㆍ소아과 의원,대구광역시,578
481,내과ㆍ소아과 의원,경상북도,535
482,내과ㆍ소아과 의원,부산광역시,816
483,내과ㆍ소아과 의원,울산광역시,223
484,내과ㆍ소아과 의원,경상남도,680
485,내과ㆍ소아과 의원,제주특별자치도,157
486,노래방,합계,"29,288"
487,노래방,서울특별시,"5,580"
488,노래방,인천광역시,"2,240"
489,노래방,경기도,"7,038"
490,노래방,강원도,828
491,노래방,대전광역시,"1,276"
492,노래방,충청북도,"1,110"
493,노래방,충청남도,"1,190"
494,노래방,세종특별자치시,143
495,노래방,광주광역시,"1,020"
496,노래방,전라북도,823
497,노래방,전라남도,706
498,노래방,대구광역시,"1,618"
499,노래방,경상북도,"1,507"
500,노래방,부산광역시,"1,646"
501,노래방,울산광역시,716
502,노래방,경상남도,"1,540"
503,노래방,제주특별자치도,307
504,담배가게,합계,"12,347"
505,담배가게,서울특별시,"2,156"
506,담배가게,인천광역시,372
507,담배가게,경기도,"1,663"
508,담배가게,강원도,566
509,담배가게,대전광역시,277
510,담배가게,충청북도,524
511,담배가게,충청남도,588
512,담배가게,세종특별자치시,43
513,담배가게,광주광역시,287
514,담배가게,전라북도,623
515,담배가게,전라남도,940
516,담배가게,대구광역시,482
517,담배가게,경상북도,"1,281"
518,담배가게,부산광역시,"1,099"
519,담배가게,울산광역시,231
520,담배가게,경상남도,"1,044"
521,담배가게,제주특별자치도,171
522,당구장,합계,"17,874"
523,당구장,서울특별시,"3,114"
524,당구장,인천광역시,"1,128"
525,당구장,경기도,"4,555"
526,당구장,강원도,781
527,당구장,대전광역시,495
528,당구장,충청북도,693
529,당구장,충청남도,772
530,당구장,세종특별자치시,97
531,당구장,광주광역시,501
532,당구장,전라북도,608
533,당구장,전라남도,710
534,당구장,대구광역시,680
535,당구장,경상북도,910
536,당구장,부산광역시,932
537,당구장,울산광역시,487
538,당구장,경상남도,"1,077"
539,당구장,제주특별자치도,334
540,독서실,합계,"9,685"
541,독서실,서울특별시,"3,278"
542,독서실,인천광역시,460
543,독서실,경기도,"2,329"
544,독서실,강원도,160
545,독서실,대전광역시,263
546,독서실,충청북도,199
547,독서실,충청남도,243
548,독서실,세종특별자치시,42
549,독서실,광주광역시,390
550,독서실,전라북도,280
551,독서실,전라남도,185
552,독서실,대구광역시,422
553,독서실,경상북도,254
554,독서실,부산광역시,457
555,독서실,울산광역시,241
556,독서실,경상남도,402
557,독서실,제주특별자치도,80
558,동물병원,합계,"4,215"
559,동물병원,서울특별시,836
560,동물병원,인천광역시,192
561,동물병원,경기도,"1,091"
562,동물병원,강원도,104
563,동물병원,대전광역시,102
564,동물병원,충청북도,112
565,동물병원,충청남도,191
566,동물병원,세종특별자치시,26
567,동물병원,광주광역시,108
568,동물병원,전라북도,163
569,동물병원,전라남도,168
570,동물병원,대구광역시,170
571,동물병원,경상북도,277
572,동물병원,부산광역시,242
573,동물병원,울산광역시,73
574,동물병원,경상남도,278
575,동물병원,제주특별자치도,82
576,목욕탕,합계,"5,365"
577,목욕탕,서울특별시,679
578,목욕탕,인천광역시,202
579,목욕탕,경기도,737
580,목욕탕,강원도,182
581,목욕탕,대전광역시,97
582,목욕탕,충청북도,150
583,목욕탕,충청남도,195
584,목욕탕,세종특별자치시,14
585,목욕탕,광주광역시,175
586,목욕탕,전라북도,205
587,목욕탕,전라남도,292
588,목욕탕,대구광역시,252
589,목욕탕,경상북도,410
590,목욕탕,부산광역시,721
591,목욕탕,울산광역시,184
592,목욕탕,경상남도,758
593,목욕탕,제주특별자치도,112
594,문구점,합계,"9,095"
595,문구점,서울특별시,"1,545"
596,문구점,인천광역시,480
597,문구점,경기도,"2,100"
598,문구점,강원도,364
599,문구점,대전광역시,308
600,문구점,충청북도,328
601,문구점,충청남도,428
602,문구점,세종특별자치시,78
603,문구점,광주광역시,287
604,문구점,전라북도,417
605,문구점,전라남도,407
606,문구점,대구광역시,355
607,문구점,경상북도,521
608,문구점,부산광역시,531
609,문구점,울산광역시,192
610,문구점,경상남도,592
611,문구점,제주특별자치도,162
612,미용실,합계,"103,880"
613,미용실,서울특별시,"18,219"
614,미용실,인천광역시,"5,533"
615,미용실,경기도,"23,529"
616,미용실,강원도,"3,623"
617,미용실,대전광역시,"3,353"
618,미용실,충청북도,"3,530"
619,미용실,충청남도,"4,332"
620,미용실,세종특별자치시,434
621,미용실,광주광역시,"3,312"
622,미용실,전라북도,"3,980"
623,미용실,전라남도,"3,613"
624,미용실,대구광역시,"5,599"
625,미용실,경상북도,"6,011"
626,미용실,부산광역시,"7,563"
627,미용실,울산광역시,"2,660"
628,미용실,경상남도,"7,196"
629,미용실,제주특별자치도,"1,393"
630,법무사,합계,"6,622"
631,법무사,서울특별시,"1,989"
632,법무사,인천광역시,294
633,법무사,경기도,"1,244"
634,법무사,강원도,195
635,법무사,대전광역시,170
636,법무사,충청북도,170
637,법무사,충청남도,220
638,법무사,세종특별자치시,24
639,법무사,광주광역시,220
640,법무사,전라북도,248
641,법무사,전라남도,222
642,법무사,대구광역시,311
643,법무사,경상북도,263
644,법무사,부산광역시,467
645,법무사,울산광역시,113
646,법무사,경상남도,389
647,법무사,제주특별자치도,83
648,변리사,합계,"1,050"
649,변리사,서울특별시,743
650,변리사,인천광역시,16
651,변리사,경기도,94
652,변리사,강원도,*
653,변리사,대전광역시,89
654,변리사,충청북도,4
655,변리사,충청남도,6
656,변리사,세종특별자치시,*
657,변리사,광주광역시,11
658,변리사,전라북도,6
659,변리사,전라남도,3
660,변리사,대구광역시,22
661,변리사,경상북도,5
662,변리사,부산광역시,28
663,변리사,울산광역시,6
664,변리사,경상남도,12
665,변리사,제주특별자치도,3
666,변호사,합계,"7,638"
667,변호사,서울특별시,"3,972"
668,변호사,인천광역시,259
669,변호사,경기도,994
670,변호사,강원도,119
671,변호사,대전광역시,229
672,변호사,충청북도,107
673,변호사,충청남도,147
674,변호사,세종특별자치시,18
675,변호사,광주광역시,220
676,변호사,전라북도,195
677,변호사,전라남도,94
678,변호사,대구광역시,285
679,변호사,경상북도,123
680,변호사,부산광역시,437
681,변호사,울산광역시,123
682,변호사,경상남도,228
683,변호사,제주특별자치도,88
684,부동산중개업,합계,"130,468"
685,부동산중개업,서울특별시,"32,127"
686,부동산중개업,인천광역시,"7,122"
687,부동산중개업,경기도,"36,623"
688,부동산중개업,강원도,"2,664"
689,부동산중개업,대전광역시,"3,432"
690,부동산중개업,충청북도,"2,991"
691,부동산중개업,충청남도,"4,306"
692,부동산중개업,세종특별자치시,"1,445"
693,부동산중개업,광주광역시,"4,261"
694,부동산중개업,전라북도,"3,287"
695,부동산중개업,전라남도,"2,387"
696,부동산중개업,대구광역시,"6,008"
697,부동산중개업,경상북도,"4,200"
698,부동산중개업,부산광역시,"8,347"
699,부동산중개업,울산광역시,"2,351"
700,부동산중개업,경상남도,"6,890"
701,부동산중개업,제주특별자치도,"2,027"
702,분식점,합계,"54,057"
703,분식점,서울특별시,"10,738"
704,분식점,인천광역시,"2,558"
705,분식점,경기도,"12,733"
706,분식점,강원도,"1,676"
707,분식점,대전광역시,"1,959"
708,분식점,충청북도,"2,210"
709,분식점,충청남도,"2,343"
710,분식점,세종특별자치시,216
711,분식점,광주광역시,"1,556"
712,분식점,전라북도,"2,041"
713,분식점,전라남도,"1,481"
714,분식점,대구광역시,"2,465"
715,분식점,경상북도,"2,531"
716,분식점,부산광역시,"4,036"
717,분식점,울산광역시,799
718,분식점,경상남도,"3,934"
719,분식점,제주특별자치도,781
720,사진촬영업,합계,"14,637"
721,사진촬영업,서울특별시,"4,762"
722,사진촬영업,인천광역시,659
723,사진촬영업,경기도,"3,169"
724,사진촬영업,강원도,424
725,사진촬영업,대전광역시,410
726,사진촬영업,충청북도,313
727,사진촬영업,충청남도,413
728,사진촬영업,세종특별자치시,62
729,사진촬영업,광주광역시,411
730,사진촬영업,전라북도,424
731,사진촬영업,전라남도,340
732,사진촬영업,대구광역시,660
733,사진촬영업,경상북도,529
734,사진촬영업,부산광역시,839
735,사진촬영업,울산광역시,237
736,사진촬영업,경상남도,597
737,사진촬영업,제주특별자치도,388
738,산부인과 의원,합계,"1,674"
739,산부인과 의원,서울특별시,500
740,산부인과 의원,인천광역시,82
741,산부인과 의원,경기도,337
742,산부인과 의원,강원도,37
743,산부인과 의원,대전광역시,59
744,산부인과 의원,충청북도,45
745,산부인과 의원,충청남도,49
746,산부인과 의원,세종특별자치시,9
747,산부인과 의원,광주광역시,53
748,산부인과 의원,전라북도,54
749,산부인과 의원,전라남도,24
750,산부인과 의원,대구광역시,107
751,산부인과 의원,경상북도,66
752,산부인과 의원,부산광역시,100
753,산부인과 의원,울산광역시,44
754,산부인과 의원,경상남도,84
755,산부인과 의원,제주특별자치도,24
756,생선가게,합계,"11,956"
757,생선가게,서울특별시,"1,502"
758,생선가게,인천광역시,772
759,생선가게,경기도,"1,306"
760,생선가게,강원도,588
761,생선가게,대전광역시,166
762,생선가게,충청북도,188
763,생선가게,충청남도,734
764,생선가게,세종특별자치시,26
765,생선가게,광주광역시,335
766,생선가게,전라북도,624
767,생선가게,전라남도,"1,648"
768,생선가게,대구광역시,238
769,생선가게,경상북도,934
770,생선가게,부산광역시,"1,106"
771,생선가게,울산광역시,403
772,생선가게,경상남도,925
773,생선가게,제주특별자치도,461
774,서점,합계,"8,405"
775,서점,서울특별시,"1,621"
776,서점,인천광역시,392
777,서점,경기도,"2,020"
778,서점,강원도,236
779,서점,대전광역시,325
780,서점,충청북도,241
781,서점,충청남도,356
782,서점,세종특별자치시,73
783,서점,광주광역시,274
784,서점,전라북도,341
785,서점,전라남도,260
786,서점,대구광역시,499
787,서점,경상북도,383
788,서점,부산광역시,548
789,서점,울산광역시,192
790,서점,경상남도,494
791,서점,제주특별자치도,150
792,성형외과 의원,합계,"1,515"
793,성형외과 의원,서울특별시,748
794,성형외과 의원,인천광역시,49
795,성형외과 의원,경기도,195
796,성형외과 의원,강원도,17
797,성형외과 의원,대전광역시,45
798,성형외과 의원,충청북도,25
799,성형외과 의원,충청남도,27
800,성형외과 의원,세종특별자치시,5
801,성형외과 의원,광주광역시,47
802,성형외과 의원,전라북도,26
803,성형외과 의원,전라남도,16
804,성형외과 의원,대구광역시,78
805,성형외과 의원,경상북도,17
806,성형외과 의원,부산광역시,139
807,성형외과 의원,울산광역시,19
808,성형외과 의원,경상남도,42
809,성형외과 의원,제주특별자치도,20
810,세무사,합계,"12,812"
811,세무사,서울특별시,"5,307"
812,세무사,인천광역시,539
813,세무사,경기도,"2,830"
814,세무사,강원도,175
815,세무사,대전광역시,280
816,세무사,충청북도,174
817,세무사,충청남도,267
818,세무사,세종특별자치시,44
819,세무사,광주광역시,306
820,세무사,전라북도,272
821,세무사,전라남도,137
822,세무사,대구광역시,561
823,세무사,경상북도,240
824,세무사,부산광역시,960
825,세무사,울산광역시,169
826,세무사,경상남도,438
827,세무사,제주특별자치도,113
828,세탁소,합계,"23,940"
829,세탁소,서울특별시,"4,651"
830,세탁소,인천광역시,"1,298"
831,세탁소,경기도,"5,503"
832,세탁소,강원도,959
833,세탁소,대전광역시,877
834,세탁소,충청북도,896
835,세탁소,충청남도,"1,140"
836,세탁소,세종특별자치시,105
837,세탁소,광주광역시,879
838,세탁소,전라북도,912
839,세탁소,전라남도,853
840,세탁소,대구광역시,886
841,세탁소,경상북도,"1,284"
842,세탁소,부산광역시,"1,358"
843,세탁소,울산광역시,443
844,세탁소,경상남도,"1,287"
845,세탁소,제주특별자치도,609
846,슈퍼마켓,합계,"28,863"
847,슈퍼마켓,서울특별시,"3,832"
848,슈퍼마켓,인천광역시,"1,788"
849,슈퍼마켓,경기도,"7,815"
850,슈퍼마켓,강원도,991
851,슈퍼마켓,대전광역시,674
852,슈퍼마켓,충청북도,959
853,슈퍼마켓,충청남도,"1,222"
854,슈퍼마켓,세종특별자치시,144
855,슈퍼마켓,광주광역시,835
856,슈퍼마켓,전라북도,982
857,슈퍼마켓,전라남도,"1,212"
858,슈퍼마켓,대구광역시,"1,618"
859,슈퍼마켓,경상북도,"1,802"
860,슈퍼마켓,부산광역시,"1,804"
861,슈퍼마켓,울산광역시,852
862,슈퍼마켓,경상남도,"1,935"
863,슈퍼마켓,제주특별자치도,398
864,스포츠교육기관,합계,"25,919"
865,스포츠교육기관,서울특별시,"4,769"
866,스포츠교육기관,인천광역시,"1,375"
867,스포츠교육기관,경기도,"6,758"
868,스포츠교육기관,강원도,706
869,스포츠교육기관,대전광역시,840
870,스포츠교육기관,충청북도,761
871,스포츠교육기관,충청남도,938
872,스포츠교육기관,세종특별자치시,217
873,스포츠교육기관,광주광역시,931
874,스포츠교육기관,전라북도,857
875,스포츠교육기관,전라남도,736
876,스포츠교육기관,대구광역시,"1,283"
877,스포츠교육기관,경상북도,"1,196"
878,스포츠교육기관,부산광역시,"1,708"
879,스포츠교육기관,울산광역시,598
880,스포츠교육기관,경상남도,"1,811"
881,스포츠교육기관,제주특별자치도,435
882,스포츠시설운영업,합계,"8,575"
883,스포츠시설운영업,서울특별시,"2,334"
884,스포츠시설운영업,인천광역시,450
885,스포츠시설운영업,경기도,"2,286"
886,스포츠시설운영업,강원도,250
887,스포츠시설운영업,대전광역시,191
888,스포츠시설운영업,충청북도,194
889,스포츠시설운영업,충청남도,224
890,스포츠시설운영업,세종특별자치시,50
891,스포츠시설운영업,광주광역시,245
892,스포츠시설운영업,전라북도,266
893,스포츠시설운영업,전라남도,178
894,스포츠시설운영업,대구광역시,347
895,스포츠시설운영업,경상북도,313
896,스포츠시설운영업,부산광역시,523
897,스포츠시설운영업,울산광역시,151
898,스포츠시설운영업,경상남도,439
899,스포츠시설운영업,제주특별자치도,134
900,스포츠용품점,합계,"15,198"
901,스포츠용품점,서울특별시,"1,505"
902,스포츠용품점,인천광역시,519
903,스포츠용품점,경기도,"3,305"
904,스포츠용품점,강원도,886
905,스포츠용품점,대전광역시,372
906,스포츠용품점,충청북도,641
907,스포츠용품점,충청남도,999
908,스포츠용품점,세종특별자치시,77
909,스포츠용품점,광주광역시,437
910,스포츠용품점,전라북도,882
911,스포츠용품점,전라남도,912
912,스포츠용품점,대구광역시,635
913,스포츠용품점,경상북도,"1,224"
914,스포츠용품점,부산광역시,693
915,스포츠용품점,울산광역시,289
916,스포츠용품점,경상남도,"1,366"
917,스포츠용품점,제주특별자치도,456
918,시계ㆍ귀금속점,합계,"8,134"
919,시계ㆍ귀금속점,서울특별시,"1,871"
920,시계ㆍ귀금속점,인천광역시,359
921,시계ㆍ귀금속점,경기도,"1,292"
922,시계ㆍ귀금속점,강원도,233
923,시계ㆍ귀금속점,대전광역시,232
924,시계ㆍ귀금속점,충청북도,255
925,시계ㆍ귀금속점,충청남도,315
926,시계ㆍ귀금속점,세종특별자치시,22
927,시계ㆍ귀금속점,광주광역시,263
928,시계ㆍ귀금속점,전라북도,372
929,시계ㆍ귀금속점,전라남도,284
930,시계ㆍ귀금속점,대구광역시,525
931,시계ㆍ귀금속점,경상북도,431
932,시계ㆍ귀금속점,부산광역시,794
933,시계ㆍ귀금속점,울산광역시,218
934,시계ㆍ귀금속점,경상남도,565
935,시계ㆍ귀금속점,제주특별자치도,103
936,식료품가게,합계,"48,460"
937,식료품가게,서울특별시,"5,462"
938,식료품가게,인천광역시,"2,107"
939,식료품가게,경기도,"9,067"
940,식료품가게,강원도,"2,813"
941,식료품가게,대전광역시,"1,333"
942,식료품가게,충청북도,"2,233"
943,식료품가게,충청남도,"3,335"
944,식료품가게,세종특별자치시,218
945,식료품가게,광주광역시,"1,408"
946,식료품가게,전라북도,"3,340"
947,식료품가게,전라남도,"3,592"
948,식료품가게,대구광역시,"1,663"
949,식료품가게,경상북도,"3,463"
950,식료품가게,부산광역시,"3,013"
951,식료품가게,울산광역시,753
952,식료품가게,경상남도,"3,838"
953,식료품가게,제주특별자치도,822
954,신경정신과 의원,합계,"1,821"
955,신경정신과 의원,서울특별시,533
956,신경정신과 의원,인천광역시,73
957,신경정신과 의원,경기도,382
958,신경정신과 의원,강원도,40
959,신경정신과 의원,대전광역시,74
960,신경정신과 의원,충청북도,48
961,신경정신과 의원,충청남도,52
962,신경정신과 의원,세종특별자치시,12
963,신경정신과 의원,광주광역시,52
964,신경정신과 의원,전라북도,69
965,신경정신과 의원,전라남도,43
966,신경정신과 의원,대구광역시,114
967,신경정신과 의원,경상북도,52
968,신경정신과 의원,부산광역시,154
969,신경정신과 의원,울산광역시,26
970,신경정신과 의원,경상남도,75
971,신경정신과 의원,제주특별자치도,22
972,신발가게,합계,"6,452"
973,신발가게,서울특별시,"1,275"
974,신발가게,인천광역시,332
975,신발가게,경기도,"1,255"
976,신발가게,강원도,240
977,신발가게,대전광역시,199
978,신발가게,충청북도,218
979,신발가게,충청남도,273
980,신발가게,세종특별자치시,26
981,신발가게,광주광역시,214
982,신발가게,전라북도,288
983,신발가게,전라남도,255
984,신발가게,대구광역시,331
985,신발가게,경상북도,361
986,신발가게,부산광역시,563
987,신발가게,울산광역시,109
988,신발가게,경상남도,406
989,신발가게,제주특별자치도,107
990,실내스크린골프점,합계,"5,159"
991,실내스크린골프점,서울특별시,696
992,실내스크린골프점,인천광역시,217
993,실내스크린골프점,경기도,"1,362"
994,실내스크린골프점,강원도,171
995,실내스크린골프점,대전광역시,148
996,실내스크린골프점,충청북도,188
997,실내스크린골프점,충청남도,216
998,실내스크린골프점,세종특별자치시,31
999,실내스크린골프점,광주광역시,112
1000,실내스크린골프점,전라북도,180
1001,실내스크린골프점,전라남도,170
1002,실내스크린골프점,대구광역시,317
1003,실내스크린골프점,경상북도,313
1004,실내스크린골프점,부산광역시,315
1005,실내스크린골프점,울산광역시,188
1006,실내스크린골프점,경상남도,432
1007,실내스크린골프점,제주특별자치도,103
1008,실내장식가게,합계,"60,547"
1009,실내장식가게,서울특별시,"14,272"
1010,실내장식가게,인천광역시,"3,570"
1011,실내장식가게,경기도,"17,996"
1012,실내장식가게,강원도,"1,243"
1013,실내장식가게,대전광역시,"1,995"
1014,실내장식가게,충청북도,"1,402"
1015,실내장식가게,충청남도,"1,637"
1016,실내장식가게,세종특별자치시,274
1017,실내장식가게,광주광역시,"2,153"
1018,실내장식가게,전라북도,285
1019,실내장식가게,전라남도,"1,309"
1020,실내장식가게,대구광역시,"2,791"
1021,실내장식가게,경상북도,"1,975"
1022,실내장식가게,부산광역시,"4,261"
1023,실내장식가게,울산광역시,"1,107"
1024,실내장식가게,경상남도,"2,943"
1025,실내장식가게,제주특별자치도,"1,334"
1026,실외골프연습장,합계,"2,183"
1027,실외골프연습장,서울특별시,354
1028,실외골프연습장,인천광역시,70
1029,실외골프연습장,경기도,486
1030,실외골프연습장,강원도,107
1031,실외골프연습장,대전광역시,68
1032,실외골프연습장,충청북도,97
1033,실외골프연습장,충청남도,93
1034,실외골프연습장,세종특별자치시,4
1035,실외골프연습장,광주광역시,43
1036,실외골프연습장,전라북도,90
1037,실외골프연습장,전라남도,89
1038,실외골프연습장,대구광역시,94
1039,실외골프연습장,경상북도,191
1040,실외골프연습장,부산광역시,134
1041,실외골프연습장,울산광역시,51
1042,실외골프연습장,경상남도,158
1043,실외골프연습장,제주특별자치도,54
1044,안경점,합계,"9,241"
1045,안경점,서울특별시,"2,021"
1046,안경점,인천광역시,425
1047,안경점,경기도,"2,019"
1048,안경점,강원도,253
1049,안경점,대전광역시,317
1050,안경점,충청북도,290
1051,안경점,충청남도,343
1052,안경점,세종특별자치시,48
1053,안경점,광주광역시,352
1054,안경점,전라북도,361
1055,안경점,전라남도,309
1056,안경점,대구광역시,480
1057,안경점,경상북도,437
1058,안경점,부산광역시,640
1059,안경점,울산광역시,223
1060,안경점,경상남도,593
1061,안경점,제주특별자치도,130
1062,안과 의원,합계,"1,671"
1063,안과 의원,서울특별시,456
1064,안과 의원,인천광역시,65
1065,안과 의원,경기도,360
1066,안과 의원,강원도,43
1067,안과 의원,대전광역시,49
1068,안과 의원,충청북도,38
1069,안과 의원,충청남도,52
1070,안과 의원,세종특별자치시,6
1071,안과 의원,광주광역시,41
1072,안과 의원,전라북도,63
1073,안과 의원,전라남도,49
1074,안과 의원,대구광역시,101
1075,안과 의원,경상북도,68
1076,안과 의원,부산광역시,133
1077,안과 의원,울산광역시,33
1078,안과 의원,경상남도,94
1079,안과 의원,제주특별자치도,20
1080,애완용품점,합계,"8,312"
1081,애완용품점,서울특별시,"1,320"
1082,애완용품점,인천광역시,522
1083,애완용품점,경기도,"2,567"
1084,애완용품점,강원도,235
1085,애완용품점,대전광역시,275
1086,애완용품점,충청북도,240
1087,애완용품점,충청남도,359
1088,애완용품점,세종특별자치시,30
1089,애완용품점,광주광역시,191
1090,애완용품점,전라북도,232
1091,애완용품점,전라남도,190
1092,애완용품점,대구광역시,369
1093,애완용품점,경상북도,428
1094,애완용품점,부산광역시,609
1095,애완용품점,울산광역시,135
1096,애완용품점,경상남도,500
1097,애완용품점,제주특별자치도,110
1098,약국,합계,"23,089"
1099,약국,서울특별시,"5,193"
1100,약국,인천광역시,"1,117"
1101,약국,경기도,"5,154"
1102,약국,강원도,686
1103,약국,대전광역시,748
1104,약국,충청북도,677
1105,약국,충청남도,969
1106,약국,세종특별자치시,131
1107,약국,광주광역시,681
1108,약국,전라북도,933
1109,약국,전라남도,793
1110,약국,대구광역시,"1,306"
1111,약국,경상북도,"1,115"
1112,약국,부산광역시,"1,560"
1113,약국,울산광역시,422
1114,약국,경상남도,"1,302"
1115,약국,제주특별자치도,302
1116,여관ㆍ모텔,합계,"20,398"
1117,여관ㆍ모텔,서울특별시,"1,817"
1118,여관ㆍ모텔,인천광역시,809
1119,여관ㆍ모텔,경기도,"3,167"
1120,여관ㆍ모텔,강원도,"1,544"
1121,여관ㆍ모텔,대전광역시,606
1122,여관ㆍ모텔,충청북도,850
1123,여관ㆍ모텔,충청남도,"1,474"
1124,여관ㆍ모텔,세종특별자치시,64
1125,여관ㆍ모텔,광주광역시,495
1126,여관ㆍ모텔,전라북도,"1,008"
1127,여관ㆍ모텔,전라남도,"1,302"
1128,여관ㆍ모텔,대구광역시,663
1129,여관ㆍ모텔,경상북도,"1,939"
1130,여관ㆍ모텔,부산광역시,"1,340"
1131,여관ㆍ모텔,울산광역시,617
1132,여관ㆍ모텔,경상남도,"2,301"
1133,여관ㆍ모텔,제주특별자치도,402
1134,여행사,합계,"13,803"
1135,여행사,서울특별시,"5,375"
1136,여행사,인천광역시,403
1137,여행사,경기도,"1,781"
1138,여행사,강원도,352
1139,여행사,대전광역시,312
1140,여행사,충청북도,275
1141,여행사,충청남도,317
1142,여행사,세종특별자치시,53
1143,여행사,광주광역시,403
1144,여행사,전라북도,410
1145,여행사,전라남도,445
1146,여행사,대구광역시,534
1147,여행사,경상북도,456
1148,여행사,부산광역시,"1,035"
1149,여행사,울산광역시,176
1150,여행사,경상남도,559
1151,여행사,제주특별자치도,917
1152,예술학원,합계,"30,901"
1153,예술학원,서울특별시,"5,448"
1154,예술학원,인천광역시,"1,492"
1155,예술학원,경기도,"8,514"
1156,예술학원,강원도,888
1157,예술학원,대전광역시,899
1158,예술학원,충청북도,876
1159,예술학원,충청남도,"1,114"
1160,예술학원,세종특별자치시,281
1161,예술학원,광주광역시,"1,107"
1162,예술학원,전라북도,"1,329"
1163,예술학원,전라남도,872
1164,예술학원,대구광역시,"1,410"
1165,예술학원,경상북도,"1,393"
1166,예술학원,부산광역시,"1,832"
1167,예술학원,울산광역시,797
1168,예술학원,경상남도,"2,201"
1169,예술학원,제주특별자치도,448
1170,예식장,합계,847
1171,예식장,서울특별시,165
1172,예식장,인천광역시,22
1173,예식장,경기도,127
1174,예식장,강원도,36
1175,예식장,대전광역시,22
1176,예식장,충청북도,36
1177,예식장,충청남도,65
1178,예식장,세종특별자치시,5
1179,예식장,광주광역시,23
1180,예식장,전라북도,41
1181,예식장,전라남도,43
1182,예식장,대구광역시,39
1183,예식장,경상북도,64
1184,예식장,부산광역시,60
1185,예식장,울산광역시,16
1186,예식장,경상남도,62
1187,예식장,제주특별자치도,21
1188,옷가게,합계,"85,272"
1189,옷가게,서울특별시,"15,632"
1190,옷가게,인천광역시,"4,002"
1191,옷가게,경기도,"17,596"
1192,옷가게,강원도,"3,145"
1193,옷가게,대전광역시,"2,789"
1194,옷가게,충청북도,"2,919"
1195,옷가게,충청남도,"3,299"
1196,옷가게,세종특별자치시,362
1197,옷가게,광주광역시,"3,148"
1198,옷가게,전라북도,"3,362"
1199,옷가게,전라남도,"3,045"
1200,옷가게,대구광역시,"5,247"
1201,옷가게,경상북도,"4,630"
1202,옷가게,부산광역시,"7,041"
1203,옷가게,울산광역시,"1,763"
1204,옷가게,경상남도,"5,606"
1205,옷가게,제주특별자치도,"1,686"
1206,의료용품가게,합계,"7,226"
1207,의료용품가게,서울특별시,"1,604"
1208,의료용품가게,인천광역시,301
1209,의료용품가게,경기도,"1,642"
1210,의료용품가게,강원도,188
1211,의료용품가게,대전광역시,260
1212,의료용품가게,충청북도,191
1213,의료용품가게,충청남도,293
1214,의료용품가게,세종특별자치시,30
1215,의료용품가게,광주광역시,317
1216,의료용품가게,전라북도,349
1217,의료용품가게,전라남도,222
1218,의료용품가게,대구광역시,343
1219,의료용품가게,경상북도,293
1220,의료용품가게,부산광역시,588
1221,의료용품가게,울산광역시,111
1222,의료용품가게,경상남도,412
1223,의료용품가게,제주특별자치도,82
1224,이륜자동차판매점,합계,"2,687"
1225,이륜자동차판매점,서울특별시,456
1226,이륜자동차판매점,인천광역시,92
1227,이륜자동차판매점,경기도,473
1228,이륜자동차판매점,강원도,93
1229,이륜자동차판매점,대전광역시,65
1230,이륜자동차판매점,충청북도,89
1231,이륜자동차판매점,충청남도,144
1232,이륜자동차판매점,세종특별자치시,8
1233,이륜자동차판매점,광주광역시,65
1234,이륜자동차판매점,전라북도,129
1235,이륜자동차판매점,전라남도,150
1236,이륜자동차판매점,대구광역시,153
1237,이륜자동차판매점,경상북도,210
1238,이륜자동차판매점,부산광역시,216
1239,이륜자동차판매점,울산광역시,73
1240,이륜자동차판매점,경상남도,230
1241,이륜자동차판매점,제주특별자치도,41
1242,이발소,합계,"12,033"
1243,이발소,서울특별시,"2,164"
1244,이발소,인천광역시,408
1245,이발소,경기도,"2,130"
1246,이발소,강원도,659
1247,이발소,대전광역시,410
1248,이발소,충청북도,420
1249,이발소,충청남도,638
1250,이발소,세종특별자치시,41
1251,이발소,광주광역시,253
1252,이발소,전라북도,480
1253,이발소,전라남도,604
1254,이발소,대구광역시,582
1255,이발소,경상북도,880
1256,이발소,부산광역시,"1,025"
1257,이발소,울산광역시,368
1258,이발소,경상남도,804
1259,이발소,제주특별자치도,167
1260,이비인후과 의원,합계,"2,622"
1261,이비인후과 의원,서울특별시,700
1262,이비인후과 의원,인천광역시,138
1263,이비인후과 의원,경기도,662
1264,이비인후과 의원,강원도,51
1265,이비인후과 의원,대전광역시,81
1266,이비인후과 의원,충청북도,60
1267,이비인후과 의원,충청남도,58
1268,이비인후과 의원,세종특별자치시,16
1269,이비인후과 의원,광주광역시,80
1270,이비인후과 의원,전라북도,74
1271,이비인후과 의원,전라남도,49
1272,이비인후과 의원,대구광역시,157
1273,이비인후과 의원,경상북도,88
1274,이비인후과 의원,부산광역시,203
1275,이비인후과 의원,울산광역시,47
1276,이비인후과 의원,경상남도,131
1277,이비인후과 의원,제주특별자치도,27
1278,일반외과 의원,합계,"4,946"
1279,일반외과 의원,서울특별시,"1,141"
1280,일반외과 의원,인천광역시,270
1281,일반외과 의원,경기도,"1,173"
1282,일반외과 의원,강원도,134
1283,일반외과 의원,대전광역시,146
1284,일반외과 의원,충청북도,175
1285,일반외과 의원,충청남도,196
1286,일반외과 의원,세종특별자치시,34
1287,일반외과 의원,광주광역시,97
1288,일반외과 의원,전라북도,180
1289,일반외과 의원,전라남도,138
1290,일반외과 의원,대구광역시,307
1291,일반외과 의원,경상북도,230
1292,일반외과 의원,부산광역시,333
1293,일반외과 의원,울산광역시,76
1294,일반외과 의원,경상남도,246
1295,일반외과 의원,제주특별자치도,70
1296,일식전문점,합계,"17,972"
1297,일식전문점,서울특별시,"5,480"
1298,일식전문점,인천광역시,960
1299,일식전문점,경기도,"3,772"
1300,일식전문점,강원도,944
1301,일식전문점,대전광역시,433
1302,일식전문점,충청북도,480
1303,일식전문점,충청남도,711
1304,일식전문점,세종특별자치시,93
1305,일식전문점,광주광역시,261
1306,일식전문점,전라북도,496
1307,일식전문점,전라남도,442
1308,일식전문점,대구광역시,819
1309,일식전문점,경상북도,532
1310,일식전문점,부산광역시,"1,039"
1311,일식전문점,울산광역시,275
1312,일식전문점,경상남도,727
1313,일식전문점,제주특별자치도,508
1314,자동차수리점,합계,"44,748"
1315,자동차수리점,서울특별시,"4,967"
1316,자동차수리점,인천광역시,"2,373"
1317,자동차수리점,경기도,"11,433"
1318,자동차수리점,강원도,"1,790"
1319,자동차수리점,대전광역시,"1,458"
1320,자동차수리점,충청북도,"1,839"
1321,자동차수리점,충청남도,"2,486"
1322,자동차수리점,세종특별자치시,201
1323,자동차수리점,광주광역시,"1,512"
1324,자동차수리점,전라북도,"1,982"
1325,자동차수리점,전라남도,"1,993"
1326,자동차수리점,대구광역시,"2,275"
1327,자동차수리점,경상북도,"3,075"
1328,자동차수리점,부산광역시,"2,401"
1329,자동차수리점,울산광역시,"1,103"
1330,자동차수리점,경상남도,"3,258"
1331,자동차수리점,제주특별자치도,602
1332,자전거판매점,합계,"2,520"
1333,자전거판매점,서울특별시,393
1334,자전거판매점,인천광역시,102
1335,자전거판매점,경기도,620
1336,자전거판매점,강원도,86
1337,자전거판매점,대전광역시,88
1338,자전거판매점,충청북도,82
1339,자전거판매점,충청남도,115
1340,자전거판매점,세종특별자치시,15
1341,자전거판매점,광주광역시,60
1342,자전거판매점,전라북도,134
1343,자전거판매점,전라남도,96
1344,자전거판매점,대구광역시,152
1345,자전거판매점,경상북도,173
1346,자전거판매점,부산광역시,114
1347,자전거판매점,울산광역시,58
1348,자전거판매점,경상남도,201
1349,자전거판매점,제주특별자치도,31
1350,장난감가게,합계,"3,033"
1351,장난감가게,서울특별시,513
1352,장난감가게,인천광역시,142
1353,장난감가게,경기도,882
1354,장난감가게,강원도,97
1355,장난감가게,대전광역시,91
1356,장난감가게,충청북도,84
1357,장난감가게,충청남도,140
1358,장난감가게,세종특별자치시,21
1359,장난감가게,광주광역시,72
1360,장난감가게,전라북도,107
1361,장난감가게,전라남도,112
1362,장난감가게,대구광역시,136
1363,장난감가게,경상북도,148
1364,장난감가게,부산광역시,187
1365,장난감가게,울산광역시,61
1366,장난감가게,경상남도,176
1367,장난감가게,제주특별자치도,64
1368,정육점,합계,"20,019"
1369,정육점,서울특별시,"2,773"
1370,정육점,인천광역시,"1,066"
1371,정육점,경기도,"4,327"
1372,정육점,강원도,878
1373,정육점,대전광역시,755
1374,정육점,충청북도,785
1375,정육점,충청남도,"1,013"
1376,정육점,세종특별자치시,119
1377,정육점,광주광역시,554
1378,정육점,전라북도,"1,076"
1379,정육점,전라남도,849
1380,정육점,대구광역시,"1,306"
1381,정육점,경상북도,"1,271"
1382,정육점,부산광역시,"1,122"
1383,정육점,울산광역시,602
1384,정육점,경상남도,"1,238"
1385,정육점,제주특별자치도,285
1386,제과점,합계,"17,763"
1387,제과점,서울특별시,"3,669"
1388,제과점,인천광역시,808
1389,제과점,경기도,"4,153"
1390,제과점,강원도,599
1391,제과점,대전광역시,538
1392,제과점,충청북도,553
1393,제과점,충청남도,723
1394,제과점,세종특별자치시,124
1395,제과점,광주광역시,502
1396,제과점,전라북도,630
1397,제과점,전라남도,572
1398,제과점,대구광역시,931
1399,제과점,경상북도,940
1400,제과점,부산광역시,"1,097"
1401,제과점,울산광역시,378
1402,제과점,경상남도,"1,132"
1403,제과점,제주특별자치도,414
1404,종합병원,합계,"3,440"
1405,종합병원,서울특별시,439
1406,종합병원,인천광역시,149
1407,종합병원,경기도,699
1408,종합병원,강원도,86
1409,종합병원,대전광역시,99
1410,종합병원,충청북도,101
1411,종합병원,충청남도,140
1412,종합병원,세종특별자치시,13
1413,종합병원,광주광역시,177
1414,종합병원,전라북도,170
1415,종합병원,전라남도,198
1416,종합병원,대구광역시,195
1417,종합병원,경상북도,226
1418,종합병원,부산광역시,333
1419,종합병원,울산광역시,98
1420,종합병원,경상남도,293
1421,종합병원,제주특별자치도,24
1422,주유소,합계,"10,967"
1423,주유소,서울특별시,436
1424,주유소,인천광역시,292
1425,주유소,경기도,"2,290"
1426,주유소,강원도,640
1427,주유소,대전광역시,245
1428,주유소,충청북도,712
1429,주유소,충청남도,"1,013"
1430,주유소,세종특별자치시,68
1431,주유소,광주광역시,277
1432,주유소,전라북도,830
1433,주유소,전라남도,813
1434,주유소,대구광역시,340
1435,주유소,경상북도,"1,217"
1436,주유소,부산광역시,354
1437,주유소,울산광역시,218
1438,주유소,경상남도,"1,040"
1439,주유소,제주특별자치도,182
1440,주차장운영업,합계,"8,136"
1441,주차장운영업,서울특별시,"1,779"
1442,주차장운영업,인천광역시,305
1443,주차장운영업,경기도,"1,377"
1444,주차장운영업,강원도,153
1445,주차장운영업,대전광역시,184
1446,주차장운영업,충청북도,163
1447,주차장운영업,충청남도,147
1448,주차장운영업,세종특별자치시,29
1449,주차장운영업,광주광역시,272
1450,주차장운영업,전라북도,143
1451,주차장운영업,전라남도,109
1452,주차장운영업,대구광역시,430
1453,주차장운영업,경상북도,265
1454,주차장운영업,부산광역시,"1,773"
1455,주차장운영업,울산광역시,242
1456,주차장운영업,경상남도,706
1457,주차장운영업,제주특별자치도,59
1458,중고차판매점,합계,"4,807"
1459,중고차판매점,서울특별시,480
1460,중고차판매점,인천광역시,247
1461,중고차판매점,경기도,"1,037"
1462,중고차판매점,강원도,154
1463,중고차판매점,대전광역시,217
1464,중고차판매점,충청북도,190
1465,중고차판매점,충청남도,216
1466,중고차판매점,세종특별자치시,3
1467,중고차판매점,광주광역시,232
1468,중고차판매점,전라북도,290
1469,중고차판매점,전라남도,219
1470,중고차판매점,대구광역시,486
1471,중고차판매점,경상북도,305
1472,중고차판매점,부산광역시,234
1473,중고차판매점,울산광역시,118
1474,중고차판매점,경상남도,324
1475,중고차판매점,제주특별자치도,55
1476,중식전문점,합계,"24,819"
1477,중식전문점,서울특별시,"4,826"
1478,중식전문점,인천광역시,"1,196"
1479,중식전문점,경기도,"5,367"
1480,중식전문점,강원도,"1,049"
1481,중식전문점,대전광역시,613
1482,중식전문점,충청북도,916
1483,중식전문점,충청남도,"1,227"
1484,중식전문점,세종특별자치시,154
1485,중식전문점,광주광역시,474
1486,중식전문점,전라북도,"1,029"
1487,중식전문점,전라남도,820
1488,중식전문점,대구광역시,"1,245"
1489,중식전문점,경상북도,"1,512"
1490,중식전문점,부산광역시,"1,796"
1491,중식전문점,울산광역시,503
1492,중식전문점,경상남도,"1,669"
1493,중식전문점,제주특별자치도,423
1494,채소가게,합계,"11,960"
1495,채소가게,서울특별시,"1,611"
1496,채소가게,인천광역시,568
1497,채소가게,경기도,"2,167"
1498,채소가게,강원도,815
1499,채소가게,대전광역시,309
1500,채소가게,충청북도,515
1501,채소가게,충청남도,715
1502,채소가게,세종특별자치시,61
1503,채소가게,광주광역시,256
1504,채소가게,전라북도,649
1505,채소가게,전라남도,781
1506,채소가게,대구광역시,457
1507,채소가게,경상북도,954
1508,채소가게,부산광역시,757
1509,채소가게,울산광역시,138
1510,채소가게,경상남도,900
1511,채소가게,제주특별자치도,307
1512,철물점,합계,"8,779"
1513,철물점,서울특별시,"1,358"
1514,철물점,인천광역시,494
1515,철물점,경기도,"1,833"
1516,철물점,강원도,474
1517,철물점,대전광역시,279
1518,철물점,충청북도,344
1519,철물점,충청남도,461
1520,철물점,세종특별자치시,37
1521,철물점,광주광역시,290
1522,철물점,전라북도,424
1523,철물점,전라남도,469
1524,철물점,대구광역시,332
1525,철물점,경상북도,483
1526,철물점,부산광역시,660
1527,철물점,울산광역시,173
1528,철물점,경상남도,559
1529,철물점,제주특별자치도,109
1530,치과병원ㆍ의원,합계,"18,454"
1531,치과병원ㆍ의원,서울특별시,"4,932"
1532,치과병원ㆍ의원,인천광역시,937
1533,치과병원ㆍ의원,경기도,"4,359"
1534,치과병원ㆍ의원,강원도,402
1535,치과병원ㆍ의원,대전광역시,540
1536,치과병원ㆍ의원,충청북도,438
1537,치과병원ㆍ의원,충청남도,574
1538,치과병원ㆍ의원,세종특별자치시,89
1539,치과병원ㆍ의원,광주광역시,646
1540,치과병원ㆍ의원,전라북도,588
1541,치과병원ㆍ의원,전라남도,499
1542,치과병원ㆍ의원,대구광역시,902
1543,치과병원ㆍ의원,경상북도,692
1544,치과병원ㆍ의원,부산광역시,"1,317"
1545,치과병원ㆍ의원,울산광역시,390
1546,치과병원ㆍ의원,경상남도,929
1547,치과병원ㆍ의원,제주특별자치도,220
1548,침구ㆍ커튼가게,합계,"9,863"
1549,침구ㆍ커튼가게,서울특별시,"1,242"
1550,침구ㆍ커튼가게,인천광역시,425
1551,침구ㆍ커튼가게,경기도,"1,921"
1552,침구ㆍ커튼가게,강원도,397
1553,침구ㆍ커튼가게,대전광역시,411
1554,침구ㆍ커튼가게,충청북도,390
1555,침구ㆍ커튼가게,충청남도,501
1556,침구ㆍ커튼가게,세종특별자치시,55
1557,침구ㆍ커튼가게,광주광역시,379
1558,침구ㆍ커튼가게,전라북도,489
1559,침구ㆍ커튼가게,전라남도,488
1560,침구ㆍ커튼가게,대구광역시,647
1561,침구ㆍ커튼가게,경상북도,668
1562,침구ㆍ커튼가게,부산광역시,708
1563,침구ㆍ커튼가게,울산광역시,227
1564,침구ㆍ커튼가게,경상남도,694
1565,침구ㆍ커튼가게,제주특별자치도,221
1566,커피음료점,합계,"68,579"
1567,커피음료점,서울특별시,"13,286"
1568,커피음료점,인천광역시,"3,419"
1569,커피음료점,경기도,"14,876"
1570,커피음료점,강원도,"2,459"
1571,커피음료점,대전광역시,"2,441"
1572,커피음료점,충청북도,"2,291"
1573,커피음료점,충청남도,"2,963"
1574,커피음료점,세종특별자치시,485
1575,커피음료점,광주광역시,"1,899"
1576,커피음료점,전라북도,"2,752"
1577,커피음료점,전라남도,"2,506"
1578,커피음료점,대구광역시,"3,150"
1579,커피음료점,경상북도,"4,608"
1580,커피음료점,부산광역시,"4,029"
1581,커피음료점,울산광역시,"1,575"
1582,커피음료점,경상남도,"4,457"
1583,커피음료점,제주특별자치도,"1,383"
1584,컴퓨터판매점,합계,"5,121"
1585,컴퓨터판매점,서울특별시,"1,047"
1586,컴퓨터판매점,인천광역시,210
1587,컴퓨터판매점,경기도,"1,180"
1588,컴퓨터판매점,강원도,189
1589,컴퓨터판매점,대전광역시,185
1590,컴퓨터판매점,충청북도,188
1591,컴퓨터판매점,충청남도,218
1592,컴퓨터판매점,세종특별자치시,38
1593,컴퓨터판매점,광주광역시,182
1594,컴퓨터판매점,전라북도,211
1595,컴퓨터판매점,전라남도,180
1596,컴퓨터판매점,대구광역시,235
1597,컴퓨터판매점,경상북도,314
1598,컴퓨터판매점,부산광역시,236
1599,컴퓨터판매점,울산광역시,87
1600,컴퓨터판매점,경상남도,328
1601,컴퓨터판매점,제주특별자치도,93
1602,통신판매업,합계,"324,724"
1603,통신판매업,서울특별시,"95,356"
1604,통신판매업,인천광역시,"21,236"
1605,통신판매업,경기도,"98,488"
1606,통신판매업,강원도,"4,433"
1607,통신판매업,대전광역시,"7,675"
1608,통신판매업,충청북도,"6,089"
1609,통신판매업,충청남도,"8,146"
1610,통신판매업,세종특별자치시,"1,647"
1611,통신판매업,광주광역시,"7,036"
1612,통신판매업,전라북도,"6,179"
1613,통신판매업,전라남도,"5,499"
1614,통신판매업,대구광역시,"14,707"
1615,통신판매업,경상북도,"9,908"
1616,통신판매업,부산광역시,"19,946"
1617,통신판매업,울산광역시,"3,962"
1618,통신판매업,경상남도,"11,956"
1619,통신판매업,제주특별자치도,"2,461"
1620,패스트푸드점,합계,"41,623"
1621,패스트푸드점,서울특별시,"6,861"
1622,패스트푸드점,인천광역시,"1,923"
1623,패스트푸드점,경기도,"9,216"
1624,패스트푸드점,강원도,"1,917"
1625,패스트푸드점,대전광역시,"1,135"
1626,패스트푸드점,충청북도,"1,665"
1627,패스트푸드점,충청남도,"2,150"
1628,패스트푸드점,세종특별자치시,332
1629,패스트푸드점,광주광역시,"1,200"
1630,패스트푸드점,전라북도,"1,709"
1631,패스트푸드점,전라남도,"1,626"
1632,패스트푸드점,대구광역시,"1,612"
1633,패스트푸드점,경상북도,"2,360"
1634,패스트푸드점,부산광역시,"2,744"
1635,패스트푸드점,울산광역시,"1,090"
1636,패스트푸드점,경상남도,"3,394"
1637,패스트푸드점,제주특별자치도,689
1638,펜션ㆍ게스트하우스,합계,"15,685"
1639,펜션ㆍ게스트하우스,서울특별시,758
1640,펜션ㆍ게스트하우스,인천광역시,695
1641,펜션ㆍ게스트하우스,경기도,"2,082"
1642,펜션ㆍ게스트하우스,강원도,"2,790"
1643,펜션ㆍ게스트하우스,대전광역시,26
1644,펜션ㆍ게스트하우스,충청북도,478
1645,펜션ㆍ게스트하우스,충청남도,"1,350"
1646,펜션ㆍ게스트하우스,세종특별자치시,8
1647,펜션ㆍ게스트하우스,광주광역시,27
1648,펜션ㆍ게스트하우스,전라북도,476
1649,펜션ㆍ게스트하우스,전라남도,883
1650,펜션ㆍ게스트하우스,대구광역시,43
1651,펜션ㆍ게스트하우스,경상북도,"1,375"
1652,펜션ㆍ게스트하우스,부산광역시,192
1653,펜션ㆍ게스트하우스,울산광역시,133
1654,펜션ㆍ게스트하우스,경상남도,"1,477"
1655,펜션ㆍ게스트하우스,제주특별자치도,"2,892"
1656,편의점,합계,"44,005"
1657,편의점,서울특별시,"8,110"
1658,편의점,인천광역시,"2,355"
1659,편의점,경기도,"11,144"
1660,편의점,강원도,"1,830"
1661,편의점,대전광역시,"1,207"
1662,편의점,충청북도,"1,573"
1663,편의점,충청남도,"2,336"
1664,편의점,세종특별자치시,281
1665,편의점,광주광역시,"1,062"
1666,편의점,전라북도,"1,319"
1667,편의점,전라남도,"1,262"
1668,편의점,대구광역시,"1,694"
1669,편의점,경상북도,"2,062"
1670,편의점,부산광역시,"2,630"
1671,편의점,울산광역시,959
1672,편의점,경상남도,"3,005"
1673,편의점,제주특별자치도,"1,176"
1674,피부관리업,합계,"40,876"
1675,피부관리업,서울특별시,"7,756"
1676,피부관리업,인천광역시,"2,299"
1677,피부관리업,경기도,"9,757"
1678,피부관리업,강원도,"1,171"
1679,피부관리업,대전광역시,"1,283"
1680,피부관리업,충청북도,"1,226"
1681,피부관리업,충청남도,"1,435"
1682,피부관리업,세종특별자치시,196
1683,피부관리업,광주광역시,"1,723"
1684,피부관리업,전라북도,"1,348"
1685,피부관리업,전라남도,"1,533"
1686,피부관리업,대구광역시,"1,756"
1687,피부관리업,경상북도,"1,763"
1688,피부관리업,부산광역시,"2,925"
1689,피부관리업,울산광역시,897
1690,피부관리업,경상남도,"3,041"
1691,피부관리업,제주특별자치도,767
1692,피부ㆍ비뇨기과 의원,합계,"4,028"
1693,피부ㆍ비뇨기과 의원,서울특별시,"1,383"
1694,피부ㆍ비뇨기과 의원,인천광역시,184
1695,피부ㆍ비뇨기과 의원,경기도,850
1696,피부ㆍ비뇨기과 의원,강원도,62
1697,피부ㆍ비뇨기과 의원,대전광역시,113
1698,피부ㆍ비뇨기과 의원,충청북도,79
1699,피부ㆍ비뇨기과 의원,충청남도,99
1700,피부ㆍ비뇨기과 의원,세종특별자치시,16
1701,피부ㆍ비뇨기과 의원,광주광역시,126
1702,피부ㆍ비뇨기과 의원,전라북도,94
1703,피부ㆍ비뇨기과 의원,전라남도,77
1704,피부ㆍ비뇨기과 의원,대구광역시,208
1705,피부ㆍ비뇨기과 의원,경상북도,102
1706,피부ㆍ비뇨기과 의원,부산광역시,337
1707,피부ㆍ비뇨기과 의원,울산광역시,78
1708,피부ㆍ비뇨기과 의원,경상남도,175
1709,피부ㆍ비뇨기과 의원,제주특별자치도,45
1710,한방병원ㆍ한의원,합계,"14,925"
1711,한방병원ㆍ한의원,서울특별시,"3,708"
1712,한방병원ㆍ한의원,인천광역시,697
1713,한방병원ㆍ한의원,경기도,"3,282"
1714,한방병원ㆍ한의원,강원도,371
1715,한방병원ㆍ한의원,대전광역시,518
1716,한방병원ㆍ한의원,충청북도,402
1717,한방병원ㆍ한의원,충청남도,518
1718,한방병원ㆍ한의원,세종특별자치시,82
1719,한방병원ㆍ한의원,광주광역시,407
1720,한방병원ㆍ한의원,전라북도,539
1721,한방병원ㆍ한의원,전라남도,400
1722,한방병원ㆍ한의원,대구광역시,890
1723,한방병원ㆍ한의원,경상북도,643
1724,한방병원ㆍ한의원,부산광역시,"1,162"
1725,한방병원ㆍ한의원,울산광역시,287
1726,한방병원ㆍ한의원,경상남도,823
1727,한방병원ㆍ한의원,제주특별자치도,196
1728,한식전문점,합계,"393,515"
1729,한식전문점,서울특별시,"54,448"
1730,한식전문점,인천광역시,"18,425"
1731,한식전문점,경기도,"81,894"
1732,한식전문점,강원도,"19,801"
1733,한식전문점,대전광역시,"11,727"
1734,한식전문점,충청북도,"15,570"
1735,한식전문점,충청남도,"19,785"
1736,한식전문점,세종특별자치시,"2,140"
1737,한식전문점,광주광역시,"10,186"
1738,한식전문점,전라북도,"14,510"
1739,한식전문점,전라남도,"17,916"
1740,한식전문점,대구광역시,"19,769"
1741,한식전문점,경상북도,"29,563"
1742,한식전문점,부산광역시,"24,968"
1743,한식전문점,울산광역시,"10,974"
1744,한식전문점,경상남도,"32,834"
1745,한식전문점,제주특별자치도,"9,005"
1746,헬스클럽,합계,"8,272"
1747,헬스클럽,서울특별시,"2,006"
1748,헬스클럽,인천광역시,443
1749,헬스클럽,경기도,"1,990"
1750,헬스클럽,강원도,238
1751,헬스클럽,대전광역시,265
1752,헬스클럽,충청북도,273
1753,헬스클럽,충청남도,289
1754,헬스클럽,세종특별자치시,43
1755,헬스클럽,광주광역시,237
1756,헬스클럽,전라북도,239
1757,헬스클럽,전라남도,180
1758,헬스클럽,대구광역시,404
1759,헬스클럽,경상북도,373
1760,헬스클럽,부산광역시,587
1761,헬스클럽,울산광역시,139
1762,헬스클럽,경상남도,444
1763,헬스클럽,제주특별자치도,122
1764,호프전문점,합계,"30,825"
1765,호프전문점,서울특별시,"6,361"
1766,호프전문점,인천광역시,"1,645"
1767,호프전문점,경기도,"6,467"
1768,호프전문점,강원도,"1,303"
1769,호프전문점,대전광역시,841
1770,호프전문점,충청북도,"1,626"
1771,호프전문점,충청남도,"1,480"
1772,호프전문점,세종특별자치시,124
1773,호프전문점,광주광역시,"2,091"
1774,호프전문점,전라북도,"1,253"
1775,호프전문점,전라남도,"2,172"
1776,호프전문점,대구광역시,535
1777,호프전문점,경상북도,976
1778,호프전문점,부산광역시,"1,662"
1779,호프전문점,울산광역시,345
1780,호프전문점,경상남도,"1,305"
1781,호프전문점,제주특별자치도,639
1782,화장품가게,합계,"35,092"
1783,화장품가게,서울특별시,"6,605"
1784,화장품가게,인천광역시,"1,428"
1785,화장품가게,경기도,"8,026"
1786,화장품가게,강원도,"1,102"
1787,화장품가게,대전광역시,"1,245"
1788,화장품가게,충청북도,"1,001"
1789,화장품가게,충청남도,"1,334"
1790,화장품가게,세종특별자치시,162
1791,화장품가게,광주광역시,"1,199"
1792,화장품가게,전라북도,"1,487"
1793,화장품가게,전라남도,"1,054"
1794,화장품가게,대구광역시,"2,120"
1795,화장품가게,경상북도,"1,883"
1796,화장품가게,부산광역시,"2,450"
1797,화장품가게,울산광역시,964
1798,화장품가게,경상남도,"2,363"
1799,화장품가게,제주특별자치도,669
1800,휴대폰가게,합계,"18,635"
1801,휴대폰가게,서울특별시,"3,100"
1802,휴대폰가게,인천광역시,"1,018"
1803,휴대폰가게,경기도,"4,289"
1804,휴대폰가게,강원도,631
1805,휴대폰가게,대전광역시,665
1806,휴대폰가게,충청북도,559
1807,휴대폰가게,충청남도,882
1808,휴대폰가게,세종특별자치시,76
1809,휴대폰가게,광주광역시,589
1810,휴대폰가게,전라북도,730
1811,휴대폰가게,전라남도,588
1812,휴대폰가게,대구광역시,"1,009"
1813,휴대폰가게,경상북도,"1,054"
1814,휴대폰가게,부산광역시,"1,370"
1815,휴대폰가게,울산광역시,503
1816,휴대폰가게,경상남도,"1,330"
1817,휴대폰가게,제주특별자치도,242
