,corp,city,2
0,업종전체,합계,"2,433,695 "
1,업종전체,서울특별시,"484,468 "
2,업종전체,인천광역시,"124,167 "
3,업종전체,경기도,"568,995 "
4,업종전체,강원도,"86,288 "
5,업종전체,대전광역시,"71,282 "
6,업종전체,충청북도,"77,770 "
7,업종전체,충청남도,"102,336 "
8,업종전체,세종특별자치시,"13,236 "
9,업종전체,광주광역시,"71,610 "
10,업종전체,전라북도,"85,678 "
11,업종전체,전라남도,"86,112 "
12,업종전체,대구광역시,"116,345 "
13,업종전체,경상북도,"130,110 "
14,업종전체,부산광역시,"159,961 "
15,업종전체,울산광역시,"51,957 "
16,업종전체,경상남도,"158,304 "
17,업종전체,제주특별자치도,"45,076 "
18,LPG 충전소,합계,"1,601 "
19,LPG 충전소,서울특별시,78 
20,LPG 충전소,인천광역시,67 
21,LPG 충전소,경기도,369 
22,LPG 충전소,강원도,95 
23,LPG 충전소,대전광역시,39 
24,LPG 충전소,충청북도,74 
25,LPG 충전소,충청남도,127 
26,LPG 충전소,세종특별자치시,4 
27,LPG 충전소,광주광역시,38 
28,LPG 충전소,전라북도,107 
29,LPG 충전소,전라남도,119 
30,LPG 충전소,대구광역시,44 
31,LPG 충전소,경상북도,164 
32,LPG 충전소,부산광역시,57 
33,LPG 충전소,울산광역시,29 
34,LPG 충전소,경상남도,155 
35,LPG 충전소,제주특별자치도,35 
36,PC방,합계,"9,976 "
37,PC방,서울특별시,"1,597 "
38,PC방,인천광역시,533 
39,PC방,경기도,"2,312 "
40,PC방,강원도,427 
41,PC방,대전광역시,313 
42,PC방,충청북도,333 
43,PC방,충청남도,435 
44,PC방,세종특별자치시,43 
45,PC방,광주광역시,396 
46,PC방,전라북도,418 
47,PC방,전라남도,356 
48,PC방,대구광역시,561 
49,PC방,경상북도,557 
50,PC방,부산광역시,635 
51,PC방,울산광역시,250 
52,PC방,경상남도,638 
53,PC방,제주특별자치도,172 
54,가구점,합계,"7,505 "
55,가구점,서울특별시,"1,021 "
56,가구점,인천광역시,296 
57,가구점,경기도,"1,978 "
58,가구점,강원도,305 
59,가구점,대전광역시,213 
60,가구점,충청북도,270 
61,가구점,충청남도,297 
62,가구점,세종특별자치시,25 
63,가구점,광주광역시,214 
64,가구점,전라북도,396 
65,가구점,전라남도,271 
66,가구점,대구광역시,363 
67,가구점,경상북도,475 
68,가구점,부산광역시,490 
69,가구점,울산광역시,167 
70,가구점,경상남도,538 
71,가구점,제주특별자치도,186 
72,가전제품수리점,합계,"16,391 "
73,가전제품수리점,서울특별시,"2,716 "
74,가전제품수리점,인천광역시,"1,156 "
75,가전제품수리점,경기도,"4,828 "
76,가전제품수리점,강원도,577 
77,가전제품수리점,대전광역시,548 
78,가전제품수리점,충청북도,479 
79,가전제품수리점,충청남도,684 
80,가전제품수리점,세종특별자치시,72 
81,가전제품수리점,광주광역시,476 
82,가전제품수리점,전라북도,560 
83,가전제품수리점,전라남도,502 
84,가전제품수리점,대구광역시,783 
85,가전제품수리점,경상북도,586 
86,가전제품수리점,부산광역시,980 
87,가전제품수리점,울산광역시,299 
88,가전제품수리점,경상남도,938 
89,가전제품수리점,제주특별자치도,207 
90,가전제품판매점,합계,"10,050 "
91,가전제품판매점,서울특별시,"1,529 "
92,가전제품판매점,인천광역시,382 
93,가전제품판매점,경기도,"1,960 "
94,가전제품판매점,강원도,455 
95,가전제품판매점,대전광역시,300 
96,가전제품판매점,충청북도,428 
97,가전제품판매점,충청남도,523 
98,가전제품판매점,세종특별자치시,43 
99,가전제품판매점,광주광역시,340 
100,가전제품판매점,전라북도,531 
101,가전제품판매점,전라남도,571 
102,가전제품판매점,대구광역시,508 
103,가전제품판매점,경상북도,689 
104,가전제품판매점,부산광역시,604 
105,가전제품판매점,울산광역시,202 
106,가전제품판매점,경상남도,739 
107,가전제품판매점,제주특별자치도,246 
108,간이주점,합계,"13,686 "
109,간이주점,서울특별시,"4,371 "
110,간이주점,인천광역시,"1,402 "
111,간이주점,경기도,"2,725 "
112,간이주점,강원도,414 
113,간이주점,대전광역시,77 
114,간이주점,충청북도,444 
115,간이주점,충청남도,612 
116,간이주점,세종특별자치시,14 
117,간이주점,광주광역시,190 
118,간이주점,전라북도,312 
119,간이주점,전라남도,250 
120,간이주점,대구광역시,257 
121,간이주점,경상북도,374 
122,간이주점,부산광역시,877 
123,간이주점,울산광역시,105 
124,간이주점,경상남도,"1,090 "
125,간이주점,제주특별자치도,172 
126,간판광고물업,합계,"13,010 "
127,간판광고물업,서울특별시,"2,634 "
128,간판광고물업,인천광역시,558 
129,간판광고물업,경기도,"3,189 "
130,간판광고물업,강원도,515 
131,간판광고물업,대전광역시,396 
132,간판광고물업,충청북도,375 
133,간판광고물업,충청남도,470 
134,간판광고물업,세종특별자치시,30 
135,간판광고물업,광주광역시,438 
136,간판광고물업,전라북도,503 
137,간판광고물업,전라남도,478 
138,간판광고물업,대구광역시,767 
139,간판광고물업,경상북도,666 
140,간판광고물업,부산광역시,838 
141,간판광고물업,울산광역시,262 
142,간판광고물업,경상남도,697 
143,간판광고물업,제주특별자치도,194 
144,감정평가사,합계,"1,177 "
145,감정평가사,서울특별시,258 
146,감정평가사,인천광역시,76 
147,감정평가사,경기도,382 
148,감정평가사,강원도,33 
149,감정평가사,대전광역시,30 
150,감정평가사,충청북도,28 
151,감정평가사,충청남도,35 
152,감정평가사,세종특별자치시,12 
153,감정평가사,광주광역시,37 
154,감정평가사,전라북도,38 
155,감정평가사,전라남도,19 
156,감정평가사,대구광역시,56 
157,감정평가사,경상북도,20 
158,감정평가사,부산광역시,57 
159,감정평가사,울산광역시,18 
160,감정평가사,경상남도,63 
161,감정평가사,제주특별자치도,15 
162,건강보조식품가게,합계,"13,616 "
163,건강보조식품가게,서울특별시,"2,197 "
164,건강보조식품가게,인천광역시,653 
165,건강보조식품가게,경기도,"2,732 "
166,건강보조식품가게,강원도,504 
167,건강보조식품가게,대전광역시,463 
168,건강보조식품가게,충청북도,428 
169,건강보조식품가게,충청남도,"1,260 "
170,건강보조식품가게,세종특별자치시,52 
171,건강보조식품가게,광주광역시,404 
172,건강보조식품가게,전라북도,714 
173,건강보조식품가게,전라남도,487 
174,건강보조식품가게,대구광역시,583 
175,건강보조식품가게,경상북도,917 
176,건강보조식품가게,부산광역시,829 
177,건강보조식품가게,울산광역시,218 
178,건강보조식품가게,경상남도,"1,000 "
179,건강보조식품가게,제주특별자치도,175 
180,건어물가게,합계,"7,177 "
181,건어물가게,서울특별시,743 
182,건어물가게,인천광역시,374 
183,건어물가게,경기도,822 
184,건어물가게,강원도,656 
185,건어물가게,대전광역시,125 
186,건어물가게,충청북도,109 
187,건어물가게,충청남도,634 
188,건어물가게,세종특별자치시,13 
189,건어물가게,광주광역시,179 
190,건어물가게,전라북도,359 
191,건어물가게,전라남도,919 
192,건어물가게,대구광역시,153 
193,건어물가게,경상북도,650 
194,건어물가게,부산광역시,495 
195,건어물가게,울산광역시,128 
196,건어물가게,경상남도,708 
197,건어물가게,제주특별자치도,110 
198,건축사,합계,"10,163 "
199,건축사,서울특별시,"2,636 "
200,건축사,인천광역시,348 
201,건축사,경기도,"2,148 "
202,건축사,강원도,336 
203,건축사,대전광역시,217 
204,건축사,충청북도,297 
205,건축사,충청남도,354 
206,건축사,세종특별자치시,59 
207,건축사,광주광역시,241 
208,건축사,전라북도,364 
209,건축사,전라남도,278 
210,건축사,대구광역시,679 
211,건축사,경상북도,482 
212,건축사,부산광역시,684 
213,건축사,울산광역시,216 
214,건축사,경상남도,524 
215,건축사,제주특별자치도,300 
216,결혼상담소,합계,"1,632 "
217,결혼상담소,서울특별시,439 
218,결혼상담소,인천광역시,65 
219,결혼상담소,경기도,248 
220,결혼상담소,강원도,32 
221,결혼상담소,대전광역시,70 
222,결혼상담소,충청북도,52 
223,결혼상담소,충청남도,76 
224,결혼상담소,세종특별자치시,7 
225,결혼상담소,광주광역시,81 
226,결혼상담소,전라북도,80 
227,결혼상담소,전라남도,51 
228,결혼상담소,대구광역시,109 
229,결혼상담소,경상북도,57 
230,결혼상담소,부산광역시,112 
231,결혼상담소,울산광역시,30 
232,결혼상담소,경상남도,94 
233,결혼상담소,제주특별자치도,29 
234,곡물가게,합계,"4,989 "
235,곡물가게,서울특별시,644 
236,곡물가게,인천광역시,199 
237,곡물가게,경기도,877 
238,곡물가게,강원도,332 
239,곡물가게,대전광역시,150 
240,곡물가게,충청북도,242 
241,곡물가게,충청남도,388 
242,곡물가게,세종특별자치시,31 
243,곡물가게,광주광역시,111 
244,곡물가게,전라북도,370 
245,곡물가게,전라남도,392 
246,곡물가게,대구광역시,181 
247,곡물가게,경상북도,359 
248,곡물가게,부산광역시,332 
249,곡물가게,울산광역시,41 
250,곡물가게,경상남도,273 
251,곡물가게,제주특별자치도,67 
252,공인노무사,합계,930 
253,공인노무사,서울특별시,405 
254,공인노무사,인천광역시,40 
255,공인노무사,경기도,156 
256,공인노무사,강원도,15 
257,공인노무사,대전광역시,21 
258,공인노무사,충청북도,17 
259,공인노무사,충청남도,24 
260,공인노무사,세종특별자치시,5 
261,공인노무사,광주광역시,31 
262,공인노무사,전라북도,25 
263,공인노무사,전라남도,9 
264,공인노무사,대구광역시,32 
265,공인노무사,경상북도,16 
266,공인노무사,부산광역시,59 
267,공인노무사,울산광역시,24 
268,공인노무사,경상남도,42 
269,공인노무사,제주특별자치도,9 
270,공인회계사,합계,"1,841 "
271,공인회계사,서울특별시,852 
272,공인회계사,인천광역시,67 
273,공인회계사,경기도,309 
274,공인회계사,강원도,13 
275,공인회계사,대전광역시,38 
276,공인회계사,충청북도,33 
277,공인회계사,충청남도,42 
278,공인회계사,세종특별자치시,11 
279,공인회계사,광주광역시,36 
280,공인회계사,전라북도,36 
281,공인회계사,전라남도,24 
282,공인회계사,대구광역시,89 
283,공인회계사,경상북도,29 
284,공인회계사,부산광역시,132 
285,공인회계사,울산광역시,27 
286,공인회계사,경상남도,75 
287,공인회계사,제주특별자치도,28 
288,과일가게,합계,"11,857 "
289,과일가게,서울특별시,"1,257 "
290,과일가게,인천광역시,426 
291,과일가게,경기도,"1,876 "
292,과일가게,강원도,299 
293,과일가게,대전광역시,307 
294,과일가게,충청북도,637 
295,과일가게,충청남도,664 
296,과일가게,세종특별자치시,102 
297,과일가게,광주광역시,302 
298,과일가게,전라북도,581 
299,과일가게,전라남도,656 
300,과일가게,대구광역시,376 
301,과일가게,경상북도,"1,361 "
302,과일가게,부산광역시,611 
303,과일가게,울산광역시,154 
304,과일가게,경상남도,"1,200 "
305,과일가게,제주특별자치도,"1,048 "
306,교습소･공부방,합계,"35,233 "
307,교습소･공부방,서울특별시,"7,461 "
308,교습소･공부방,인천광역시,"1,703 "
309,교습소･공부방,경기도,"8,634 "
310,교습소･공부방,강원도,951 
311,교습소･공부방,대전광역시,"1,406 "
312,교습소･공부방,충청북도,835 
313,교습소･공부방,충청남도,"1,204 "
314,교습소･공부방,세종특별자치시,273 
315,교습소･공부방,광주광역시,779 
316,교습소･공부방,전라북도,790 
317,교습소･공부방,전라남도,680 
318,교습소･공부방,대구광역시,"2,655 "
319,교습소･공부방,경상북도,"1,788 "
320,교습소･공부방,부산광역시,"2,589 "
321,교습소･공부방,울산광역시,771 
322,교습소･공부방,경상남도,"2,145 "
323,교습소･공부방,제주특별자치도,569 
324,교습학원,합계,"56,221 "
325,교습학원,서울특별시,"10,346 "
326,교습학원,인천광역시,"2,531 "
327,교습학원,경기도,"14,960 "
328,교습학원,강원도,"1,461 "
329,교습학원,대전광역시,"1,257 "
330,교습학원,충청북도,"1,454 "
331,교습학원,충청남도,"1,848 "
332,교습학원,세종특별자치시,449 
333,교습학원,광주광역시,"2,414 "
334,교습학원,전라북도,"2,406 "
335,교습학원,전라남도,"1,812 "
336,교습학원,대구광역시,"2,672 "
337,교습학원,경상북도,"2,610 "
338,교습학원,부산광역시,"3,578 "
339,교습학원,울산광역시,"1,652 "
340,교습학원,경상남도,"4,059 "
341,교습학원,제주특별자치도,712 
342,구내식당,합계,"21,321 "
343,구내식당,서울특별시,"3,817 "
344,구내식당,인천광역시,"1,356 "
345,구내식당,경기도,"5,192 "
346,구내식당,강원도,602 
347,구내식당,대전광역시,699 
348,구내식당,충청북도,763 
349,구내식당,충청남도,"1,033 "
350,구내식당,세종특별자치시,79 
351,구내식당,광주광역시,400 
352,구내식당,전라북도,783 
353,구내식당,전라남도,635 
354,구내식당,대구광역시,872 
355,구내식당,경상북도,"1,275 "
356,구내식당,부산광역시,"1,418 "
357,구내식당,울산광역시,420 
358,구내식당,경상남도,"1,818 "
359,구내식당,제주특별자치도,159 
360,기술및직업훈련학원,합계,"14,360 "
361,기술및직업훈련학원,서울특별시,"3,199 "
362,기술및직업훈련학원,인천광역시,602 
363,기술및직업훈련학원,경기도,"3,238 "
364,기술및직업훈련학원,강원도,429 
365,기술및직업훈련학원,대전광역시,485 
366,기술및직업훈련학원,충청북도,388 
367,기술및직업훈련학원,충청남도,550 
368,기술및직업훈련학원,세종특별자치시,117 
369,기술및직업훈련학원,광주광역시,515 
370,기술및직업훈련학원,전라북도,530 
371,기술및직업훈련학원,전라남도,441 
372,기술및직업훈련학원,대구광역시,802 
373,기술및직업훈련학원,경상북도,587 
374,기술및직업훈련학원,부산광역시,985 
375,기술및직업훈련학원,울산광역시,342 
376,기술및직업훈련학원,경상남도,861 
377,기술및직업훈련학원,제주특별자치도,289 
378,기술사,합계,"1,116 "
379,기술사,서울특별시,305 
380,기술사,인천광역시,28 
381,기술사,경기도,260 
382,기술사,강원도,40 
383,기술사,대전광역시,27 
384,기술사,충청북도,34 
385,기술사,충청남도,32 
386,기술사,세종특별자치시,4 
387,기술사,광주광역시,37 
388,기술사,전라북도,36 
389,기술사,전라남도,41 
390,기술사,대구광역시,35 
391,기술사,경상북도,44 
392,기술사,부산광역시,67 
393,기술사,울산광역시,21 
394,기술사,경상남도,85 
395,기술사,제주특별자치도,20 
396,기타 일반의원,합계,"3,302 "
397,기타 일반의원,서울특별시,908 
398,기타 일반의원,인천광역시,147 
399,기타 일반의원,경기도,656 
400,기타 일반의원,강원도,64 
401,기타 일반의원,대전광역시,146 
402,기타 일반의원,충청북도,94 
403,기타 일반의원,충청남도,101 
404,기타 일반의원,세종특별자치시,20 
405,기타 일반의원,광주광역시,130 
406,기타 일반의원,전라북도,179 
407,기타 일반의원,전라남도,110 
408,기타 일반의원,대구광역시,158 
409,기타 일반의원,경상북도,106 
410,기타 일반의원,부산광역시,230 
411,기타 일반의원,울산광역시,49 
412,기타 일반의원,경상남도,147 
413,기타 일반의원,제주특별자치도,57 
414,기타외국식전문점,합계,"23,898 "
415,기타외국식전문점,서울특별시,"7,291 "
416,기타외국식전문점,인천광역시,807 
417,기타외국식전문점,경기도,"5,070 "
418,기타외국식전문점,강원도,781 
419,기타외국식전문점,대전광역시,594 
420,기타외국식전문점,충청북도,530 
421,기타외국식전문점,충청남도,698 
422,기타외국식전문점,세종특별자치시,160 
423,기타외국식전문점,광주광역시,388 
424,기타외국식전문점,전라북도,740 
425,기타외국식전문점,전라남도,415 
426,기타외국식전문점,대구광역시,"1,202 "
427,기타외국식전문점,경상북도,702 
428,기타외국식전문점,부산광역시,"1,832 "
429,기타외국식전문점,울산광역시,659 
430,기타외국식전문점,경상남도,"1,215 "
431,기타외국식전문점,제주특별자치도,814 
432,기타음식점,합계,"23,002 "
433,기타음식점,서울특별시,"4,389 "
434,기타음식점,인천광역시,954 
435,기타음식점,경기도,"5,348 "
436,기타음식점,강원도,996 
437,기타음식점,대전광역시,546 
438,기타음식점,충청북도,725 
439,기타음식점,충청남도,952 
440,기타음식점,세종특별자치시,111 
441,기타음식점,광주광역시,945 
442,기타음식점,전라북도,701 
443,기타음식점,전라남도,784 
444,기타음식점,대구광역시,"1,208 "
445,기타음식점,경상북도,"1,142 "
446,기타음식점,부산광역시,"1,578 "
447,기타음식점,울산광역시,526 
448,기타음식점,경상남도,"1,699 "
449,기타음식점,제주특별자치도,398 
450,꽃가게,합계,"23,968 "
451,꽃가게,서울특별시,"4,380 "
452,꽃가게,인천광역시,960 
453,꽃가게,경기도,"5,526 "
454,꽃가게,강원도,744 
455,꽃가게,대전광역시,704 
456,꽃가게,충청북도,892 
457,꽃가게,충청남도,"1,102 "
458,꽃가게,세종특별자치시,108 
459,꽃가게,광주광역시,765 
460,꽃가게,전라북도,"1,082 "
461,꽃가게,전라남도,"1,155 "
462,꽃가게,대구광역시,"1,144 "
463,꽃가게,경상북도,"1,422 "
464,꽃가게,부산광역시,"1,295 "
465,꽃가게,울산광역시,528 
466,꽃가게,경상남도,"1,793 "
467,꽃가게,제주특별자치도,368 
468,내과ㆍ소아과 의원,합계,"11,425 "
469,내과ㆍ소아과 의원,서울특별시,"2,488 "
470,내과ㆍ소아과 의원,인천광역시,596 
471,내과ㆍ소아과 의원,경기도,"2,627 "
472,내과ㆍ소아과 의원,강원도,326 
473,내과ㆍ소아과 의원,대전광역시,380 
474,내과ㆍ소아과 의원,충청북도,321 
475,내과ㆍ소아과 의원,충청남도,444 
476,내과ㆍ소아과 의원,세종특별자치시,64 
477,내과ㆍ소아과 의원,광주광역시,330 
478,내과ㆍ소아과 의원,전라북도,418 
479,내과ㆍ소아과 의원,전라남도,435 
480,내과ㆍ소아과 의원,대구광역시,577 
481,내과ㆍ소아과 의원,경상북도,536 
482,내과ㆍ소아과 의원,부산광역시,823 
483,내과ㆍ소아과 의원,울산광역시,223 
484,내과ㆍ소아과 의원,경상남도,682 
485,내과ㆍ소아과 의원,제주특별자치도,155 
486,노래방,합계,"29,928 "
487,노래방,서울특별시,"5,686 "
488,노래방,인천광역시,"2,291 "
489,노래방,경기도,"7,192 "
490,노래방,강원도,842 
491,노래방,대전광역시,"1,306 "
492,노래방,충청북도,"1,129 "
493,노래방,충청남도,"1,200 "
494,노래방,세종특별자치시,144 
495,노래방,광주광역시,"1,039 "
496,노래방,전라북도,843 
497,노래방,전라남도,729 
498,노래방,대구광역시,"1,666 "
499,노래방,경상북도,"1,542 "
500,노래방,부산광역시,"1,706 "
501,노래방,울산광역시,738 
502,노래방,경상남도,"1,572 "
503,노래방,제주특별자치도,303 
504,담배가게,합계,"12,218 "
505,담배가게,서울특별시,"2,150 "
506,담배가게,인천광역시,345 
507,담배가게,경기도,"1,595 "
508,담배가게,강원도,561 
509,담배가게,대전광역시,273 
510,담배가게,충청북도,521 
511,담배가게,충청남도,571 
512,담배가게,세종특별자치시,39 
513,담배가게,광주광역시,288 
514,담배가게,전라북도,622 
515,담배가게,전라남도,943 
516,담배가게,대구광역시,489 
517,담배가게,경상북도,"1,295 "
518,담배가게,부산광역시,"1,113 "
519,담배가게,울산광역시,226 
520,담배가게,경상남도,"1,025 "
521,담배가게,제주특별자치도,162 
522,당구장,합계,"18,006 "
523,당구장,서울특별시,"3,150 "
524,당구장,인천광역시,"1,126 "
525,당구장,경기도,"4,632 "
526,당구장,강원도,786 
527,당구장,대전광역시,505 
528,당구장,충청북도,694 
529,당구장,충청남도,788 
530,당구장,세종특별자치시,93 
531,당구장,광주광역시,491 
532,당구장,전라북도,606 
533,당구장,전라남도,706 
534,당구장,대구광역시,666 
535,당구장,경상북도,911 
536,당구장,부산광역시,946 
537,당구장,울산광역시,497 
538,당구장,경상남도,"1,088 "
539,당구장,제주특별자치도,321 
540,독서실,합계,"9,654 "
541,독서실,서울특별시,"3,356 "
542,독서실,인천광역시,447 
543,독서실,경기도,"2,333 "
544,독서실,강원도,159 
545,독서실,대전광역시,246 
546,독서실,충청북도,193 
547,독서실,충청남도,242 
548,독서실,세종특별자치시,39 
549,독서실,광주광역시,375 
550,독서실,전라북도,273 
551,독서실,전라남도,178 
552,독서실,대구광역시,417 
553,독서실,경상북도,246 
554,독서실,부산광역시,442 
555,독서실,울산광역시,237 
556,독서실,경상남도,390 
557,독서실,제주특별자치도,81 
558,동물병원,합계,"4,149 "
559,동물병원,서울특별시,829 
560,동물병원,인천광역시,186 
561,동물병원,경기도,"1,075 "
562,동물병원,강원도,101 
563,동물병원,대전광역시,99 
564,동물병원,충청북도,110 
565,동물병원,충청남도,190 
566,동물병원,세종특별자치시,26 
567,동물병원,광주광역시,107 
568,동물병원,전라북도,162 
569,동물병원,전라남도,163 
570,동물병원,대구광역시,170 
571,동물병원,경상북도,268 
572,동물병원,부산광역시,240 
573,동물병원,울산광역시,72 
574,동물병원,경상남도,275 
575,동물병원,제주특별자치도,76 
576,목욕탕,합계,"5,452 "
577,목욕탕,서울특별시,700 
578,목욕탕,인천광역시,211 
579,목욕탕,경기도,747 
580,목욕탕,강원도,180 
581,목욕탕,대전광역시,97 
582,목욕탕,충청북도,151 
583,목욕탕,충청남도,197 
584,목욕탕,세종특별자치시,14 
585,목욕탕,광주광역시,177 
586,목욕탕,전라북도,207 
587,목욕탕,전라남도,295 
588,목욕탕,대구광역시,261 
589,목욕탕,경상북도,417 
590,목욕탕,부산광역시,734 
591,목욕탕,울산광역시,183 
592,목욕탕,경상남도,767 
593,목욕탕,제주특별자치도,114 
594,문구점,합계,"9,149 "
595,문구점,서울특별시,"1,541 "
596,문구점,인천광역시,487 
597,문구점,경기도,"2,127 "
598,문구점,강원도,369 
599,문구점,대전광역시,315 
600,문구점,충청북도,325 
601,문구점,충청남도,434 
602,문구점,세종특별자치시,78 
603,문구점,광주광역시,295 
604,문구점,전라북도,416 
605,문구점,전라남도,412 
606,문구점,대구광역시,350 
607,문구점,경상북도,525 
608,문구점,부산광역시,523 
609,문구점,울산광역시,193 
610,문구점,경상남도,607 
611,문구점,제주특별자치도,152 
612,미용실,합계,"102,686 "
613,미용실,서울특별시,"18,099 "
614,미용실,인천광역시,"5,478 "
615,미용실,경기도,"23,205 "
616,미용실,강원도,"3,605 "
617,미용실,대전광역시,"3,330 "
618,미용실,충청북도,"3,496 "
619,미용실,충청남도,"4,282 "
620,미용실,세종특별자치시,421 
621,미용실,광주광역시,"3,264 "
622,미용실,전라북도,"3,912 "
623,미용실,전라남도,"3,565 "
624,미용실,대구광역시,"5,492 "
625,미용실,경상북도,"5,913 "
626,미용실,부산광역시,"7,529 "
627,미용실,울산광역시,"2,636 "
628,미용실,경상남도,"7,085 "
629,미용실,제주특별자치도,"1,374 "
630,법무사,합계,"6,577 "
631,법무사,서울특별시,"1,978 "
632,법무사,인천광역시,292 
633,법무사,경기도,"1,230 "
634,법무사,강원도,190 
635,법무사,대전광역시,166 
636,법무사,충청북도,170 
637,법무사,충청남도,221 
638,법무사,세종특별자치시,23 
639,법무사,광주광역시,224 
640,법무사,전라북도,243 
641,법무사,전라남도,218 
642,법무사,대구광역시,307 
643,법무사,경상북도,263 
644,법무사,부산광역시,466 
645,법무사,울산광역시,114 
646,법무사,경상남도,388 
647,법무사,제주특별자치도,84 
648,변리사,합계,"1,038 "
649,변리사,서울특별시,737 
650,변리사,인천광역시,14 
651,변리사,경기도,92 
652,변리사,강원도,0 
653,변리사,대전광역시,87 
654,변리사,충청북도,4 
655,변리사,충청남도,6 
656,변리사,세종특별자치시,*
657,변리사,광주광역시,11 
658,변리사,전라북도,6 
659,변리사,전라남도,4 
660,변리사,대구광역시,23 
661,변리사,경상북도,5 
662,변리사,부산광역시,28 
663,변리사,울산광역시,6 
664,변리사,경상남도,12 
665,변리사,제주특별자치도,*
666,변호사,합계,"7,520 "
667,변호사,서울특별시,"3,910 "
668,변호사,인천광역시,257 
669,변호사,경기도,981 
670,변호사,강원도,121 
671,변호사,대전광역시,221 
672,변호사,충청북도,105 
673,변호사,충청남도,143 
674,변호사,세종특별자치시,18 
675,변호사,광주광역시,217 
676,변호사,전라북도,189 
677,변호사,전라남도,93 
678,변호사,대구광역시,283 
679,변호사,경상북도,120 
680,변호사,부산광역시,427 
681,변호사,울산광역시,121 
682,변호사,경상남도,229 
683,변호사,제주특별자치도,85 
684,부동산중개업,합계,"127,732 "
685,부동산중개업,서울특별시,"31,433 "
686,부동산중개업,인천광역시,"6,910 "
687,부동산중개업,경기도,"35,796 "
688,부동산중개업,강원도,"2,623 "
689,부동산중개업,대전광역시,"3,376 "
690,부동산중개업,충청북도,"2,918 "
691,부동산중개업,충청남도,"4,209 "
692,부동산중개업,세종특별자치시,"1,391 "
693,부동산중개업,광주광역시,"4,213 "
694,부동산중개업,전라북도,"3,228 "
695,부동산중개업,전라남도,"2,324 "
696,부동산중개업,대구광역시,"5,848 "
697,부동산중개업,경상북도,"4,129 "
698,부동산중개업,부산광역시,"8,171 "
699,부동산중개업,울산광역시,"2,321 "
700,부동산중개업,경상남도,"6,833 "
701,부동산중개업,제주특별자치도,"2,009 "
702,분식점,합계,"53,951 "
703,분식점,서울특별시,"10,811 "
704,분식점,인천광역시,"2,570 "
705,분식점,경기도,"12,731 "
706,분식점,강원도,"1,648 "
707,분식점,대전광역시,"1,945 "
708,분식점,충청북도,"2,221 "
709,분식점,충청남도,"2,328 "
710,분식점,세종특별자치시,210 
711,분식점,광주광역시,"1,541 "
712,분식점,전라북도,"2,015 "
713,분식점,전라남도,"1,477 "
714,분식점,대구광역시,"2,445 "
715,분식점,경상북도,"2,497 "
716,분식점,부산광역시,"4,038 "
717,분식점,울산광역시,772 
718,분식점,경상남도,"3,925 "
719,분식점,제주특별자치도,777 
720,사진촬영업,합계,"14,318 "
721,사진촬영업,서울특별시,"4,653 "
722,사진촬영업,인천광역시,663 
723,사진촬영업,경기도,"3,057 "
724,사진촬영업,강원도,418 
725,사진촬영업,대전광역시,402 
726,사진촬영업,충청북도,313 
727,사진촬영업,충청남도,401 
728,사진촬영업,세종특별자치시,62 
729,사진촬영업,광주광역시,410 
730,사진촬영업,전라북도,421 
731,사진촬영업,전라남도,328 
732,사진촬영업,대구광역시,656 
733,사진촬영업,경상북도,520 
734,사진촬영업,부산광역시,825 
735,사진촬영업,울산광역시,228 
736,사진촬영업,경상남도,602 
737,사진촬영업,제주특별자치도,359 
738,산부인과 의원,합계,"1,683 "
739,산부인과 의원,서울특별시,503 
740,산부인과 의원,인천광역시,82 
741,산부인과 의원,경기도,340 
742,산부인과 의원,강원도,37 
743,산부인과 의원,대전광역시,59 
744,산부인과 의원,충청북도,45 
745,산부인과 의원,충청남도,48 
746,산부인과 의원,세종특별자치시,9 
747,산부인과 의원,광주광역시,53 
748,산부인과 의원,전라북도,55 
749,산부인과 의원,전라남도,24 
750,산부인과 의원,대구광역시,108 
751,산부인과 의원,경상북도,67 
752,산부인과 의원,부산광역시,100 
753,산부인과 의원,울산광역시,44 
754,산부인과 의원,경상남도,85 
755,산부인과 의원,제주특별자치도,24 
756,생선가게,합계,"11,550 "
757,생선가게,서울특별시,"1,506 "
758,생선가게,인천광역시,761 
759,생선가게,경기도,"1,234 "
760,생선가게,강원도,544 
761,생선가게,대전광역시,159 
762,생선가게,충청북도,174 
763,생선가게,충청남도,712 
764,생선가게,세종특별자치시,23 
765,생선가게,광주광역시,321 
766,생선가게,전라북도,613 
767,생선가게,전라남도,"1,604 "
768,생선가게,대구광역시,227 
769,생선가게,경상북도,877 
770,생선가게,부산광역시,"1,079 "
771,생선가게,울산광역시,395 
772,생선가게,경상남도,880 
773,생선가게,제주특별자치도,441 
774,서점,합계,"8,355 "
775,서점,서울특별시,"1,623 "
776,서점,인천광역시,380 
777,서점,경기도,"1,991 "
778,서점,강원도,234 
779,서점,대전광역시,328 
780,서점,충청북도,243 
781,서점,충청남도,347 
782,서점,세종특별자치시,72 
783,서점,광주광역시,278 
784,서점,전라북도,342 
785,서점,전라남도,259 
786,서점,대구광역시,493 
787,서점,경상북도,379 
788,서점,부산광역시,554 
789,서점,울산광역시,193 
790,서점,경상남도,495 
791,서점,제주특별자치도,144 
792,성형외과 의원,합계,"1,495 "
793,성형외과 의원,서울특별시,735 
794,성형외과 의원,인천광역시,47 
795,성형외과 의원,경기도,193 
796,성형외과 의원,강원도,17 
797,성형외과 의원,대전광역시,44 
798,성형외과 의원,충청북도,24 
799,성형외과 의원,충청남도,28 
800,성형외과 의원,세종특별자치시,6 
801,성형외과 의원,광주광역시,46 
802,성형외과 의원,전라북도,26 
803,성형외과 의원,전라남도,16 
804,성형외과 의원,대구광역시,78 
805,성형외과 의원,경상북도,16 
806,성형외과 의원,부산광역시,140 
807,성형외과 의원,울산광역시,19 
808,성형외과 의원,경상남도,39 
809,성형외과 의원,제주특별자치도,21 
810,세무사,합계,"12,523 "
811,세무사,서울특별시,"5,157 "
812,세무사,인천광역시,524 
813,세무사,경기도,"2,776 "
814,세무사,강원도,174 
815,세무사,대전광역시,278 
816,세무사,충청북도,171 
817,세무사,충청남도,261 
818,세무사,세종특별자치시,43 
819,세무사,광주광역시,301 
820,세무사,전라북도,269 
821,세무사,전라남도,133 
822,세무사,대구광역시,554 
823,세무사,경상북도,237 
824,세무사,부산광역시,946 
825,세무사,울산광역시,165 
826,세무사,경상남도,424 
827,세무사,제주특별자치도,110 
828,세탁소,합계,"23,546 "
829,세탁소,서울특별시,"4,552 "
830,세탁소,인천광역시,"1,270 "
831,세탁소,경기도,"5,417 "
832,세탁소,강원도,946 
833,세탁소,대전광역시,885 
834,세탁소,충청북도,885 
835,세탁소,충청남도,"1,126 "
836,세탁소,세종특별자치시,102 
837,세탁소,광주광역시,862 
838,세탁소,전라북도,898 
839,세탁소,전라남도,825 
840,세탁소,대구광역시,854 
841,세탁소,경상북도,"1,271 "
842,세탁소,부산광역시,"1,332 "
843,세탁소,울산광역시,445 
844,세탁소,경상남도,"1,276 "
845,세탁소,제주특별자치도,600 
846,슈퍼마켓,합계,"28,985 "
847,슈퍼마켓,서울특별시,"3,856 "
848,슈퍼마켓,인천광역시,"1,811 "
849,슈퍼마켓,경기도,"7,807 "
850,슈퍼마켓,강원도,995 
851,슈퍼마켓,대전광역시,682 
852,슈퍼마켓,충청북도,970 
853,슈퍼마켓,충청남도,"1,204 "
854,슈퍼마켓,세종특별자치시,136 
855,슈퍼마켓,광주광역시,853 
856,슈퍼마켓,전라북도,980 
857,슈퍼마켓,전라남도,"1,197 "
858,슈퍼마켓,대구광역시,"1,656 "
859,슈퍼마켓,경상북도,"1,823 "
860,슈퍼마켓,부산광역시,"1,835 "
861,슈퍼마켓,울산광역시,860 
862,슈퍼마켓,경상남도,"1,917 "
863,슈퍼마켓,제주특별자치도,403 
864,스포츠교육기관,합계,"25,465 "
865,스포츠교육기관,서울특별시,"4,682 "
866,스포츠교육기관,인천광역시,"1,357 "
867,스포츠교육기관,경기도,"6,652 "
868,스포츠교육기관,강원도,706 
869,스포츠교육기관,대전광역시,838 
870,스포츠교육기관,충청북도,743 
871,스포츠교육기관,충청남도,918 
872,스포츠교육기관,세종특별자치시,212 
873,스포츠교육기관,광주광역시,911 
874,스포츠교육기관,전라북도,849 
875,스포츠교육기관,전라남도,715 
876,스포츠교육기관,대구광역시,"1,241 "
877,스포츠교육기관,경상북도,"1,174 "
878,스포츠교육기관,부산광역시,"1,688 "
879,스포츠교육기관,울산광역시,582 
880,스포츠교육기관,경상남도,"1,771 "
881,스포츠교육기관,제주특별자치도,426 
882,스포츠시설운영업,합계,"8,174 "
883,스포츠시설운영업,서울특별시,"2,231 "
884,스포츠시설운영업,인천광역시,422 
885,스포츠시설운영업,경기도,"2,180 "
886,스포츠시설운영업,강원도,244 
887,스포츠시설운영업,대전광역시,188 
888,스포츠시설운영업,충청북도,181 
889,스포츠시설운영업,충청남도,220 
890,스포츠시설운영업,세종특별자치시,44 
891,스포츠시설운영업,광주광역시,242 
892,스포츠시설운영업,전라북도,262 
893,스포츠시설운영업,전라남도,176 
894,스포츠시설운영업,대구광역시,311 
895,스포츠시설운영업,경상북도,295 
896,스포츠시설운영업,부산광역시,492 
897,스포츠시설운영업,울산광역시,139 
898,스포츠시설운영업,경상남도,414 
899,스포츠시설운영업,제주특별자치도,133 
900,스포츠용품점,합계,"14,991 "
901,스포츠용품점,서울특별시,"1,478 "
902,스포츠용품점,인천광역시,511 
903,스포츠용품점,경기도,"3,184 "
904,스포츠용품점,강원도,876 
905,스포츠용품점,대전광역시,372 
906,스포츠용품점,충청북도,650 
907,스포츠용품점,충청남도,998 
908,스포츠용품점,세종특별자치시,66 
909,스포츠용품점,광주광역시,424 
910,스포츠용품점,전라북도,881 
911,스포츠용품점,전라남도,910 
912,스포츠용품점,대구광역시,634 
913,스포츠용품점,경상북도,"1,232 "
914,스포츠용품점,부산광역시,698 
915,스포츠용품점,울산광역시,279 
916,스포츠용품점,경상남도,"1,360 "
917,스포츠용품점,제주특별자치도,438 
918,시계ㆍ귀금속점,합계,"8,141 "
919,시계ㆍ귀금속점,서울특별시,"1,858 "
920,시계ㆍ귀금속점,인천광역시,350 
921,시계ㆍ귀금속점,경기도,"1,303 "
922,시계ㆍ귀금속점,강원도,235 
923,시계ㆍ귀금속점,대전광역시,228 
924,시계ㆍ귀금속점,충청북도,258 
925,시계ㆍ귀금속점,충청남도,315 
926,시계ㆍ귀금속점,세종특별자치시,21 
927,시계ㆍ귀금속점,광주광역시,260 
928,시계ㆍ귀금속점,전라북도,375 
929,시계ㆍ귀금속점,전라남도,285 
930,시계ㆍ귀금속점,대구광역시,532 
931,시계ㆍ귀금속점,경상북도,437 
932,시계ㆍ귀금속점,부산광역시,797 
933,시계ㆍ귀금속점,울산광역시,222 
934,시계ㆍ귀금속점,경상남도,563 
935,시계ㆍ귀금속점,제주특별자치도,102 
936,식료품가게,합계,"48,066 "
937,식료품가게,서울특별시,"5,402 "
938,식료품가게,인천광역시,"2,093 "
939,식료품가게,경기도,"8,868 "
940,식료품가게,강원도,"2,790 "
941,식료품가게,대전광역시,"1,334 "
942,식료품가게,충청북도,"2,219 "
943,식료품가게,충청남도,"3,319 "
944,식료품가게,세종특별자치시,222 
945,식료품가게,광주광역시,"1,418 "
946,식료품가게,전라북도,"3,334 "
947,식료품가게,전라남도,"3,572 "
948,식료품가게,대구광역시,"1,644 "
949,식료품가게,경상북도,"3,446 "
950,식료품가게,부산광역시,"3,019 "
951,식료품가게,울산광역시,745 
952,식료품가게,경상남도,"3,839 "
953,식료품가게,제주특별자치도,802 
954,신경정신과 의원,합계,"1,789 "
955,신경정신과 의원,서울특별시,513 
956,신경정신과 의원,인천광역시,73 
957,신경정신과 의원,경기도,376 
958,신경정신과 의원,강원도,40 
959,신경정신과 의원,대전광역시,74 
960,신경정신과 의원,충청북도,48 
961,신경정신과 의원,충청남도,52 
962,신경정신과 의원,세종특별자치시,11 
963,신경정신과 의원,광주광역시,51 
964,신경정신과 의원,전라북도,69 
965,신경정신과 의원,전라남도,43 
966,신경정신과 의원,대구광역시,113 
967,신경정신과 의원,경상북도,52 
968,신경정신과 의원,부산광역시,154 
969,신경정신과 의원,울산광역시,25 
970,신경정신과 의원,경상남도,73 
971,신경정신과 의원,제주특별자치도,22 
972,신발가게,합계,"6,468 "
973,신발가게,서울특별시,"1,295 "
974,신발가게,인천광역시,335 
975,신발가게,경기도,"1,257 "
976,신발가게,강원도,234 
977,신발가게,대전광역시,194 
978,신발가게,충청북도,224 
979,신발가게,충청남도,275 
980,신발가게,세종특별자치시,24 
981,신발가게,광주광역시,207 
982,신발가게,전라북도,293 
983,신발가게,전라남도,260 
984,신발가게,대구광역시,332 
985,신발가게,경상북도,362 
986,신발가게,부산광역시,555 
987,신발가게,울산광역시,110 
988,신발가게,경상남도,403 
989,신발가게,제주특별자치도,108 
990,실내스크린골프점,합계,"5,017 "
991,실내스크린골프점,서울특별시,680 
992,실내스크린골프점,인천광역시,208 
993,실내스크린골프점,경기도,"1,315 "
994,실내스크린골프점,강원도,163 
995,실내스크린골프점,대전광역시,151 
996,실내스크린골프점,충청북도,181 
997,실내스크린골프점,충청남도,213 
998,실내스크린골프점,세종특별자치시,26 
999,실내스크린골프점,광주광역시,112 
1000,실내스크린골프점,전라북도,178 
1001,실내스크린골프점,전라남도,161 
1002,실내스크린골프점,대구광역시,309 
1003,실내스크린골프점,경상북도,299 
1004,실내스크린골프점,부산광역시,311 
1005,실내스크린골프점,울산광역시,180 
1006,실내스크린골프점,경상남도,433 
1007,실내스크린골프점,제주특별자치도,97 
1008,실내장식가게,합계,"58,732 "
1009,실내장식가게,서울특별시,"14,021 "
1010,실내장식가게,인천광역시,"3,413 "
1011,실내장식가게,경기도,"17,401 "
1012,실내장식가게,강원도,"1,197 "
1013,실내장식가게,대전광역시,"1,958 "
1014,실내장식가게,충청북도,"1,368 "
1015,실내장식가게,충청남도,"1,578 "
1016,실내장식가게,세종특별자치시,245 
1017,실내장식가게,광주광역시,"2,099 "
1018,실내장식가게,전라북도,277 
1019,실내장식가게,전라남도,"1,252 "
1020,실내장식가게,대구광역시,"2,695 "
1021,실내장식가게,경상북도,"1,910 "
1022,실내장식가게,부산광역시,"4,107 "
1023,실내장식가게,울산광역시,"1,061 "
1024,실내장식가게,경상남도,"2,870 "
1025,실내장식가게,제주특별자치도,"1,280 "
1026,실외골프연습장,합계,"2,206 "
1027,실외골프연습장,서울특별시,362 
1028,실외골프연습장,인천광역시,73 
1029,실외골프연습장,경기도,492 
1030,실외골프연습장,강원도,106 
1031,실외골프연습장,대전광역시,66 
1032,실외골프연습장,충청북도,97 
1033,실외골프연습장,충청남도,95 
1034,실외골프연습장,세종특별자치시,4 
1035,실외골프연습장,광주광역시,46 
1036,실외골프연습장,전라북도,91 
1037,실외골프연습장,전라남도,94 
1038,실외골프연습장,대구광역시,94 
1039,실외골프연습장,경상북도,191 
1040,실외골프연습장,부산광역시,132 
1041,실외골프연습장,울산광역시,51 
1042,실외골프연습장,경상남도,158 
1043,실외골프연습장,제주특별자치도,54 
1044,안경점,합계,"9,217 "
1045,안경점,서울특별시,"2,036 "
1046,안경점,인천광역시,430 
1047,안경점,경기도,"1,990 "
1048,안경점,강원도,250 
1049,안경점,대전광역시,316 
1050,안경점,충청북도,289 
1051,안경점,충청남도,342 
1052,안경점,세종특별자치시,48 
1053,안경점,광주광역시,351 
1054,안경점,전라북도,356 
1055,안경점,전라남도,310 
1056,안경점,대구광역시,479 
1057,안경점,경상북도,435 
1058,안경점,부산광역시,643 
1059,안경점,울산광역시,224 
1060,안경점,경상남도,591 
1061,안경점,제주특별자치도,127 
1062,안과 의원,합계,"1,670 "
1063,안과 의원,서울특별시,456 
1064,안과 의원,인천광역시,65 
1065,안과 의원,경기도,360 
1066,안과 의원,강원도,44 
1067,안과 의원,대전광역시,49 
1068,안과 의원,충청북도,38 
1069,안과 의원,충청남도,51 
1070,안과 의원,세종특별자치시,6 
1071,안과 의원,광주광역시,40 
1072,안과 의원,전라북도,64 
1073,안과 의원,전라남도,50 
1074,안과 의원,대구광역시,101 
1075,안과 의원,경상북도,67 
1076,안과 의원,부산광역시,133 
1077,안과 의원,울산광역시,33 
1078,안과 의원,경상남도,93 
1079,안과 의원,제주특별자치도,20 
1080,애완용품점,합계,"8,068 "
1081,애완용품점,서울특별시,"1,303 "
1082,애완용품점,인천광역시,507 
1083,애완용품점,경기도,"2,475 "
1084,애완용품점,강원도,220 
1085,애완용품점,대전광역시,268 
1086,애완용품점,충청북도,237 
1087,애완용품점,충청남도,341 
1088,애완용품점,세종특별자치시,28 
1089,애완용품점,광주광역시,198 
1090,애완용품점,전라북도,222 
1091,애완용품점,전라남도,184 
1092,애완용품점,대구광역시,359 
1093,애완용품점,경상북도,412 
1094,애완용품점,부산광역시,586 
1095,애완용품점,울산광역시,136 
1096,애완용품점,경상남도,487 
1097,애완용품점,제주특별자치도,105 
1098,약국,합계,"22,891 "
1099,약국,서울특별시,"5,150 "
1100,약국,인천광역시,"1,116 "
1101,약국,경기도,"5,097 "
1102,약국,강원도,681 
1103,약국,대전광역시,748 
1104,약국,충청북도,675 
1105,약국,충청남도,949 
1106,약국,세종특별자치시,120 
1107,약국,광주광역시,675 
1108,약국,전라북도,921 
1109,약국,전라남도,793 
1110,약국,대구광역시,"1,299 "
1111,약국,경상북도,"1,113 "
1112,약국,부산광역시,"1,539 "
1113,약국,울산광역시,420 
1114,약국,경상남도,"1,297 "
1115,약국,제주특별자치도,298 
1116,여관ㆍ모텔,합계,"20,698 "
1117,여관ㆍ모텔,서울특별시,"1,894 "
1118,여관ㆍ모텔,인천광역시,816 
1119,여관ㆍ모텔,경기도,"3,208 "
1120,여관ㆍ모텔,강원도,"1,558 "
1121,여관ㆍ모텔,대전광역시,626 
1122,여관ㆍ모텔,충청북도,858 
1123,여관ㆍ모텔,충청남도,"1,480 "
1124,여관ㆍ모텔,세종특별자치시,66 
1125,여관ㆍ모텔,광주광역시,496 
1126,여관ㆍ모텔,전라북도,"1,020 "
1127,여관ㆍ모텔,전라남도,"1,312 "
1128,여관ㆍ모텔,대구광역시,682 
1129,여관ㆍ모텔,경상북도,"1,952 "
1130,여관ㆍ모텔,부산광역시,"1,369 "
1131,여관ㆍ모텔,울산광역시,626 
1132,여관ㆍ모텔,경상남도,"2,327 "
1133,여관ㆍ모텔,제주특별자치도,408 
1134,여행사,합계,"14,090 "
1135,여행사,서울특별시,"5,538 "
1136,여행사,인천광역시,403 
1137,여행사,경기도,"1,797 "
1138,여행사,강원도,349 
1139,여행사,대전광역시,325 
1140,여행사,충청북도,277 
1141,여행사,충청남도,321 
1142,여행사,세종특별자치시,53 
1143,여행사,광주광역시,410 
1144,여행사,전라북도,415 
1145,여행사,전라남도,446 
1146,여행사,대구광역시,537 
1147,여행사,경상북도,465 
1148,여행사,부산광역시,"1,068 "
1149,여행사,울산광역시,178 
1150,여행사,경상남도,572 
1151,여행사,제주특별자치도,936 
1152,예술학원,합계,"30,964 "
1153,예술학원,서울특별시,"5,472 "
1154,예술학원,인천광역시,"1,500 "
1155,예술학원,경기도,"8,547 "
1156,예술학원,강원도,889 
1157,예술학원,대전광역시,901 
1158,예술학원,충청북도,877 
1159,예술학원,충청남도,"1,110 "
1160,예술학원,세종특별자치시,278 
1161,예술학원,광주광역시,"1,106 "
1162,예술학원,전라북도,"1,330 "
1163,예술학원,전라남도,867 
1164,예술학원,대구광역시,"1,424 "
1165,예술학원,경상북도,"1,384 "
1166,예술학원,부산광역시,"1,831 "
1167,예술학원,울산광역시,798 
1168,예술학원,경상남도,"2,208 "
1169,예술학원,제주특별자치도,442 
1170,예식장,합계,881 
1171,예식장,서울특별시,169 
1172,예식장,인천광역시,23 
1173,예식장,경기도,135 
1174,예식장,강원도,37 
1175,예식장,대전광역시,24 
1176,예식장,충청북도,37 
1177,예식장,충청남도,69 
1178,예식장,세종특별자치시,5 
1179,예식장,광주광역시,25 
1180,예식장,전라북도,46 
1181,예식장,전라남도,43 
1182,예식장,대구광역시,40 
1183,예식장,경상북도,65 
1184,예식장,부산광역시,60 
1185,예식장,울산광역시,17 
1186,예식장,경상남도,65 
1187,예식장,제주특별자치도,21 
1188,옷가게,합계,"85,005 "
1189,옷가게,서울특별시,"15,621 "
1190,옷가게,인천광역시,"3,980 "
1191,옷가게,경기도,"17,402 "
1192,옷가게,강원도,"3,117 "
1193,옷가게,대전광역시,"2,782 "
1194,옷가게,충청북도,"2,913 "
1195,옷가게,충청남도,"3,275 "
1196,옷가게,세종특별자치시,371 
1197,옷가게,광주광역시,"3,175 "
1198,옷가게,전라북도,"3,391 "
1199,옷가게,전라남도,"3,026 "
1200,옷가게,대구광역시,"5,253 "
1201,옷가게,경상북도,"4,600 "
1202,옷가게,부산광역시,"7,045 "
1203,옷가게,울산광역시,"1,792 "
1204,옷가게,경상남도,"5,589 "
1205,옷가게,제주특별자치도,"1,673 "
1206,의료용품가게,합계,"7,189 "
1207,의료용품가게,서울특별시,"1,589 "
1208,의료용품가게,인천광역시,305 
1209,의료용품가게,경기도,"1,592 "
1210,의료용품가게,강원도,189 
1211,의료용품가게,대전광역시,266 
1212,의료용품가게,충청북도,186 
1213,의료용품가게,충청남도,290 
1214,의료용품가게,세종특별자치시,28 
1215,의료용품가게,광주광역시,318 
1216,의료용품가게,전라북도,348 
1217,의료용품가게,전라남도,224 
1218,의료용품가게,대구광역시,347 
1219,의료용품가게,경상북도,290 
1220,의료용품가게,부산광역시,588 
1221,의료용품가게,울산광역시,117 
1222,의료용품가게,경상남도,425 
1223,의료용품가게,제주특별자치도,87 
1224,이륜자동차판매점,합계,"2,650 "
1225,이륜자동차판매점,서울특별시,454 
1226,이륜자동차판매점,인천광역시,89 
1227,이륜자동차판매점,경기도,462 
1228,이륜자동차판매점,강원도,90 
1229,이륜자동차판매점,대전광역시,61 
1230,이륜자동차판매점,충청북도,90 
1231,이륜자동차판매점,충청남도,145 
1232,이륜자동차판매점,세종특별자치시,8 
1233,이륜자동차판매점,광주광역시,67 
1234,이륜자동차판매점,전라북도,128 
1235,이륜자동차판매점,전라남도,149 
1236,이륜자동차판매점,대구광역시,151 
1237,이륜자동차판매점,경상북도,207 
1238,이륜자동차판매점,부산광역시,213 
1239,이륜자동차판매점,울산광역시,72 
1240,이륜자동차판매점,경상남도,223 
1241,이륜자동차판매점,제주특별자치도,41 
1242,이발소,합계,"11,907 "
1243,이발소,서울특별시,"2,138 "
1244,이발소,인천광역시,413 
1245,이발소,경기도,"2,102 "
1246,이발소,강원도,662 
1247,이발소,대전광역시,407 
1248,이발소,충청북도,419 
1249,이발소,충청남도,619 
1250,이발소,세종특별자치시,38 
1251,이발소,광주광역시,250 
1252,이발소,전라북도,475 
1253,이발소,전라남도,588 
1254,이발소,대구광역시,585 
1255,이발소,경상북도,873 
1256,이발소,부산광역시,"1,021 "
1257,이발소,울산광역시,369 
1258,이발소,경상남도,788 
1259,이발소,제주특별자치도,160 
1260,이비인후과 의원,합계,"2,613 "
1261,이비인후과 의원,서울특별시,696 
1262,이비인후과 의원,인천광역시,136 
1263,이비인후과 의원,경기도,660 
1264,이비인후과 의원,강원도,50 
1265,이비인후과 의원,대전광역시,81 
1266,이비인후과 의원,충청북도,60 
1267,이비인후과 의원,충청남도,57 
1268,이비인후과 의원,세종특별자치시,16 
1269,이비인후과 의원,광주광역시,78 
1270,이비인후과 의원,전라북도,74 
1271,이비인후과 의원,전라남도,49 
1272,이비인후과 의원,대구광역시,158 
1273,이비인후과 의원,경상북도,90 
1274,이비인후과 의원,부산광역시,206 
1275,이비인후과 의원,울산광역시,47 
1276,이비인후과 의원,경상남도,127 
1277,이비인후과 의원,제주특별자치도,28 
1278,일반외과 의원,합계,"4,891 "
1279,일반외과 의원,서울특별시,"1,120 "
1280,일반외과 의원,인천광역시,269 
1281,일반외과 의원,경기도,"1,155 "
1282,일반외과 의원,강원도,135 
1283,일반외과 의원,대전광역시,144 
1284,일반외과 의원,충청북도,175 
1285,일반외과 의원,충청남도,193 
1286,일반외과 의원,세종특별자치시,34 
1287,일반외과 의원,광주광역시,96 
1288,일반외과 의원,전라북도,178 
1289,일반외과 의원,전라남도,136 
1290,일반외과 의원,대구광역시,306 
1291,일반외과 의원,경상북도,230 
1292,일반외과 의원,부산광역시,328 
1293,일반외과 의원,울산광역시,77 
1294,일반외과 의원,경상남도,245 
1295,일반외과 의원,제주특별자치도,70 
1296,일식전문점,합계,"17,839 "
1297,일식전문점,서울특별시,"5,463 "
1298,일식전문점,인천광역시,948 
1299,일식전문점,경기도,"3,685 "
1300,일식전문점,강원도,962 
1301,일식전문점,대전광역시,428 
1302,일식전문점,충청북도,482 
1303,일식전문점,충청남도,721 
1304,일식전문점,세종특별자치시,95 
1305,일식전문점,광주광역시,257 
1306,일식전문점,전라북도,497 
1307,일식전문점,전라남도,431 
1308,일식전문점,대구광역시,806 
1309,일식전문점,경상북도,530 
1310,일식전문점,부산광역시,"1,028 "
1311,일식전문점,울산광역시,272 
1312,일식전문점,경상남도,719 
1313,일식전문점,제주특별자치도,515 
1314,자동차수리점,합계,"44,352 "
1315,자동차수리점,서울특별시,"4,945 "
1316,자동차수리점,인천광역시,"2,354 "
1317,자동차수리점,경기도,"11,264 "
1318,자동차수리점,강원도,"1,784 "
1319,자동차수리점,대전광역시,"1,452 "
1320,자동차수리점,충청북도,"1,834 "
1321,자동차수리점,충청남도,"2,465 "
1322,자동차수리점,세종특별자치시,200 
1323,자동차수리점,광주광역시,"1,502 "
1324,자동차수리점,전라북도,"1,973 "
1325,자동차수리점,전라남도,"1,986 "
1326,자동차수리점,대구광역시,"2,253 "
1327,자동차수리점,경상북도,"3,062 "
1328,자동차수리점,부산광역시,"2,381 "
1329,자동차수리점,울산광역시,"1,093 "
1330,자동차수리점,경상남도,"3,207 "
1331,자동차수리점,제주특별자치도,597 
1332,자전거판매점,합계,"2,517 "
1333,자전거판매점,서울특별시,392 
1334,자전거판매점,인천광역시,103 
1335,자전거판매점,경기도,617 
1336,자전거판매점,강원도,87 
1337,자전거판매점,대전광역시,92 
1338,자전거판매점,충청북도,82 
1339,자전거판매점,충청남도,114 
1340,자전거판매점,세종특별자치시,15 
1341,자전거판매점,광주광역시,61 
1342,자전거판매점,전라북도,135 
1343,자전거판매점,전라남도,97 
1344,자전거판매점,대구광역시,154 
1345,자전거판매점,경상북도,166 
1346,자전거판매점,부산광역시,111 
1347,자전거판매점,울산광역시,61 
1348,자전거판매점,경상남도,199 
1349,자전거판매점,제주특별자치도,31 
1350,장난감가게,합계,"3,023 "
1351,장난감가게,서울특별시,505 
1352,장난감가게,인천광역시,144 
1353,장난감가게,경기도,870 
1354,장난감가게,강원도,95 
1355,장난감가게,대전광역시,94 
1356,장난감가게,충청북도,82 
1357,장난감가게,충청남도,140 
1358,장난감가게,세종특별자치시,26 
1359,장난감가게,광주광역시,79 
1360,장난감가게,전라북도,108 
1361,장난감가게,전라남도,115 
1362,장난감가게,대구광역시,132 
1363,장난감가게,경상북도,146 
1364,장난감가게,부산광역시,188 
1365,장난감가게,울산광역시,59 
1366,장난감가게,경상남도,175 
1367,장난감가게,제주특별자치도,65 
1368,정육점,합계,"19,761 "
1369,정육점,서울특별시,"2,759 "
1370,정육점,인천광역시,"1,057 "
1371,정육점,경기도,"4,256 "
1372,정육점,강원도,860 
1373,정육점,대전광역시,751 
1374,정육점,충청북도,784 
1375,정육점,충청남도,"1,008 "
1376,정육점,세종특별자치시,114 
1377,정육점,광주광역시,548 
1378,정육점,전라북도,"1,058 "
1379,정육점,전라남도,837 
1380,정육점,대구광역시,"1,288 "
1381,정육점,경상북도,"1,243 "
1382,정육점,부산광역시,"1,111 "
1383,정육점,울산광역시,588 
1384,정육점,경상남도,"1,210 "
1385,정육점,제주특별자치도,289 
1386,제과점,합계,"17,422 "
1387,제과점,서울특별시,"3,598 "
1388,제과점,인천광역시,795 
1389,제과점,경기도,"4,065 "
1390,제과점,강원도,583 
1391,제과점,대전광역시,534 
1392,제과점,충청북도,544 
1393,제과점,충청남도,711 
1394,제과점,세종특별자치시,124 
1395,제과점,광주광역시,495 
1396,제과점,전라북도,626 
1397,제과점,전라남도,565 
1398,제과점,대구광역시,906 
1399,제과점,경상북도,910 
1400,제과점,부산광역시,"1,081 "
1401,제과점,울산광역시,375 
1402,제과점,경상남도,"1,110 "
1403,제과점,제주특별자치도,400 
1404,종합병원,합계,"3,434 "
1405,종합병원,서울특별시,440 
1406,종합병원,인천광역시,147 
1407,종합병원,경기도,695 
1408,종합병원,강원도,84 
1409,종합병원,대전광역시,99 
1410,종합병원,충청북도,97 
1411,종합병원,충청남도,140 
1412,종합병원,세종특별자치시,13 
1413,종합병원,광주광역시,177 
1414,종합병원,전라북도,170 
1415,종합병원,전라남도,199 
1416,종합병원,대구광역시,195 
1417,종합병원,경상북도,230 
1418,종합병원,부산광역시,336 
1419,종합병원,울산광역시,97 
1420,종합병원,경상남도,290 
1421,종합병원,제주특별자치도,25 
1422,주유소,합계,"10,681 "
1423,주유소,서울특별시,390 
1424,주유소,인천광역시,269 
1425,주유소,경기도,"2,181 "
1426,주유소,강원도,630 
1427,주유소,대전광역시,221 
1428,주유소,충청북도,708 
1429,주유소,충청남도,999 
1430,주유소,세종특별자치시,67 
1431,주유소,광주광역시,266 
1432,주유소,전라북도,832 
1433,주유소,전라남도,809 
1434,주유소,대구광역시,325 
1435,주유소,경상북도,"1,211 "
1436,주유소,부산광역시,350 
1437,주유소,울산광역시,210 
1438,주유소,경상남도,"1,029 "
1439,주유소,제주특별자치도,184 
1440,주차장운영업,합계,"7,926 "
1441,주차장운영업,서울특별시,"1,761 "
1442,주차장운영업,인천광역시,294 
1443,주차장운영업,경기도,"1,321 "
1444,주차장운영업,강원도,148 
1445,주차장운영업,대전광역시,178 
1446,주차장운영업,충청북도,159 
1447,주차장운영업,충청남도,136 
1448,주차장운영업,세종특별자치시,27 
1449,주차장운영업,광주광역시,263 
1450,주차장운영업,전라북도,133 
1451,주차장운영업,전라남도,102 
1452,주차장운영업,대구광역시,419 
1453,주차장운영업,경상북도,261 
1454,주차장운영업,부산광역시,"1,754 "
1455,주차장운영업,울산광역시,231 
1456,주차장운영업,경상남도,686 
1457,주차장운영업,제주특별자치도,53 
1458,중고차판매점,합계,"4,842 "
1459,중고차판매점,서울특별시,481 
1460,중고차판매점,인천광역시,262 
1461,중고차판매점,경기도,"1,054 "
1462,중고차판매점,강원도,156 
1463,중고차판매점,대전광역시,207 
1464,중고차판매점,충청북도,192 
1465,중고차판매점,충청남도,217 
1466,중고차판매점,세종특별자치시,4 
1467,중고차판매점,광주광역시,235 
1468,중고차판매점,전라북도,289 
1469,중고차판매점,전라남도,220 
1470,중고차판매점,대구광역시,482 
1471,중고차판매점,경상북도,317 
1472,중고차판매점,부산광역시,237 
1473,중고차판매점,울산광역시,107 
1474,중고차판매점,경상남도,326 
1475,중고차판매점,제주특별자치도,56 
1476,중식전문점,합계,"24,730 "
1477,중식전문점,서울특별시,"4,835 "
1478,중식전문점,인천광역시,"1,194 "
1479,중식전문점,경기도,"5,314 "
1480,중식전문점,강원도,"1,048 "
1481,중식전문점,대전광역시,595 
1482,중식전문점,충청북도,918 
1483,중식전문점,충청남도,"1,212 "
1484,중식전문점,세종특별자치시,154 
1485,중식전문점,광주광역시,487 
1486,중식전문점,전라북도,"1,026 "
1487,중식전문점,전라남도,821 
1488,중식전문점,대구광역시,"1,242 "
1489,중식전문점,경상북도,"1,512 "
1490,중식전문점,부산광역시,"1,792 "
1491,중식전문점,울산광역시,507 
1492,중식전문점,경상남도,"1,651 "
1493,중식전문점,제주특별자치도,422 
1494,채소가게,합계,"11,414 "
1495,채소가게,서울특별시,"1,530 "
1496,채소가게,인천광역시,542 
1497,채소가게,경기도,"2,028 "
1498,채소가게,강원도,780 
1499,채소가게,대전광역시,294 
1500,채소가게,충청북도,493 
1501,채소가게,충청남도,698 
1502,채소가게,세종특별자치시,58 
1503,채소가게,광주광역시,233 
1504,채소가게,전라북도,627 
1505,채소가게,전라남도,742 
1506,채소가게,대구광역시,446 
1507,채소가게,경상북도,924 
1508,채소가게,부산광역시,719 
1509,채소가게,울산광역시,134 
1510,채소가게,경상남도,866 
1511,채소가게,제주특별자치도,300 
1512,철물점,합계,"8,795 "
1513,철물점,서울특별시,"1,362 "
1514,철물점,인천광역시,498 
1515,철물점,경기도,"1,844 "
1516,철물점,강원도,464 
1517,철물점,대전광역시,280 
1518,철물점,충청북도,347 
1519,철물점,충청남도,457 
1520,철물점,세종특별자치시,38 
1521,철물점,광주광역시,289 
1522,철물점,전라북도,424 
1523,철물점,전라남도,469 
1524,철물점,대구광역시,335 
1525,철물점,경상북도,484 
1526,철물점,부산광역시,666 
1527,철물점,울산광역시,176 
1528,철물점,경상남도,555 
1529,철물점,제주특별자치도,107 
1530,치과병원ㆍ의원,합계,"18,364 "
1531,치과병원ㆍ의원,서울특별시,"4,920 "
1532,치과병원ㆍ의원,인천광역시,924 
1533,치과병원ㆍ의원,경기도,"4,327 "
1534,치과병원ㆍ의원,강원도,399 
1535,치과병원ㆍ의원,대전광역시,538 
1536,치과병원ㆍ의원,충청북도,438 
1537,치과병원ㆍ의원,충청남도,572 
1538,치과병원ㆍ의원,세종특별자치시,90 
1539,치과병원ㆍ의원,광주광역시,646 
1540,치과병원ㆍ의원,전라북도,583 
1541,치과병원ㆍ의원,전라남도,495 
1542,치과병원ㆍ의원,대구광역시,900 
1543,치과병원ㆍ의원,경상북도,688 
1544,치과병원ㆍ의원,부산광역시,"1,312 "
1545,치과병원ㆍ의원,울산광역시,390 
1546,치과병원ㆍ의원,경상남도,923 
1547,치과병원ㆍ의원,제주특별자치도,219 
1548,침구ㆍ커튼가게,합계,"9,766 "
1549,침구ㆍ커튼가게,서울특별시,"1,242 "
1550,침구ㆍ커튼가게,인천광역시,418 
1551,침구ㆍ커튼가게,경기도,"1,887 "
1552,침구ㆍ커튼가게,강원도,397 
1553,침구ㆍ커튼가게,대전광역시,410 
1554,침구ㆍ커튼가게,충청북도,392 
1555,침구ㆍ커튼가게,충청남도,495 
1556,침구ㆍ커튼가게,세종특별자치시,53 
1557,침구ㆍ커튼가게,광주광역시,383 
1558,침구ㆍ커튼가게,전라북도,490 
1559,침구ㆍ커튼가게,전라남도,478 
1560,침구ㆍ커튼가게,대구광역시,632 
1561,침구ㆍ커튼가게,경상북도,665 
1562,침구ㆍ커튼가게,부산광역시,696 
1563,침구ㆍ커튼가게,울산광역시,229 
1564,침구ㆍ커튼가게,경상남도,681 
1565,침구ㆍ커튼가게,제주특별자치도,218 
1566,커피음료점,합계,"64,442 "
1567,커피음료점,서울특별시,"12,624 "
1568,커피음료점,인천광역시,"3,140 "
1569,커피음료점,경기도,"13,854 "
1570,커피음료점,강원도,"2,315 "
1571,커피음료점,대전광역시,"2,317 "
1572,커피음료점,충청북도,"2,182 "
1573,커피음료점,충청남도,"2,824 "
1574,커피음료점,세종특별자치시,448 
1575,커피음료점,광주광역시,"1,776 "
1576,커피음료점,전라북도,"2,617 "
1577,커피음료점,전라남도,"2,324 "
1578,커피음료점,대구광역시,"2,988 "
1579,커피음료점,경상북도,"4,383 "
1580,커피음료점,부산광역시,"3,763 "
1581,커피음료점,울산광역시,"1,486 "
1582,커피음료점,경상남도,"4,101 "
1583,커피음료점,제주특별자치도,"1,300 "
1584,컴퓨터판매점,합계,"5,034 "
1585,컴퓨터판매점,서울특별시,"1,029 "
1586,컴퓨터판매점,인천광역시,217 
1587,컴퓨터판매점,경기도,"1,125 "
1588,컴퓨터판매점,강원도,186 
1589,컴퓨터판매점,대전광역시,183 
1590,컴퓨터판매점,충청북도,186 
1591,컴퓨터판매점,충청남도,213 
1592,컴퓨터판매점,세종특별자치시,36 
1593,컴퓨터판매점,광주광역시,187 
1594,컴퓨터판매점,전라북도,213 
1595,컴퓨터판매점,전라남도,179 
1596,컴퓨터판매점,대구광역시,238 
1597,컴퓨터판매점,경상북도,314 
1598,컴퓨터판매점,부산광역시,230 
1599,컴퓨터판매점,울산광역시,85 
1600,컴퓨터판매점,경상남도,320 
1601,컴퓨터판매점,제주특별자치도,93 
1602,통신판매업,합계,"290,521 "
1603,통신판매업,서울특별시,"85,109 "
1604,통신판매업,인천광역시,"19,065 "
1605,통신판매업,경기도,"87,578 "
1606,통신판매업,강원도,"3,932 "
1607,통신판매업,대전광역시,"6,955 "
1608,통신판매업,충청북도,"5,472 "
1609,통신판매업,충청남도,"7,274 "
1610,통신판매업,세종특별자치시,"1,463 "
1611,통신판매업,광주광역시,"6,463 "
1612,통신판매업,전라북도,"5,593 "
1613,통신판매업,전라남도,"5,031 "
1614,통신판매업,대구광역시,"13,356 "
1615,통신판매업,경상북도,"8,944 "
1616,통신판매업,부산광역시,"17,809 "
1617,통신판매업,울산광역시,"3,582 "
1618,통신판매업,경상남도,"10,694 "
1619,통신판매업,제주특별자치도,"2,201 "
1620,패스트푸드점,합계,"39,980 "
1621,패스트푸드점,서울특별시,"6,559 "
1622,패스트푸드점,인천광역시,"1,808 "
1623,패스트푸드점,경기도,"8,843 "
1624,패스트푸드점,강원도,"1,878 "
1625,패스트푸드점,대전광역시,"1,086 "
1626,패스트푸드점,충청북도,"1,602 "
1627,패스트푸드점,충청남도,"2,081 "
1628,패스트푸드점,세종특별자치시,323 
1629,패스트푸드점,광주광역시,"1,123 "
1630,패스트푸드점,전라북도,"1,655 "
1631,패스트푸드점,전라남도,"1,570 "
1632,패스트푸드점,대구광역시,"1,551 "
1633,패스트푸드점,경상북도,"2,288 "
1634,패스트푸드점,부산광역시,"2,609 "
1635,패스트푸드점,울산광역시,"1,045 "
1636,패스트푸드점,경상남도,"3,300 "
1637,패스트푸드점,제주특별자치도,659 
1638,펜션ㆍ게스트하우스,합계,"14,426 "
1639,펜션ㆍ게스트하우스,서울특별시,767 
1640,펜션ㆍ게스트하우스,인천광역시,635 
1641,펜션ㆍ게스트하우스,경기도,"1,902 "
1642,펜션ㆍ게스트하우스,강원도,"2,477 "
1643,펜션ㆍ게스트하우스,대전광역시,24 
1644,펜션ㆍ게스트하우스,충청북도,412 
1645,펜션ㆍ게스트하우스,충청남도,"1,279 "
1646,펜션ㆍ게스트하우스,세종특별자치시,7 
1647,펜션ㆍ게스트하우스,광주광역시,23 
1648,펜션ㆍ게스트하우스,전라북도,437 
1649,펜션ㆍ게스트하우스,전라남도,804 
1650,펜션ㆍ게스트하우스,대구광역시,42 
1651,펜션ㆍ게스트하우스,경상북도,"1,267 "
1652,펜션ㆍ게스트하우스,부산광역시,177 
1653,펜션ㆍ게스트하우스,울산광역시,130 
1654,펜션ㆍ게스트하우스,경상남도,"1,385 "
1655,펜션ㆍ게스트하우스,제주특별자치도,"2,658 "
1656,편의점,합계,"42,743 "
1657,편의점,서울특별시,"8,023 "
1658,편의점,인천광역시,"2,273 "
1659,편의점,경기도,"10,720 "
1660,편의점,강원도,"1,763 "
1661,편의점,대전광역시,"1,171 "
1662,편의점,충청북도,"1,527 "
1663,편의점,충청남도,"2,274 "
1664,편의점,세종특별자치시,268 
1665,편의점,광주광역시,"1,054 "
1666,편의점,전라북도,"1,264 "
1667,편의점,전라남도,"1,188 "
1668,편의점,대구광역시,"1,651 "
1669,편의점,경상북도,"1,996 "
1670,편의점,부산광역시,"2,543 "
1671,편의점,울산광역시,938 
1672,편의점,경상남도,"2,936 "
1673,편의점,제주특별자치도,"1,154 "
1674,피부관리업,합계,"39,322 "
1675,피부관리업,서울특별시,"7,564 "
1676,피부관리업,인천광역시,"2,243 "
1677,피부관리업,경기도,"9,321 "
1678,피부관리업,강원도,"1,130 "
1679,피부관리업,대전광역시,"1,252 "
1680,피부관리업,충청북도,"1,172 "
1681,피부관리업,충청남도,"1,392 "
1682,피부관리업,세종특별자치시,186 
1683,피부관리업,광주광역시,"1,653 "
1684,피부관리업,전라북도,"1,284 "
1685,피부관리업,전라남도,"1,449 "
1686,피부관리업,대구광역시,"1,695 "
1687,피부관리업,경상북도,"1,663 "
1688,피부관리업,부산광역시,"2,834 "
1689,피부관리업,울산광역시,871 
1690,피부관리업,경상남도,"2,877 "
1691,피부관리업,제주특별자치도,736 
1692,피부ㆍ비뇨기과 의원,합계,"3,957 "
1693,피부ㆍ비뇨기과 의원,서울특별시,"1,359 "
1694,피부ㆍ비뇨기과 의원,인천광역시,178 
1695,피부ㆍ비뇨기과 의원,경기도,833 
1696,피부ㆍ비뇨기과 의원,강원도,59 
1697,피부ㆍ비뇨기과 의원,대전광역시,110 
1698,피부ㆍ비뇨기과 의원,충청북도,77 
1699,피부ㆍ비뇨기과 의원,충청남도,97 
1700,피부ㆍ비뇨기과 의원,세종특별자치시,16 
1701,피부ㆍ비뇨기과 의원,광주광역시,126 
1702,피부ㆍ비뇨기과 의원,전라북도,92 
1703,피부ㆍ비뇨기과 의원,전라남도,76 
1704,피부ㆍ비뇨기과 의원,대구광역시,206 
1705,피부ㆍ비뇨기과 의원,경상북도,101 
1706,피부ㆍ비뇨기과 의원,부산광역시,333 
1707,피부ㆍ비뇨기과 의원,울산광역시,77 
1708,피부ㆍ비뇨기과 의원,경상남도,174 
1709,피부ㆍ비뇨기과 의원,제주특별자치도,43 
1710,한방병원ㆍ한의원,합계,"14,885 "
1711,한방병원ㆍ한의원,서울특별시,"3,708 "
1712,한방병원ㆍ한의원,인천광역시,697 
1713,한방병원ㆍ한의원,경기도,"3,250 "
1714,한방병원ㆍ한의원,강원도,366 
1715,한방병원ㆍ한의원,대전광역시,520 
1716,한방병원ㆍ한의원,충청북도,403 
1717,한방병원ㆍ한의원,충청남도,523 
1718,한방병원ㆍ한의원,세종특별자치시,81 
1719,한방병원ㆍ한의원,광주광역시,411 
1720,한방병원ㆍ한의원,전라북도,539 
1721,한방병원ㆍ한의원,전라남도,398 
1722,한방병원ㆍ한의원,대구광역시,887 
1723,한방병원ㆍ한의원,경상북도,641 
1724,한방병원ㆍ한의원,부산광역시,"1,157 "
1725,한방병원ㆍ한의원,울산광역시,288 
1726,한방병원ㆍ한의원,경상남도,820 
1727,한방병원ㆍ한의원,제주특별자치도,196 
1728,한식전문점,합계,"388,954 "
1729,한식전문점,서울특별시,"53,851 "
1730,한식전문점,인천광역시,"18,085 "
1731,한식전문점,경기도,"80,610 "
1732,한식전문점,강원도,"19,604 "
1733,한식전문점,대전광역시,"11,722 "
1734,한식전문점,충청북도,"15,440 "
1735,한식전문점,충청남도,"19,569 "
1736,한식전문점,세종특별자치시,"2,091 "
1737,한식전문점,광주광역시,"10,066 "
1738,한식전문점,전라북도,"14,307 "
1739,한식전문점,전라남도,"17,668 "
1740,한식전문점,대구광역시,"19,643 "
1741,한식전문점,경상북도,"29,383 "
1742,한식전문점,부산광역시,"24,714 "
1743,한식전문점,울산광역시,"10,861 "
1744,한식전문점,경상남도,"32,503 "
1745,한식전문점,제주특별자치도,"8,837 "
1746,헬스클럽,합계,"8,004 "
1747,헬스클럽,서울특별시,"1,934 "
1748,헬스클럽,인천광역시,427 
1749,헬스클럽,경기도,"1,921 "
1750,헬스클럽,강원도,230 
1751,헬스클럽,대전광역시,257 
1752,헬스클럽,충청북도,267 
1753,헬스클럽,충청남도,285 
1754,헬스클럽,세종특별자치시,43 
1755,헬스클럽,광주광역시,230 
1756,헬스클럽,전라북도,241 
1757,헬스클럽,전라남도,177 
1758,헬스클럽,대구광역시,387 
1759,헬스클럽,경상북도,364 
1760,헬스클럽,부산광역시,562 
1761,헬스클럽,울산광역시,132 
1762,헬스클럽,경상남도,430 
1763,헬스클럽,제주특별자치도,117 
1764,호프전문점,합계,"31,702 "
1765,호프전문점,서울특별시,"6,606 "
1766,호프전문점,인천광역시,"1,682 "
1767,호프전문점,경기도,"6,601 "
1768,호프전문점,강원도,"1,334 "
1769,호프전문점,대전광역시,873 
1770,호프전문점,충청북도,"1,679 "
1771,호프전문점,충청남도,"1,522 "
1772,호프전문점,세종특별자치시,135 
1773,호프전문점,광주광역시,"2,171 "
1774,호프전문점,전라북도,"1,291 "
1775,호프전문점,전라남도,"2,222 "
1776,호프전문점,대구광역시,553 
1777,호프전문점,경상북도,993 
1778,호프전문점,부산광역시,"1,719 "
1779,호프전문점,울산광역시,344 
1780,호프전문점,경상남도,"1,340 "
1781,호프전문점,제주특별자치도,637 
1782,화장품가게,합계,"34,813 "
1783,화장품가게,서울특별시,"6,559 "
1784,화장품가게,인천광역시,"1,423 "
1785,화장품가게,경기도,"7,904 "
1786,화장품가게,강원도,"1,095 "
1787,화장품가게,대전광역시,"1,230 "
1788,화장품가게,충청북도,"1,010 "
1789,화장품가게,충청남도,"1,313 "
1790,화장품가게,세종특별자치시,153 
1791,화장품가게,광주광역시,"1,180 "
1792,화장품가게,전라북도,"1,492 "
1793,화장품가게,전라남도,"1,039 "
1794,화장품가게,대구광역시,"2,095 "
1795,화장품가게,경상북도,"1,863 "
1796,화장품가게,부산광역시,"2,435 "
1797,화장품가게,울산광역시,974 
1798,화장품가게,경상남도,"2,375 "
1799,화장품가게,제주특별자치도,673 
1800,휴대폰가게,합계,"18,301 "
1801,휴대폰가게,서울특별시,"3,069 "
1802,휴대폰가게,인천광역시,980 
1803,휴대폰가게,경기도,"4,142 "
1804,휴대폰가게,강원도,628 
1805,휴대폰가게,대전광역시,654 
1806,휴대폰가게,충청북도,545 
1807,휴대폰가게,충청남도,853 
1808,휴대폰가게,세종특별자치시,76 
1809,휴대폰가게,광주광역시,588 
1810,휴대폰가게,전라북도,720 
1811,휴대폰가게,전라남도,593 
1812,휴대폰가게,대구광역시,"1,003 "
1813,휴대폰가게,경상북도,"1,045 "
1814,휴대폰가게,부산광역시,"1,370 "
1815,휴대폰가게,울산광역시,489 
1816,휴대폰가게,경상남도,"1,309 "
1817,휴대폰가게,제주특별자치도,237 
