,corp,city,2
0,업종전체,합계,"2,448,536 "
1,업종전체,서울특별시,"487,912 "
2,업종전체,부산광역시,"160,868 "
3,업종전체,대구광역시,"117,073 "
4,업종전체,인천광역시,"124,990 "
5,업종전체,광주광역시,"71,892 "
6,업종전체,대전광역시,"71,531 "
7,업종전체,울산광역시,"52,194 "
8,업종전체,세종특별자치시,"13,340 "
9,업종전체,경기도,"573,325 "
10,업종전체,강원도,"86,702 "
11,업종전체,충청북도,"78,056 "
12,업종전체,충청남도,"102,838 "
13,업종전체,전라북도,"86,014 "
14,업종전체,전라남도,"86,527 "
15,업종전체,경상북도,"130,822 "
16,업종전체,경상남도,"159,124 "
17,업종전체,제주특별자치도,"45,328 "
18,LPG 충전소,합계,"1,602 "
19,LPG 충전소,서울특별시,77 
20,LPG 충전소,부산광역시,56 
21,LPG 충전소,대구광역시,44 
22,LPG 충전소,인천광역시,68 
23,LPG 충전소,광주광역시,38 
24,LPG 충전소,대전광역시,39 
25,LPG 충전소,울산광역시,29 
26,LPG 충전소,세종특별자치시,4 
27,LPG 충전소,경기도,369 
28,LPG 충전소,강원도,95 
29,LPG 충전소,충청북도,73 
30,LPG 충전소,충청남도,127 
31,LPG 충전소,전라북도,109 
32,LPG 충전소,전라남도,119 
33,LPG 충전소,경상북도,164 
34,LPG 충전소,경상남도,156 
35,LPG 충전소,제주특별자치도,35 
36,PC방,합계,"9,931 "
37,PC방,서울특별시,"1,591 "
38,PC방,부산광역시,626 
39,PC방,대구광역시,561 
40,PC방,인천광역시,532 
41,PC방,광주광역시,392 
42,PC방,대전광역시,309 
43,PC방,울산광역시,250 
44,PC방,세종특별자치시,44 
45,PC방,경기도,"2,312 "
46,PC방,강원도,424 
47,PC방,충청북도,339 
48,PC방,충청남도,430 
49,PC방,전라북도,411 
50,PC방,전라남도,357 
51,PC방,경상북도,553 
52,PC방,경상남도,630 
53,PC방,제주특별자치도,170 
54,가구점,합계,"7,546 "
55,가구점,서울특별시,"1,027 "
56,가구점,부산광역시,497 
57,가구점,대구광역시,365 
58,가구점,인천광역시,298 
59,가구점,광주광역시,213 
60,가구점,대전광역시,215 
61,가구점,울산광역시,167 
62,가구점,세종특별자치시,25 
63,가구점,경기도,"1,996 "
64,가구점,강원도,305 
65,가구점,충청북도,271 
66,가구점,충청남도,297 
67,가구점,전라북도,393 
68,가구점,전라남도,274 
69,가구점,경상북도,478 
70,가구점,경상남도,539 
71,가구점,제주특별자치도,186 
72,가전제품수리점,합계,"16,555 "
73,가전제품수리점,서울특별시,"2,748 "
74,가전제품수리점,부산광역시,993 
75,가전제품수리점,대구광역시,794 
76,가전제품수리점,인천광역시,"1,178 "
77,가전제품수리점,광주광역시,479 
78,가전제품수리점,대전광역시,558 
79,가전제품수리점,울산광역시,303 
80,가전제품수리점,세종특별자치시,73 
81,가전제품수리점,경기도,"4,879 "
82,가전제품수리점,강원도,577 
83,가전제품수리점,충청북도,482 
84,가전제품수리점,충청남도,686 
85,가전제품수리점,전라북도,561 
86,가전제품수리점,전라남도,504 
87,가전제품수리점,경상북도,596 
88,가전제품수리점,경상남도,944 
89,가전제품수리점,제주특별자치도,200 
90,가전제품판매점,합계,"10,092 "
91,가전제품판매점,서울특별시,"1,539 "
92,가전제품판매점,부산광역시,606 
93,가전제품판매점,대구광역시,508 
94,가전제품판매점,인천광역시,385 
95,가전제품판매점,광주광역시,342 
96,가전제품판매점,대전광역시,299 
97,가전제품판매점,울산광역시,200 
98,가전제품판매점,세종특별자치시,44 
99,가전제품판매점,경기도,"1,970 "
100,가전제품판매점,강원도,459 
101,가전제품판매점,충청북도,425 
102,가전제품판매점,충청남도,527 
103,가전제품판매점,전라북도,532 
104,가전제품판매점,전라남도,573 
105,가전제품판매점,경상북도,692 
106,가전제품판매점,경상남도,743 
107,가전제품판매점,제주특별자치도,248 
108,간이주점,합계,"13,512 "
109,간이주점,서울특별시,"4,306 "
110,간이주점,부산광역시,871 
111,간이주점,대구광역시,250 
112,간이주점,인천광역시,"1,376 "
113,간이주점,광주광역시,188 
114,간이주점,대전광역시,77 
115,간이주점,울산광역시,109 
116,간이주점,세종특별자치시,15 
117,간이주점,경기도,"2,706 "
118,간이주점,강원도,409 
119,간이주점,충청북도,436 
120,간이주점,충청남도,602 
121,간이주점,전라북도,297 
122,간이주점,전라남도,248 
123,간이주점,경상북도,368 
124,간이주점,경상남도,"1,084 "
125,간이주점,제주특별자치도,170 
126,간판광고물업,합계,"13,020 "
127,간판광고물업,서울특별시,"2,630 "
128,간판광고물업,부산광역시,837 
129,간판광고물업,대구광역시,763 
130,간판광고물업,인천광역시,561 
131,간판광고물업,광주광역시,439 
132,간판광고물업,대전광역시,393 
133,간판광고물업,울산광역시,261 
134,간판광고물업,세종특별자치시,30 
135,간판광고물업,경기도,"3,192 "
136,간판광고물업,강원도,515 
137,간판광고물업,충청북도,376 
138,간판광고물업,충청남도,476 
139,간판광고물업,전라북도,508 
140,간판광고물업,전라남도,481 
141,간판광고물업,경상북도,667 
142,간판광고물업,경상남도,697 
143,간판광고물업,제주특별자치도,194 
144,감정평가사,합계,"1,182 "
145,감정평가사,서울특별시,260 
146,감정평가사,부산광역시,57 
147,감정평가사,대구광역시,56 
148,감정평가사,인천광역시,76 
149,감정평가사,광주광역시,37 
150,감정평가사,대전광역시,30 
151,감정평가사,울산광역시,18 
152,감정평가사,세종특별자치시,12 
153,감정평가사,경기도,382 
154,감정평가사,강원도,33 
155,감정평가사,충청북도,30 
156,감정평가사,충청남도,36 
157,감정평가사,전라북도,38 
158,감정평가사,전라남도,19 
159,감정평가사,경상북도,20 
160,감정평가사,경상남도,63 
161,감정평가사,제주특별자치도,15 
162,건강보조식품가게,합계,"13,695 "
163,건강보조식품가게,서울특별시,"2,214 "
164,건강보조식품가게,부산광역시,831 
165,건강보조식품가게,대구광역시,589 
166,건강보조식품가게,인천광역시,657 
167,건강보조식품가게,광주광역시,404 
168,건강보조식품가게,대전광역시,459 
169,건강보조식품가게,울산광역시,222 
170,건강보조식품가게,세종특별자치시,54 
171,건강보조식품가게,경기도,"2,754 "
172,건강보조식품가게,강원도,507 
173,건강보조식품가게,충청북도,428 
174,건강보조식품가게,충청남도,"1,264 "
175,건강보조식품가게,전라북도,718 
176,건강보조식품가게,전라남도,488 
177,건강보조식품가게,경상북도,929 
178,건강보조식품가게,경상남도,"1,000 "
179,건강보조식품가게,제주특별자치도,177 
180,건어물가게,합계,"7,238 "
181,건어물가게,서울특별시,752 
182,건어물가게,부산광역시,504 
183,건어물가게,대구광역시,156 
184,건어물가게,인천광역시,372 
185,건어물가게,광주광역시,181 
186,건어물가게,대전광역시,125 
187,건어물가게,울산광역시,130 
188,건어물가게,세종특별자치시,11 
189,건어물가게,경기도,849 
190,건어물가게,강원도,662 
191,건어물가게,충청북도,109 
192,건어물가게,충청남도,636 
193,건어물가게,전라북도,356 
194,건어물가게,전라남도,922 
195,건어물가게,경상북도,652 
196,건어물가게,경상남도,712 
197,건어물가게,제주특별자치도,109 
198,건축사,합계,"10,169 "
199,건축사,서울특별시,"2,635 "
200,건축사,부산광역시,682 
201,건축사,대구광역시,681 
202,건축사,인천광역시,347 
203,건축사,광주광역시,241 
204,건축사,대전광역시,220 
205,건축사,울산광역시,216 
206,건축사,세종특별자치시,58 
207,건축사,경기도,"2,155 "
208,건축사,강원도,336 
209,건축사,충청북도,297 
210,건축사,충청남도,354 
211,건축사,전라북도,364 
212,건축사,전라남도,278 
213,건축사,경상북도,482 
214,건축사,경상남도,523 
215,건축사,제주특별자치도,300 
216,결혼상담소,합계,"1,635 "
217,결혼상담소,서울특별시,440 
218,결혼상담소,부산광역시,113 
219,결혼상담소,대구광역시,110 
220,결혼상담소,인천광역시,64 
221,결혼상담소,광주광역시,84 
222,결혼상담소,대전광역시,69 
223,결혼상담소,울산광역시,31 
224,결혼상담소,세종특별자치시,7 
225,결혼상담소,경기도,249 
226,결혼상담소,강원도,31 
227,결혼상담소,충청북도,52 
228,결혼상담소,충청남도,76 
229,결혼상담소,전라북도,79 
230,결혼상담소,전라남도,49 
231,결혼상담소,경상북도,58 
232,결혼상담소,경상남도,95 
233,결혼상담소,제주특별자치도,28 
234,곡물가게,합계,"4,998 "
235,곡물가게,서울특별시,642 
236,곡물가게,부산광역시,336 
237,곡물가게,대구광역시,180 
238,곡물가게,인천광역시,197 
239,곡물가게,광주광역시,112 
240,곡물가게,대전광역시,152 
241,곡물가게,울산광역시,42 
242,곡물가게,세종특별자치시,31 
243,곡물가게,경기도,879 
244,곡물가게,강원도,328 
245,곡물가게,충청북도,244 
246,곡물가게,충청남도,387 
247,곡물가게,전라북도,370 
248,곡물가게,전라남도,395 
249,곡물가게,경상북도,360 
250,곡물가게,경상남도,275 
251,곡물가게,제주특별자치도,68 
252,공인노무사,합계,931 
253,공인노무사,서울특별시,404 
254,공인노무사,부산광역시,58 
255,공인노무사,대구광역시,32 
256,공인노무사,인천광역시,41 
257,공인노무사,광주광역시,30 
258,공인노무사,대전광역시,20 
259,공인노무사,울산광역시,24 
260,공인노무사,세종특별자치시,5 
261,공인노무사,경기도,157 
262,공인노무사,강원도,16 
263,공인노무사,충청북도,16 
264,공인노무사,충청남도,24 
265,공인노무사,전라북도,26 
266,공인노무사,전라남도,10 
267,공인노무사,경상북도,17 
268,공인노무사,경상남도,42 
269,공인노무사,제주특별자치도,9 
270,공인회계사,합계,"1,837 "
271,공인회계사,서울특별시,849 
272,공인회계사,부산광역시,132 
273,공인회계사,대구광역시,87 
274,공인회계사,인천광역시,67 
275,공인회계사,광주광역시,35 
276,공인회계사,대전광역시,38 
277,공인회계사,울산광역시,27 
278,공인회계사,세종특별자치시,11 
279,공인회계사,경기도,309 
280,공인회계사,강원도,14 
281,공인회계사,충청북도,33 
282,공인회계사,충청남도,42 
283,공인회계사,전라북도,36 
284,공인회계사,전라남도,25 
285,공인회계사,경상북도,29 
286,공인회계사,경상남도,75 
287,공인회계사,제주특별자치도,28 
288,과일가게,합계,"12,002 "
289,과일가게,서울특별시,"1,284 "
290,과일가게,부산광역시,636 
291,과일가게,대구광역시,383 
292,과일가게,인천광역시,433 
293,과일가게,광주광역시,309 
294,과일가게,대전광역시,311 
295,과일가게,울산광역시,150 
296,과일가게,세종특별자치시,101 
297,과일가게,경기도,"1,923 "
298,과일가게,강원도,299 
299,과일가게,충청북도,643 
300,과일가게,충청남도,673 
301,과일가게,전라북도,588 
302,과일가게,전라남도,661 
303,과일가게,경상북도,"1,357 "
304,과일가게,경상남도,"1,211 "
305,과일가게,제주특별자치도,"1,040 "
306,교습소･공부방,합계,"35,579 "
307,교습소･공부방,서울특별시,"7,493 "
308,교습소･공부방,부산광역시,"2,621 "
309,교습소･공부방,대구광역시,"2,684 "
310,교습소･공부방,인천광역시,"1,710 "
311,교습소･공부방,광주광역시,782 
312,교습소･공부방,대전광역시,"1,409 "
313,교습소･공부방,울산광역시,786 
314,교습소･공부방,세종특별자치시,283 
315,교습소･공부방,경기도,"8,729 "
316,교습소･공부방,강원도,968 
317,교습소･공부방,충청북도,849 
318,교습소･공부방,충청남도,"1,219 "
319,교습소･공부방,전라북도,781 
320,교습소･공부방,전라남도,692 
321,교습소･공부방,경상북도,"1,812 "
322,교습소･공부방,경상남도,"2,190 "
323,교습소･공부방,제주특별자치도,571 
324,교습학원,합계,"56,234 "
325,교습학원,서울특별시,"10,358 "
326,교습학원,부산광역시,"3,576 "
327,교습학원,대구광역시,"2,681 "
328,교습학원,인천광역시,"2,528 "
329,교습학원,광주광역시,"2,413 "
330,교습학원,대전광역시,"1,255 "
331,교습학원,울산광역시,"1,653 "
332,교습학원,세종특별자치시,456 
333,교습학원,경기도,"14,947 "
334,교습학원,강원도,"1,459 "
335,교습학원,충청북도,"1,453 "
336,교습학원,충청남도,"1,849 "
337,교습학원,전라북도,"2,407 "
338,교습학원,전라남도,"1,803 "
339,교습학원,경상북도,"2,611 "
340,교습학원,경상남도,"4,072 "
341,교습학원,제주특별자치도,713 
342,구내식당,합계,"21,208 "
343,구내식당,서울특별시,"3,807 "
344,구내식당,부산광역시,"1,400 "
345,구내식당,대구광역시,864 
346,구내식당,인천광역시,"1,358 "
347,구내식당,광주광역시,395 
348,구내식당,대전광역시,693 
349,구내식당,울산광역시,417 
350,구내식당,세종특별자치시,79 
351,구내식당,경기도,"5,166 "
352,구내식당,강원도,597 
353,구내식당,충청북도,759 
354,구내식당,충청남도,"1,028 "
355,구내식당,전라북도,777 
356,구내식당,전라남도,634 
357,구내식당,경상북도,"1,264 "
358,구내식당,경상남도,"1,813 "
359,구내식당,제주특별자치도,157 
360,기술및직업훈련학원,합계,"14,519 "
361,기술및직업훈련학원,서울특별시,"3,221 "
362,기술및직업훈련학원,부산광역시,986 
363,기술및직업훈련학원,대구광역시,808 
364,기술및직업훈련학원,인천광역시,614 
365,기술및직업훈련학원,광주광역시,519 
366,기술및직업훈련학원,대전광역시,488 
367,기술및직업훈련학원,울산광역시,340 
368,기술및직업훈련학원,세종특별자치시,120 
369,기술및직업훈련학원,경기도,"3,295 "
370,기술및직업훈련학원,강원도,434 
371,기술및직업훈련학원,충청북도,390 
372,기술및직업훈련학원,충청남도,557 
373,기술및직업훈련학원,전라북도,536 
374,기술및직업훈련학원,전라남도,446 
375,기술및직업훈련학원,경상북도,596 
376,기술및직업훈련학원,경상남도,867 
377,기술및직업훈련학원,제주특별자치도,302 
378,기술사,합계,"1,116 "
379,기술사,서울특별시,307 
380,기술사,부산광역시,66 
381,기술사,대구광역시,34 
382,기술사,인천광역시,28 
383,기술사,광주광역시,37 
384,기술사,대전광역시,26 
385,기술사,울산광역시,20 
386,기술사,세종특별자치시,4 
387,기술사,경기도,260 
388,기술사,강원도,41 
389,기술사,충청북도,34 
390,기술사,충청남도,33 
391,기술사,전라북도,36 
392,기술사,전라남도,41 
393,기술사,경상북도,44 
394,기술사,경상남도,85 
395,기술사,제주특별자치도,20 
396,기타 일반의원,합계,"3,305 "
397,기타 일반의원,서울특별시,911 
398,기타 일반의원,부산광역시,231 
399,기타 일반의원,대구광역시,159 
400,기타 일반의원,인천광역시,147 
401,기타 일반의원,광주광역시,128 
402,기타 일반의원,대전광역시,146 
403,기타 일반의원,울산광역시,49 
404,기타 일반의원,세종특별자치시,19 
405,기타 일반의원,경기도,656 
406,기타 일반의원,강원도,64 
407,기타 일반의원,충청북도,95 
408,기타 일반의원,충청남도,102 
409,기타 일반의원,전라북도,179 
410,기타 일반의원,전라남도,110 
411,기타 일반의원,경상북도,106 
412,기타 일반의원,경상남도,146 
413,기타 일반의원,제주특별자치도,57 
414,기타외국식전문점,합계,"24,009 "
415,기타외국식전문점,서울특별시,"7,325 "
416,기타외국식전문점,부산광역시,"1,840 "
417,기타외국식전문점,대구광역시,"1,214 "
418,기타외국식전문점,인천광역시,805 
419,기타외국식전문점,광주광역시,386 
420,기타외국식전문점,대전광역시,590 
421,기타외국식전문점,울산광역시,654 
422,기타외국식전문점,세종특별자치시,161 
423,기타외국식전문점,경기도,"5,090 "
424,기타외국식전문점,강원도,784 
425,기타외국식전문점,충청북도,540 
426,기타외국식전문점,충청남도,705 
427,기타외국식전문점,전라북도,751 
428,기타외국식전문점,전라남도,421 
429,기타외국식전문점,경상북도,713 
430,기타외국식전문점,경상남도,"1,215 "
431,기타외국식전문점,제주특별자치도,815 
432,기타음식점,합계,"22,956 "
433,기타음식점,서울특별시,"4,406 "
434,기타음식점,부산광역시,"1,573 "
435,기타음식점,대구광역시,"1,202 "
436,기타음식점,인천광역시,949 
437,기타음식점,광주광역시,934 
438,기타음식점,대전광역시,544 
439,기타음식점,울산광역시,528 
440,기타음식점,세종특별자치시,110 
441,기타음식점,경기도,"5,317 "
442,기타음식점,강원도,988 
443,기타음식점,충청북도,729 
444,기타음식점,충청남도,956 
445,기타음식점,전라북도,701 
446,기타음식점,전라남도,785 
447,기타음식점,경상북도,"1,141 "
448,기타음식점,경상남도,"1,701 "
449,기타음식점,제주특별자치도,392 
450,꽃가게,합계,"24,024 "
451,꽃가게,서울특별시,"4,380 "
452,꽃가게,부산광역시,"1,302 "
453,꽃가게,대구광역시,"1,142 "
454,꽃가게,인천광역시,961 
455,꽃가게,광주광역시,768 
456,꽃가게,대전광역시,708 
457,꽃가게,울산광역시,527 
458,꽃가게,세종특별자치시,107 
459,꽃가게,경기도,"5,548 "
460,꽃가게,강원도,748 
461,꽃가게,충청북도,896 
462,꽃가게,충청남도,"1,100 "
463,꽃가게,전라북도,"1,087 "
464,꽃가게,전라남도,"1,153 "
465,꽃가게,경상북도,"1,421 "
466,꽃가게,경상남도,"1,807 "
467,꽃가게,제주특별자치도,369 
468,내과ㆍ소아과 의원,합계,"11,435 "
469,내과ㆍ소아과 의원,서울특별시,"2,483 "
470,내과ㆍ소아과 의원,부산광역시,822 
471,내과ㆍ소아과 의원,대구광역시,578 
472,내과ㆍ소아과 의원,인천광역시,596 
473,내과ㆍ소아과 의원,광주광역시,332 
474,내과ㆍ소아과 의원,대전광역시,380 
475,내과ㆍ소아과 의원,울산광역시,223 
476,내과ㆍ소아과 의원,세종특별자치시,63 
477,내과ㆍ소아과 의원,경기도,"2,638 "
478,내과ㆍ소아과 의원,강원도,327 
479,내과ㆍ소아과 의원,충청북도,319 
480,내과ㆍ소아과 의원,충청남도,446 
481,내과ㆍ소아과 의원,전라북도,417 
482,내과ㆍ소아과 의원,전라남도,435 
483,내과ㆍ소아과 의원,경상북도,538 
484,내과ㆍ소아과 의원,경상남도,682 
485,내과ㆍ소아과 의원,제주특별자치도,156 
486,노래방,합계,"29,806 "
487,노래방,서울특별시,"5,662 "
488,노래방,부산광역시,"1,688 "
489,노래방,대구광역시,"1,660 "
490,노래방,인천광역시,"2,278 "
491,노래방,광주광역시,"1,039 "
492,노래방,대전광역시,"1,301 "
493,노래방,울산광역시,738 
494,노래방,세종특별자치시,143 
495,노래방,경기도,"7,166 "
496,노래방,강원도,837 
497,노래방,충청북도,"1,134 "
498,노래방,충청남도,"1,193 "
499,노래방,전라북도,837 
500,노래방,전라남도,725 
501,노래방,경상북도,"1,539 "
502,노래방,경상남도,"1,565 "
503,노래방,제주특별자치도,301 
504,담배가게,합계,"12,239 "
505,담배가게,서울특별시,"2,149 "
506,담배가게,부산광역시,"1,109 "
507,담배가게,대구광역시,490 
508,담배가게,인천광역시,350 
509,담배가게,광주광역시,288 
510,담배가게,대전광역시,272 
511,담배가게,울산광역시,226 
512,담배가게,세종특별자치시,41 
513,담배가게,경기도,"1,610 "
514,담배가게,강원도,563 
515,담배가게,충청북도,517 
516,담배가게,충청남도,575 
517,담배가게,전라북도,624 
518,담배가게,전라남도,939 
519,담배가게,경상북도,"1,290 "
520,담배가게,경상남도,"1,033 "
521,담배가게,제주특별자치도,163 
522,당구장,합계,"17,984 "
523,당구장,서울특별시,"3,154 "
524,당구장,부산광역시,945 
525,당구장,대구광역시,670 
526,당구장,인천광역시,"1,123 "
527,당구장,광주광역시,494 
528,당구장,대전광역시,500 
529,당구장,울산광역시,493 
530,당구장,세종특별자치시,93 
531,당구장,경기도,"4,625 "
532,당구장,강원도,787 
533,당구장,충청북도,694 
534,당구장,충청남도,786 
535,당구장,전라북도,605 
536,당구장,전라남도,701 
537,당구장,경상북도,909 
538,당구장,경상남도,"1,081 "
539,당구장,제주특별자치도,324 
540,독서실,합계,"9,642 "
541,독서실,서울특별시,"3,328 "
542,독서실,부산광역시,439 
543,독서실,대구광역시,415 
544,독서실,인천광역시,449 
545,독서실,광주광역시,382 
546,독서실,대전광역시,250 
547,독서실,울산광역시,240 
548,독서실,세종특별자치시,41 
549,독서실,경기도,"2,330 "
550,독서실,강원도,158 
551,독서실,충청북도,193 
552,독서실,충청남도,242 
553,독서실,전라북도,274 
554,독서실,전라남도,179 
555,독서실,경상북도,248 
556,독서실,경상남도,394 
557,독서실,제주특별자치도,80 
558,동물병원,합계,"4,172 "
559,동물병원,서울특별시,831 
560,동물병원,부산광역시,239 
561,동물병원,대구광역시,172 
562,동물병원,인천광역시,187 
563,동물병원,광주광역시,108 
564,동물병원,대전광역시,99 
565,동물병원,울산광역시,72 
566,동물병원,세종특별자치시,26 
567,동물병원,경기도,"1,082 "
568,동물병원,강원도,103 
569,동물병원,충청북도,110 
570,동물병원,충청남도,189 
571,동물병원,전라북도,163 
572,동물병원,전라남도,165 
573,동물병원,경상북도,272 
574,동물병원,경상남도,278 
575,동물병원,제주특별자치도,76 
576,목욕탕,합계,"5,439 "
577,목욕탕,서울특별시,702 
578,목욕탕,부산광역시,730 
579,목욕탕,대구광역시,260 
580,목욕탕,인천광역시,208 
581,목욕탕,광주광역시,177 
582,목욕탕,대전광역시,96 
583,목욕탕,울산광역시,183 
584,목욕탕,세종특별자치시,14 
585,목욕탕,경기도,745 
586,목욕탕,강원도,179 
587,목욕탕,충청북도,148 
588,목욕탕,충청남도,197 
589,목욕탕,전라북도,208 
590,목욕탕,전라남도,293 
591,목욕탕,경상북도,417 
592,목욕탕,경상남도,768 
593,목욕탕,제주특별자치도,114 
594,문구점,합계,"9,148 "
595,문구점,서울특별시,"1,536 "
596,문구점,부산광역시,524 
597,문구점,대구광역시,352 
598,문구점,인천광역시,489 
599,문구점,광주광역시,293 
600,문구점,대전광역시,313 
601,문구점,울산광역시,192 
602,문구점,세종특별자치시,78 
603,문구점,경기도,"2,121 "
604,문구점,강원도,368 
605,문구점,충청북도,327 
606,문구점,충청남도,437 
607,문구점,전라북도,413 
608,문구점,전라남도,417 
609,문구점,경상북도,527 
610,문구점,경상남도,608 
611,문구점,제주특별자치도,153 
612,미용실,합계,"102,997 "
613,미용실,서울특별시,"18,123 "
614,미용실,부산광역시,"7,534 "
615,미용실,대구광역시,"5,524 "
616,미용실,인천광역시,"5,500 "
617,미용실,광주광역시,"3,279 "
618,미용실,대전광역시,"3,338 "
619,미용실,울산광역시,"2,647 "
620,미용실,세종특별자치시,424 
621,미용실,경기도,"23,286 "
622,미용실,강원도,"3,608 "
623,미용실,충청북도,"3,501 "
624,미용실,충청남도,"4,302 "
625,미용실,전라북도,"3,931 "
626,미용실,전라남도,"3,578 "
627,미용실,경상북도,"5,942 "
628,미용실,경상남도,"7,099 "
629,미용실,제주특별자치도,"1,381 "
630,법무사,합계,"6,592 "
631,법무사,서울특별시,"1,985 "
632,법무사,부산광역시,467 
633,법무사,대구광역시,308 
634,법무사,인천광역시,293 
635,법무사,광주광역시,223 
636,법무사,대전광역시,167 
637,법무사,울산광역시,114 
638,법무사,세종특별자치시,23 
639,법무사,경기도,"1,232 "
640,법무사,강원도,190 
641,법무사,충청북도,171 
642,법무사,충청남도,221 
643,법무사,전라북도,244 
644,법무사,전라남도,219 
645,법무사,경상북도,262 
646,법무사,경상남도,389 
647,법무사,제주특별자치도,84 
648,변리사,합계,"1,040 "
649,변리사,서울특별시,738 
650,변리사,부산광역시,28 
651,변리사,대구광역시,23 
652,변리사,인천광역시,14 
653,변리사,광주광역시,11 
654,변리사,대전광역시,88 
655,변리사,울산광역시,6 
656,변리사,세종특별자치시,*
657,변리사,경기도,93 
658,변리사,강원도,0 
659,변리사,충청북도,4 
660,변리사,충청남도,6 
661,변리사,전라북도,6 
662,변리사,전라남도,3 
663,변리사,경상북도,5 
664,변리사,경상남도,12 
665,변리사,제주특별자치도,*
666,변호사,합계,"7,548 "
667,변호사,서울특별시,"3,929 "
668,변호사,부산광역시,428 
669,변호사,대구광역시,285 
670,변호사,인천광역시,257 
671,변호사,광주광역시,215 
672,변호사,대전광역시,221 
673,변호사,울산광역시,121 
674,변호사,세종특별자치시,19 
675,변호사,경기도,982 
676,변호사,강원도,120 
677,변호사,충청북도,105 
678,변호사,충청남도,146 
679,변호사,전라북도,190 
680,변호사,전라남도,94 
681,변호사,경상북도,122 
682,변호사,경상남도,229 
683,변호사,제주특별자치도,85 
684,부동산중개업,합계,"128,305 "
685,부동산중개업,서울특별시,"31,572 "
686,부동산중개업,부산광역시,"8,181 "
687,부동산중개업,대구광역시,"5,880 "
688,부동산중개업,인천광역시,"6,987 "
689,부동산중개업,광주광역시,"4,224 "
690,부동산중개업,대전광역시,"3,393 "
691,부동산중개업,울산광역시,"2,326 "
692,부동산중개업,세종특별자치시,"1,393 "
693,부동산중개업,경기도,"35,968 "
694,부동산중개업,강원도,"2,636 "
695,부동산중개업,충청북도,"2,947 "
696,부동산중개업,충청남도,"4,221 "
697,부동산중개업,전라북도,"3,244 "
698,부동산중개업,전라남도,"2,331 "
699,부동산중개업,경상북도,"4,146 "
700,부동산중개업,경상남도,"6,843 "
701,부동산중개업,제주특별자치도,"2,013 "
702,분식점,합계,"54,053 "
703,분식점,서울특별시,"10,817 "
704,분식점,부산광역시,"4,037 "
705,분식점,대구광역시,"2,455 "
706,분식점,인천광역시,"2,576 "
707,분식점,광주광역시,"1,538 "
708,분식점,대전광역시,"1,952 "
709,분식점,울산광역시,779 
710,분식점,세종특별자치시,211 
711,분식점,경기도,"12,723 "
712,분식점,강원도,"1,656 "
713,분식점,충청북도,"2,210 "
714,분식점,충청남도,"2,348 "
715,분식점,전라북도,"2,034 "
716,분식점,전라남도,"1,483 "
717,분식점,경상북도,"2,513 "
718,분식점,경상남도,"3,941 "
719,분식점,제주특별자치도,780 
720,사진촬영업,합계,"14,369 "
721,사진촬영업,서울특별시,"4,678 "
722,사진촬영업,부산광역시,825 
723,사진촬영업,대구광역시,655 
724,사진촬영업,인천광역시,663 
725,사진촬영업,광주광역시,408 
726,사진촬영업,대전광역시,405 
727,사진촬영업,울산광역시,230 
728,사진촬영업,세종특별자치시,63 
729,사진촬영업,경기도,"3,069 "
730,사진촬영업,강원도,416 
731,사진촬영업,충청북도,312 
732,사진촬영업,충청남도,407 
733,사진촬영업,전라북도,422 
734,사진촬영업,전라남도,328 
735,사진촬영업,경상북도,522 
736,사진촬영업,경상남도,600 
737,사진촬영업,제주특별자치도,366 
738,산부인과 의원,합계,"1,680 "
739,산부인과 의원,서울특별시,504 
740,산부인과 의원,부산광역시,100 
741,산부인과 의원,대구광역시,108 
742,산부인과 의원,인천광역시,82 
743,산부인과 의원,광주광역시,52 
744,산부인과 의원,대전광역시,59 
745,산부인과 의원,울산광역시,44 
746,산부인과 의원,세종특별자치시,9 
747,산부인과 의원,경기도,338 
748,산부인과 의원,강원도,37 
749,산부인과 의원,충청북도,44 
750,산부인과 의원,충청남도,49 
751,산부인과 의원,전라북도,55 
752,산부인과 의원,전라남도,24 
753,산부인과 의원,경상북도,67 
754,산부인과 의원,경상남도,84 
755,산부인과 의원,제주특별자치도,24 
756,생선가게,합계,"11,625 "
757,생선가게,서울특별시,"1,485 "
758,생선가게,부산광역시,"1,096 "
759,생선가게,대구광역시,231 
760,생선가게,인천광역시,758 
761,생선가게,광주광역시,325 
762,생선가게,대전광역시,161 
763,생선가게,울산광역시,396 
764,생선가게,세종특별자치시,23 
765,생선가게,경기도,"1,249 "
766,생선가게,강원도,553 
767,생선가게,충청북도,177 
768,생선가게,충청남도,715 
769,생선가게,전라북도,616 
770,생선가게,전라남도,"1,610 "
771,생선가게,경상북도,892 
772,생선가게,경상남도,892 
773,생선가게,제주특별자치도,446 
774,서점,합계,"8,376 "
775,서점,서울특별시,"1,626 "
776,서점,부산광역시,554 
777,서점,대구광역시,496 
778,서점,인천광역시,388 
779,서점,광주광역시,278 
780,서점,대전광역시,328 
781,서점,울산광역시,192 
782,서점,세종특별자치시,71 
783,서점,경기도,"1,995 "
784,서점,강원도,236 
785,서점,충청북도,241 
786,서점,충청남도,346 
787,서점,전라북도,342 
788,서점,전라남도,261 
789,서점,경상북도,379 
790,서점,경상남도,498 
791,서점,제주특별자치도,145 
792,성형외과 의원,합계,"1,497 "
793,성형외과 의원,서울특별시,738 
794,성형외과 의원,부산광역시,139 
795,성형외과 의원,대구광역시,78 
796,성형외과 의원,인천광역시,47 
797,성형외과 의원,광주광역시,46 
798,성형외과 의원,대전광역시,44 
799,성형외과 의원,울산광역시,19 
800,성형외과 의원,세종특별자치시,6 
801,성형외과 의원,경기도,193 
802,성형외과 의원,강원도,17 
803,성형외과 의원,충청북도,24 
804,성형외과 의원,충청남도,28 
805,성형외과 의원,전라북도,26 
806,성형외과 의원,전라남도,16 
807,성형외과 의원,경상북도,16 
808,성형외과 의원,경상남도,39 
809,성형외과 의원,제주특별자치도,21 
810,세무사,합계,"12,564 "
811,세무사,서울특별시,"5,181 "
812,세무사,부산광역시,948 
813,세무사,대구광역시,556 
814,세무사,인천광역시,528 
815,세무사,광주광역시,303 
816,세무사,대전광역시,280 
817,세무사,울산광역시,166 
818,세무사,세종특별자치시,43 
819,세무사,경기도,"2,775 "
820,세무사,강원도,175 
821,세무사,충청북도,172 
822,세무사,충청남도,261 
823,세무사,전라북도,269 
824,세무사,전라남도,134 
825,세무사,경상북도,238 
826,세무사,경상남도,425 
827,세무사,제주특별자치도,110 
828,세탁소,합계,"23,649 "
829,세탁소,서울특별시,"4,570 "
830,세탁소,부산광역시,"1,341 "
831,세탁소,대구광역시,865 
832,세탁소,인천광역시,"1,283 "
833,세탁소,광주광역시,865 
834,세탁소,대전광역시,885 
835,세탁소,울산광역시,445 
836,세탁소,세종특별자치시,103 
837,세탁소,경기도,"5,439 "
838,세탁소,강원도,947 
839,세탁소,충청북도,886 
840,세탁소,충청남도,"1,131 "
841,세탁소,전라북도,902 
842,세탁소,전라남도,835 
843,세탁소,경상북도,"1,276 "
844,세탁소,경상남도,"1,276 "
845,세탁소,제주특별자치도,600 
846,슈퍼마켓,합계,"28,979 "
847,슈퍼마켓,서울특별시,"3,866 "
848,슈퍼마켓,부산광역시,"1,823 "
849,슈퍼마켓,대구광역시,"1,646 "
850,슈퍼마켓,인천광역시,"1,804 "
851,슈퍼마켓,광주광역시,847 
852,슈퍼마켓,대전광역시,678 
853,슈퍼마켓,울산광역시,865 
854,슈퍼마켓,세종특별자치시,138 
855,슈퍼마켓,경기도,"7,829 "
856,슈퍼마켓,강원도,988 
857,슈퍼마켓,충청북도,970 
858,슈퍼마켓,충청남도,"1,206 "
859,슈퍼마켓,전라북도,980 
860,슈퍼마켓,전라남도,"1,208 "
861,슈퍼마켓,경상북도,"1,817 "
862,슈퍼마켓,경상남도,"1,916 "
863,슈퍼마켓,제주특별자치도,398 
864,스포츠교육기관,합계,"25,531 "
865,스포츠교육기관,서울특별시,"4,695 "
866,스포츠교육기관,부산광역시,"1,695 "
867,스포츠교육기관,대구광역시,"1,248 "
868,스포츠교육기관,인천광역시,"1,358 "
869,스포츠교육기관,광주광역시,920 
870,스포츠교육기관,대전광역시,836 
871,스포츠교육기관,울산광역시,584 
872,스포츠교육기관,세종특별자치시,217 
873,스포츠교육기관,경기도,"6,656 "
874,스포츠교육기관,강원도,702 
875,스포츠교육기관,충청북도,741 
876,스포츠교육기관,충청남도,918 
877,스포츠교육기관,전라북도,847 
878,스포츠교육기관,전라남도,720 
879,스포츠교육기관,경상북도,"1,179 "
880,스포츠교육기관,경상남도,"1,787 "
881,스포츠교육기관,제주특별자치도,428 
882,스포츠시설운영업,합계,"8,295 "
883,스포츠시설운영업,서울특별시,"2,255 "
884,스포츠시설운영업,부산광역시,503 
885,스포츠시설운영업,대구광역시,337 
886,스포츠시설운영업,인천광역시,424 
887,스포츠시설운영업,광주광역시,243 
888,스포츠시설운영업,대전광역시,190 
889,스포츠시설운영업,울산광역시,144 
890,스포츠시설운영업,세종특별자치시,50 
891,스포츠시설운영업,경기도,"2,208 "
892,스포츠시설운영업,강원도,245 
893,스포츠시설운영업,충청북도,185 
894,스포츠시설운영업,충청남도,221 
895,스포츠시설운영업,전라북도,263 
896,스포츠시설운영업,전라남도,177 
897,스포츠시설운영업,경상북도,299 
898,스포츠시설운영업,경상남도,418 
899,스포츠시설운영업,제주특별자치도,133 
900,스포츠용품점,합계,"15,068 "
901,스포츠용품점,서울특별시,"1,491 "
902,스포츠용품점,부산광역시,693 
903,스포츠용품점,대구광역시,635 
904,스포츠용품점,인천광역시,516 
905,스포츠용품점,광주광역시,427 
906,스포츠용품점,대전광역시,376 
907,스포츠용품점,울산광역시,283 
908,스포츠용품점,세종특별자치시,68 
909,스포츠용품점,경기도,"3,225 "
910,스포츠용품점,강원도,879 
911,스포츠용품점,충청북도,654 
912,스포츠용품점,충청남도,998 
913,스포츠용품점,전라북도,881 
914,스포츠용품점,전라남도,910 
915,스포츠용품점,경상북도,"1,228 "
916,스포츠용품점,경상남도,"1,361 "
917,스포츠용품점,제주특별자치도,443 
918,시계ㆍ귀금속점,합계,"8,112 "
919,시계ㆍ귀금속점,서울특별시,"1,859 "
920,시계ㆍ귀금속점,부산광역시,792 
921,시계ㆍ귀금속점,대구광역시,531 
922,시계ㆍ귀금속점,인천광역시,349 
923,시계ㆍ귀금속점,광주광역시,261 
924,시계ㆍ귀금속점,대전광역시,228 
925,시계ㆍ귀금속점,울산광역시,222 
926,시계ㆍ귀금속점,세종특별자치시,22 
927,시계ㆍ귀금속점,경기도,"1,289 "
928,시계ㆍ귀금속점,강원도,233 
929,시계ㆍ귀금속점,충청북도,255 
930,시계ㆍ귀금속점,충청남도,315 
931,시계ㆍ귀금속점,전라북도,369 
932,시계ㆍ귀금속점,전라남도,285 
933,시계ㆍ귀금속점,경상북도,437 
934,시계ㆍ귀금속점,경상남도,564 
935,시계ㆍ귀금속점,제주특별자치도,101 
936,식료품가게,합계,"48,238 "
937,식료품가게,서울특별시,"5,411 "
938,식료품가게,부산광역시,"3,029 "
939,식료품가게,대구광역시,"1,658 "
940,식료품가게,인천광역시,"2,110 "
941,식료품가게,광주광역시,"1,416 "
942,식료품가게,대전광역시,"1,341 "
943,식료품가게,울산광역시,753 
944,식료품가게,세종특별자치시,223 
945,식료품가게,경기도,"8,919 "
946,식료품가게,강원도,"2,796 "
947,식료품가게,충청북도,"2,222 "
948,식료품가게,충청남도,"3,332 "
949,식료품가게,전라북도,"3,337 "
950,식료품가게,전라남도,"3,587 "
951,식료품가게,경상북도,"3,458 "
952,식료품가게,경상남도,"3,841 "
953,식료품가게,제주특별자치도,805 
954,신경정신과 의원,합계,"1,796 "
955,신경정신과 의원,서울특별시,517 
956,신경정신과 의원,부산광역시,154 
957,신경정신과 의원,대구광역시,114 
958,신경정신과 의원,인천광역시,73 
959,신경정신과 의원,광주광역시,52 
960,신경정신과 의원,대전광역시,74 
961,신경정신과 의원,울산광역시,25 
962,신경정신과 의원,세종특별자치시,11 
963,신경정신과 의원,경기도,377 
964,신경정신과 의원,강원도,40 
965,신경정신과 의원,충청북도,48 
966,신경정신과 의원,충청남도,52 
967,신경정신과 의원,전라북도,69 
968,신경정신과 의원,전라남도,43 
969,신경정신과 의원,경상북도,52 
970,신경정신과 의원,경상남도,73 
971,신경정신과 의원,제주특별자치도,22 
972,신발가게,합계,"6,480 "
973,신발가게,서울특별시,"1,300 "
974,신발가게,부산광역시,556 
975,신발가게,대구광역시,334 
976,신발가게,인천광역시,333 
977,신발가게,광주광역시,211 
978,신발가게,대전광역시,193 
979,신발가게,울산광역시,111 
980,신발가게,세종특별자치시,25 
981,신발가게,경기도,"1,260 "
982,신발가게,강원도,235 
983,신발가게,충청북도,223 
984,신발가게,충청남도,277 
985,신발가게,전라북도,289 
986,신발가게,전라남도,256 
987,신발가게,경상북도,363 
988,신발가게,경상남도,404 
989,신발가게,제주특별자치도,110 
990,실내스크린골프점,합계,"5,054 "
991,실내스크린골프점,서울특별시,688 
992,실내스크린골프점,부산광역시,316 
993,실내스크린골프점,대구광역시,314 
994,실내스크린골프점,인천광역시,211 
995,실내스크린골프점,광주광역시,112 
996,실내스크린골프점,대전광역시,151 
997,실내스크린골프점,울산광역시,183 
998,실내스크린골프점,세종특별자치시,28 
999,실내스크린골프점,경기도,"1,325 "
1000,실내스크린골프점,강원도,161 
1001,실내스크린골프점,충청북도,180 
1002,실내스크린골프점,충청남도,214 
1003,실내스크린골프점,전라북도,179 
1004,실내스크린골프점,전라남도,164 
1005,실내스크린골프점,경상북도,301 
1006,실내스크린골프점,경상남도,430 
1007,실내스크린골프점,제주특별자치도,97 
1008,실내장식가게,합계,"59,198 "
1009,실내장식가게,서울특별시,"14,106 "
1010,실내장식가게,부산광역시,"4,175 "
1011,실내장식가게,대구광역시,"2,740 "
1012,실내장식가게,인천광역시,"3,446 "
1013,실내장식가게,광주광역시,"2,111 "
1014,실내장식가게,대전광역시,"1,961 "
1015,실내장식가게,울산광역시,"1,060 "
1016,실내장식가게,세종특별자치시,247 
1017,실내장식가게,경기도,"17,517 "
1018,실내장식가게,강원도,"1,209 "
1019,실내장식가게,충청북도,"1,376 "
1020,실내장식가게,충청남도,"1,598 "
1021,실내장식가게,전라북도,283 
1022,실내장식가게,전라남도,"1,274 "
1023,실내장식가게,경상북도,"1,923 "
1024,실내장식가게,경상남도,"2,892 "
1025,실내장식가게,제주특별자치도,"1,280 "
1026,실외골프연습장,합계,"2,202 "
1027,실외골프연습장,서울특별시,360 
1028,실외골프연습장,부산광역시,132 
1029,실외골프연습장,대구광역시,94 
1030,실외골프연습장,인천광역시,72 
1031,실외골프연습장,광주광역시,45 
1032,실외골프연습장,대전광역시,68 
1033,실외골프연습장,울산광역시,51 
1034,실외골프연습장,세종특별자치시,4 
1035,실외골프연습장,경기도,488 
1036,실외골프연습장,강원도,106 
1037,실외골프연습장,충청북도,100 
1038,실외골프연습장,충청남도,94 
1039,실외골프연습장,전라북도,90 
1040,실외골프연습장,전라남도,92 
1041,실외골프연습장,경상북도,191 
1042,실외골프연습장,경상남도,160 
1043,실외골프연습장,제주특별자치도,55 
1044,안경점,합계,"9,218 "
1045,안경점,서울특별시,"2,035 "
1046,안경점,부산광역시,643 
1047,안경점,대구광역시,477 
1048,안경점,인천광역시,430 
1049,안경점,광주광역시,352 
1050,안경점,대전광역시,315 
1051,안경점,울산광역시,224 
1052,안경점,세종특별자치시,48 
1053,안경점,경기도,"1,993 "
1054,안경점,강원도,250 
1055,안경점,충청북도,288 
1056,안경점,충청남도,342 
1057,안경점,전라북도,355 
1058,안경점,전라남도,310 
1059,안경점,경상북도,436 
1060,안경점,경상남도,591 
1061,안경점,제주특별자치도,129 
1062,안과 의원,합계,"1,669 "
1063,안과 의원,서울특별시,456 
1064,안과 의원,부산광역시,133 
1065,안과 의원,대구광역시,101 
1066,안과 의원,인천광역시,65 
1067,안과 의원,광주광역시,40 
1068,안과 의원,대전광역시,49 
1069,안과 의원,울산광역시,33 
1070,안과 의원,세종특별자치시,6 
1071,안과 의원,경기도,360 
1072,안과 의원,강원도,43 
1073,안과 의원,충청북도,38 
1074,안과 의원,충청남도,51 
1075,안과 의원,전라북도,64 
1076,안과 의원,전라남도,50 
1077,안과 의원,경상북도,67 
1078,안과 의원,경상남도,93 
1079,안과 의원,제주특별자치도,20 
1080,애완용품점,합계,"8,103 "
1081,애완용품점,서울특별시,"1,298 "
1082,애완용품점,부산광역시,594 
1083,애완용품점,대구광역시,358 
1084,애완용품점,인천광역시,505 
1085,애완용품점,광주광역시,194 
1086,애완용품점,대전광역시,270 
1087,애완용품점,울산광역시,138 
1088,애완용품점,세종특별자치시,27 
1089,애완용품점,경기도,"2,500 "
1090,애완용품점,강원도,221 
1091,애완용품점,충청북도,238 
1092,애완용품점,충청남도,346 
1093,애완용품점,전라북도,228 
1094,애완용품점,전라남도,184 
1095,애완용품점,경상북도,412 
1096,애완용품점,경상남도,486 
1097,애완용품점,제주특별자치도,104 
1098,약국,합계,"22,921 "
1099,약국,서울특별시,"5,154 "
1100,약국,부산광역시,"1,546 "
1101,약국,대구광역시,"1,291 "
1102,약국,인천광역시,"1,116 "
1103,약국,광주광역시,679 
1104,약국,대전광역시,747 
1105,약국,울산광역시,420 
1106,약국,세종특별자치시,121 
1107,약국,경기도,"5,110 "
1108,약국,강원도,684 
1109,약국,충청북도,680 
1110,약국,충청남도,950 
1111,약국,전라북도,920 
1112,약국,전라남도,794 
1113,약국,경상북도,"1,114 "
1114,약국,경상남도,"1,297 "
1115,약국,제주특별자치도,298 
1116,여관ㆍ모텔,합계,"20,609 "
1117,여관ㆍ모텔,서울특별시,"1,876 "
1118,여관ㆍ모텔,부산광역시,"1,359 "
1119,여관ㆍ모텔,대구광역시,677 
1120,여관ㆍ모텔,인천광역시,817 
1121,여관ㆍ모텔,광주광역시,497 
1122,여관ㆍ모텔,대전광역시,618 
1123,여관ㆍ모텔,울산광역시,623 
1124,여관ㆍ모텔,세종특별자치시,65 
1125,여관ㆍ모텔,경기도,"3,189 "
1126,여관ㆍ모텔,강원도,"1,551 "
1127,여관ㆍ모텔,충청북도,858 
1128,여관ㆍ모텔,충청남도,"1,468 "
1129,여관ㆍ모텔,전라북도,"1,018 "
1130,여관ㆍ모텔,전라남도,"1,311 "
1131,여관ㆍ모텔,경상북도,"1,949 "
1132,여관ㆍ모텔,경상남도,"2,327 "
1133,여관ㆍ모텔,제주특별자치도,406 
1134,여행사,합계,"14,046 "
1135,여행사,서울특별시,"5,522 "
1136,여행사,부산광역시,"1,061 "
1137,여행사,대구광역시,539 
1138,여행사,인천광역시,404 
1139,여행사,광주광역시,411 
1140,여행사,대전광역시,321 
1141,여행사,울산광역시,178 
1142,여행사,세종특별자치시,52 
1143,여행사,경기도,"1,786 "
1144,여행사,강원도,355 
1145,여행사,충청북도,275 
1146,여행사,충청남도,322 
1147,여행사,전라북도,417 
1148,여행사,전라남도,445 
1149,여행사,경상북도,462 
1150,여행사,경상남도,567 
1151,여행사,제주특별자치도,929 
1152,예술학원,합계,"30,967 "
1153,예술학원,서울특별시,"5,485 "
1154,예술학원,부산광역시,"1,825 "
1155,예술학원,대구광역시,"1,424 "
1156,예술학원,인천광역시,"1,498 "
1157,예술학원,광주광역시,"1,102 "
1158,예술학원,대전광역시,905 
1159,예술학원,울산광역시,800 
1160,예술학원,세종특별자치시,279 
1161,예술학원,경기도,"8,538 "
1162,예술학원,강원도,887 
1163,예술학원,충청북도,874 
1164,예술학원,충청남도,"1,107 "
1165,예술학원,전라북도,"1,325 "
1166,예술학원,전라남도,865 
1167,예술학원,경상북도,"1,396 "
1168,예술학원,경상남도,"2,214 "
1169,예술학원,제주특별자치도,443 
1170,예식장,합계,873 
1171,예식장,서울특별시,167 
1172,예식장,부산광역시,60 
1173,예식장,대구광역시,40 
1174,예식장,인천광역시,23 
1175,예식장,광주광역시,25 
1176,예식장,대전광역시,24 
1177,예식장,울산광역시,17 
1178,예식장,세종특별자치시,5 
1179,예식장,경기도,131 
1180,예식장,강원도,36 
1181,예식장,충청북도,37 
1182,예식장,충청남도,68 
1183,예식장,전라북도,46 
1184,예식장,전라남도,43 
1185,예식장,경상북도,66 
1186,예식장,경상남도,64 
1187,예식장,제주특별자치도,21 
1188,옷가게,합계,"85,217 "
1189,옷가게,서울특별시,"15,669 "
1190,옷가게,부산광역시,"7,049 "
1191,옷가게,대구광역시,"5,252 "
1192,옷가게,인천광역시,"3,988 "
1193,옷가게,광주광역시,"3,163 "
1194,옷가게,대전광역시,"2,789 "
1195,옷가게,울산광역시,"1,787 "
1196,옷가게,세종특별자치시,366 
1197,옷가게,경기도,"17,473 "
1198,옷가게,강원도,"3,132 "
1199,옷가게,충청북도,"2,924 "
1200,옷가게,충청남도,"3,275 "
1201,옷가게,전라북도,"3,390 "
1202,옷가게,전라남도,"3,045 "
1203,옷가게,경상북도,"4,622 "
1204,옷가게,경상남도,"5,616 "
1205,옷가게,제주특별자치도,"1,677 "
1206,의료용품가게,합계,"7,191 "
1207,의료용품가게,서울특별시,"1,591 "
1208,의료용품가게,부산광역시,587 
1209,의료용품가게,대구광역시,345 
1210,의료용품가게,인천광역시,302 
1211,의료용품가게,광주광역시,318 
1212,의료용품가게,대전광역시,267 
1213,의료용품가게,울산광역시,116 
1214,의료용품가게,세종특별자치시,28 
1215,의료용품가게,경기도,"1,603 "
1216,의료용품가게,강원도,187 
1217,의료용품가게,충청북도,188 
1218,의료용품가게,충청남도,289 
1219,의료용품가게,전라북도,351 
1220,의료용품가게,전라남도,226 
1221,의료용품가게,경상북도,289 
1222,의료용품가게,경상남도,419 
1223,의료용품가게,제주특별자치도,85 
1224,이륜자동차판매점,합계,"2,653 "
1225,이륜자동차판매점,서울특별시,450 
1226,이륜자동차판매점,부산광역시,214 
1227,이륜자동차판매점,대구광역시,150 
1228,이륜자동차판매점,인천광역시,92 
1229,이륜자동차판매점,광주광역시,67 
1230,이륜자동차판매점,대전광역시,63 
1231,이륜자동차판매점,울산광역시,73 
1232,이륜자동차판매점,세종특별자치시,8 
1233,이륜자동차판매점,경기도,461 
1234,이륜자동차판매점,강원도,90 
1235,이륜자동차판매점,충청북도,90 
1236,이륜자동차판매점,충청남도,143 
1237,이륜자동차판매점,전라북도,128 
1238,이륜자동차판매점,전라남도,149 
1239,이륜자동차판매점,경상북도,209 
1240,이륜자동차판매점,경상남도,225 
1241,이륜자동차판매점,제주특별자치도,41 
1242,이발소,합계,"11,978 "
1243,이발소,서울특별시,"2,152 "
1244,이발소,부산광역시,"1,025 "
1245,이발소,대구광역시,588 
1246,이발소,인천광역시,410 
1247,이발소,광주광역시,251 
1248,이발소,대전광역시,409 
1249,이발소,울산광역시,368 
1250,이발소,세종특별자치시,39 
1251,이발소,경기도,"2,113 "
1252,이발소,강원도,661 
1253,이발소,충청북도,418 
1254,이발소,충청남도,637 
1255,이발소,전라북도,476 
1256,이발소,전라남도,595 
1257,이발소,경상북도,880 
1258,이발소,경상남도,795 
1259,이발소,제주특별자치도,161 
1260,이비인후과 의원,합계,"2,617 "
1261,이비인후과 의원,서울특별시,700 
1262,이비인후과 의원,부산광역시,206 
1263,이비인후과 의원,대구광역시,159 
1264,이비인후과 의원,인천광역시,136 
1265,이비인후과 의원,광주광역시,79 
1266,이비인후과 의원,대전광역시,80 
1267,이비인후과 의원,울산광역시,47 
1268,이비인후과 의원,세종특별자치시,16 
1269,이비인후과 의원,경기도,659 
1270,이비인후과 의원,강원도,50 
1271,이비인후과 의원,충청북도,59 
1272,이비인후과 의원,충청남도,57 
1273,이비인후과 의원,전라북도,74 
1274,이비인후과 의원,전라남도,49 
1275,이비인후과 의원,경상북도,90 
1276,이비인후과 의원,경상남도,128 
1277,이비인후과 의원,제주특별자치도,28 
1278,일반외과 의원,합계,"4,913 "
1279,일반외과 의원,서울특별시,"1,126 "
1280,일반외과 의원,부산광역시,331 
1281,일반외과 의원,대구광역시,307 
1282,일반외과 의원,인천광역시,271 
1283,일반외과 의원,광주광역시,99 
1284,일반외과 의원,대전광역시,143 
1285,일반외과 의원,울산광역시,77 
1286,일반외과 의원,세종특별자치시,34 
1287,일반외과 의원,경기도,"1,161 "
1288,일반외과 의원,강원도,135 
1289,일반외과 의원,충청북도,174 
1290,일반외과 의원,충청남도,194 
1291,일반외과 의원,전라북도,178 
1292,일반외과 의원,전라남도,137 
1293,일반외과 의원,경상북도,231 
1294,일반외과 의원,경상남도,245 
1295,일반외과 의원,제주특별자치도,70 
1296,일식전문점,합계,"17,819 "
1297,일식전문점,서울특별시,"5,444 "
1298,일식전문점,부산광역시,"1,020 "
1299,일식전문점,대구광역시,809 
1300,일식전문점,인천광역시,950 
1301,일식전문점,광주광역시,256 
1302,일식전문점,대전광역시,434 
1303,일식전문점,울산광역시,267 
1304,일식전문점,세종특별자치시,91 
1305,일식전문점,경기도,"3,690 "
1306,일식전문점,강원도,950 
1307,일식전문점,충청북도,481 
1308,일식전문점,충청남도,725 
1309,일식전문점,전라북도,496 
1310,일식전문점,전라남도,439 
1311,일식전문점,경상북도,532 
1312,일식전문점,경상남도,719 
1313,일식전문점,제주특별자치도,516 
1314,자동차수리점,합계,"44,441 "
1315,자동차수리점,서울특별시,"4,959 "
1316,자동차수리점,부산광역시,"2,385 "
1317,자동차수리점,대구광역시,"2,254 "
1318,자동차수리점,인천광역시,"2,355 "
1319,자동차수리점,광주광역시,"1,505 "
1320,자동차수리점,대전광역시,"1,460 "
1321,자동차수리점,울산광역시,"1,096 "
1322,자동차수리점,세종특별자치시,200 
1323,자동차수리점,경기도,"11,303 "
1324,자동차수리점,강원도,"1,785 "
1325,자동차수리점,충청북도,"1,833 "
1326,자동차수리점,충청남도,"2,475 "
1327,자동차수리점,전라북도,"1,976 "
1328,자동차수리점,전라남도,"1,989 "
1329,자동차수리점,경상북도,"3,052 "
1330,자동차수리점,경상남도,"3,215 "
1331,자동차수리점,제주특별자치도,599 
1332,자전거판매점,합계,"2,518 "
1333,자전거판매점,서울특별시,391 
1334,자전거판매점,부산광역시,111 
1335,자전거판매점,대구광역시,154 
1336,자전거판매점,인천광역시,103 
1337,자전거판매점,광주광역시,61 
1338,자전거판매점,대전광역시,90 
1339,자전거판매점,울산광역시,59 
1340,자전거판매점,세종특별자치시,15 
1341,자전거판매점,경기도,619 
1342,자전거판매점,강원도,88 
1343,자전거판매점,충청북도,83 
1344,자전거판매점,충청남도,116 
1345,자전거판매점,전라북도,134 
1346,자전거판매점,전라남도,95 
1347,자전거판매점,경상북도,168 
1348,자전거판매점,경상남도,199 
1349,자전거판매점,제주특별자치도,32 
1350,장난감가게,합계,"3,013 "
1351,장난감가게,서울특별시,508 
1352,장난감가게,부산광역시,190 
1353,장난감가게,대구광역시,133 
1354,장난감가게,인천광역시,137 
1355,장난감가게,광주광역시,77 
1356,장난감가게,대전광역시,93 
1357,장난감가게,울산광역시,59 
1358,장난감가게,세종특별자치시,22 
1359,장난감가게,경기도,871 
1360,장난감가게,강원도,95 
1361,장난감가게,충청북도,84 
1362,장난감가게,충청남도,136 
1363,장난감가게,전라북도,109 
1364,장난감가게,전라남도,113 
1365,장난감가게,경상북도,148 
1366,장난감가게,경상남도,174 
1367,장난감가게,제주특별자치도,64 
1368,정육점,합계,"19,829 "
1369,정육점,서울특별시,"2,758 "
1370,정육점,부산광역시,"1,119 "
1371,정육점,대구광역시,"1,295 "
1372,정육점,인천광역시,"1,058 "
1373,정육점,광주광역시,547 
1374,정육점,대전광역시,749 
1375,정육점,울산광역시,594 
1376,정육점,세종특별자치시,115 
1377,정육점,경기도,"4,266 "
1378,정육점,강원도,867 
1379,정육점,충청북도,780 
1380,정육점,충청남도,"1,014 "
1381,정육점,전라북도,"1,061 "
1382,정육점,전라남도,839 
1383,정육점,경상북도,"1,253 "
1384,정육점,경상남도,"1,223 "
1385,정육점,제주특별자치도,291 
1386,제과점,합계,"17,548 "
1387,제과점,서울특별시,"3,632 "
1388,제과점,부산광역시,"1,085 "
1389,제과점,대구광역시,913 
1390,제과점,인천광역시,801 
1391,제과점,광주광역시,498 
1392,제과점,대전광역시,539 
1393,제과점,울산광역시,381 
1394,제과점,세종특별자치시,125 
1395,제과점,경기도,"4,082 "
1396,제과점,강원도,595 
1397,제과점,충청북도,543 
1398,제과점,충청남도,712 
1399,제과점,전라북도,629 
1400,제과점,전라남도,571 
1401,제과점,경상북도,926 
1402,제과점,경상남도,"1,114 "
1403,제과점,제주특별자치도,402 
1404,종합병원,합계,"3,446 "
1405,종합병원,서울특별시,441 
1406,종합병원,부산광역시,335 
1407,종합병원,대구광역시,196 
1408,종합병원,인천광역시,147 
1409,종합병원,광주광역시,177 
1410,종합병원,대전광역시,99 
1411,종합병원,울산광역시,97 
1412,종합병원,세종특별자치시,13 
1413,종합병원,경기도,700 
1414,종합병원,강원도,85 
1415,종합병원,충청북도,98 
1416,종합병원,충청남도,141 
1417,종합병원,전라북도,171 
1418,종합병원,전라남도,198 
1419,종합병원,경상북도,231 
1420,종합병원,경상남도,292 
1421,종합병원,제주특별자치도,25 
1422,주유소,합계,"10,961 "
1423,주유소,서울특별시,435 
1424,주유소,부산광역시,359 
1425,주유소,대구광역시,335 
1426,주유소,인천광역시,290 
1427,주유소,광주광역시,274 
1428,주유소,대전광역시,240 
1429,주유소,울산광역시,215 
1430,주유소,세종특별자치시,68 
1431,주유소,경기도,"2,274 "
1432,주유소,강원도,639 
1433,주유소,충청북도,719 
1434,주유소,충청남도,"1,011 "
1435,주유소,전라북도,838 
1436,주유소,전라남도,815 
1437,주유소,경상북도,"1,222 "
1438,주유소,경상남도,"1,044 "
1439,주유소,제주특별자치도,183 
1440,주차장운영업,합계,"7,968 "
1441,주차장운영업,서울특별시,"1,763 "
1442,주차장운영업,부산광역시,"1,767 "
1443,주차장운영업,대구광역시,418 
1444,주차장운영업,인천광역시,291 
1445,주차장운영업,광주광역시,261 
1446,주차장운영업,대전광역시,182 
1447,주차장운영업,울산광역시,232 
1448,주차장운영업,세종특별자치시,28 
1449,주차장운영업,경기도,"1,331 "
1450,주차장운영업,강원도,151 
1451,주차장운영업,충청북도,158 
1452,주차장운영업,충청남도,137 
1453,주차장운영업,전라북도,137 
1454,주차장운영업,전라남도,104 
1455,주차장운영업,경상북도,258 
1456,주차장운영업,경상남도,695 
1457,주차장운영업,제주특별자치도,55 
1458,중고차판매점,합계,"4,839 "
1459,중고차판매점,서울특별시,483 
1460,중고차판매점,부산광역시,236 
1461,중고차판매점,대구광역시,491 
1462,중고차판매점,인천광역시,261 
1463,중고차판매점,광주광역시,230 
1464,중고차판매점,대전광역시,210 
1465,중고차판매점,울산광역시,108 
1466,중고차판매점,세종특별자치시,4 
1467,중고차판매점,경기도,"1,056 "
1468,중고차판매점,강원도,155 
1469,중고차판매점,충청북도,191 
1470,중고차판매점,충청남도,215 
1471,중고차판매점,전라북도,288 
1472,중고차판매점,전라남도,218 
1473,중고차판매점,경상북도,316 
1474,중고차판매점,경상남도,321 
1475,중고차판매점,제주특별자치도,56 
1476,중식전문점,합계,"24,761 "
1477,중식전문점,서울특별시,"4,822 "
1478,중식전문점,부산광역시,"1,795 "
1479,중식전문점,대구광역시,"1,241 "
1480,중식전문점,인천광역시,"1,198 "
1481,중식전문점,광주광역시,484 
1482,중식전문점,대전광역시,601 
1483,중식전문점,울산광역시,507 
1484,중식전문점,세종특별자치시,155 
1485,중식전문점,경기도,"5,321 "
1486,중식전문점,강원도,"1,056 "
1487,중식전문점,충청북도,919 
1488,중식전문점,충청남도,"1,212 "
1489,중식전문점,전라북도,"1,026 "
1490,중식전문점,전라남도,823 
1491,중식전문점,경상북도,"1,521 "
1492,중식전문점,경상남도,"1,658 "
1493,중식전문점,제주특별자치도,422 
1494,채소가게,합계,"11,633 "
1495,채소가게,서울특별시,"1,565 "
1496,채소가게,부산광역시,747 
1497,채소가게,대구광역시,451 
1498,채소가게,인천광역시,554 
1499,채소가게,광주광역시,247 
1500,채소가게,대전광역시,298 
1501,채소가게,울산광역시,136 
1502,채소가게,세종특별자치시,59 
1503,채소가게,경기도,"2,103 "
1504,채소가게,강원도,789 
1505,채소가게,충청북도,496 
1506,채소가게,충청남도,704 
1507,채소가게,전라북도,632 
1508,채소가게,전라남도,748 
1509,채소가게,경상북도,930 
1510,채소가게,경상남도,870 
1511,채소가게,제주특별자치도,304 
1512,철물점,합계,"8,800 "
1513,철물점,서울특별시,"1,362 "
1514,철물점,부산광역시,666 
1515,철물점,대구광역시,336 
1516,철물점,인천광역시,501 
1517,철물점,광주광역시,288 
1518,철물점,대전광역시,280 
1519,철물점,울산광역시,175 
1520,철물점,세종특별자치시,37 
1521,철물점,경기도,"1,843 "
1522,철물점,강원도,465 
1523,철물점,충청북도,347 
1524,철물점,충청남도,458 
1525,철물점,전라북도,427 
1526,철물점,전라남도,466 
1527,철물점,경상북도,484 
1528,철물점,경상남도,557 
1529,철물점,제주특별자치도,108 
1530,치과병원ㆍ의원,합계,"18,374 "
1531,치과병원ㆍ의원,서울특별시,"4,913 "
1532,치과병원ㆍ의원,부산광역시,"1,315 "
1533,치과병원ㆍ의원,대구광역시,900 
1534,치과병원ㆍ의원,인천광역시,926 
1535,치과병원ㆍ의원,광주광역시,646 
1536,치과병원ㆍ의원,대전광역시,538 
1537,치과병원ㆍ의원,울산광역시,390 
1538,치과병원ㆍ의원,세종특별자치시,90 
1539,치과병원ㆍ의원,경기도,"4,336 "
1540,치과병원ㆍ의원,강원도,399 
1541,치과병원ㆍ의원,충청북도,437 
1542,치과병원ㆍ의원,충청남도,571 
1543,치과병원ㆍ의원,전라북도,584 
1544,치과병원ㆍ의원,전라남도,497 
1545,치과병원ㆍ의원,경상북도,689 
1546,치과병원ㆍ의원,경상남도,924 
1547,치과병원ㆍ의원,제주특별자치도,219 
1548,침구ㆍ커튼가게,합계,"9,836 "
1549,침구ㆍ커튼가게,서울특별시,"1,249 "
1550,침구ㆍ커튼가게,부산광역시,702 
1551,침구ㆍ커튼가게,대구광역시,641 
1552,침구ㆍ커튼가게,인천광역시,420 
1553,침구ㆍ커튼가게,광주광역시,384 
1554,침구ㆍ커튼가게,대전광역시,410 
1555,침구ㆍ커튼가게,울산광역시,229 
1556,침구ㆍ커튼가게,세종특별자치시,54 
1557,침구ㆍ커튼가게,경기도,"1,910 "
1558,침구ㆍ커튼가게,강원도,399 
1559,침구ㆍ커튼가게,충청북도,392 
1560,침구ㆍ커튼가게,충청남도,500 
1561,침구ㆍ커튼가게,전라북도,490 
1562,침구ㆍ커튼가게,전라남도,482 
1563,침구ㆍ커튼가게,경상북도,668 
1564,침구ㆍ커튼가게,경상남도,689 
1565,침구ㆍ커튼가게,제주특별자치도,217 
1566,커피음료점,합계,"65,340 "
1567,커피음료점,서울특별시,"12,798 "
1568,커피음료점,부산광역시,"3,818 "
1569,커피음료점,대구광역시,"3,028 "
1570,커피음료점,인천광역시,"3,190 "
1571,커피음료점,광주광역시,"1,809 "
1572,커피음료점,대전광역시,"2,347 "
1573,커피음료점,울산광역시,"1,511 "
1574,커피음료점,세종특별자치시,453 
1575,커피음료점,경기도,"14,064 "
1576,커피음료점,강원도,"2,330 "
1577,커피음료점,충청북도,"2,205 "
1578,커피음료점,충청남도,"2,847 "
1579,커피음료점,전라북도,"2,637 "
1580,커피음료점,전라남도,"2,377 "
1581,커피음료점,경상북도,"4,437 "
1582,커피음료점,경상남도,"4,173 "
1583,커피음료점,제주특별자치도,"1,316 "
1584,컴퓨터판매점,합계,"5,061 "
1585,컴퓨터판매점,서울특별시,"1,044 "
1586,컴퓨터판매점,부산광역시,231 
1587,컴퓨터판매점,대구광역시,238 
1588,컴퓨터판매점,인천광역시,216 
1589,컴퓨터판매점,광주광역시,190 
1590,컴퓨터판매점,대전광역시,184 
1591,컴퓨터판매점,울산광역시,86 
1592,컴퓨터판매점,세종특별자치시,34 
1593,컴퓨터판매점,경기도,"1,126 "
1594,컴퓨터판매점,강원도,186 
1595,컴퓨터판매점,충청북도,187 
1596,컴퓨터판매점,충청남도,216 
1597,컴퓨터판매점,전라북도,215 
1598,컴퓨터판매점,전라남도,180 
1599,컴퓨터판매점,경상북도,314 
1600,컴퓨터판매점,경상남도,322 
1601,컴퓨터판매점,제주특별자치도,92 
1602,통신판매업,합계,"297,469 "
1603,통신판매업,서울특별시,"87,346 "
1604,통신판매업,부산광역시,"18,272 "
1605,통신판매업,대구광역시,"13,710 "
1606,통신판매업,인천광역시,"19,455 "
1607,통신판매업,광주광역시,"6,573 "
1608,통신판매업,대전광역시,"7,023 "
1609,통신판매업,울산광역시,"3,668 "
1610,통신판매업,세종특별자치시,"1,499 "
1611,통신판매업,경기도,"89,697 "
1612,통신판매업,강원도,"4,049 "
1613,통신판매업,충청북도,"5,553 "
1614,통신판매업,충청남도,"7,451 "
1615,통신판매업,전라북도,"5,698 "
1616,통신판매업,전라남도,"5,093 "
1617,통신판매업,경상북도,"9,166 "
1618,통신판매업,경상남도,"10,937 "
1619,통신판매업,제주특별자치도,"2,279 "
1620,패스트푸드점,합계,"40,331 "
1621,패스트푸드점,서울특별시,"6,628 "
1622,패스트푸드점,부산광역시,"2,650 "
1623,패스트푸드점,대구광역시,"1,566 "
1624,패스트푸드점,인천광역시,"1,823 "
1625,패스트푸드점,광주광역시,"1,136 "
1626,패스트푸드점,대전광역시,"1,099 "
1627,패스트푸드점,울산광역시,"1,043 "
1628,패스트푸드점,세종특별자치시,324 
1629,패스트푸드점,경기도,"8,952 "
1630,패스트푸드점,강원도,"1,886 "
1631,패스트푸드점,충청북도,"1,621 "
1632,패스트푸드점,충청남도,"2,104 "
1633,패스트푸드점,전라북도,"1,649 "
1634,패스트푸드점,전라남도,"1,579 "
1635,패스트푸드점,경상북도,"2,304 "
1636,패스트푸드점,경상남도,"3,307 "
1637,패스트푸드점,제주특별자치도,660 
1638,펜션ㆍ게스트하우스,합계,"14,826 "
1639,펜션ㆍ게스트하우스,서울특별시,767 
1640,펜션ㆍ게스트하우스,부산광역시,183 
1641,펜션ㆍ게스트하우스,대구광역시,54 
1642,펜션ㆍ게스트하우스,인천광역시,652 
1643,펜션ㆍ게스트하우스,광주광역시,23 
1644,펜션ㆍ게스트하우스,대전광역시,24 
1645,펜션ㆍ게스트하우스,울산광역시,132 
1646,펜션ㆍ게스트하우스,세종특별자치시,8 
1647,펜션ㆍ게스트하우스,경기도,"1,949 "
1648,펜션ㆍ게스트하우스,강원도,"2,584 "
1649,펜션ㆍ게스트하우스,충청북도,431 
1650,펜션ㆍ게스트하우스,충청남도,"1,300 "
1651,펜션ㆍ게스트하우스,전라북도,441 
1652,펜션ㆍ게스트하우스,전라남도,824 
1653,펜션ㆍ게스트하우스,경상북도,"1,295 "
1654,펜션ㆍ게스트하우스,경상남도,"1,408 "
1655,펜션ㆍ게스트하우스,제주특별자치도,"2,751 "
1656,편의점,합계,"42,982 "
1657,편의점,서울특별시,"8,025 "
1658,편의점,부산광역시,"2,567 "
1659,편의점,대구광역시,"1,661 "
1660,편의점,인천광역시,"2,283 "
1661,편의점,광주광역시,"1,056 "
1662,편의점,대전광역시,"1,176 "
1663,편의점,울산광역시,944 
1664,편의점,세종특별자치시,273 
1665,편의점,경기도,"10,813 "
1666,편의점,강원도,"1,770 "
1667,편의점,충청북도,"1,540 "
1668,편의점,충청남도,"2,286 "
1669,편의점,전라북도,"1,281 "
1670,편의점,전라남도,"1,201 "
1671,편의점,경상북도,"2,004 "
1672,편의점,경상남도,"2,950 "
1673,편의점,제주특별자치도,"1,152 "
1674,피부관리업,합계,"39,647 "
1675,피부관리업,서울특별시,"7,602 "
1676,피부관리업,부산광역시,"2,862 "
1677,피부관리업,대구광역시,"1,704 "
1678,피부관리업,인천광역시,"2,251 "
1679,피부관리업,광주광역시,"1,674 "
1680,피부관리업,대전광역시,"1,259 "
1681,피부관리업,울산광역시,872 
1682,피부관리업,세종특별자치시,186 
1683,피부관리업,경기도,"9,424 "
1684,피부관리업,강원도,"1,133 "
1685,피부관리업,충청북도,"1,187 "
1686,피부관리업,충청남도,"1,397 "
1687,피부관리업,전라북도,"1,298 "
1688,피부관리업,전라남도,"1,463 "
1689,피부관리업,경상북도,"1,683 "
1690,피부관리업,경상남도,"2,908 "
1691,피부관리업,제주특별자치도,744 
1692,피부ㆍ비뇨기과 의원,합계,"3,975 "
1693,피부ㆍ비뇨기과 의원,서울특별시,"1,368 "
1694,피부ㆍ비뇨기과 의원,부산광역시,333 
1695,피부ㆍ비뇨기과 의원,대구광역시,206 
1696,피부ㆍ비뇨기과 의원,인천광역시,180 
1697,피부ㆍ비뇨기과 의원,광주광역시,126 
1698,피부ㆍ비뇨기과 의원,대전광역시,110 
1699,피부ㆍ비뇨기과 의원,울산광역시,78 
1700,피부ㆍ비뇨기과 의원,세종특별자치시,17 
1701,피부ㆍ비뇨기과 의원,경기도,835 
1702,피부ㆍ비뇨기과 의원,강원도,60 
1703,피부ㆍ비뇨기과 의원,충청북도,77 
1704,피부ㆍ비뇨기과 의원,충청남도,98 
1705,피부ㆍ비뇨기과 의원,전라북도,92 
1706,피부ㆍ비뇨기과 의원,전라남도,76 
1707,피부ㆍ비뇨기과 의원,경상북도,102 
1708,피부ㆍ비뇨기과 의원,경상남도,174 
1709,피부ㆍ비뇨기과 의원,제주특별자치도,43 
1710,한방병원ㆍ한의원,합계,"14,901 "
1711,한방병원ㆍ한의원,서울특별시,"3,704 "
1712,한방병원ㆍ한의원,부산광역시,"1,163 "
1713,한방병원ㆍ한의원,대구광역시,888 
1714,한방병원ㆍ한의원,인천광역시,701 
1715,한방병원ㆍ한의원,광주광역시,411 
1716,한방병원ㆍ한의원,대전광역시,520 
1717,한방병원ㆍ한의원,울산광역시,288 
1718,한방병원ㆍ한의원,세종특별자치시,82 
1719,한방병원ㆍ한의원,경기도,"3,255 "
1720,한방병원ㆍ한의원,강원도,367 
1721,한방병원ㆍ한의원,충청북도,402 
1722,한방병원ㆍ한의원,충청남도,522 
1723,한방병원ㆍ한의원,전라북도,539 
1724,한방병원ㆍ한의원,전라남도,399 
1725,한방병원ㆍ한의원,경상북도,641 
1726,한방병원ㆍ한의원,경상남도,823 
1727,한방병원ㆍ한의원,제주특별자치도,196 
1728,한식전문점,합계,"390,451 "
1729,한식전문점,서울특별시,"54,097 "
1730,한식전문점,부산광역시,"24,770 "
1731,한식전문점,대구광역시,"19,672 "
1732,한식전문점,인천광역시,"18,181 "
1733,한식전문점,광주광역시,"10,134 "
1734,한식전문점,대전광역시,"11,762 "
1735,한식전문점,울산광역시,"10,896 "
1736,한식전문점,세종특별자치시,"2,108 "
1737,한식전문점,경기도,"80,947 "
1738,한식전문점,강원도,"19,646 "
1739,한식전문점,충청북도,"15,463 "
1740,한식전문점,충청남도,"19,616 "
1741,한식전문점,전라북도,"14,422 "
1742,한식전문점,전라남도,"17,738 "
1743,한식전문점,경상북도,"29,497 "
1744,한식전문점,경상남도,"32,633 "
1745,한식전문점,제주특별자치도,"8,869 "
1746,헬스클럽,합계,"8,037 "
1747,헬스클럽,서울특별시,"1,940 "
1748,헬스클럽,부산광역시,563 
1749,헬스클럽,대구광역시,385 
1750,헬스클럽,인천광역시,429 
1751,헬스클럽,광주광역시,232 
1752,헬스클럽,대전광역시,261 
1753,헬스클럽,울산광역시,130 
1754,헬스클럽,세종특별자치시,41 
1755,헬스클럽,경기도,"1,933 "
1756,헬스클럽,강원도,234 
1757,헬스클럽,충청북도,267 
1758,헬스클럽,충청남도,286 
1759,헬스클럽,전라북도,242 
1760,헬스클럽,전라남도,181 
1761,헬스클럽,경상북도,365 
1762,헬스클럽,경상남도,429 
1763,헬스클럽,제주특별자치도,119 
1764,호프전문점,합계,"31,476 "
1765,호프전문점,서울특별시,"6,553 "
1766,호프전문점,부산광역시,"1,704 "
1767,호프전문점,대구광역시,537 
1768,호프전문점,인천광역시,"1,673 "
1769,호프전문점,광주광역시,"2,142 "
1770,호프전문점,대전광역시,870 
1771,호프전문점,울산광역시,346 
1772,호프전문점,세종특별자치시,130 
1773,호프전문점,경기도,"6,598 "
1774,호프전문점,강원도,"1,327 "
1775,호프전문점,충청북도,"1,672 "
1776,호프전문점,충청남도,"1,499 "
1777,호프전문점,전라북도,"1,275 "
1778,호프전문점,전라남도,"2,204 "
1779,호프전문점,경상북도,983 
1780,호프전문점,경상남도,"1,336 "
1781,호프전문점,제주특별자치도,627 
1782,화장품가게,합계,"34,886 "
1783,화장품가게,서울특별시,"6,599 "
1784,화장품가게,부산광역시,"2,448 "
1785,화장품가게,대구광역시,"2,095 "
1786,화장품가게,인천광역시,"1,421 "
1787,화장품가게,광주광역시,"1,180 "
1788,화장품가게,대전광역시,"1,224 "
1789,화장품가게,울산광역시,973 
1790,화장품가게,세종특별자치시,153 
1791,화장품가게,경기도,"7,925 "
1792,화장품가게,강원도,"1,101 "
1793,화장품가게,충청북도,"1,014 "
1794,화장품가게,충청남도,"1,323 "
1795,화장품가게,전라북도,"1,488 "
1796,화장품가게,전라남도,"1,044 "
1797,화장품가게,경상북도,"1,866 "
1798,화장품가게,경상남도,"2,365 "
1799,화장품가게,제주특별자치도,667 
1800,휴대폰가게,합계,"18,385 "
1801,휴대폰가게,서울특별시,"3,090 "
1802,휴대폰가게,부산광역시,"1,367 "
1803,휴대폰가게,대구광역시,995 
1804,휴대폰가게,인천광역시,982 
1805,휴대폰가게,광주광역시,583 
1806,휴대폰가게,대전광역시,648 
1807,휴대폰가게,울산광역시,495 
1808,휴대폰가게,세종특별자치시,77 
1809,휴대폰가게,경기도,"4,184 "
1810,휴대폰가게,강원도,629 
1811,휴대폰가게,충청북도,546 
1812,휴대폰가게,충청남도,860 
1813,휴대폰가게,전라북도,719 
1814,휴대폰가게,전라남도,594 
1815,휴대폰가게,경상북도,"1,046 "
1816,휴대폰가게,경상남도,"1,331 "
1817,휴대폰가게,제주특별자치도,239 
