,corp,city,2
0, 업종전체,합계," 2,407,656 "
1, 업종전체,서울특별시," 480,266 "
2, 업종전체,인천광역시," 122,585 "
3, 업종전체,경기도," 558,878 "
4, 업종전체,강원도," 85,671 "
5, 업종전체,대전광역시," 70,759 "
6, 업종전체,충청북도," 77,237 "
7, 업종전체,충청남도," 101,352 "
8, 업종전체,세종특별자치시," 12,889 "
9, 업종전체,광주광역시," 70,997 "
10, 업종전체,전라북도," 85,075 "
11, 업종전체,전라남도," 85,418 "
12, 업종전체,대구광역시," 115,230 "
13, 업종전체,경상북도," 129,486 "
14, 업종전체,부산광역시," 158,114 "
15, 업종전체,울산광역시," 51,626 "
16, 업종전체,경상남도," 157,493 "
17, 업종전체,제주특별자치도," 44,580 "
18,LPG 충전소,합계," 1,613 "
19,LPG 충전소,서울특별시, 78 
20,LPG 충전소,인천광역시, 67 
21,LPG 충전소,경기도, 367 
22,LPG 충전소,강원도, 94 
23,LPG 충전소,대전광역시, 38 
24,LPG 충전소,충청북도, 76 
25,LPG 충전소,충청남도, 133 
26,LPG 충전소,세종특별자치시, 4 
27,LPG 충전소,광주광역시, 38 
28,LPG 충전소,전라북도, 108 
29,LPG 충전소,전라남도, 121 
30,LPG 충전소,대구광역시, 44 
31,LPG 충전소,경상북도, 163 
32,LPG 충전소,부산광역시, 59 
33,LPG 충전소,울산광역시, 30 
34,LPG 충전소,경상남도, 158 
35,LPG 충전소,제주특별자치도, 35 
36,PC방,합계," 10,088 "
37,PC방,서울특별시," 1,623 "
38,PC방,인천광역시, 511 
39,PC방,경기도," 2,341 "
40,PC방,강원도, 426 
41,PC방,대전광역시, 324 
42,PC방,충청북도, 339 
43,PC방,충청남도, 437 
44,PC방,세종특별자치시, 43 
45,PC방,광주광역시, 400 
46,PC방,전라북도, 416 
47,PC방,전라남도, 361 
48,PC방,대구광역시, 568 
49,PC방,경상북도, 573 
50,PC방,부산광역시, 643 
51,PC방,울산광역시, 260 
52,PC방,경상남도, 654 
53,PC방,제주특별자치도, 169 
54,가구점,합계," 7,485 "
55,가구점,서울특별시," 1,018 "
56,가구점,인천광역시, 302 
57,가구점,경기도," 1,934 "
58,가구점,강원도, 300 
59,가구점,대전광역시, 211 
60,가구점,충청북도, 280 
61,가구점,충청남도, 293 
62,가구점,세종특별자치시, 26 
63,가구점,광주광역시, 214 
64,가구점,전라북도, 397 
65,가구점,전라남도, 272 
66,가구점,대구광역시, 368 
67,가구점,경상북도, 472 
68,가구점,부산광역시, 502 
69,가구점,울산광역시, 171 
70,가구점,경상남도, 536 
71,가구점,제주특별자치도, 189 
72,가전제품수리점,합계," 15,676 "
73,가전제품수리점,서울특별시," 2,604 "
74,가전제품수리점,인천광역시," 1,103 "
75,가전제품수리점,경기도," 4,578 "
76,가전제품수리점,강원도, 541 
77,가전제품수리점,대전광역시, 535 
78,가전제품수리점,충청북도, 458 
79,가전제품수리점,충청남도, 646 
80,가전제품수리점,세종특별자치시, 71 
81,가전제품수리점,광주광역시, 459 
82,가전제품수리점,전라북도, 513 
83,가전제품수리점,전라남도, 506 
84,가전제품수리점,대구광역시, 754 
85,가전제품수리점,경상북도, 561 
86,가전제품수리점,부산광역시, 942 
87,가전제품수리점,울산광역시, 300 
88,가전제품수리점,경상남도, 910 
89,가전제품수리점,제주특별자치도, 195 
90,가전제품판매점,합계," 10,022 "
91,가전제품판매점,서울특별시," 1,523 "
92,가전제품판매점,인천광역시, 370 
93,가전제품판매점,경기도," 1,942 "
94,가전제품판매점,강원도, 462 
95,가전제품판매점,대전광역시, 297 
96,가전제품판매점,충청북도, 433 
97,가전제품판매점,충청남도, 516 
98,가전제품판매점,세종특별자치시, 42 
99,가전제품판매점,광주광역시, 348 
100,가전제품판매점,전라북도, 527 
101,가전제품판매점,전라남도, 571 
102,가전제품판매점,대구광역시, 512 
103,가전제품판매점,경상북도, 695 
104,가전제품판매점,부산광역시, 611 
105,가전제품판매점,울산광역시, 198 
106,가전제품판매점,경상남도, 737 
107,가전제품판매점,제주특별자치도, 238 
108,간이주점,합계," 14,308 "
109,간이주점,서울특별시," 4,619 "
110,간이주점,인천광역시," 1,476 "
111,간이주점,경기도," 2,808 "
112,간이주점,강원도, 425 
113,간이주점,대전광역시, 76 
114,간이주점,충청북도, 467 
115,간이주점,충청남도, 643 
116,간이주점,세종특별자치시, 14 
117,간이주점,광주광역시, 191 
118,간이주점,전라북도, 326 
119,간이주점,전라남도, 253 
120,간이주점,대구광역시, 275 
121,간이주점,경상북도, 384 
122,간이주점,부산광역시, 911 
123,간이주점,울산광역시, 110 
124,간이주점,경상남도," 1,153 "
125,간이주점,제주특별자치도, 177 
126,간판광고물업,합계," 12,991 "
127,간판광고물업,서울특별시," 2,655 "
128,간판광고물업,인천광역시, 552 
129,간판광고물업,경기도," 3,188 "
130,간판광고물업,강원도, 514 
131,간판광고물업,대전광역시, 393 
132,간판광고물업,충청북도, 376 
133,간판광고물업,충청남도, 458 
134,간판광고물업,세종특별자치시, 29 
135,간판광고물업,광주광역시, 434 
136,간판광고물업,전라북도, 500 
137,간판광고물업,전라남도, 472 
138,간판광고물업,대구광역시, 767 
139,간판광고물업,경상북도, 662 
140,간판광고물업,부산광역시, 837 
141,간판광고물업,울산광역시, 261 
142,간판광고물업,경상남도, 696 
143,간판광고물업,제주특별자치도, 197 
144,감정평가사,합계," 1,169 "
145,감정평가사,서울특별시, 253 
146,감정평가사,인천광역시, 77 
147,감정평가사,경기도, 379 
148,감정평가사,강원도, 33 
149,감정평가사,대전광역시, 30 
150,감정평가사,충청북도, 28 
151,감정평가사,충청남도, 35 
152,감정평가사,세종특별자치시, 12 
153,감정평가사,광주광역시, 36 
154,감정평가사,전라북도, 38 
155,감정평가사,전라남도, 19 
156,감정평가사,대구광역시, 55 
157,감정평가사,경상북도, 21 
158,감정평가사,부산광역시, 56 
159,감정평가사,울산광역시, 19 
160,감정평가사,경상남도, 63 
161,감정평가사,제주특별자치도, 15 
162,건강보조식품가게,합계," 13,495 "
163,건강보조식품가게,서울특별시," 2,173 "
164,건강보조식품가게,인천광역시, 647 
165,건강보조식품가게,경기도," 2,681 "
166,건강보조식품가게,강원도, 504 
167,건강보조식품가게,대전광역시, 457 
168,건강보조식품가게,충청북도, 437 
169,건강보조식품가게,충청남도," 1,249 "
170,건강보조식품가게,세종특별자치시, 52 
171,건강보조식품가게,광주광역시, 399 
172,건강보조식품가게,전라북도, 707 
173,건강보조식품가게,전라남도, 494 
174,건강보조식품가게,대구광역시, 581 
175,건강보조식품가게,경상북도, 899 
176,건강보조식품가게,부산광역시, 832 
177,건강보조식품가게,울산광역시, 216 
178,건강보조식품가게,경상남도," 1,003 "
179,건강보조식품가게,제주특별자치도, 164 
180,건어물가게,합계," 7,176 "
181,건어물가게,서울특별시, 748 
182,건어물가게,인천광역시, 372 
183,건어물가게,경기도, 812 
184,건어물가게,강원도, 654 
185,건어물가게,대전광역시, 123 
186,건어물가게,충청북도, 114 
187,건어물가게,충청남도, 629 
188,건어물가게,세종특별자치시, 12 
189,건어물가게,광주광역시, 176 
190,건어물가게,전라북도, 366 
191,건어물가게,전라남도, 931 
192,건어물가게,대구광역시, 151 
193,건어물가게,경상북도, 654 
194,건어물가게,부산광역시, 490 
195,건어물가게,울산광역시, 129 
196,건어물가게,경상남도, 706 
197,건어물가게,제주특별자치도, 109 
198,건축사,합계," 9,997 "
199,건축사,서울특별시," 2,570 "
200,건축사,인천광역시, 347 
201,건축사,경기도," 2,108 "
202,건축사,강원도, 337 
203,건축사,대전광역시, 214 
204,건축사,충청북도, 286 
205,건축사,충청남도, 351 
206,건축사,세종특별자치시, 57 
207,건축사,광주광역시, 239 
208,건축사,전라북도, 358 
209,건축사,전라남도, 275 
210,건축사,대구광역시, 671 
211,건축사,경상북도, 475 
212,건축사,부산광역시, 679 
213,건축사,울산광역시, 215 
214,건축사,경상남도, 521 
215,건축사,제주특별자치도, 294 
216,결혼상담소,합계," 1,599 "
217,결혼상담소,서울특별시, 432 
218,결혼상담소,인천광역시, 65 
219,결혼상담소,경기도, 246 
220,결혼상담소,강원도, 29 
221,결혼상담소,대전광역시, 67 
222,결혼상담소,충청북도, 52 
223,결혼상담소,충청남도, 73 
224,결혼상담소,세종특별자치시, 6 
225,결혼상담소,광주광역시, 80 
226,결혼상담소,전라북도, 80 
227,결혼상담소,전라남도, 46 
228,결혼상담소,대구광역시, 106 
229,결혼상담소,경상북도, 55 
230,결혼상담소,부산광역시, 109 
231,결혼상담소,울산광역시, 26 
232,결혼상담소,경상남도, 95 
233,결혼상담소,제주특별자치도, 32 
234,곡물가게,합계," 5,005 "
235,곡물가게,서울특별시, 648 
236,곡물가게,인천광역시, 197 
237,곡물가게,경기도, 881 
238,곡물가게,강원도, 337 
239,곡물가게,대전광역시, 147 
240,곡물가게,충청북도, 243 
241,곡물가게,충청남도, 390 
242,곡물가게,세종특별자치시, 30 
243,곡물가게,광주광역시, 116 
244,곡물가게,전라북도, 369 
245,곡물가게,전라남도, 387 
246,곡물가게,대구광역시, 183 
247,곡물가게,경상북도, 360 
248,곡물가게,부산광역시, 334 
249,곡물가게,울산광역시, 42 
250,곡물가게,경상남도, 276 
251,곡물가게,제주특별자치도, 65 
252,공인노무사,합계, 915 
253,공인노무사,서울특별시, 401 
254,공인노무사,인천광역시, 38 
255,공인노무사,경기도, 150 
256,공인노무사,강원도, 15 
257,공인노무사,대전광역시, 20 
258,공인노무사,충청북도, 18 
259,공인노무사,충청남도, 24 
260,공인노무사,세종특별자치시, 5 
261,공인노무사,광주광역시, 30 
262,공인노무사,전라북도, 24 
263,공인노무사,전라남도, 9 
264,공인노무사,대구광역시, 32 
265,공인노무사,경상북도, 16 
266,공인노무사,부산광역시, 59 
267,공인노무사,울산광역시, 24 
268,공인노무사,경상남도, 40 
269,공인노무사,제주특별자치도, 10 
270,공인회계사,합계," 1,830 "
271,공인회계사,서울특별시, 839 
272,공인회계사,인천광역시, 68 
273,공인회계사,경기도, 311 
274,공인회계사,강원도, 13 
275,공인회계사,대전광역시, 38 
276,공인회계사,충청북도, 33 
277,공인회계사,충청남도, 43 
278,공인회계사,세종특별자치시, 11 
279,공인회계사,광주광역시, 37 
280,공인회계사,전라북도, 36 
281,공인회계사,전라남도, 23 
282,공인회계사,대구광역시, 88 
283,공인회계사,경상북도, 30 
284,공인회계사,부산광역시, 130 
285,공인회계사,울산광역시, 26 
286,공인회계사,경상남도, 75 
287,공인회계사,제주특별자치도, 29 
288,과일가게,합계," 11,795 "
289,과일가게,서울특별시," 1,234 "
290,과일가게,인천광역시, 414 
291,과일가게,경기도," 1,831 "
292,과일가게,강원도, 300 
293,과일가게,대전광역시, 306 
294,과일가게,충청북도, 648 
295,과일가게,충청남도, 656 
296,과일가게,세종특별자치시, 105 
297,과일가게,광주광역시, 292 
298,과일가게,전라북도, 580 
299,과일가게,전라남도, 656 
300,과일가게,대구광역시, 370 
301,과일가게,경상북도," 1,376 "
302,과일가게,부산광역시, 602 
303,과일가게,울산광역시, 155 
304,과일가게,경상남도," 1,205 "
305,과일가게,제주특별자치도," 1,065 "
306,교습소･공부방,합계," 34,286 "
307,교습소･공부방,서울특별시," 7,288 "
308,교습소･공부방,인천광역시," 1,663 "
309,교습소･공부방,경기도," 8,413 "
310,교습소･공부방,강원도, 904 
311,교습소･공부방,대전광역시," 1,361 "
312,교습소･공부방,충청북도, 827 
313,교습소･공부방,충청남도," 1,168 "
314,교습소･공부방,세종특별자치시, 257 
315,교습소･공부방,광주광역시, 751 
316,교습소･공부방,전라북도, 759 
317,교습소･공부방,전라남도, 669 
318,교습소･공부방,대구광역시," 2,573 "
319,교습소･공부방,경상북도," 1,762 "
320,교습소･공부방,부산광역시," 2,509 "
321,교습소･공부방,울산광역시, 733 
322,교습소･공부방,경상남도," 2,090 "
323,교습소･공부방,제주특별자치도, 559 
324,교습학원,합계," 56,102 "
325,교습학원,서울특별시," 10,335 "
326,교습학원,인천광역시," 2,516 "
327,교습학원,경기도," 14,934 "
328,교습학원,강원도," 1,458 "
329,교습학원,대전광역시," 1,268 "
330,교습학원,충청북도," 1,441 "
331,교습학원,충청남도," 1,851 "
332,교습학원,세종특별자치시, 430 
333,교습학원,광주광역시," 2,422 "
334,교습학원,전라북도," 2,412 "
335,교습학원,전라남도," 1,811 "
336,교습학원,대구광역시," 2,660 "
337,교습학원,경상북도," 2,609 "
338,교습학원,부산광역시," 3,545 "
339,교습학원,울산광역시," 1,655 "
340,교습학원,경상남도," 4,040 "
341,교습학원,제주특별자치도, 715 
342,구내식당,합계," 21,616 "
343,구내식당,서울특별시," 3,896 "
344,구내식당,인천광역시," 1,373 "
345,구내식당,경기도," 5,253 "
346,구내식당,강원도, 619 
347,구내식당,대전광역시, 702 
348,구내식당,충청북도, 763 
349,구내식당,충청남도," 1,038 "
350,구내식당,세종특별자치시, 78 
351,구내식당,광주광역시, 399 
352,구내식당,전라북도, 794 
353,구내식당,전라남도, 649 
354,구내식당,대구광역시, 883 
355,구내식당,경상북도," 1,301 "
356,구내식당,부산광역시," 1,440 "
357,구내식당,울산광역시, 424 
358,구내식당,경상남도," 1,841 "
359,구내식당,제주특별자치도, 163 
360,기술및직업훈련학원,합계," 14,058 "
361,기술및직업훈련학원,서울특별시," 3,145 "
362,기술및직업훈련학원,인천광역시, 588 
363,기술및직업훈련학원,경기도," 3,163 "
364,기술및직업훈련학원,강원도, 421 
365,기술및직업훈련학원,대전광역시, 479 
366,기술및직업훈련학원,충청북도, 381 
367,기술및직업훈련학원,충청남도, 534 
368,기술및직업훈련학원,세종특별자치시, 115 
369,기술및직업훈련학원,광주광역시, 499 
370,기술및직업훈련학원,전라북도, 523 
371,기술및직업훈련학원,전라남도, 431 
372,기술및직업훈련학원,대구광역시, 790 
373,기술및직업훈련학원,경상북도, 563 
374,기술및직업훈련학원,부산광역시, 966 
375,기술및직업훈련학원,울산광역시, 330 
376,기술및직업훈련학원,경상남도, 861 
377,기술및직업훈련학원,제주특별자치도, 269 
378,기술사,합계," 1,086 "
379,기술사,서울특별시, 299 
380,기술사,인천광역시, 28 
381,기술사,경기도, 252 
382,기술사,강원도, 41 
383,기술사,대전광역시, 26 
384,기술사,충청북도, 34 
385,기술사,충청남도, 31 
386,기술사,세종특별자치시, 3 
387,기술사,광주광역시, 34 
388,기술사,전라북도, 34 
389,기술사,전라남도, 37 
390,기술사,대구광역시, 34 
391,기술사,경상북도, 43 
392,기술사,부산광역시, 66 
393,기술사,울산광역시, 20 
394,기술사,경상남도, 86 
395,기술사,제주특별자치도, 18 
396,기타 일반의원,합계," 3,293 "
397,기타 일반의원,서울특별시, 903 
398,기타 일반의원,인천광역시, 148 
399,기타 일반의원,경기도, 655 
400,기타 일반의원,강원도, 67 
401,기타 일반의원,대전광역시, 145 
402,기타 일반의원,충청북도, 94 
403,기타 일반의원,충청남도, 101 
404,기타 일반의원,세종특별자치시, 20 
405,기타 일반의원,광주광역시, 129 
406,기타 일반의원,전라북도, 173 
407,기타 일반의원,전라남도, 108 
408,기타 일반의원,대구광역시, 161 
409,기타 일반의원,경상북도, 106 
410,기타 일반의원,부산광역시, 228 
411,기타 일반의원,울산광역시, 51 
412,기타 일반의원,경상남도, 147 
413,기타 일반의원,제주특별자치도, 57 
414,기타외국식전문점,합계," 23,870 "
415,기타외국식전문점,서울특별시," 7,295 "
416,기타외국식전문점,인천광역시, 806 
417,기타외국식전문점,경기도," 5,022 "
418,기타외국식전문점,강원도, 775 
419,기타외국식전문점,대전광역시, 597 
420,기타외국식전문점,충청북도, 526 
421,기타외국식전문점,충청남도, 676 
422,기타외국식전문점,세종특별자치시, 160 
423,기타외국식전문점,광주광역시, 384 
424,기타외국식전문점,전라북도, 755 
425,기타외국식전문점,전라남도, 416 
426,기타외국식전문점,대구광역시," 1,214 "
427,기타외국식전문점,경상북도, 697 
428,기타외국식전문점,부산광역시," 1,826 "
429,기타외국식전문점,울산광역시, 688 
430,기타외국식전문점,경상남도," 1,217 "
431,기타외국식전문점,제주특별자치도, 816 
432,기타음식점,합계," 23,385 "
433,기타음식점,서울특별시," 4,474 "
434,기타음식점,인천광역시, 963 
435,기타음식점,경기도," 5,453 "
436,기타음식점,강원도," 1,038 "
437,기타음식점,대전광역시, 572 
438,기타음식점,충청북도, 734 
439,기타음식점,충청남도, 965 
440,기타음식점,세종특별자치시, 106 
441,기타음식점,광주광역시, 971 
442,기타음식점,전라북도, 707 
443,기타음식점,전라남도, 797 
444,기타음식점,대구광역시," 1,241 "
445,기타음식점,경상북도," 1,142 "
446,기타음식점,부산광역시," 1,597 "
447,기타음식점,울산광역시, 499 
448,기타음식점,경상남도," 1,718 "
449,기타음식점,제주특별자치도, 408 
450,꽃가게,합계," 23,767 "
451,꽃가게,서울특별시," 4,357 "
452,꽃가게,인천광역시, 944 
453,꽃가게,경기도," 5,501 "
454,꽃가게,강원도, 743 
455,꽃가게,대전광역시, 698 
456,꽃가게,충청북도, 891 
457,꽃가게,충청남도," 1,089 "
458,꽃가게,세종특별자치시, 103 
459,꽃가게,광주광역시, 768 
460,꽃가게,전라북도," 1,080 "
461,꽃가게,전라남도," 1,141 "
462,꽃가게,대구광역시," 1,133 "
463,꽃가게,경상북도," 1,405 "
464,꽃가게,부산광역시," 1,281 "
465,꽃가게,울산광역시, 518 
466,꽃가게,경상남도," 1,756 "
467,꽃가게,제주특별자치도, 359 
468,내과ㆍ소아과 의원,합계," 11,425 "
469,내과ㆍ소아과 의원,서울특별시," 2,490 "
470,내과ㆍ소아과 의원,인천광역시, 592 
471,내과ㆍ소아과 의원,경기도," 2,617 "
472,내과ㆍ소아과 의원,강원도, 324 
473,내과ㆍ소아과 의원,대전광역시, 379 
474,내과ㆍ소아과 의원,충청북도, 324 
475,내과ㆍ소아과 의원,충청남도, 439 
476,내과ㆍ소아과 의원,세종특별자치시, 64 
477,내과ㆍ소아과 의원,광주광역시, 331 
478,내과ㆍ소아과 의원,전라북도, 426 
479,내과ㆍ소아과 의원,전라남도, 441 
480,내과ㆍ소아과 의원,대구광역시, 572 
481,내과ㆍ소아과 의원,경상북도, 538 
482,내과ㆍ소아과 의원,부산광역시, 826 
483,내과ㆍ소아과 의원,울산광역시, 226 
484,내과ㆍ소아과 의원,경상남도, 681 
485,내과ㆍ소아과 의원,제주특별자치도, 155 
486,노래방,합계," 30,244 "
487,노래방,서울특별시," 5,744 "
488,노래방,인천광역시," 2,315 "
489,노래방,경기도," 7,235 "
490,노래방,강원도, 841 
491,노래방,대전광역시," 1,312 "
492,노래방,충청북도," 1,147 "
493,노래방,충청남도," 1,205 "
494,노래방,세종특별자치시, 145 
495,노래방,광주광역시," 1,070 "
496,노래방,전라북도, 838 
497,노래방,전라남도, 737 
498,노래방,대구광역시," 1,694 "
499,노래방,경상북도," 1,577 "
500,노래방,부산광역시," 1,732 "
501,노래방,울산광역시, 749 
502,노래방,경상남도," 1,602 "
503,노래방,제주특별자치도, 301 
504,담배가게,합계," 12,506 "
505,담배가게,서울특별시," 2,199 "
506,담배가게,인천광역시, 356 
507,담배가게,경기도," 1,625 "
508,담배가게,강원도, 576 
509,담배가게,대전광역시, 283 
510,담배가게,충청북도, 527 
511,담배가게,충청남도, 584 
512,담배가게,세종특별자치시, 39 
513,담배가게,광주광역시, 296 
514,담배가게,전라북도, 631 
515,담배가게,전라남도, 966 
516,담배가게,대구광역시, 497 
517,담배가게,경상북도," 1,328 "
518,담배가게,부산광역시," 1,134 "
519,담배가게,울산광역시, 229 
520,담배가게,경상남도," 1,066 "
521,담배가게,제주특별자치도, 170 
522,당구장,합계," 18,130 "
523,당구장,서울특별시," 3,188 "
524,당구장,인천광역시," 1,140 "
525,당구장,경기도," 4,668 "
526,당구장,강원도, 790 
527,당구장,대전광역시, 517 
528,당구장,충청북도, 705 
529,당구장,충청남도, 806 
530,당구장,세종특별자치시, 91 
531,당구장,광주광역시, 488 
532,당구장,전라북도, 595 
533,당구장,전라남도, 700 
534,당구장,대구광역시, 651 
535,당구장,경상북도, 911 
536,당구장,부산광역시, 958 
537,당구장,울산광역시, 504 
538,당구장,경상남도," 1,099 "
539,당구장,제주특별자치도, 319 
540,독서실,합계," 9,666 "
541,독서실,서울특별시," 3,402 "
542,독서실,인천광역시, 436 
543,독서실,경기도," 2,360 "
544,독서실,강원도, 155 
545,독서실,대전광역시, 242 
546,독서실,충청북도, 195 
547,독서실,충청남도, 236 
548,독서실,세종특별자치시, 38 
549,독서실,광주광역시, 371 
550,독서실,전라북도, 272 
551,독서실,전라남도, 171 
552,독서실,대구광역시, 409 
553,독서실,경상북도, 239 
554,독서실,부산광역시, 435 
555,독서실,울산광역시, 235 
556,독서실,경상남도, 387 
557,독서실,제주특별자치도, 83 
558,동물병원,합계," 4,098 "
559,동물병원,서울특별시, 819 
560,동물병원,인천광역시, 188 
561,동물병원,경기도," 1,055 "
562,동물병원,강원도, 100 
563,동물병원,대전광역시, 98 
564,동물병원,충청북도, 109 
565,동물병원,충청남도, 188 
566,동물병원,세종특별자치시, 25 
567,동물병원,광주광역시, 107 
568,동물병원,전라북도, 160 
569,동물병원,전라남도, 160 
570,동물병원,대구광역시, 167 
571,동물병원,경상북도, 266 
572,동물병원,부산광역시, 238 
573,동물병원,울산광역시, 73 
574,동물병원,경상남도, 272 
575,동물병원,제주특별자치도, 73 
576,목욕탕,합계," 5,500 "
577,목욕탕,서울특별시, 716 
578,목욕탕,인천광역시, 212 
579,목욕탕,경기도, 757 
580,목욕탕,강원도, 181 
581,목욕탕,대전광역시, 99 
582,목욕탕,충청북도, 148 
583,목욕탕,충청남도, 200 
584,목욕탕,세종특별자치시, 13 
585,목욕탕,광주광역시, 181 
586,목욕탕,전라북도, 206 
587,목욕탕,전라남도, 294 
588,목욕탕,대구광역시, 267 
589,목욕탕,경상북도, 419 
590,목욕탕,부산광역시, 742 
591,목욕탕,울산광역시, 182 
592,목욕탕,경상남도, 769 
593,목욕탕,제주특별자치도, 114 
594,문구점,합계," 9,173 "
595,문구점,서울특별시," 1,546 "
596,문구점,인천광역시, 481 
597,문구점,경기도," 2,126 "
598,문구점,강원도, 375 
599,문구점,대전광역시, 322 
600,문구점,충청북도, 325 
601,문구점,충청남도, 438 
602,문구점,세종특별자치시, 79 
603,문구점,광주광역시, 291 
604,문구점,전라북도, 423 
605,문구점,전라남도, 409 
606,문구점,대구광역시, 343 
607,문구점,경상북도, 529 
608,문구점,부산광역시, 521 
609,문구점,울산광역시, 197 
610,문구점,경상남도, 617 
611,문구점,제주특별자치도, 151 
612,미용실,합계," 102,117 "
613,미용실,서울특별시," 18,072 "
614,미용실,인천광역시," 5,452 "
615,미용실,경기도," 23,066 "
616,미용실,강원도," 3,576 "
617,미용실,대전광역시," 3,332 "
618,미용실,충청북도," 3,477 "
619,미용실,충청남도," 4,256 "
620,미용실,세종특별자치시, 417 
621,미용실,광주광역시," 3,243 "
622,미용실,전라북도," 3,889 "
623,미용실,전라남도," 3,513 "
624,미용실,대구광역시," 5,445 "
625,미용실,경상북도," 5,870 "
626,미용실,부산광역시," 7,491 "
627,미용실,울산광역시," 2,617 "
628,미용실,경상남도," 7,032 "
629,미용실,제주특별자치도," 1,369 "
630,법무사,합계," 6,489 "
631,법무사,서울특별시," 1,950 "
632,법무사,인천광역시, 286 
633,법무사,경기도," 1,221 "
634,법무사,강원도, 189 
635,법무사,대전광역시, 165 
636,법무사,충청북도, 169 
637,법무사,충청남도, 218 
638,법무사,세종특별자치시, 22 
639,법무사,광주광역시, 222 
640,법무사,전라북도, 239 
641,법무사,전라남도, 211 
642,법무사,대구광역시, 298 
643,법무사,경상북도, 262 
644,법무사,부산광역시, 455 
645,법무사,울산광역시, 113 
646,법무사,경상남도, 385 
647,법무사,제주특별자치도, 84 
648,변리사,합계," 1,035 "
649,변리사,서울특별시, 734 
650,변리사,인천광역시, 15 
651,변리사,경기도, 90 
652,변리사,강원도, * 
653,변리사,대전광역시, 88 
654,변리사,충청북도, 4 
655,변리사,충청남도, 6 
656,변리사,세종특별자치시, * 
657,변리사,광주광역시, 11 
658,변리사,전라북도, 6 
659,변리사,전라남도, 4 
660,변리사,대구광역시, 23 
661,변리사,경상북도, 4 
662,변리사,부산광역시, 28 
663,변리사,울산광역시, 6 
664,변리사,경상남도, 12 
665,변리사,제주특별자치도, * 
666,변호사,합계," 7,407 "
667,변호사,서울특별시," 3,816 "
668,변호사,인천광역시, 250 
669,변호사,경기도, 973 
670,변호사,강원도, 118 
671,변호사,대전광역시, 226 
672,변호사,충청북도, 106 
673,변호사,충청남도, 142 
674,변호사,세종특별자치시, 18 
675,변호사,광주광역시, 217 
676,변호사,전라북도, 186 
677,변호사,전라남도, 95 
678,변호사,대구광역시, 281 
679,변호사,경상북도, 117 
680,변호사,부산광역시, 433 
681,변호사,울산광역시, 120 
682,변호사,경상남도, 222 
683,변호사,제주특별자치도, 87 
684,부동산중개업,합계," 126,227 "
685,부동산중개업,서울특별시," 31,173 "
686,부동산중개업,인천광역시," 6,802 "
687,부동산중개업,경기도," 35,294 "
688,부동산중개업,강원도," 2,610 "
689,부동산중개업,대전광역시," 3,320 "
690,부동산중개업,충청북도," 2,852 "
691,부동산중개업,충청남도," 4,168 "
692,부동산중개업,세종특별자치시," 1,368 "
693,부동산중개업,광주광역시," 4,132 "
694,부동산중개업,전라북도," 3,193 "
695,부동산중개업,전라남도," 2,243 "
696,부동산중개업,대구광역시," 5,776 "
697,부동산중개업,경상북도," 4,135 "
698,부동산중개업,부산광역시," 8,021 "
699,부동산중개업,울산광역시," 2,313 "
700,부동산중개업,경상남도," 6,828 "
701,부동산중개업,제주특별자치도," 1,999 "
702,분식점,합계," 54,016 "
703,분식점,서울특별시," 10,912 "
704,분식점,인천광역시," 2,575 "
705,분식점,경기도," 12,701 "
706,분식점,강원도," 1,632 "
707,분식점,대전광역시," 1,969 "
708,분식점,충청북도," 2,221 "
709,분식점,충청남도," 2,329 "
710,분식점,세종특별자치시, 207 
711,분식점,광주광역시," 1,562 "
712,분식점,전라북도," 1,963 "
713,분식점,전라남도," 1,477 "
714,분식점,대구광역시," 2,465 "
715,분식점,경상북도," 2,483 "
716,분식점,부산광역시," 4,027 "
717,분식점,울산광역시, 760 
718,분식점,경상남도," 3,939 "
719,분식점,제주특별자치도, 794 
720,사진촬영업,합계," 14,215 "
721,사진촬영업,서울특별시," 4,632 "
722,사진촬영업,인천광역시, 664 
723,사진촬영업,경기도," 3,036 "
724,사진촬영업,강원도, 415 
725,사진촬영업,대전광역시, 401 
726,사진촬영업,충청북도, 310 
727,사진촬영업,충청남도, 396 
728,사진촬영업,세종특별자치시, 56 
729,사진촬영업,광주광역시, 398 
730,사진촬영업,전라북도, 430 
731,사진촬영업,전라남도, 330 
732,사진촬영업,대구광역시, 644 
733,사진촬영업,경상북도, 518 
734,사진촬영업,부산광역시, 822 
735,사진촬영업,울산광역시, 222 
736,사진촬영업,경상남도, 599 
737,사진촬영업,제주특별자치도, 342 
738,산부인과 의원,합계," 1,676 "
739,산부인과 의원,서울특별시, 503 
740,산부인과 의원,인천광역시, 81 
741,산부인과 의원,경기도, 337 
742,산부인과 의원,강원도, 37 
743,산부인과 의원,대전광역시, 60 
744,산부인과 의원,충청북도, 45 
745,산부인과 의원,충청남도, 48 
746,산부인과 의원,세종특별자치시, 9 
747,산부인과 의원,광주광역시, 51 
748,산부인과 의원,전라북도, 56 
749,산부인과 의원,전라남도, 24 
750,산부인과 의원,대구광역시, 107 
751,산부인과 의원,경상북도, 67 
752,산부인과 의원,부산광역시, 99 
753,산부인과 의원,울산광역시, 44 
754,산부인과 의원,경상남도, 84 
755,산부인과 의원,제주특별자치도, 24 
756,생선가게,합계," 11,351 "
757,생선가게,서울특별시," 1,450 "
758,생선가게,인천광역시, 749 
759,생선가게,경기도," 1,223 "
760,생선가게,강원도, 528 
761,생선가게,대전광역시, 155 
762,생선가게,충청북도, 163 
763,생선가게,충청남도, 707 
764,생선가게,세종특별자치시, 25 
765,생선가게,광주광역시, 318 
766,생선가게,전라북도, 598 
767,생선가게,전라남도," 1,581 "
768,생선가게,대구광역시, 218 
769,생선가게,경상북도, 862 
770,생선가게,부산광역시," 1,063 "
771,생선가게,울산광역시, 400 
772,생선가게,경상남도, 875 
773,생선가게,제주특별자치도, 436 
774,서점,합계," 8,319 "
775,서점,서울특별시," 1,643 "
776,서점,인천광역시, 367 
777,서점,경기도," 1,960 "
778,서점,강원도, 238 
779,서점,대전광역시, 330 
780,서점,충청북도, 249 
781,서점,충청남도, 348 
782,서점,세종특별자치시, 67 
783,서점,광주광역시, 277 
784,서점,전라북도, 340 
785,서점,전라남도, 249 
786,서점,대구광역시, 490 
787,서점,경상북도, 382 
788,서점,부산광역시, 554 
789,서점,울산광역시, 190 
790,서점,경상남도, 494 
791,서점,제주특별자치도, 141 
792,성형외과 의원,합계," 1,480 "
793,성형외과 의원,서울특별시, 727 
794,성형외과 의원,인천광역시, 48 
795,성형외과 의원,경기도, 188 
796,성형외과 의원,강원도, 17 
797,성형외과 의원,대전광역시, 45 
798,성형외과 의원,충청북도, 23 
799,성형외과 의원,충청남도, 28 
800,성형외과 의원,세종특별자치시, 5 
801,성형외과 의원,광주광역시, 47 
802,성형외과 의원,전라북도, 26 
803,성형외과 의원,전라남도, 16 
804,성형외과 의원,대구광역시, 77 
805,성형외과 의원,경상북도, 16 
806,성형외과 의원,부산광역시, 138 
807,성형외과 의원,울산광역시, 19 
808,성형외과 의원,경상남도, 39 
809,성형외과 의원,제주특별자치도, 21 
810,세무사,합계," 12,528 "
811,세무사,서울특별시," 5,161 "
812,세무사,인천광역시, 525 
813,세무사,경기도," 2,779 "
814,세무사,강원도, 174 
815,세무사,대전광역시, 280 
816,세무사,충청북도, 170 
817,세무사,충청남도, 262 
818,세무사,세종특별자치시, 42 
819,세무사,광주광역시, 303 
820,세무사,전라북도, 266 
821,세무사,전라남도, 132 
822,세무사,대구광역시, 555 
823,세무사,경상북도, 236 
824,세무사,부산광역시, 944 
825,세무사,울산광역시, 166 
826,세무사,경상남도, 423 
827,세무사,제주특별자치도, 110 
828,세탁소,합계," 23,384 "
829,세탁소,서울특별시," 4,563 "
830,세탁소,인천광역시," 1,244 "
831,세탁소,경기도," 5,373 "
832,세탁소,강원도, 934 
833,세탁소,대전광역시, 883 
834,세탁소,충청북도, 887 
835,세탁소,충청남도," 1,125 "
836,세탁소,세종특별자치시, 98 
837,세탁소,광주광역시, 862 
838,세탁소,전라북도, 892 
839,세탁소,전라남도, 805 
840,세탁소,대구광역시, 848 
841,세탁소,경상북도," 1,252 "
842,세탁소,부산광역시," 1,311 "
843,세탁소,울산광역시, 439 
844,세탁소,경상남도," 1,271 "
845,세탁소,제주특별자치도, 597 
846,슈퍼마켓,합계," 29,226 "
847,슈퍼마켓,서울특별시," 3,913 "
848,슈퍼마켓,인천광역시," 1,817 "
849,슈퍼마켓,경기도," 7,865 "
850,슈퍼마켓,강원도," 1,010 "
851,슈퍼마켓,대전광역시, 684 
852,슈퍼마켓,충청북도, 979 
853,슈퍼마켓,충청남도," 1,214 "
854,슈퍼마켓,세종특별자치시, 137 
855,슈퍼마켓,광주광역시, 853 
856,슈퍼마켓,전라북도, 989 
857,슈퍼마켓,전라남도," 1,196 "
858,슈퍼마켓,대구광역시," 1,672 "
859,슈퍼마켓,경상북도," 1,831 "
860,슈퍼마켓,부산광역시," 1,861 "
861,슈퍼마켓,울산광역시, 869 
862,슈퍼마켓,경상남도," 1,920 "
863,슈퍼마켓,제주특별자치도, 416 
864,스포츠교육기관,합계," 25,151 "
865,스포츠교육기관,서울특별시," 4,621 "
866,스포츠교육기관,인천광역시," 1,358 "
867,스포츠교육기관,경기도," 6,559 "
868,스포츠교육기관,강원도, 692 
869,스포츠교육기관,대전광역시, 823 
870,스포츠교육기관,충청북도, 741 
871,스포츠교육기관,충청남도, 911 
872,스포츠교육기관,세종특별자치시, 200 
873,스포츠교육기관,광주광역시, 917 
874,스포츠교육기관,전라북도, 828 
875,스포츠교육기관,전라남도, 715 
876,스포츠교육기관,대구광역시," 1,223 "
877,스포츠교육기관,경상북도," 1,160 "
878,스포츠교육기관,부산광역시," 1,664 "
879,스포츠교육기관,울산광역시, 577 
880,스포츠교육기관,경상남도," 1,750 "
881,스포츠교육기관,제주특별자치도, 412 
882,스포츠시설운영업,합계," 8,060 "
883,스포츠시설운영업,서울특별시," 2,214 "
884,스포츠시설운영업,인천광역시, 416 
885,스포츠시설운영업,경기도," 2,157 "
886,스포츠시설운영업,강원도, 240 
887,스포츠시설운영업,대전광역시, 184 
888,스포츠시설운영업,충청북도, 183 
889,스포츠시설운영업,충청남도, 215 
890,스포츠시설운영업,세종특별자치시, 42 
891,스포츠시설운영업,광주광역시, 250 
892,스포츠시설운영업,전라북도, 258 
893,스포츠시설운영업,전라남도, 176 
894,스포츠시설운영업,대구광역시, 301 
895,스포츠시설운영업,경상북도, 286 
896,스포츠시설운영업,부산광역시, 469 
897,스포츠시설운영업,울산광역시, 140 
898,스포츠시설운영업,경상남도, 398 
899,스포츠시설운영업,제주특별자치도, 131 
900,스포츠용품점,합계," 14,990 "
901,스포츠용품점,서울특별시," 1,460 "
902,스포츠용품점,인천광역시, 506 
903,스포츠용품점,경기도," 3,171 "
904,스포츠용품점,강원도, 860 
905,스포츠용품점,대전광역시, 376 
906,스포츠용품점,충청북도, 648 
907,스포츠용품점,충청남도," 1,002 "
908,스포츠용품점,세종특별자치시, 66 
909,스포츠용품점,광주광역시, 423 
910,스포츠용품점,전라북도, 888 
911,스포츠용품점,전라남도, 911 
912,스포츠용품점,대구광역시, 640 
913,스포츠용품점,경상북도," 1,242 "
914,스포츠용품점,부산광역시, 695 
915,스포츠용품점,울산광역시, 279 
916,스포츠용품점,경상남도," 1,387 "
917,스포츠용품점,제주특별자치도, 436 
918,시계ㆍ귀금속점,합계," 8,160 "
919,시계ㆍ귀금속점,서울특별시," 1,876 "
920,시계ㆍ귀금속점,인천광역시, 353 
921,시계ㆍ귀금속점,경기도," 1,301 "
922,시계ㆍ귀금속점,강원도, 236 
923,시계ㆍ귀금속점,대전광역시, 225 
924,시계ㆍ귀금속점,충청북도, 258 
925,시계ㆍ귀금속점,충청남도, 313 
926,시계ㆍ귀금속점,세종특별자치시, 18 
927,시계ㆍ귀금속점,광주광역시, 258 
928,시계ㆍ귀금속점,전라북도, 382 
929,시계ㆍ귀금속점,전라남도, 285 
930,시계ㆍ귀금속점,대구광역시, 534 
931,시계ㆍ귀금속점,경상북도, 436 
932,시계ㆍ귀금속점,부산광역시, 791 
933,시계ㆍ귀금속점,울산광역시, 226 
934,시계ㆍ귀금속점,경상남도, 564 
935,시계ㆍ귀금속점,제주특별자치도, 104 
936,식료품가게,합계," 48,396 "
937,식료품가게,서울특별시," 5,415 "
938,식료품가게,인천광역시," 2,101 "
939,식료품가게,경기도," 8,854 "
940,식료품가게,강원도," 2,824 "
941,식료품가게,대전광역시," 1,357 "
942,식료품가게,충청북도," 2,235 "
943,식료품가게,충청남도," 3,346 "
944,식료품가게,세종특별자치시, 228 
945,식료품가게,광주광역시," 1,442 "
946,식료품가게,전라북도," 3,382 "
947,식료품가게,전라남도," 3,613 "
948,식료품가게,대구광역시," 1,636 "
949,식료품가게,경상북도," 3,487 "
950,식료품가게,부산광역시," 3,030 "
951,식료품가게,울산광역시, 750 
952,식료품가게,경상남도," 3,875 "
953,식료품가게,제주특별자치도, 821 
954,신경정신과 의원,합계," 1,761 "
955,신경정신과 의원,서울특별시, 499 
956,신경정신과 의원,인천광역시, 73 
957,신경정신과 의원,경기도, 372 
958,신경정신과 의원,강원도, 40 
959,신경정신과 의원,대전광역시, 74 
960,신경정신과 의원,충청북도, 47 
961,신경정신과 의원,충청남도, 52 
962,신경정신과 의원,세종특별자치시, 11 
963,신경정신과 의원,광주광역시, 49 
964,신경정신과 의원,전라북도, 67 
965,신경정신과 의원,전라남도, 44 
966,신경정신과 의원,대구광역시, 113 
967,신경정신과 의원,경상북도, 51 
968,신경정신과 의원,부산광역시, 150 
969,신경정신과 의원,울산광역시, 25 
970,신경정신과 의원,경상남도, 72 
971,신경정신과 의원,제주특별자치도, 22 
972,신발가게,합계," 6,507 "
973,신발가게,서울특별시," 1,319 "
974,신발가게,인천광역시, 337 
975,신발가게,경기도," 1,235 "
976,신발가게,강원도, 237 
977,신발가게,대전광역시, 198 
978,신발가게,충청북도, 226 
979,신발가게,충청남도, 276 
980,신발가게,세종특별자치시, 23 
981,신발가게,광주광역시, 212 
982,신발가게,전라북도, 295 
983,신발가게,전라남도, 261 
984,신발가게,대구광역시, 332 
985,신발가게,경상북도, 367 
986,신발가게,부산광역시, 556 
987,신발가게,울산광역시, 114 
988,신발가게,경상남도, 406 
989,신발가게,제주특별자치도, 113 
990,실내스크린골프점,합계," 4,951 "
991,실내스크린골프점,서울특별시, 677 
992,실내스크린골프점,인천광역시, 202 
993,실내스크린골프점,경기도," 1,295 "
994,실내스크린골프점,강원도, 161 
995,실내스크린골프점,대전광역시, 152 
996,실내스크린골프점,충청북도, 176 
997,실내스크린골프점,충청남도, 209 
998,실내스크린골프점,세종특별자치시, 26 
999,실내스크린골프점,광주광역시, 110 
1000,실내스크린골프점,전라북도, 180 
1001,실내스크린골프점,전라남도, 161 
1002,실내스크린골프점,대구광역시, 304 
1003,실내스크린골프점,경상북도, 294 
1004,실내스크린골프점,부산광역시, 312 
1005,실내스크린골프점,울산광역시, 174 
1006,실내스크린골프점,경상남도, 426 
1007,실내스크린골프점,제주특별자치도, 92 
1008,실내장식가게,합계," 57,280 "
1009,실내장식가게,서울특별시," 13,867 "
1010,실내장식가게,인천광역시," 3,319 "
1011,실내장식가게,경기도," 16,991 "
1012,실내장식가게,강원도," 1,121 "
1013,실내장식가게,대전광역시," 1,890 "
1014,실내장식가게,충청북도," 1,309 "
1015,실내장식가게,충청남도," 1,531 "
1016,실내장식가게,세종특별자치시, 234 
1017,실내장식가게,광주광역시," 2,014 "
1018,실내장식가게,전라북도, 262 
1019,실내장식가게,전라남도," 1,209 "
1020,실내장식가게,대구광역시," 2,616 "
1021,실내장식가게,경상북도," 1,861 "
1022,실내장식가게,부산광역시," 3,994 "
1023,실내장식가게,울산광역시," 1,034 "
1024,실내장식가게,경상남도," 2,792 "
1025,실내장식가게,제주특별자치도," 1,236 "
1026,실외골프연습장,합계," 2,230 "
1027,실외골프연습장,서울특별시, 367 
1028,실외골프연습장,인천광역시, 76 
1029,실외골프연습장,경기도, 497 
1030,실외골프연습장,강원도, 107 
1031,실외골프연습장,대전광역시, 68 
1032,실외골프연습장,충청북도, 101 
1033,실외골프연습장,충청남도, 96 
1034,실외골프연습장,세종특별자치시, 4 
1035,실외골프연습장,광주광역시, 48 
1036,실외골프연습장,전라북도, 92 
1037,실외골프연습장,전라남도, 97 
1038,실외골프연습장,대구광역시, 93 
1039,실외골프연습장,경상북도, 187 
1040,실외골프연습장,부산광역시, 134 
1041,실외골프연습장,울산광역시, 49 
1042,실외골프연습장,경상남도, 158 
1043,실외골프연습장,제주특별자치도, 56 
1044,안경점,합계," 9,225 "
1045,안경점,서울특별시," 2,046 "
1046,안경점,인천광역시, 426 
1047,안경점,경기도," 1,993 "
1048,안경점,강원도, 252 
1049,안경점,대전광역시, 319 
1050,안경점,충청북도, 289 
1051,안경점,충청남도, 342 
1052,안경점,세종특별자치시, 45 
1053,안경점,광주광역시, 352 
1054,안경점,전라북도, 355 
1055,안경점,전라남도, 310 
1056,안경점,대구광역시, 479 
1057,안경점,경상북도, 433 
1058,안경점,부산광역시, 642 
1059,안경점,울산광역시, 225 
1060,안경점,경상남도, 594 
1061,안경점,제주특별자치도, 123 
1062,안과 의원,합계," 1,667 "
1063,안과 의원,서울특별시, 453 
1064,안과 의원,인천광역시, 65 
1065,안과 의원,경기도, 359 
1066,안과 의원,강원도, 43 
1067,안과 의원,대전광역시, 49 
1068,안과 의원,충청북도, 38 
1069,안과 의원,충청남도, 51 
1070,안과 의원,세종특별자치시, 6 
1071,안과 의원,광주광역시, 40 
1072,안과 의원,전라북도, 64 
1073,안과 의원,전라남도, 50 
1074,안과 의원,대구광역시, 101 
1075,안과 의원,경상북도, 68 
1076,안과 의원,부산광역시, 134 
1077,안과 의원,울산광역시, 33 
1078,안과 의원,경상남도, 93 
1079,안과 의원,제주특별자치도, 20 
1080,애완용품점,합계," 8,018 "
1081,애완용품점,서울특별시," 1,305 "
1082,애완용품점,인천광역시, 503 
1083,애완용품점,경기도," 2,441 "
1084,애완용품점,강원도, 220 
1085,애완용품점,대전광역시, 267 
1086,애완용품점,충청북도, 236 
1087,애완용품점,충청남도, 335 
1088,애완용품점,세종특별자치시, 25 
1089,애완용품점,광주광역시, 203 
1090,애완용품점,전라북도, 224 
1091,애완용품점,전라남도, 182 
1092,애완용품점,대구광역시, 358 
1093,애완용품점,경상북도, 398 
1094,애완용품점,부산광역시, 589 
1095,애완용품점,울산광역시, 144 
1096,애완용품점,경상남도, 492 
1097,애완용품점,제주특별자치도, 96 
1098,약국,합계," 22,736 "
1099,약국,서울특별시," 5,103 "
1100,약국,인천광역시," 1,108 "
1101,약국,경기도," 5,043 "
1102,약국,강원도, 670 
1103,약국,대전광역시, 750 
1104,약국,충청북도, 675 
1105,약국,충청남도, 955 
1106,약국,세종특별자치시, 116 
1107,약국,광주광역시, 671 
1108,약국,전라북도, 918 
1109,약국,전라남도, 790 
1110,약국,대구광역시," 1,287 "
1111,약국,경상북도," 1,108 "
1112,약국,부산광역시," 1,528 "
1113,약국,울산광역시, 417 
1114,약국,경상남도," 1,301 "
1115,약국,제주특별자치도, 296 
1116,여관ㆍ모텔,합계," 20,926 "
1117,여관ㆍ모텔,서울특별시," 1,955 "
1118,여관ㆍ모텔,인천광역시, 827 
1119,여관ㆍ모텔,경기도," 3,238 "
1120,여관ㆍ모텔,강원도," 1,570 "
1121,여관ㆍ모텔,대전광역시, 642 
1122,여관ㆍ모텔,충청북도, 857 
1123,여관ㆍ모텔,충청남도," 1,493 "
1124,여관ㆍ모텔,세종특별자치시, 66 
1125,여관ㆍ모텔,광주광역시, 507 
1126,여관ㆍ모텔,전라북도," 1,024 "
1127,여관ㆍ모텔,전라남도," 1,315 "
1128,여관ㆍ모텔,대구광역시, 701 
1129,여관ㆍ모텔,경상북도," 1,952 "
1130,여관ㆍ모텔,부산광역시," 1,387 "
1131,여관ㆍ모텔,울산광역시, 626 
1132,여관ㆍ모텔,경상남도," 2,351 "
1133,여관ㆍ모텔,제주특별자치도, 415 
1134,여행사,합계," 14,215 "
1135,여행사,서울특별시," 5,599 "
1136,여행사,인천광역시, 409 
1137,여행사,경기도," 1,789 "
1138,여행사,강원도, 346 
1139,여행사,대전광역시, 326 
1140,여행사,충청북도, 281 
1141,여행사,충청남도, 324 
1142,여행사,세종특별자치시, 57 
1143,여행사,광주광역시, 417 
1144,여행사,전라북도, 419 
1145,여행사,전라남도, 449 
1146,여행사,대구광역시, 537 
1147,여행사,경상북도, 463 
1148,여행사,부산광역시," 1,085 "
1149,여행사,울산광역시, 187 
1150,여행사,경상남도, 576 
1151,여행사,제주특별자치도, 951 
1152,예술학원,합계," 30,954 "
1153,예술학원,서울특별시," 5,475 "
1154,예술학원,인천광역시," 1,506 "
1155,예술학원,경기도," 8,570 "
1156,예술학원,강원도, 895 
1157,예술학원,대전광역시, 899 
1158,예술학원,충청북도, 881 
1159,예술학원,충청남도," 1,108 "
1160,예술학원,세종특별자치시, 265 
1161,예술학원,광주광역시," 1,115 "
1162,예술학원,전라북도," 1,322 "
1163,예술학원,전라남도, 865 
1164,예술학원,대구광역시," 1,406 "
1165,예술학원,경상북도," 1,380 "
1166,예술학원,부산광역시," 1,815 "
1167,예술학원,울산광역시, 799 
1168,예술학원,경상남도," 2,213 "
1169,예술학원,제주특별자치도, 440 
1170,예식장,합계, 893 
1171,예식장,서울특별시, 167 
1172,예식장,인천광역시, 25 
1173,예식장,경기도, 142 
1174,예식장,강원도, 37 
1175,예식장,대전광역시, 23 
1176,예식장,충청북도, 35 
1177,예식장,충청남도, 70 
1178,예식장,세종특별자치시, 5 
1179,예식장,광주광역시, 25 
1180,예식장,전라북도, 49 
1181,예식장,전라남도, 44 
1182,예식장,대구광역시, 41 
1183,예식장,경상북도, 66 
1184,예식장,부산광역시, 60 
1185,예식장,울산광역시, 17 
1186,예식장,경상남도, 65 
1187,예식장,제주특별자치도, 22 
1188,옷가게,합계," 85,855 "
1189,옷가게,서울특별시," 15,896 "
1190,옷가게,인천광역시," 4,043 "
1191,옷가게,경기도," 17,501 "
1192,옷가게,강원도," 3,158 "
1193,옷가게,대전광역시," 2,782 "
1194,옷가게,충청북도," 2,947 "
1195,옷가게,충청남도," 3,296 "
1196,옷가게,세종특별자치시, 362 
1197,옷가게,광주광역시," 3,186 "
1198,옷가게,전라북도," 3,435 "
1199,옷가게,전라남도," 3,031 "
1200,옷가게,대구광역시," 5,309 "
1201,옷가게,경상북도," 4,641 "
1202,옷가게,부산광역시," 7,067 "
1203,옷가게,울산광역시," 1,835 "
1204,옷가게,경상남도," 5,695 "
1205,옷가게,제주특별자치도," 1,671 "
1206,의료용품가게,합계," 7,123 "
1207,의료용품가게,서울특별시," 1,600 "
1208,의료용품가게,인천광역시, 309 
1209,의료용품가게,경기도," 1,565 "
1210,의료용품가게,강원도, 184 
1211,의료용품가게,대전광역시, 266 
1212,의료용품가게,충청북도, 184 
1213,의료용품가게,충청남도, 281 
1214,의료용품가게,세종특별자치시, 26 
1215,의료용품가게,광주광역시, 313 
1216,의료용품가게,전라북도, 335 
1217,의료용품가게,전라남도, 223 
1218,의료용품가게,대구광역시, 344 
1219,의료용품가게,경상북도, 287 
1220,의료용품가게,부산광역시, 575 
1221,의료용품가게,울산광역시, 117 
1222,의료용품가게,경상남도, 430 
1223,의료용품가게,제주특별자치도, 84 
1224,이륜자동차판매점,합계," 2,649 "
1225,이륜자동차판매점,서울특별시, 461 
1226,이륜자동차판매점,인천광역시, 92 
1227,이륜자동차판매점,경기도, 454 
1228,이륜자동차판매점,강원도, 90 
1229,이륜자동차판매점,대전광역시, 59 
1230,이륜자동차판매점,충청북도, 89 
1231,이륜자동차판매점,충청남도, 146 
1232,이륜자동차판매점,세종특별자치시, 8 
1233,이륜자동차판매점,광주광역시, 67 
1234,이륜자동차판매점,전라북도, 129 
1235,이륜자동차판매점,전라남도, 150 
1236,이륜자동차판매점,대구광역시, 151 
1237,이륜자동차판매점,경상북도, 207 
1238,이륜자동차판매점,부산광역시, 212 
1239,이륜자동차판매점,울산광역시, 73 
1240,이륜자동차판매점,경상남도, 219 
1241,이륜자동차판매점,제주특별자치도, 42 
1242,이발소,합계," 11,812 "
1243,이발소,서울특별시," 2,150 "
1244,이발소,인천광역시, 412 
1245,이발소,경기도," 2,102 "
1246,이발소,강원도, 654 
1247,이발소,대전광역시, 410 
1248,이발소,충청북도, 420 
1249,이발소,충청남도, 607 
1250,이발소,세종특별자치시, 37 
1251,이발소,광주광역시, 253 
1252,이발소,전라북도, 456 
1253,이발소,전라남도, 544 
1254,이발소,대구광역시, 576 
1255,이발소,경상북도, 875 
1256,이발소,부산광역시," 1,010 "
1257,이발소,울산광역시, 370 
1258,이발소,경상남도, 777 
1259,이발소,제주특별자치도, 159 
1260,이비인후과 의원,합계," 2,607 "
1261,이비인후과 의원,서울특별시, 695 
1262,이비인후과 의원,인천광역시, 137 
1263,이비인후과 의원,경기도, 657 
1264,이비인후과 의원,강원도, 50 
1265,이비인후과 의원,대전광역시, 81 
1266,이비인후과 의원,충청북도, 59 
1267,이비인후과 의원,충청남도, 57 
1268,이비인후과 의원,세종특별자치시, 15 
1269,이비인후과 의원,광주광역시, 77 
1270,이비인후과 의원,전라북도, 75 
1271,이비인후과 의원,전라남도, 48 
1272,이비인후과 의원,대구광역시, 161 
1273,이비인후과 의원,경상북도, 89 
1274,이비인후과 의원,부산광역시, 204 
1275,이비인후과 의원,울산광역시, 47 
1276,이비인후과 의원,경상남도, 127 
1277,이비인후과 의원,제주특별자치도, 28 
1278,일반외과 의원,합계," 4,877 "
1279,일반외과 의원,서울특별시," 1,107 "
1280,일반외과 의원,인천광역시, 268 
1281,일반외과 의원,경기도," 1,150 "
1282,일반외과 의원,강원도, 134 
1283,일반외과 의원,대전광역시, 145 
1284,일반외과 의원,충청북도, 175 
1285,일반외과 의원,충청남도, 191 
1286,일반외과 의원,세종특별자치시, 34 
1287,일반외과 의원,광주광역시, 98 
1288,일반외과 의원,전라북도, 182 
1289,일반외과 의원,전라남도, 136 
1290,일반외과 의원,대구광역시, 305 
1291,일반외과 의원,경상북도, 231 
1292,일반외과 의원,부산광역시, 328 
1293,일반외과 의원,울산광역시, 78 
1294,일반외과 의원,경상남도, 245 
1295,일반외과 의원,제주특별자치도, 70 
1296,일식전문점,합계," 17,914 "
1297,일식전문점,서울특별시," 5,511 "
1298,일식전문점,인천광역시, 950 
1299,일식전문점,경기도," 3,665 "
1300,일식전문점,강원도, 966 
1301,일식전문점,대전광역시, 441 
1302,일식전문점,충청북도, 475 
1303,일식전문점,충청남도, 725 
1304,일식전문점,세종특별자치시, 93 
1305,일식전문점,광주광역시, 266 
1306,일식전문점,전라북도, 505 
1307,일식전문점,전라남도, 425 
1308,일식전문점,대구광역시, 818 
1309,일식전문점,경상북도, 531 
1310,일식전문점,부산광역시," 1,043 "
1311,일식전문점,울산광역시, 268 
1312,일식전문점,경상남도, 721 
1313,일식전문점,제주특별자치도, 511 
1314,자동차수리점,합계," 44,140 "
1315,자동차수리점,서울특별시," 4,949 "
1316,자동차수리점,인천광역시," 2,338 "
1317,자동차수리점,경기도," 11,162 "
1318,자동차수리점,강원도," 1,784 "
1319,자동차수리점,대전광역시," 1,445 "
1320,자동차수리점,충청북도," 1,823 "
1321,자동차수리점,충청남도," 2,439 "
1322,자동차수리점,세종특별자치시, 198 
1323,자동차수리점,광주광역시," 1,500 "
1324,자동차수리점,전라북도," 1,982 "
1325,자동차수리점,전라남도," 1,988 "
1326,자동차수리점,대구광역시," 2,251 "
1327,자동차수리점,경상북도," 3,046 "
1328,자동차수리점,부산광역시," 2,360 "
1329,자동차수리점,울산광역시," 1,083 "
1330,자동차수리점,경상남도," 3,197 "
1331,자동차수리점,제주특별자치도, 595 
1332,자전거판매점,합계," 2,527 "
1333,자전거판매점,서울특별시, 397 
1334,자전거판매점,인천광역시, 104 
1335,자전거판매점,경기도, 611 
1336,자전거판매점,강원도, 90 
1337,자전거판매점,대전광역시, 95 
1338,자전거판매점,충청북도, 83 
1339,자전거판매점,충청남도, 111 
1340,자전거판매점,세종특별자치시, 14 
1341,자전거판매점,광주광역시, 62 
1342,자전거판매점,전라북도, 134 
1343,자전거판매점,전라남도, 97 
1344,자전거판매점,대구광역시, 159 
1345,자전거판매점,경상북도, 166 
1346,자전거판매점,부산광역시, 109 
1347,자전거판매점,울산광역시, 60 
1348,자전거판매점,경상남도, 203 
1349,자전거판매점,제주특별자치도, 32 
1350,장난감가게,합계," 3,036 "
1351,장난감가게,서울특별시, 534 
1352,장난감가게,인천광역시, 141 
1353,장난감가게,경기도, 859 
1354,장난감가게,강원도, 96 
1355,장난감가게,대전광역시, 94 
1356,장난감가게,충청북도, 85 
1357,장난감가게,충청남도, 131 
1358,장난감가게,세종특별자치시, 27 
1359,장난감가게,광주광역시, 80 
1360,장난감가게,전라북도, 105 
1361,장난감가게,전라남도, 103 
1362,장난감가게,대구광역시, 138 
1363,장난감가게,경상북도, 159 
1364,장난감가게,부산광역시, 187 
1365,장난감가게,울산광역시, 56 
1366,장난감가게,경상남도, 176 
1367,장난감가게,제주특별자치도, 65 
1368,정육점,합계," 19,685 "
1369,정육점,서울특별시," 2,759 "
1370,정육점,인천광역시," 1,058 "
1371,정육점,경기도," 4,244 "
1372,정육점,강원도, 856 
1373,정육점,대전광역시, 751 
1374,정육점,충청북도, 786 
1375,정육점,충청남도," 1,003 "
1376,정육점,세종특별자치시, 115 
1377,정육점,광주광역시, 538 
1378,정육점,전라북도," 1,054 "
1379,정육점,전라남도, 825 
1380,정육점,대구광역시," 1,277 "
1381,정육점,경상북도," 1,243 "
1382,정육점,부산광역시," 1,106 "
1383,정육점,울산광역시, 589 
1384,정육점,경상남도," 1,190 "
1385,정육점,제주특별자치도, 291 
1386,제과점,합계," 17,204 "
1387,제과점,서울특별시," 3,576 "
1388,제과점,인천광역시, 794 
1389,제과점,경기도," 4,002 "
1390,제과점,강원도, 565 
1391,제과점,대전광역시, 522 
1392,제과점,충청북도, 538 
1393,제과점,충청남도, 688 
1394,제과점,세종특별자치시, 123 
1395,제과점,광주광역시, 480 
1396,제과점,전라북도, 624 
1397,제과점,전라남도, 562 
1398,제과점,대구광역시, 903 
1399,제과점,경상북도, 892 
1400,제과점,부산광역시," 1,065 "
1401,제과점,울산광역시, 373 
1402,제과점,경상남도," 1,095 "
1403,제과점,제주특별자치도, 402 
1404,종합병원,합계," 3,406 "
1405,종합병원,서울특별시, 441 
1406,종합병원,인천광역시, 144 
1407,종합병원,경기도, 676 
1408,종합병원,강원도, 83 
1409,종합병원,대전광역시, 98 
1410,종합병원,충청북도, 96 
1411,종합병원,충청남도, 141 
1412,종합병원,세종특별자치시, 12 
1413,종합병원,광주광역시, 173 
1414,종합병원,전라북도, 165 
1415,종합병원,전라남도, 200 
1416,종합병원,대구광역시, 190 
1417,종합병원,경상북도, 233 
1418,종합병원,부산광역시, 339 
1419,종합병원,울산광역시, 95 
1420,종합병원,경상남도, 295 
1421,종합병원,제주특별자치도, 25 
1422,주유소,합계," 10,675 "
1423,주유소,서울특별시, 393 
1424,주유소,인천광역시, 273 
1425,주유소,경기도," 2,163 "
1426,주유소,강원도, 631 
1427,주유소,대전광역시, 230 
1428,주유소,충청북도, 712 
1429,주유소,충청남도, 994 
1430,주유소,세종특별자치시, 67 
1431,주유소,광주광역시, 258 
1432,주유소,전라북도, 826 
1433,주유소,전라남도, 811 
1434,주유소,대구광역시, 326 
1435,주유소,경상북도," 1,205 "
1436,주유소,부산광역시, 356 
1437,주유소,울산광역시, 211 
1438,주유소,경상남도," 1,034 "
1439,주유소,제주특별자치도, 185 
1440,주차장운영업,합계," 7,880 "
1441,주차장운영업,서울특별시," 1,765 "
1442,주차장운영업,인천광역시, 296 
1443,주차장운영업,경기도," 1,295 "
1444,주차장운영업,강원도, 150 
1445,주차장운영업,대전광역시, 180 
1446,주차장운영업,충청북도, 156 
1447,주차장운영업,충청남도, 135 
1448,주차장운영업,세종특별자치시, 25 
1449,주차장운영업,광주광역시, 264 
1450,주차장운영업,전라북도, 130 
1451,주차장운영업,전라남도, 100 
1452,주차장운영업,대구광역시, 420 
1453,주차장운영업,경상북도, 257 
1454,주차장운영업,부산광역시," 1,733 "
1455,주차장운영업,울산광역시, 232 
1456,주차장운영업,경상남도, 688 
1457,주차장운영업,제주특별자치도, 54 
1458,중고차판매점,합계," 4,794 "
1459,중고차판매점,서울특별시, 483 
1460,중고차판매점,인천광역시, 271 
1461,중고차판매점,경기도," 1,021 "
1462,중고차판매점,강원도, 153 
1463,중고차판매점,대전광역시, 200 
1464,중고차판매점,충청북도, 193 
1465,중고차판매점,충청남도, 214 
1466,중고차판매점,세종특별자치시, 4 
1467,중고차판매점,광주광역시, 234 
1468,중고차판매점,전라북도, 290 
1469,중고차판매점,전라남도, 218 
1470,중고차판매점,대구광역시, 479 
1471,중고차판매점,경상북도, 318 
1472,중고차판매점,부산광역시, 229 
1473,중고차판매점,울산광역시, 103 
1474,중고차판매점,경상남도, 328 
1475,중고차판매점,제주특별자치도, 56 
1476,중식전문점,합계," 24,716 "
1477,중식전문점,서울특별시," 4,881 "
1478,중식전문점,인천광역시," 1,188 "
1479,중식전문점,경기도," 5,285 "
1480,중식전문점,강원도," 1,045 "
1481,중식전문점,대전광역시, 594 
1482,중식전문점,충청북도, 904 
1483,중식전문점,충청남도," 1,225 "
1484,중식전문점,세종특별자치시, 149 
1485,중식전문점,광주광역시, 488 
1486,중식전문점,전라북도," 1,036 "
1487,중식전문점,전라남도, 830 
1488,중식전문점,대구광역시," 1,245 "
1489,중식전문점,경상북도," 1,510 "
1490,중식전문점,부산광역시," 1,776 "
1491,중식전문점,울산광역시, 498 
1492,중식전문점,경상남도," 1,645 "
1493,중식전문점,제주특별자치도, 417 
1494,채소가게,합계," 11,277 "
1495,채소가게,서울특별시," 1,514 "
1496,채소가게,인천광역시, 530 
1497,채소가게,경기도," 1,971 "
1498,채소가게,강원도, 787 
1499,채소가게,대전광역시, 289 
1500,채소가게,충청북도, 490 
1501,채소가게,충청남도, 697 
1502,채소가게,세종특별자치시, 58 
1503,채소가게,광주광역시, 229 
1504,채소가게,전라북도, 621 
1505,채소가게,전라남도, 735 
1506,채소가게,대구광역시, 443 
1507,채소가게,경상북도, 930 
1508,채소가게,부산광역시, 701 
1509,채소가게,울산광역시, 133 
1510,채소가게,경상남도, 850 
1511,채소가게,제주특별자치도, 299 
1512,철물점,합계," 8,798 "
1513,철물점,서울특별시," 1,378 "
1514,철물점,인천광역시, 499 
1515,철물점,경기도," 1,843 "
1516,철물점,강원도, 455 
1517,철물점,대전광역시, 283 
1518,철물점,충청북도, 354 
1519,철물점,충청남도, 452 
1520,철물점,세종특별자치시, 39 
1521,철물점,광주광역시, 292 
1522,철물점,전라북도, 419 
1523,철물점,전라남도, 463 
1524,철물점,대구광역시, 339 
1525,철물점,경상북도, 488 
1526,철물점,부산광역시, 662 
1527,철물점,울산광역시, 174 
1528,철물점,경상남도, 553 
1529,철물점,제주특별자치도, 105 
1530,치과병원ㆍ의원,합계," 18,314 "
1531,치과병원ㆍ의원,서울특별시," 4,917 "
1532,치과병원ㆍ의원,인천광역시, 921 
1533,치과병원ㆍ의원,경기도," 4,302 "
1534,치과병원ㆍ의원,강원도, 398 
1535,치과병원ㆍ의원,대전광역시, 537 
1536,치과병원ㆍ의원,충청북도, 437 
1537,치과병원ㆍ의원,충청남도, 570 
1538,치과병원ㆍ의원,세종특별자치시, 88 
1539,치과병원ㆍ의원,광주광역시, 641 
1540,치과병원ㆍ의원,전라북도, 584 
1541,치과병원ㆍ의원,전라남도, 494 
1542,치과병원ㆍ의원,대구광역시, 902 
1543,치과병원ㆍ의원,경상북도, 686 
1544,치과병원ㆍ의원,부산광역시," 1,314 "
1545,치과병원ㆍ의원,울산광역시, 389 
1546,치과병원ㆍ의원,경상남도, 919 
1547,치과병원ㆍ의원,제주특별자치도, 215 
1548,침구ㆍ커튼가게,합계," 9,853 "
1549,침구ㆍ커튼가게,서울특별시," 1,281 "
1550,침구ㆍ커튼가게,인천광역시, 423 
1551,침구ㆍ커튼가게,경기도," 1,890 "
1552,침구ㆍ커튼가게,강원도, 400 
1553,침구ㆍ커튼가게,대전광역시, 412 
1554,침구ㆍ커튼가게,충청북도, 396 
1555,침구ㆍ커튼가게,충청남도, 504 
1556,침구ㆍ커튼가게,세종특별자치시, 51 
1557,침구ㆍ커튼가게,광주광역시, 383 
1558,침구ㆍ커튼가게,전라북도, 491 
1559,침구ㆍ커튼가게,전라남도, 483 
1560,침구ㆍ커튼가게,대구광역시, 644 
1561,침구ㆍ커튼가게,경상북도, 668 
1562,침구ㆍ커튼가게,부산광역시, 694 
1563,침구ㆍ커튼가게,울산광역시, 233 
1564,침구ㆍ커튼가게,경상남도, 678 
1565,침구ㆍ커튼가게,제주특별자치도, 222 
1566,커피음료점,합계," 62,278 "
1567,커피음료점,서울특별시," 12,291 "
1568,커피음료점,인천광역시," 3,035 "
1569,커피음료점,경기도," 13,299 "
1570,커피음료점,강원도," 2,218 "
1571,커피음료점,대전광역시," 2,263 "
1572,커피음료점,충청북도," 2,107 "
1573,커피음료점,충청남도," 2,710 "
1574,커피음료점,세종특별자치시, 427 
1575,커피음료점,광주광역시," 1,676 "
1576,커피음료점,전라북도," 2,547 "
1577,커피음료점,전라남도," 2,220 "
1578,커피음료점,대구광역시," 2,916 "
1579,커피음료점,경상북도," 4,316 "
1580,커피음료점,부산광역시," 3,572 "
1581,커피음료점,울산광역시," 1,452 "
1582,커피음료점,경상남도," 3,996 "
1583,커피음료점,제주특별자치도," 1,233 "
1584,컴퓨터판매점,합계," 5,000 "
1585,컴퓨터판매점,서울특별시," 1,023 "
1586,컴퓨터판매점,인천광역시, 217 
1587,컴퓨터판매점,경기도," 1,097 "
1588,컴퓨터판매점,강원도, 184 
1589,컴퓨터판매점,대전광역시, 186 
1590,컴퓨터판매점,충청북도, 184 
1591,컴퓨터판매점,충청남도, 216 
1592,컴퓨터판매점,세종특별자치시, 35 
1593,컴퓨터판매점,광주광역시, 188 
1594,컴퓨터판매점,전라북도, 212 
1595,컴퓨터판매점,전라남도, 177 
1596,컴퓨터판매점,대구광역시, 232 
1597,컴퓨터판매점,경상북도, 315 
1598,컴퓨터판매점,부산광역시, 235 
1599,컴퓨터판매점,울산광역시, 90 
1600,컴퓨터판매점,경상남도, 321 
1601,컴퓨터판매점,제주특별자치도, 88 
1602,통신판매업,합계," 275,378 "
1603,통신판매업,서울특별시," 81,532 "
1604,통신판매업,인천광역시," 18,156 "
1605,통신판매업,경기도," 81,585 "
1606,통신판매업,강원도," 3,748 "
1607,통신판매업,대전광역시," 6,594 "
1608,통신판매업,충청북도," 5,204 "
1609,통신판매업,충청남도," 6,820 "
1610,통신판매업,세종특별자치시," 1,317 "
1611,통신판매업,광주광역시," 6,176 "
1612,통신판매업,전라북도," 5,359 "
1613,통신판매업,전라남도," 4,849 "
1614,통신판매업,대구광역시," 12,761 "
1615,통신판매업,경상북도," 8,630 "
1616,통신판매업,부산광역시," 17,049 "
1617,통신판매업,울산광역시," 3,393 "
1618,통신판매업,경상남도," 10,116 "
1619,통신판매업,제주특별자치도," 2,089 "
1620,패스트푸드점,합계," 39,210 "
1621,패스트푸드점,서울특별시," 6,406 "
1622,패스트푸드점,인천광역시," 1,771 "
1623,패스트푸드점,경기도," 8,603 "
1624,패스트푸드점,강원도," 1,876 "
1625,패스트푸드점,대전광역시," 1,070 "
1626,패스트푸드점,충청북도," 1,576 "
1627,패스트푸드점,충청남도," 2,055 "
1628,패스트푸드점,세종특별자치시, 331 
1629,패스트푸드점,광주광역시," 1,097 "
1630,패스트푸드점,전라북도," 1,643 "
1631,패스트푸드점,전라남도," 1,515 "
1632,패스트푸드점,대구광역시," 1,516 "
1633,패스트푸드점,경상북도," 2,268 "
1634,패스트푸드점,부산광역시," 2,557 "
1635,패스트푸드점,울산광역시," 1,014 "
1636,패스트푸드점,경상남도," 3,270 "
1637,패스트푸드점,제주특별자치도, 642 
1638,펜션ㆍ게스트하우스,합계," 13,814 "
1639,펜션ㆍ게스트하우스,서울특별시, 741 
1640,펜션ㆍ게스트하우스,인천광역시, 622 
1641,펜션ㆍ게스트하우스,경기도," 1,843 "
1642,펜션ㆍ게스트하우스,강원도," 2,348 "
1643,펜션ㆍ게스트하우스,대전광역시, 20 
1644,펜션ㆍ게스트하우스,충청북도, 383 
1645,펜션ㆍ게스트하우스,충청남도," 1,233 "
1646,펜션ㆍ게스트하우스,세종특별자치시, 7 
1647,펜션ㆍ게스트하우스,광주광역시, 24 
1648,펜션ㆍ게스트하우스,전라북도, 415 
1649,펜션ㆍ게스트하우스,전라남도, 736 
1650,펜션ㆍ게스트하우스,대구광역시, 41 
1651,펜션ㆍ게스트하우스,경상북도," 1,210 "
1652,펜션ㆍ게스트하우스,부산광역시, 169 
1653,펜션ㆍ게스트하우스,울산광역시, 129 
1654,펜션ㆍ게스트하우스,경상남도," 1,354 "
1655,펜션ㆍ게스트하우스,제주특별자치도," 2,539 "
1656,편의점,합계," 41,978 "
1657,편의점,서울특별시," 7,989 "
1658,편의점,인천광역시," 2,241 "
1659,편의점,경기도," 10,451 "
1660,편의점,강원도," 1,708 "
1661,편의점,대전광역시," 1,148 "
1662,편의점,충청북도," 1,506 "
1663,편의점,충청남도," 2,212 "
1664,편의점,세종특별자치시, 268 
1665,편의점,광주광역시," 1,051 "
1666,편의점,전라북도," 1,228 "
1667,편의점,전라남도," 1,163 "
1668,편의점,대구광역시," 1,594 "
1669,편의점,경상북도," 1,962 "
1670,편의점,부산광역시," 2,485 "
1671,편의점,울산광역시, 930 
1672,편의점,경상남도," 2,901 "
1673,편의점,제주특별자치도," 1,141 "
1674,피부관리업,합계," 38,312 "
1675,피부관리업,서울특별시," 7,404 "
1676,피부관리업,인천광역시," 2,192 "
1677,피부관리업,경기도," 8,999 "
1678,피부관리업,강원도," 1,118 "
1679,피부관리업,대전광역시," 1,213 "
1680,피부관리업,충청북도," 1,146 "
1681,피부관리업,충청남도," 1,356 "
1682,피부관리업,세종특별자치시, 171 
1683,피부관리업,광주광역시," 1,621 "
1684,피부관리업,전라북도," 1,247 "
1685,피부관리업,전라남도," 1,413 "
1686,피부관리업,대구광역시," 1,655 "
1687,피부관리업,경상북도," 1,616 "
1688,피부관리업,부산광역시," 2,765 "
1689,피부관리업,울산광역시, 845 
1690,피부관리업,경상남도," 2,825 "
1691,피부관리업,제주특별자치도, 726 
1692,피부ㆍ비뇨기과 의원,합계," 3,939 "
1693,피부ㆍ비뇨기과 의원,서울특별시," 1,349 "
1694,피부ㆍ비뇨기과 의원,인천광역시, 178 
1695,피부ㆍ비뇨기과 의원,경기도, 829 
1696,피부ㆍ비뇨기과 의원,강원도, 58 
1697,피부ㆍ비뇨기과 의원,대전광역시, 112 
1698,피부ㆍ비뇨기과 의원,충청북도, 77 
1699,피부ㆍ비뇨기과 의원,충청남도, 99 
1700,피부ㆍ비뇨기과 의원,세종특별자치시, 16 
1701,피부ㆍ비뇨기과 의원,광주광역시, 124 
1702,피부ㆍ비뇨기과 의원,전라북도, 93 
1703,피부ㆍ비뇨기과 의원,전라남도, 76 
1704,피부ㆍ비뇨기과 의원,대구광역시, 202 
1705,피부ㆍ비뇨기과 의원,경상북도, 102 
1706,피부ㆍ비뇨기과 의원,부산광역시, 330 
1707,피부ㆍ비뇨기과 의원,울산광역시, 77 
1708,피부ㆍ비뇨기과 의원,경상남도, 174 
1709,피부ㆍ비뇨기과 의원,제주특별자치도, 43 
1710,한방병원ㆍ한의원,합계," 14,834 "
1711,한방병원ㆍ한의원,서울특별시," 3,695 "
1712,한방병원ㆍ한의원,인천광역시, 698 
1713,한방병원ㆍ한의원,경기도," 3,229 "
1714,한방병원ㆍ한의원,강원도, 366 
1715,한방병원ㆍ한의원,대전광역시, 519 
1716,한방병원ㆍ한의원,충청북도, 404 
1717,한방병원ㆍ한의원,충청남도, 521 
1718,한방병원ㆍ한의원,세종특별자치시, 77 
1719,한방병원ㆍ한의원,광주광역시, 412 
1720,한방병원ㆍ한의원,전라북도, 537 
1721,한방병원ㆍ한의원,전라남도, 398 
1722,한방병원ㆍ한의원,대구광역시, 887 
1723,한방병원ㆍ한의원,경상북도, 640 
1724,한방병원ㆍ한의원,부산광역시," 1,154 "
1725,한방병원ㆍ한의원,울산광역시, 283 
1726,한방병원ㆍ한의원,경상남도, 817 
1727,한방병원ㆍ한의원,제주특별자치도, 197 
1728,한식전문점,합계," 387,067 "
1729,한식전문점,서울특별시," 53,503 "
1730,한식전문점,인천광역시," 17,927 "
1731,한식전문점,경기도," 80,175 "
1732,한식전문점,강원도," 19,586 "
1733,한식전문점,대전광역시," 11,690 "
1734,한식전문점,충청북도," 15,333 "
1735,한식전문점,충청남도," 19,522 "
1736,한식전문점,세종특별자치시," 2,087 "
1737,한식전문점,광주광역시," 9,968 "
1738,한식전문점,전라북도," 14,202 "
1739,한식전문점,전라남도," 17,615 "
1740,한식전문점,대구광역시," 19,554 "
1741,한식전문점,경상북도," 29,353 "
1742,한식전문점,부산광역시," 24,507 "
1743,한식전문점,울산광역시," 10,877 "
1744,한식전문점,경상남도," 32,396 "
1745,한식전문점,제주특별자치도," 8,772 "
1746,헬스클럽,합계," 7,818 "
1747,헬스클럽,서울특별시," 1,877 "
1748,헬스클럽,인천광역시, 420 
1749,헬스클럽,경기도," 1,873 "
1750,헬스클럽,강원도, 229 
1751,헬스클럽,대전광역시, 258 
1752,헬스클럽,충청북도, 268 
1753,헬스클럽,충청남도, 275 
1754,헬스클럽,세종특별자치시, 40 
1755,헬스클럽,광주광역시, 234 
1756,헬스클럽,전라북도, 233 
1757,헬스클럽,전라남도, 173 
1758,헬스클럽,대구광역시, 380 
1759,헬스클럽,경상북도, 357 
1760,헬스클럽,부산광역시, 532 
1761,헬스클럽,울산광역시, 129 
1762,헬스클럽,경상남도, 430 
1763,헬스클럽,제주특별자치도, 110 
1764,호프전문점,합계," 32,799 "
1765,호프전문점,서울특별시," 6,883 "
1766,호프전문점,인천광역시," 1,725 "
1767,호프전문점,경기도," 6,790 "
1768,호프전문점,강원도," 1,361 "
1769,호프전문점,대전광역시, 930 
1770,호프전문점,충청북도," 1,733 "
1771,호프전문점,충청남도," 1,576 "
1772,호프전문점,세종특별자치시, 147 
1773,호프전문점,광주광역시," 2,265 "
1774,호프전문점,전라북도," 1,340 "
1775,호프전문점,전라남도," 2,286 "
1776,호프전문점,대구광역시, 573 
1777,호프전문점,경상북도," 1,026 "
1778,호프전문점,부산광역시," 1,776 "
1779,호프전문점,울산광역시, 346 
1780,호프전문점,경상남도," 1,406 "
1781,호프전문점,제주특별자치도, 636 
1782,화장품가게,합계," 34,935 "
1783,화장품가게,서울특별시," 6,638 "
1784,화장품가게,인천광역시," 1,431 "
1785,화장품가게,경기도," 7,857 "
1786,화장품가게,강원도," 1,093 "
1787,화장품가게,대전광역시," 1,246 "
1788,화장품가게,충청북도," 1,038 "
1789,화장품가게,충청남도," 1,296 "
1790,화장품가게,세종특별자치시, 154 
1791,화장품가게,광주광역시," 1,174 "
1792,화장품가게,전라북도," 1,501 "
1793,화장품가게,전라남도," 1,052 "
1794,화장품가게,대구광역시," 2,118 "
1795,화장품가게,경상북도," 1,861 "
1796,화장품가게,부산광역시," 2,431 "
1797,화장품가게,울산광역시, 972 
1798,화장품가게,경상남도," 2,394 "
1799,화장품가게,제주특별자치도, 679 
1800,휴대폰가게,합계," 18,193 "
1801,휴대폰가게,서울특별시," 3,066 "
1802,휴대폰가게,인천광역시, 941 
1803,휴대폰가게,경기도," 4,071 "
1804,휴대폰가게,강원도, 627 
1805,휴대폰가게,대전광역시, 660 
1806,휴대폰가게,충청북도, 546 
1807,휴대폰가게,충청남도, 853 
1808,휴대폰가게,세종특별자치시, 73 
1809,휴대폰가게,광주광역시, 575 
1810,휴대폰가게,전라북도, 725 
1811,휴대폰가게,전라남도, 593 
1812,휴대폰가게,대구광역시," 1,006 "
1813,휴대폰가게,경상북도," 1,063 "
1814,휴대폰가게,부산광역시," 1,360 "
1815,휴대폰가게,울산광역시, 483 
1816,휴대폰가게,경상남도," 1,315 "
1817,휴대폰가게,제주특별자치도, 236 
