,corp,city,2
0,업종전체,합계,"2,467,976"
1,업종전체,서울특별시,"492,161"
2,업종전체,인천광역시,"125,964"
3,업종전체,경기도,"579,208"
4,업종전체,강원도,"87,269"
5,업종전체,대전광역시,"72,008"
6,업종전체,충청북도,"78,588"
7,업종전체,충청남도,"103,432"
8,업종전체,세종특별자치시,"13,479"
9,업종전체,광주광역시,"72,330"
10,업종전체,전라북도,"86,474"
11,업종전체,전라남도,"87,123"
12,업종전체,대구광역시,"117,929"
13,업종전체,경상북도,"131,699"
14,업종전체,부산광역시,"161,958"
15,업종전체,울산광역시,"52,559"
16,업종전체,경상남도,"160,082"
17,업종전체,제주특별자치도,"45,713"
18,LPG 충전소,합계,"1,604"
19,LPG 충전소,서울특별시,76
20,LPG 충전소,인천광역시,68
21,LPG 충전소,경기도,372
22,LPG 충전소,강원도,95
23,LPG 충전소,대전광역시,38
24,LPG 충전소,충청북도,73
25,LPG 충전소,충청남도,128
26,LPG 충전소,세종특별자치시,4
27,LPG 충전소,광주광역시,38
28,LPG 충전소,전라북도,108
29,LPG 충전소,전라남도,119
30,LPG 충전소,대구광역시,44
31,LPG 충전소,경상북도,164
32,LPG 충전소,부산광역시,57
33,LPG 충전소,울산광역시,29
34,LPG 충전소,경상남도,156
35,LPG 충전소,제주특별자치도,35
36,PC방,합계,"10,210"
37,PC방,서울특별시,"1,651"
38,PC방,인천광역시,549
39,PC방,경기도,"2,481"
40,PC방,강원도,427
41,PC방,대전광역시,307
42,PC방,충청북도,340
43,PC방,충청남도,428
44,PC방,세종특별자치시,43
45,PC방,광주광역시,418
46,PC방,전라북도,411
47,PC방,전라남도,365
48,PC방,대구광역시,558
49,PC방,경상북도,569
50,PC방,부산광역시,624
51,PC방,울산광역시,247
52,PC방,경상남도,623
53,PC방,제주특별자치도,169
54,가구점,합계,"7,544"
55,가구점,서울특별시,"1,031"
56,가구점,인천광역시,296
57,가구점,경기도,"1,998"
58,가구점,강원도,303
59,가구점,대전광역시,217
60,가구점,충청북도,271
61,가구점,충청남도,293
62,가구점,세종특별자치시,26
63,가구점,광주광역시,213
64,가구점,전라북도,396
65,가구점,전라남도,277
66,가구점,대구광역시,368
67,가구점,경상북도,475
68,가구점,부산광역시,491
69,가구점,울산광역시,166
70,가구점,경상남도,539
71,가구점,제주특별자치도,184
72,가전제품수리점,합계,"16,774"
73,가전제품수리점,서울특별시,"2,801"
74,가전제품수리점,인천광역시,"1,185"
75,가전제품수리점,경기도,"4,952"
76,가전제품수리점,강원도,576
77,가전제품수리점,대전광역시,566
78,가전제품수리점,충청북도,484
79,가전제품수리점,충청남도,685
80,가전제품수리점,세종특별자치시,77
81,가전제품수리점,광주광역시,487
82,가전제품수리점,전라북도,571
83,가전제품수리점,전라남도,508
84,가전제품수리점,대구광역시,806
85,가전제품수리점,경상북도,591
86,가전제품수리점,부산광역시,"1,012"
87,가전제품수리점,울산광역시,312
88,가전제품수리점,경상남도,960
89,가전제품수리점,제주특별자치도,201
90,가전제품판매점,합계,"10,132"
91,가전제품판매점,서울특별시,"1,541"
92,가전제품판매점,인천광역시,390
93,가전제품판매점,경기도,"1,983"
94,가전제품판매점,강원도,462
95,가전제품판매점,대전광역시,298
96,가전제품판매점,충청북도,422
97,가전제품판매점,충청남도,530
98,가전제품판매점,세종특별자치시,43
99,가전제품판매점,광주광역시,343
100,가전제품판매점,전라북도,535
101,가전제품판매점,전라남도,577
102,가전제품판매점,대구광역시,504
103,가전제품판매점,경상북도,698
104,가전제품판매점,부산광역시,608
105,가전제품판매점,울산광역시,202
106,가전제품판매점,경상남도,749
107,가전제품판매점,제주특별자치도,247
108,간이주점,합계,"13,380"
109,간이주점,서울특별시,"4,259"
110,간이주점,인천광역시,"1,355"
111,간이주점,경기도,"2,710"
112,간이주점,강원도,398
113,간이주점,대전광역시,76
114,간이주점,충청북도,430
115,간이주점,충청남도,599
116,간이주점,세종특별자치시,14
117,간이주점,광주광역시,187
118,간이주점,전라북도,292
119,간이주점,전라남도,252
120,간이주점,대구광역시,248
121,간이주점,경상북도,363
122,간이주점,부산광역시,856
123,간이주점,울산광역시,107
124,간이주점,경상남도,"1,067"
125,간이주점,제주특별자치도,167
126,간판광고물업,합계,"13,029"
127,간판광고물업,서울특별시,"2,612"
128,간판광고물업,인천광역시,558
129,간판광고물업,경기도,"3,215"
130,간판광고물업,강원도,519
131,간판광고물업,대전광역시,389
132,간판광고물업,충청북도,382
133,간판광고물업,충청남도,479
134,간판광고물업,세종특별자치시,31
135,간판광고물업,광주광역시,436
136,간판광고물업,전라북도,508
137,간판광고물업,전라남도,480
138,간판광고물업,대구광역시,766
139,간판광고물업,경상북도,669
140,간판광고물업,부산광역시,835
141,간판광고물업,울산광역시,260
142,간판광고물업,경상남도,698
143,간판광고물업,제주특별자치도,192
144,감정평가사,합계,"1,176"
145,감정평가사,서울특별시,258
146,감정평가사,인천광역시,76
147,감정평가사,경기도,377
148,감정평가사,강원도,34
149,감정평가사,대전광역시,29
150,감정평가사,충청북도,29
151,감정평가사,충청남도,36
152,감정평가사,세종특별자치시,12
153,감정평가사,광주광역시,37
154,감정평가사,전라북도,38
155,감정평가사,전라남도,20
156,감정평가사,대구광역시,56
157,감정평가사,경상북도,20
158,감정평가사,부산광역시,57
159,감정평가사,울산광역시,19
160,감정평가사,경상남도,63
161,감정평가사,제주특별자치도,15
162,건강보조식품가게,합계,"13,793"
163,건강보조식품가게,서울특별시,"2,243"
164,건강보조식품가게,인천광역시,666
165,건강보조식품가게,경기도,"2,774"
166,건강보조식품가게,강원도,514
167,건강보조식품가게,대전광역시,459
168,건강보조식품가게,충청북도,426
169,건강보조식품가게,충청남도,"1,274"
170,건강보조식품가게,세종특별자치시,54
171,건강보조식품가게,광주광역시,405
172,건강보조식품가게,전라북도,729
173,건강보조식품가게,전라남도,484
174,건강보조식품가게,대구광역시,595
175,건강보조식품가게,경상북도,934
176,건강보조식품가게,부산광역시,829
177,건강보조식품가게,울산광역시,222
178,건강보조식품가게,경상남도,"1,007"
179,건강보조식품가게,제주특별자치도,178
180,건어물가게,합계,"7,275"
181,건어물가게,서울특별시,757
182,건어물가게,인천광역시,373
183,건어물가게,경기도,867
184,건어물가게,강원도,662
185,건어물가게,대전광역시,126
186,건어물가게,충청북도,109
187,건어물가게,충청남도,637
188,건어물가게,세종특별자치시,11
189,건어물가게,광주광역시,180
190,건어물가게,전라북도,353
191,건어물가게,전라남도,926
192,건어물가게,대구광역시,160
193,건어물가게,경상북도,647
194,건어물가게,부산광역시,517
195,건어물가게,울산광역시,133
196,건어물가게,경상남도,708
197,건어물가게,제주특별자치도,109
198,건축사,합계,"10,194"
199,건축사,서울특별시,"2,641"
200,건축사,인천광역시,347
201,건축사,경기도,"2,155"
202,건축사,강원도,337
203,건축사,대전광역시,221
204,건축사,충청북도,297
205,건축사,충청남도,356
206,건축사,세종특별자치시,58
207,건축사,광주광역시,242
208,건축사,전라북도,364
209,건축사,전라남도,278
210,건축사,대구광역시,684
211,건축사,경상북도,483
212,건축사,부산광역시,685
213,건축사,울산광역시,219
214,건축사,경상남도,524
215,건축사,제주특별자치도,303
216,결혼상담소,합계,"1,640"
217,결혼상담소,서울특별시,440
218,결혼상담소,인천광역시,64
219,결혼상담소,경기도,250
220,결혼상담소,강원도,32
221,결혼상담소,대전광역시,68
222,결혼상담소,충청북도,52
223,결혼상담소,충청남도,75
224,결혼상담소,세종특별자치시,7
225,결혼상담소,광주광역시,83
226,결혼상담소,전라북도,80
227,결혼상담소,전라남도,49
228,결혼상담소,대구광역시,109
229,결혼상담소,경상북도,60
230,결혼상담소,부산광역시,113
231,결혼상담소,울산광역시,33
232,결혼상담소,경상남도,97
233,결혼상담소,제주특별자치도,28
234,곡물가게,합계,"5,032"
235,곡물가게,서울특별시,640
236,곡물가게,인천광역시,198
237,곡물가게,경기도,889
238,곡물가게,강원도,328
239,곡물가게,대전광역시,151
240,곡물가게,충청북도,244
241,곡물가게,충청남도,388
242,곡물가게,세종특별자치시,31
243,곡물가게,광주광역시,113
244,곡물가게,전라북도,376
245,곡물가게,전라남도,398
246,곡물가게,대구광역시,181
247,곡물가게,경상북도,368
248,곡물가게,부산광역시,340
249,곡물가게,울산광역시,42
250,곡물가게,경상남도,277
251,곡물가게,제주특별자치도,68
252,공인노무사,합계,929
253,공인노무사,서울특별시,404
254,공인노무사,인천광역시,41
255,공인노무사,경기도,159
256,공인노무사,강원도,15
257,공인노무사,대전광역시,19
258,공인노무사,충청북도,16
259,공인노무사,충청남도,25
260,공인노무사,세종특별자치시,5
261,공인노무사,광주광역시,28
262,공인노무사,전라북도,26
263,공인노무사,전라남도,10
264,공인노무사,대구광역시,31
265,공인노무사,경상북도,16
266,공인노무사,부산광역시,60
267,공인노무사,울산광역시,24
268,공인노무사,경상남도,41
269,공인노무사,제주특별자치도,9
270,공인회계사,합계,"1,836"
271,공인회계사,서울특별시,850
272,공인회계사,인천광역시,68
273,공인회계사,경기도,310
274,공인회계사,강원도,14
275,공인회계사,대전광역시,38
276,공인회계사,충청북도,32
277,공인회계사,충청남도,42
278,공인회계사,세종특별자치시,11
279,공인회계사,광주광역시,34
280,공인회계사,전라북도,36
281,공인회계사,전라남도,25
282,공인회계사,대구광역시,88
283,공인회계사,경상북도,27
284,공인회계사,부산광역시,130
285,공인회계사,울산광역시,28
286,공인회계사,경상남도,75
287,공인회계사,제주특별자치도,28
288,과일가게,합계,"12,080"
289,과일가게,서울특별시,"1,289"
290,과일가게,인천광역시,432
291,과일가게,경기도,"1,941"
292,과일가게,강원도,302
293,과일가게,대전광역시,315
294,과일가게,충청북도,643
295,과일가게,충청남도,681
296,과일가게,세종특별자치시,105
297,과일가게,광주광역시,313
298,과일가게,전라북도,598
299,과일가게,전라남도,669
300,과일가게,대구광역시,387
301,과일가게,경상북도,"1,361"
302,과일가게,부산광역시,642
303,과일가게,울산광역시,149
304,과일가게,경상남도,"1,217"
305,과일가게,제주특별자치도,"1,036"
306,교습소･공부방,합계,"37,505"
307,교습소･공부방,서울특별시,"7,630"
308,교습소･공부방,인천광역시,"1,744"
309,교습소･공부방,경기도,"9,297"
310,교습소･공부방,강원도,"1,026"
311,교습소･공부방,대전광역시,"1,441"
312,교습소･공부방,충청북도,"1,004"
313,교습소･공부방,충청남도,"1,270"
314,교습소･공부방,세종특별자치시,294
315,교습소･공부방,광주광역시,828
316,교습소･공부방,전라북도,820
317,교습소･공부방,전라남도,790
318,교습소･공부방,대구광역시,"2,829"
319,교습소･공부방,경상북도,"1,993"
320,교습소･공부방,부산광역시,"2,690"
321,교습소･공부방,울산광역시,891
322,교습소･공부방,경상남도,"2,327"
323,교습소･공부방,제주특별자치도,631
324,교습학원,합계,"56,305"
325,교습학원,서울특별시,"10,376"
326,교습학원,인천광역시,"2,519"
327,교습학원,경기도,"14,962"
328,교습학원,강원도,"1,455"
329,교습학원,대전광역시,"1,259"
330,교습학원,충청북도,"1,458"
331,교습학원,충청남도,"1,860"
332,교습학원,세종특별자치시,463
333,교습학원,광주광역시,"2,427"
334,교습학원,전라북도,"2,414"
335,교습학원,전라남도,"1,805"
336,교습학원,대구광역시,"2,681"
337,교습학원,경상북도,"2,612"
338,교습학원,부산광역시,"3,570"
339,교습학원,울산광역시,"1,656"
340,교습학원,경상남도,"4,073"
341,교습학원,제주특별자치도,715
342,구내식당,합계,"21,085"
343,구내식당,서울특별시,"3,775"
344,구내식당,인천광역시,"1,350"
345,구내식당,경기도,"5,140"
346,구내식당,강원도,588
347,구내식당,대전광역시,687
348,구내식당,충청북도,756
349,구내식당,충청남도,"1,017"
350,구내식당,세종특별자치시,78
351,구내식당,광주광역시,402
352,구내식당,전라북도,773
353,구내식당,전라남도,629
354,구내식당,대구광역시,858
355,구내식당,경상북도,"1,261"
356,구내식당,부산광역시,"1,394"
357,구내식당,울산광역시,414
358,구내식당,경상남도,"1,806"
359,구내식당,제주특별자치도,157
360,기술및직업훈련학원,합계,"14,693"
361,기술및직업훈련학원,서울특별시,"3,260"
362,기술및직업훈련학원,인천광역시,615
363,기술및직업훈련학원,경기도,"3,350"
364,기술및직업훈련학원,강원도,437
365,기술및직업훈련학원,대전광역시,499
366,기술및직업훈련학원,충청북도,400
367,기술및직업훈련학원,충청남도,559
368,기술및직업훈련학원,세종특별자치시,122
369,기술및직업훈련학원,광주광역시,526
370,기술및직업훈련학원,전라북도,539
371,기술및직업훈련학원,전라남도,450
372,기술및직업훈련학원,대구광역시,818
373,기술및직업훈련학원,경상북도,607
374,기술및직업훈련학원,부산광역시,"1,000"
375,기술및직업훈련학원,울산광역시,337
376,기술및직업훈련학원,경상남도,870
377,기술및직업훈련학원,제주특별자치도,304
378,기술사,합계,"1,118"
379,기술사,서울특별시,309
380,기술사,인천광역시,27
381,기술사,경기도,261
382,기술사,강원도,37
383,기술사,대전광역시,27
384,기술사,충청북도,34
385,기술사,충청남도,34
386,기술사,세종특별자치시,4
387,기술사,광주광역시,38
388,기술사,전라북도,37
389,기술사,전라남도,41
390,기술사,대구광역시,34
391,기술사,경상북도,44
392,기술사,부산광역시,67
393,기술사,울산광역시,20
394,기술사,경상남도,84
395,기술사,제주특별자치도,20
396,기타 일반의원,합계,"3,317"
397,기타 일반의원,서울특별시,910
398,기타 일반의원,인천광역시,147
399,기타 일반의원,경기도,664
400,기타 일반의원,강원도,64
401,기타 일반의원,대전광역시,147
402,기타 일반의원,충청북도,96
403,기타 일반의원,충청남도,100
404,기타 일반의원,세종특별자치시,19
405,기타 일반의원,광주광역시,128
406,기타 일반의원,전라북도,179
407,기타 일반의원,전라남도,110
408,기타 일반의원,대구광역시,160
409,기타 일반의원,경상북도,108
410,기타 일반의원,부산광역시,232
411,기타 일반의원,울산광역시,49
412,기타 일반의원,경상남도,147
413,기타 일반의원,제주특별자치도,57
414,기타외국식전문점,합계,"24,145"
415,기타외국식전문점,서울특별시,"7,372"
416,기타외국식전문점,인천광역시,802
417,기타외국식전문점,경기도,"5,111"
418,기타외국식전문점,강원도,787
419,기타외국식전문점,대전광역시,594
420,기타외국식전문점,충청북도,548
421,기타외국식전문점,충청남도,705
422,기타외국식전문점,세종특별자치시,159
423,기타외국식전문점,광주광역시,386
424,기타외국식전문점,전라북도,755
425,기타외국식전문점,전라남도,428
426,기타외국식전문점,대구광역시,"1,212"
427,기타외국식전문점,경상북도,721
428,기타외국식전문점,부산광역시,"1,856"
429,기타외국식전문점,울산광역시,655
430,기타외국식전문점,경상남도,"1,228"
431,기타외국식전문점,제주특별자치도,826
432,기타음식점,합계,"22,917"
433,기타음식점,서울특별시,"4,408"
434,기타음식점,인천광역시,946
435,기타음식점,경기도,"5,309"
436,기타음식점,강원도,990
437,기타음식점,대전광역시,541
438,기타음식점,충청북도,731
439,기타음식점,충청남도,948
440,기타음식점,세종특별자치시,113
441,기타음식점,광주광역시,924
442,기타음식점,전라북도,698
443,기타음식점,전라남도,780
444,기타음식점,대구광역시,"1,194"
445,기타음식점,경상북도,"1,152"
446,기타음식점,부산광역시,"1,566"
447,기타음식점,울산광역시,533
448,기타음식점,경상남도,"1,696"
449,기타음식점,제주특별자치도,388
450,꽃가게,합계,"24,106"
451,꽃가게,서울특별시,"4,405"
452,꽃가게,인천광역시,962
453,꽃가게,경기도,"5,551"
454,꽃가게,강원도,753
455,꽃가게,대전광역시,709
456,꽃가게,충청북도,894
457,꽃가게,충청남도,"1,109"
458,꽃가게,세종특별자치시,109
459,꽃가게,광주광역시,772
460,꽃가게,전라북도,"1,087"
461,꽃가게,전라남도,"1,168"
462,꽃가게,대구광역시,"1,145"
463,꽃가게,경상북도,"1,421"
464,꽃가게,부산광역시,"1,310"
465,꽃가게,울산광역시,529
466,꽃가게,경상남도,"1,810"
467,꽃가게,제주특별자치도,372
468,내과ㆍ소아과 의원,합계,"11,428"
469,내과ㆍ소아과 의원,서울특별시,"2,481"
470,내과ㆍ소아과 의원,인천광역시,592
471,내과ㆍ소아과 의원,경기도,"2,638"
472,내과ㆍ소아과 의원,강원도,325
473,내과ㆍ소아과 의원,대전광역시,380
474,내과ㆍ소아과 의원,충청북도,319
475,내과ㆍ소아과 의원,충청남도,449
476,내과ㆍ소아과 의원,세종특별자치시,64
477,내과ㆍ소아과 의원,광주광역시,334
478,내과ㆍ소아과 의원,전라북도,418
479,내과ㆍ소아과 의원,전라남도,434
480,내과ㆍ소아과 의원,대구광역시,578
481,내과ㆍ소아과 의원,경상북도,537
482,내과ㆍ소아과 의원,부산광역시,819
483,내과ㆍ소아과 의원,울산광역시,223
484,내과ㆍ소아과 의원,경상남도,681
485,내과ㆍ소아과 의원,제주특별자치도,156
486,노래방,합계,"29,687"
487,노래방,서울특별시,"5,649"
488,노래방,인천광역시,"2,268"
489,노래방,경기도,"7,116"
490,노래방,강원도,834
491,노래방,대전광역시,"1,294"
492,노래방,충청북도,"1,128"
493,노래방,충청남도,"1,198"
494,노래방,세종특별자치시,146
495,노래방,광주광역시,"1,042"
496,노래방,전라북도,834
497,노래방,전라남도,719
498,노래방,대구광역시,"1,655"
499,노래방,경상북도,"1,532"
500,노래방,부산광역시,"1,679"
501,노래방,울산광역시,730
502,노래방,경상남도,"1,559"
503,노래방,제주특별자치도,304
504,담배가게,합계,"12,330"
505,담배가게,서울특별시,"2,162"
506,담배가게,인천광역시,360
507,담배가게,경기도,"1,653"
508,담배가게,강원도,570
509,담배가게,대전광역시,279
510,담배가게,충청북도,522
511,담배가게,충청남도,584
512,담배가게,세종특별자치시,42
513,담배가게,광주광역시,289
514,담배가게,전라북도,619
515,담배가게,전라남도,935
516,담배가게,대구광역시,487
517,담배가게,경상북도,"1,288"
518,담배가게,부산광역시,"1,109"
519,담배가게,울산광역시,229
520,담배가게,경상남도,"1,035"
521,담배가게,제주특별자치도,167
522,당구장,합계,"17,973"
523,당구장,서울특별시,"3,147"
524,당구장,인천광역시,"1,128"
525,당구장,경기도,"4,602"
526,당구장,강원도,786
527,당구장,대전광역시,501
528,당구장,충청북도,690
529,당구장,충청남도,777
530,당구장,세종특별자치시,95
531,당구장,광주광역시,494
532,당구장,전라북도,608
533,당구장,전라남도,705
534,당구장,대구광역시,675
535,당구장,경상북도,909
536,당구장,부산광역시,948
537,당구장,울산광역시,494
538,당구장,경상남도,"1,085"
539,당구장,제주특별자치도,329
540,독서실,합계,"9,635"
541,독서실,서울특별시,"3,311"
542,독서실,인천광역시,450
543,독서실,경기도,"2,330"
544,독서실,강원도,160
545,독서실,대전광역시,253
546,독서실,충청북도,192
547,독서실,충청남도,242
548,독서실,세종특별자치시,41
549,독서실,광주광역시,383
550,독서실,전라북도,274
551,독서실,전라남도,182
552,독서실,대구광역시,415
553,독서실,경상북도,249
554,독서실,부산광역시,443
555,독서실,울산광역시,237
556,독서실,경상남도,392
557,독서실,제주특별자치도,81
558,동물병원,합계,"4,185"
559,동물병원,서울특별시,835
560,동물병원,인천광역시,188
561,동물병원,경기도,"1,082"
562,동물병원,강원도,104
563,동물병원,대전광역시,102
564,동물병원,충청북도,110
565,동물병원,충청남도,188
566,동물병원,세종특별자치시,26
567,동물병원,광주광역시,108
568,동물병원,전라북도,163
569,동물병원,전라남도,166
570,동물병원,대구광역시,171
571,동물병원,경상북도,273
572,동물병원,부산광역시,241
573,동물병원,울산광역시,72
574,동물병원,경상남도,279
575,동물병원,제주특별자치도,77
576,목욕탕,합계,"5,418"
577,목욕탕,서울특별시,698
578,목욕탕,인천광역시,210
579,목욕탕,경기도,741
580,목욕탕,강원도,182
581,목욕탕,대전광역시,94
582,목욕탕,충청북도,147
583,목욕탕,충청남도,197
584,목욕탕,세종특별자치시,14
585,목욕탕,광주광역시,178
586,목욕탕,전라북도,205
587,목욕탕,전라남도,292
588,목욕탕,대구광역시,257
589,목욕탕,경상북도,413
590,목욕탕,부산광역시,727
591,목욕탕,울산광역시,184
592,목욕탕,경상남도,767
593,목욕탕,제주특별자치도,112
594,문구점,합계,"9,148"
595,문구점,서울특별시,"1,543"
596,문구점,인천광역시,483
597,문구점,경기도,"2,119"
598,문구점,강원도,368
599,문구점,대전광역시,314
600,문구점,충청북도,332
601,문구점,충청남도,430
602,문구점,세종특별자치시,78
603,문구점,광주광역시,293
604,문구점,전라북도,416
605,문구점,전라남도,411
606,문구점,대구광역시,350
607,문구점,경상북도,526
608,문구점,부산광역시,529
609,문구점,울산광역시,194
610,문구점,경상남도,607
611,문구점,제주특별자치도,155
612,미용실,합계,"103,390"
613,미용실,서울특별시,"18,205"
614,미용실,인천광역시,"5,503"
615,미용실,경기도,"23,367"
616,미용실,강원도,"3,611"
617,미용실,대전광역시,"3,353"
618,미용실,충청북도,"3,512"
619,미용실,충청남도,"4,322"
620,미용실,세종특별자치시,429
621,미용실,광주광역시,"3,292"
622,미용실,전라북도,"3,957"
623,미용실,전라남도,"3,593"
624,미용실,대구광역시,"5,562"
625,미용실,경상북도,"5,970"
626,미용실,부산광역시,"7,545"
627,미용실,울산광역시,"2,652"
628,미용실,경상남도,"7,133"
629,미용실,제주특별자치도,"1,384"
630,법무사,합계,"6,594"
631,법무사,서울특별시,"1,988"
632,법무사,인천광역시,293
633,법무사,경기도,"1,238"
634,법무사,강원도,194
635,법무사,대전광역시,168
636,법무사,충청북도,170
637,법무사,충청남도,219
638,법무사,세종특별자치시,23
639,법무사,광주광역시,217
640,법무사,전라북도,245
641,법무사,전라남도,219
642,법무사,대구광역시,309
643,법무사,경상북도,262
644,법무사,부산광역시,465
645,법무사,울산광역시,114
646,법무사,경상남도,387
647,법무사,제주특별자치도,83
648,변리사,합계,"1,042"
649,변리사,서울특별시,742
650,변리사,인천광역시,15
651,변리사,경기도,93
652,변리사,강원도,0
653,변리사,대전광역시,87
654,변리사,충청북도,4
655,변리사,충청남도,6
656,변리사,세종특별자치시,*
657,변리사,광주광역시,11
658,변리사,전라북도,6
659,변리사,전라남도,3
660,변리사,대구광역시,21
661,변리사,경상북도,5
662,변리사,부산광역시,28
663,변리사,울산광역시,6
664,변리사,경상남도,12
665,변리사,제주특별자치도,*
666,변호사,합계,"7,570"
667,변호사,서울특별시,"3,944"
668,변호사,인천광역시,256
669,변호사,경기도,980
670,변호사,강원도,120
671,변호사,대전광역시,225
672,변호사,충청북도,106
673,변호사,충청남도,145
674,변호사,세종특별자치시,19
675,변호사,광주광역시,217
676,변호사,전라북도,192
677,변호사,전라남도,94
678,변호사,대구광역시,283
679,변호사,경상북도,122
680,변호사,부산광역시,429
681,변호사,울산광역시,124
682,변호사,경상남도,228
683,변호사,제주특별자치도,86
684,부동산중개업,합계,"129,218"
685,부동산중개업,서울특별시,"31,822"
686,부동산중개업,인천광역시,"7,038"
687,부동산중개업,경기도,"36,235"
688,부동산중개업,강원도,"2,651"
689,부동산중개업,대전광역시,"3,411"
690,부동산중개업,충청북도,"2,968"
691,부동산중개업,충청남도,"4,254"
692,부동산중개업,세종특별자치시,"1,404"
693,부동산중개업,광주광역시,"4,241"
694,부동산중개업,전라북도,"3,251"
695,부동산중개업,전라남도,"2,350"
696,부동산중개업,대구광역시,"5,927"
697,부동산중개업,경상북도,"4,177"
698,부동산중개업,부산광역시,"8,248"
699,부동산중개업,울산광역시,"2,344"
700,부동산중개업,경상남도,"6,875"
701,부동산중개업,제주특별자치도,"2,022"
702,분식점,합계,"54,074"
703,분식점,서울특별시,"10,803"
704,분식점,인천광역시,"2,572"
705,분식점,경기도,"12,718"
706,분식점,강원도,"1,671"
707,분식점,대전광역시,"1,947"
708,분식점,충청북도,"2,208"
709,분식점,충청남도,"2,361"
710,분식점,세종특별자치시,213
711,분식점,광주광역시,"1,536"
712,분식점,전라북도,"2,038"
713,분식점,전라남도,"1,482"
714,분식점,대구광역시,"2,453"
715,분식점,경상북도,"2,530"
716,분식점,부산광역시,"4,053"
717,분식점,울산광역시,788
718,분식점,경상남도,"3,929"
719,분식점,제주특별자치도,772
720,사진촬영업,합계,"14,449"
721,사진촬영업,서울특별시,"4,715"
722,사진촬영업,인천광역시,657
723,사진촬영업,경기도,"3,114"
724,사진촬영업,강원도,421
725,사진촬영업,대전광역시,405
726,사진촬영업,충청북도,313
727,사진촬영업,충청남도,406
728,사진촬영업,세종특별자치시,61
729,사진촬영업,광주광역시,408
730,사진촬영업,전라북도,423
731,사진촬영업,전라남도,331
732,사진촬영업,대구광역시,648
733,사진촬영업,경상북도,524
734,사진촬영업,부산광역시,825
735,사진촬영업,울산광역시,231
736,사진촬영업,경상남도,598
737,사진촬영업,제주특별자치도,369
738,산부인과 의원,합계,"1,682"
739,산부인과 의원,서울특별시,505
740,산부인과 의원,인천광역시,82
741,산부인과 의원,경기도,339
742,산부인과 의원,강원도,37
743,산부인과 의원,대전광역시,59
744,산부인과 의원,충청북도,45
745,산부인과 의원,충청남도,49
746,산부인과 의원,세종특별자치시,9
747,산부인과 의원,광주광역시,52
748,산부인과 의원,전라북도,54
749,산부인과 의원,전라남도,24
750,산부인과 의원,대구광역시,108
751,산부인과 의원,경상북도,67
752,산부인과 의원,부산광역시,100
753,산부인과 의원,울산광역시,44
754,산부인과 의원,경상남도,84
755,산부인과 의원,제주특별자치도,24
756,생선가게,합계,"11,749"
757,생선가게,서울특별시,"1,486"
758,생선가게,인천광역시,763
759,생선가게,경기도,"1,283"
760,생선가게,강원도,563
761,생선가게,대전광역시,164
762,생선가게,충청북도,180
763,생선가게,충청남도,720
764,생선가게,세종특별자치시,25
765,생선가게,광주광역시,329
766,생선가게,전라북도,619
767,생선가게,전라남도,"1,621"
768,생선가게,대구광역시,231
769,생선가게,경상북도,902
770,생선가게,부산광역시,"1,100"
771,생선가게,울산광역시,400
772,생선가게,경상남도,912
773,생선가게,제주특별자치도,451
774,서점,합계,"8,412"
775,서점,서울특별시,"1,637"
776,서점,인천광역시,395
777,서점,경기도,"2,014"
778,서점,강원도,236
779,서점,대전광역시,328
780,서점,충청북도,239
781,서점,충청남도,343
782,서점,세종특별자치시,69
783,서점,광주광역시,279
784,서점,전라북도,341
785,서점,전라남도,260
786,서점,대구광역시,495
787,서점,경상북도,380
788,서점,부산광역시,557
789,서점,울산광역시,193
790,서점,경상남도,499
791,서점,제주특별자치도,147
792,성형외과 의원,합계,"1,502"
793,성형외과 의원,서울특별시,738
794,성형외과 의원,인천광역시,49
795,성형외과 의원,경기도,196
796,성형외과 의원,강원도,17
797,성형외과 의원,대전광역시,44
798,성형외과 의원,충청북도,24
799,성형외과 의원,충청남도,27
800,성형외과 의원,세종특별자치시,6
801,성형외과 의원,광주광역시,46
802,성형외과 의원,전라북도,26
803,성형외과 의원,전라남도,16
804,성형외과 의원,대구광역시,79
805,성형외과 의원,경상북도,17
806,성형외과 의원,부산광역시,138
807,성형외과 의원,울산광역시,19
808,성형외과 의원,경상남도,40
809,성형외과 의원,제주특별자치도,20
810,세무사,합계,"12,702"
811,세무사,서울특별시,"5,247"
812,세무사,인천광역시,535
813,세무사,경기도,"2,803"
814,세무사,강원도,175
815,세무사,대전광역시,280
816,세무사,충청북도,173
817,세무사,충청남도,264
818,세무사,세종특별자치시,44
819,세무사,광주광역시,306
820,세무사,전라북도,273
821,세무사,전라남도,136
822,세무사,대구광역시,559
823,세무사,경상북도,239
824,세무사,부산광역시,956
825,세무사,울산광역시,168
826,세무사,경상남도,433
827,세무사,제주특별자치도,111
828,세탁소,합계,"23,776"
829,세탁소,서울특별시,"4,606"
830,세탁소,인천광역시,"1,291"
831,세탁소,경기도,"5,460"
832,세탁소,강원도,950
833,세탁소,대전광역시,881
834,세탁소,충청북도,889
835,세탁소,충청남도,"1,135"
836,세탁소,세종특별자치시,105
837,세탁소,광주광역시,874
838,세탁소,전라북도,911
839,세탁소,전라남도,844
840,세탁소,대구광역시,874
841,세탁소,경상북도,"1,281"
842,세탁소,부산광역시,"1,352"
843,세탁소,울산광역시,443
844,세탁소,경상남도,"1,278"
845,세탁소,제주특별자치도,602
846,슈퍼마켓,합계,"28,933"
847,슈퍼마켓,서울특별시,"3,858"
848,슈퍼마켓,인천광역시,"1,789"
849,슈퍼마켓,경기도,"7,821"
850,슈퍼마켓,강원도,985
851,슈퍼마켓,대전광역시,682
852,슈퍼마켓,충청북도,968
853,슈퍼마켓,충청남도,"1,204"
854,슈퍼마켓,세종특별자치시,139
855,슈퍼마켓,광주광역시,847
856,슈퍼마켓,전라북도,984
857,슈퍼마켓,전라남도,"1,205"
858,슈퍼마켓,대구광역시,"1,635"
859,슈퍼마켓,경상북도,"1,806"
860,슈퍼마켓,부산광역시,"1,824"
861,슈퍼마켓,울산광역시,859
862,슈퍼마켓,경상남도,"1,925"
863,슈퍼마켓,제주특별자치도,402
864,스포츠교육기관,합계,"25,652"
865,스포츠교육기관,서울특별시,"4,708"
866,스포츠교육기관,인천광역시,"1,359"
867,스포츠교육기관,경기도,"6,680"
868,스포츠교육기관,강원도,708
869,스포츠교육기관,대전광역시,840
870,스포츠교육기관,충청북도,757
871,스포츠교육기관,충청남도,924
872,스포츠교육기관,세종특별자치시,213
873,스포츠교육기관,광주광역시,930
874,스포츠교육기관,전라북도,849
875,스포츠교육기관,전라남도,723
876,스포츠교육기관,대구광역시,"1,254"
877,스포츠교육기관,경상북도,"1,191"
878,스포츠교육기관,부산광역시,"1,700"
879,스포츠교육기관,울산광역시,590
880,스포츠교육기관,경상남도,"1,796"
881,스포츠교육기관,제주특별자치도,430
882,스포츠시설운영업,합계,"8,396"
883,스포츠시설운영업,서울특별시,"2,295"
884,스포츠시설운영업,인천광역시,435
885,스포츠시설운영업,경기도,"2,221"
886,스포츠시설운영업,강원도,249
887,스포츠시설운영업,대전광역시,190
888,스포츠시설운영업,충청북도,186
889,스포츠시설운영업,충청남도,223
890,스포츠시설운영업,세종특별자치시,48
891,스포츠시설운영업,광주광역시,242
892,스포츠시설운영업,전라북도,267
893,스포츠시설운영업,전라남도,177
894,스포츠시설운영업,대구광역시,338
895,스포츠시설운영업,경상북도,305
896,스포츠시설운영업,부산광역시,510
897,스포츠시설운영업,울산광역시,148
898,스포츠시설운영업,경상남도,429
899,스포츠시설운영업,제주특별자치도,133
900,스포츠용품점,합계,"15,121"
901,스포츠용품점,서울특별시,"1,491"
902,스포츠용품점,인천광역시,517
903,스포츠용품점,경기도,"3,248"
904,스포츠용품점,강원도,883
905,스포츠용품점,대전광역시,380
906,스포츠용품점,충청북도,650
907,스포츠용품점,충청남도,"1,003"
908,스포츠용품점,세종특별자치시,73
909,스포츠용품점,광주광역시,433
910,스포츠용품점,전라북도,877
911,스포츠용품점,전라남도,909
912,스포츠용품점,대구광역시,637
913,스포츠용품점,경상북도,"1,233"
914,스포츠용품점,부산광역시,694
915,스포츠용품점,울산광역시,288
916,스포츠용품점,경상남도,"1,363"
917,스포츠용품점,제주특별자치도,442
918,시계ㆍ귀금속점,합계,"8,125"
919,시계ㆍ귀금속점,서울특별시,"1,862"
920,시계ㆍ귀금속점,인천광역시,353
921,시계ㆍ귀금속점,경기도,"1,290"
922,시계ㆍ귀금속점,강원도,232
923,시계ㆍ귀금속점,대전광역시,229
924,시계ㆍ귀금속점,충청북도,254
925,시계ㆍ귀금속점,충청남도,317
926,시계ㆍ귀금속점,세종특별자치시,22
927,시계ㆍ귀금속점,광주광역시,261
928,시계ㆍ귀금속점,전라북도,370
929,시계ㆍ귀금속점,전라남도,287
930,시계ㆍ귀금속점,대구광역시,530
931,시계ㆍ귀금속점,경상북도,435
932,시계ㆍ귀금속점,부산광역시,793
933,시계ㆍ귀금속점,울산광역시,222
934,시계ㆍ귀금속점,경상남도,567
935,시계ㆍ귀금속점,제주특별자치도,101
936,식료품가게,합계,"48,407"
937,식료품가게,서울특별시,"5,456"
938,식료품가게,인천광역시,"2,109"
939,식료품가게,경기도,"9,001"
940,식료품가게,강원도,"2,807"
941,식료품가게,대전광역시,"1,342"
942,식료품가게,충청북도,"2,240"
943,식료품가게,충청남도,"3,330"
944,식료품가게,세종특별자치시,222
945,식료품가게,광주광역시,"1,421"
946,식료품가게,전라북도,"3,346"
947,식료품가게,전라남도,"3,578"
948,식료품가게,대구광역시,"1,669"
949,식료품가게,경상북도,"3,463"
950,식료품가게,부산광역시,"3,015"
951,식료품가게,울산광역시,757
952,식료품가게,경상남도,"3,835"
953,식료품가게,제주특별자치도,816
954,신경정신과 의원,합계,"1,804"
955,신경정신과 의원,서울특별시,523
956,신경정신과 의원,인천광역시,73
957,신경정신과 의원,경기도,377
958,신경정신과 의원,강원도,40
959,신경정신과 의원,대전광역시,74
960,신경정신과 의원,충청북도,48
961,신경정신과 의원,충청남도,52
962,신경정신과 의원,세종특별자치시,12
963,신경정신과 의원,광주광역시,52
964,신경정신과 의원,전라북도,69
965,신경정신과 의원,전라남도,43
966,신경정신과 의원,대구광역시,114
967,신경정신과 의원,경상북도,52
968,신경정신과 의원,부산광역시,154
969,신경정신과 의원,울산광역시,26
970,신경정신과 의원,경상남도,73
971,신경정신과 의원,제주특별자치도,22
972,신발가게,합계,"6,488"
973,신발가게,서울특별시,"1,291"
974,신발가게,인천광역시,330
975,신발가게,경기도,"1,261"
976,신발가게,강원도,237
977,신발가게,대전광역시,198
978,신발가게,충청북도,224
979,신발가게,충청남도,274
980,신발가게,세종특별자치시,26
981,신발가게,광주광역시,213
982,신발가게,전라북도,290
983,신발가게,전라남도,255
984,신발가게,대구광역시,336
985,신발가게,경상북도,362
986,신발가게,부산광역시,559
987,신발가게,울산광역시,111
988,신발가게,경상남도,411
989,신발가게,제주특별자치도,110
990,실내스크린골프점,합계,"5,097"
991,실내스크린골프점,서울특별시,693
992,실내스크린골프점,인천광역시,214
993,실내스크린골프점,경기도,"1,338"
994,실내스크린골프점,강원도,164
995,실내스크린골프점,대전광역시,149
996,실내스크린골프점,충청북도,183
997,실내스크린골프점,충청남도,215
998,실내스크린골프점,세종특별자치시,28
999,실내스크린골프점,광주광역시,111
1000,실내스크린골프점,전라북도,180
1001,실내스크린골프점,전라남도,167
1002,실내스크린골프점,대구광역시,315
1003,실내스크린골프점,경상북도,310
1004,실내스크린골프점,부산광역시,313
1005,실내스크린골프점,울산광역시,183
1006,실내스크린골프점,경상남도,434
1007,실내스크린골프점,제주특별자치도,100
1008,실내장식가게,합계,"59,677"
1009,실내장식가게,서울특별시,"14,193"
1010,실내장식가게,인천광역시,"3,475"
1011,실내장식가게,경기도,"17,676"
1012,실내장식가게,강원도,"1,214"
1013,실내장식가게,대전광역시,"1,963"
1014,실내장식가게,충청북도,"1,387"
1015,실내장식가게,충청남도,"1,609"
1016,실내장식가게,세종특별자치시,254
1017,실내장식가게,광주광역시,"2,124"
1018,실내장식가게,전라북도,284
1019,실내장식가게,전라남도,"1,297"
1020,실내장식가게,대구광역시,"2,760"
1021,실내장식가게,경상북도,"1,937"
1022,실내장식가게,부산광역시,"4,219"
1023,실내장식가게,울산광역시,"1,077"
1024,실내장식가게,경상남도,"2,906"
1025,실내장식가게,제주특별자치도,"1,302"
1026,실외골프연습장,합계,"2,199"
1027,실외골프연습장,서울특별시,356
1028,실외골프연습장,인천광역시,72
1029,실외골프연습장,경기도,488
1030,실외골프연습장,강원도,108
1031,실외골프연습장,대전광역시,68
1032,실외골프연습장,충청북도,99
1033,실외골프연습장,충청남도,94
1034,실외골프연습장,세종특별자치시,4
1035,실외골프연습장,광주광역시,46
1036,실외골프연습장,전라북도,90
1037,실외골프연습장,전라남도,91
1038,실외골프연습장,대구광역시,95
1039,실외골프연습장,경상북도,193
1040,실외골프연습장,부산광역시,132
1041,실외골프연습장,울산광역시,51
1042,실외골프연습장,경상남도,157
1043,실외골프연습장,제주특별자치도,55
1044,안경점,합계,"9,239"
1045,안경점,서울특별시,"2,031"
1046,안경점,인천광역시,426
1047,안경점,경기도,"2,006"
1048,안경점,강원도,251
1049,안경점,대전광역시,318
1050,안경점,충청북도,289
1051,안경점,충청남도,343
1052,안경점,세종특별자치시,48
1053,안경점,광주광역시,353
1054,안경점,전라북도,358
1055,안경점,전라남도,310
1056,안경점,대구광역시,479
1057,안경점,경상북도,438
1058,안경점,부산광역시,642
1059,안경점,울산광역시,223
1060,안경점,경상남도,594
1061,안경점,제주특별자치도,130
1062,안과 의원,합계,"1,670"
1063,안과 의원,서울특별시,455
1064,안과 의원,인천광역시,65
1065,안과 의원,경기도,360
1066,안과 의원,강원도,43
1067,안과 의원,대전광역시,49
1068,안과 의원,충청북도,38
1069,안과 의원,충청남도,52
1070,안과 의원,세종특별자치시,6
1071,안과 의원,광주광역시,41
1072,안과 의원,전라북도,63
1073,안과 의원,전라남도,49
1074,안과 의원,대구광역시,101
1075,안과 의원,경상북도,67
1076,안과 의원,부산광역시,135
1077,안과 의원,울산광역시,33
1078,안과 의원,경상남도,93
1079,안과 의원,제주특별자치도,20
1080,애완용품점,합계,"8,182"
1081,애완용품점,서울특별시,"1,311"
1082,애완용품점,인천광역시,513
1083,애완용품점,경기도,"2,525"
1084,애완용품점,강원도,224
1085,애완용품점,대전광역시,272
1086,애완용품점,충청북도,242
1087,애완용품점,충청남도,348
1088,애완용품점,세종특별자치시,29
1089,애완용품점,광주광역시,192
1090,애완용품점,전라북도,228
1091,애완용품점,전라남도,185
1092,애완용품점,대구광역시,363
1093,애완용품점,경상북도,418
1094,애완용품점,부산광역시,595
1095,애완용품점,울산광역시,140
1096,애완용품점,경상남도,491
1097,애완용품점,제주특별자치도,106
1098,약국,합계,"22,963"
1099,약국,서울특별시,"5,158"
1100,약국,인천광역시,"1,118"
1101,약국,경기도,"5,119"
1102,약국,강원도,685
1103,약국,대전광역시,749
1104,약국,충청북도,679
1105,약국,충청남도,953
1106,약국,세종특별자치시,125
1107,약국,광주광역시,680
1108,약국,전라북도,924
1109,약국,전라남도,794
1110,약국,대구광역시,"1,295"
1111,약국,경상북도,"1,115"
1112,약국,부산광역시,"1,552"
1113,약국,울산광역시,420
1114,약국,경상남도,"1,297"
1115,약국,제주특별자치도,300
1116,여관ㆍ모텔,합계,"20,528"
1117,여관ㆍ모텔,서울특별시,"1,853"
1118,여관ㆍ모텔,인천광역시,814
1119,여관ㆍ모텔,경기도,"3,181"
1120,여관ㆍ모텔,강원도,"1,548"
1121,여관ㆍ모텔,대전광역시,614
1122,여관ㆍ모텔,충청북도,851
1123,여관ㆍ모텔,충청남도,"1,470"
1124,여관ㆍ모텔,세종특별자치시,64
1125,여관ㆍ모텔,광주광역시,499
1126,여관ㆍ모텔,전라북도,"1,014"
1127,여관ㆍ모텔,전라남도,"1,307"
1128,여관ㆍ모텔,대구광역시,670
1129,여관ㆍ모텔,경상북도,"1,946"
1130,여관ㆍ모텔,부산광역시,"1,355"
1131,여관ㆍ모텔,울산광역시,621
1132,여관ㆍ모텔,경상남도,"2,313"
1133,여관ㆍ모텔,제주특별자치도,408
1134,여행사,합계,"13,995"
1135,여행사,서울특별시,"5,482"
1136,여행사,인천광역시,404
1137,여행사,경기도,"1,789"
1138,여행사,강원도,357
1139,여행사,대전광역시,319
1140,여행사,충청북도,274
1141,여행사,충청남도,321
1142,여행사,세종특별자치시,51
1143,여행사,광주광역시,409
1144,여행사,전라북도,415
1145,여행사,전라남도,445
1146,여행사,대구광역시,536
1147,여행사,경상북도,463
1148,여행사,부산광역시,"1,056"
1149,여행사,울산광역시,178
1150,여행사,경상남도,568
1151,여행사,제주특별자치도,928
1152,예술학원,합계,"30,966"
1153,예술학원,서울특별시,"5,486"
1154,예술학원,인천광역시,"1,496"
1155,예술학원,경기도,"8,536"
1156,예술학원,강원도,892
1157,예술학원,대전광역시,906
1158,예술학원,충청북도,872
1159,예술학원,충청남도,"1,109"
1160,예술학원,세종특별자치시,278
1161,예술학원,광주광역시,"1,101"
1162,예술학원,전라북도,"1,327"
1163,예술학원,전라남도,866
1164,예술학원,대구광역시,"1,421"
1165,예술학원,경상북도,"1,396"
1166,예술학원,부산광역시,"1,820"
1167,예술학원,울산광역시,799
1168,예술학원,경상남도,"2,215"
1169,예술학원,제주특별자치도,446
1170,예식장,합계,863
1171,예식장,서울특별시,166
1172,예식장,인천광역시,22
1173,예식장,경기도,127
1174,예식장,강원도,36
1175,예식장,대전광역시,25
1176,예식장,충청북도,37
1177,예식장,충청남도,68
1178,예식장,세종특별자치시,5
1179,예식장,광주광역시,26
1180,예식장,전라북도,41
1181,예식장,전라남도,43
1182,예식장,대구광역시,41
1183,예식장,경상북도,65
1184,예식장,부산광역시,60
1185,예식장,울산광역시,16
1186,예식장,경상남도,64
1187,예식장,제주특별자치도,21
1188,옷가게,합계,"85,392"
1189,옷가게,서울특별시,"15,714"
1190,옷가게,인천광역시,"3,999"
1191,옷가게,경기도,"17,526"
1192,옷가게,강원도,"3,142"
1193,옷가게,대전광역시,"2,801"
1194,옷가게,충청북도,"2,931"
1195,옷가게,충청남도,"3,281"
1196,옷가게,세종특별자치시,362
1197,옷가게,광주광역시,"3,175"
1198,옷가게,전라북도,"3,387"
1199,옷가게,전라남도,"3,046"
1200,옷가게,대구광역시,"5,254"
1201,옷가게,경상북도,"4,646"
1202,옷가게,부산광역시,"7,063"
1203,옷가게,울산광역시,"1,776"
1204,옷가게,경상남도,"5,603"
1205,옷가게,제주특별자치도,"1,686"
1206,의료용품가게,합계,"7,222"
1207,의료용품가게,서울특별시,"1,604"
1208,의료용품가게,인천광역시,306
1209,의료용품가게,경기도,"1,609"
1210,의료용품가게,강원도,185
1211,의료용품가게,대전광역시,266
1212,의료용품가게,충청북도,189
1213,의료용품가게,충청남도,293
1214,의료용품가게,세종특별자치시,29
1215,의료용품가게,광주광역시,318
1216,의료용품가게,전라북도,353
1217,의료용품가게,전라남도,226
1218,의료용품가게,대구광역시,346
1219,의료용품가게,경상북도,290
1220,의료용품가게,부산광역시,588
1221,의료용품가게,울산광역시,117
1222,의료용품가게,경상남도,418
1223,의료용품가게,제주특별자치도,85
1224,이륜자동차판매점,합계,"2,663"
1225,이륜자동차판매점,서울특별시,455
1226,이륜자동차판매점,인천광역시,90
1227,이륜자동차판매점,경기도,465
1228,이륜자동차판매점,강원도,91
1229,이륜자동차판매점,대전광역시,64
1230,이륜자동차판매점,충청북도,91
1231,이륜자동차판매점,충청남도,143
1232,이륜자동차판매점,세종특별자치시,8
1233,이륜자동차판매점,광주광역시,67
1234,이륜자동차판매점,전라북도,128
1235,이륜자동차판매점,전라남도,150
1236,이륜자동차판매점,대구광역시,151
1237,이륜자동차판매점,경상북도,209
1238,이륜자동차판매점,부산광역시,214
1239,이륜자동차판매점,울산광역시,72
1240,이륜자동차판매점,경상남도,225
1241,이륜자동차판매점,제주특별자치도,40
1242,이발소,합계,"12,031"
1243,이발소,서울특별시,"2,169"
1244,이발소,인천광역시,411
1245,이발소,경기도,"2,122"
1246,이발소,강원도,660
1247,이발소,대전광역시,409
1248,이발소,충청북도,418
1249,이발소,충청남도,633
1250,이발소,세종특별자치시,39
1251,이발소,광주광역시,253
1252,이발소,전라북도,477
1253,이발소,전라남도,605
1254,이발소,대구광역시,588
1255,이발소,경상북도,882
1256,이발소,부산광역시,"1,032"
1257,이발소,울산광역시,369
1258,이발소,경상남도,803
1259,이발소,제주특별자치도,161
1260,이비인후과 의원,합계,"2,616"
1261,이비인후과 의원,서울특별시,698
1262,이비인후과 의원,인천광역시,137
1263,이비인후과 의원,경기도,660
1264,이비인후과 의원,강원도,50
1265,이비인후과 의원,대전광역시,80
1266,이비인후과 의원,충청북도,60
1267,이비인후과 의원,충청남도,57
1268,이비인후과 의원,세종특별자치시,16
1269,이비인후과 의원,광주광역시,80
1270,이비인후과 의원,전라북도,74
1271,이비인후과 의원,전라남도,49
1272,이비인후과 의원,대구광역시,157
1273,이비인후과 의원,경상북도,90
1274,이비인후과 의원,부산광역시,205
1275,이비인후과 의원,울산광역시,47
1276,이비인후과 의원,경상남도,128
1277,이비인후과 의원,제주특별자치도,28
1278,일반외과 의원,합계,"4,922"
1279,일반외과 의원,서울특별시,"1,126"
1280,일반외과 의원,인천광역시,272
1281,일반외과 의원,경기도,"1,165"
1282,일반외과 의원,강원도,135
1283,일반외과 의원,대전광역시,144
1284,일반외과 의원,충청북도,176
1285,일반외과 의원,충청남도,195
1286,일반외과 의원,세종특별자치시,34
1287,일반외과 의원,광주광역시,98
1288,일반외과 의원,전라북도,180
1289,일반외과 의원,전라남도,137
1290,일반외과 의원,대구광역시,307
1291,일반외과 의원,경상북도,230
1292,일반외과 의원,부산광역시,332
1293,일반외과 의원,울산광역시,76
1294,일반외과 의원,경상남도,245
1295,일반외과 의원,제주특별자치도,70
1296,일식전문점,합계,"17,848"
1297,일식전문점,서울특별시,"5,449"
1298,일식전문점,인천광역시,954
1299,일식전문점,경기도,"3,718"
1300,일식전문점,강원도,949
1301,일식전문점,대전광역시,431
1302,일식전문점,충청북도,482
1303,일식전문점,충청남도,713
1304,일식전문점,세종특별자치시,91
1305,일식전문점,광주광역시,253
1306,일식전문점,전라북도,491
1307,일식전문점,전라남도,445
1308,일식전문점,대구광역시,816
1309,일식전문점,경상북도,531
1310,일식전문점,부산광역시,"1,028"
1311,일식전문점,울산광역시,264
1312,일식전문점,경상남도,722
1313,일식전문점,제주특별자치도,511
1314,자동차수리점,합계,"44,577"
1315,자동차수리점,서울특별시,"4,980"
1316,자동차수리점,인천광역시,"2,363"
1317,자동차수리점,경기도,"11,351"
1318,자동차수리점,강원도,"1,789"
1319,자동차수리점,대전광역시,"1,461"
1320,자동차수리점,충청북도,"1,841"
1321,자동차수리점,충청남도,"2,479"
1322,자동차수리점,세종특별자치시,200
1323,자동차수리점,광주광역시,"1,509"
1324,자동차수리점,전라북도,"1,979"
1325,자동차수리점,전라남도,"1,996"
1326,자동차수리점,대구광역시,"2,262"
1327,자동차수리점,경상북도,"3,059"
1328,자동차수리점,부산광역시,"2,394"
1329,자동차수리점,울산광역시,"1,097"
1330,자동차수리점,경상남도,"3,220"
1331,자동차수리점,제주특별자치도,597
1332,자전거판매점,합계,"2,519"
1333,자전거판매점,서울특별시,391
1334,자전거판매점,인천광역시,103
1335,자전거판매점,경기도,622
1336,자전거판매점,강원도,87
1337,자전거판매점,대전광역시,89
1338,자전거판매점,충청북도,83
1339,자전거판매점,충청남도,115
1340,자전거판매점,세종특별자치시,15
1341,자전거판매점,광주광역시,60
1342,자전거판매점,전라북도,133
1343,자전거판매점,전라남도,96
1344,자전거판매점,대구광역시,154
1345,자전거판매점,경상북도,169
1346,자전거판매점,부산광역시,112
1347,자전거판매점,울산광역시,59
1348,자전거판매점,경상남도,200
1349,자전거판매점,제주특별자치도,31
1350,장난감가게,합계,"3,015"
1351,장난감가게,서울특별시,507
1352,장난감가게,인천광역시,139
1353,장난감가게,경기도,875
1354,장난감가게,강원도,95
1355,장난감가게,대전광역시,93
1356,장난감가게,충청북도,83
1357,장난감가게,충청남도,136
1358,장난감가게,세종특별자치시,22
1359,장난감가게,광주광역시,76
1360,장난감가게,전라북도,108
1361,장난감가게,전라남도,114
1362,장난감가게,대구광역시,135
1363,장난감가게,경상북도,147
1364,장난감가게,부산광역시,184
1365,장난감가게,울산광역시,61
1366,장난감가게,경상남도,175
1367,장난감가게,제주특별자치도,65
1368,정육점,합계,"19,877"
1369,정육점,서울특별시,"2,763"
1370,정육점,인천광역시,"1,062"
1371,정육점,경기도,"4,278"
1372,정육점,강원도,867
1373,정육점,대전광역시,752
1374,정육점,충청북도,784
1375,정육점,충청남도,"1,014"
1376,정육점,세종특별자치시,116
1377,정육점,광주광역시,554
1378,정육점,전라북도,"1,072"
1379,정육점,전라남도,846
1380,정육점,대구광역시,"1,298"
1381,정육점,경상북도,"1,256"
1382,정육점,부산광역시,"1,110"
1383,정육점,울산광역시,595
1384,정육점,경상남도,"1,225"
1385,정육점,제주특별자치도,285
1386,제과점,합계,"17,622"
1387,제과점,서울특별시,"3,638"
1388,제과점,인천광역시,807
1389,제과점,경기도,"4,107"
1390,제과점,강원도,594
1391,제과점,대전광역시,535
1392,제과점,충청북도,545
1393,제과점,충청남도,720
1394,제과점,세종특별자치시,122
1395,제과점,광주광역시,500
1396,제과점,전라북도,628
1397,제과점,전라남도,568
1398,제과점,대구광역시,923
1399,제과점,경상북도,936
1400,제과점,부산광역시,"1,087"
1401,제과점,울산광역시,382
1402,제과점,경상남도,"1,124"
1403,제과점,제주특별자치도,406
1404,종합병원,합계,"3,434"
1405,종합병원,서울특별시,439
1406,종합병원,인천광역시,147
1407,종합병원,경기도,696
1408,종합병원,강원도,85
1409,종합병원,대전광역시,99
1410,종합병원,충청북도,99
1411,종합병원,충청남도,140
1412,종합병원,세종특별자치시,13
1413,종합병원,광주광역시,175
1414,종합병원,전라북도,170
1415,종합병원,전라남도,198
1416,종합병원,대구광역시,195
1417,종합병원,경상북도,229
1418,종합병원,부산광역시,334
1419,종합병원,울산광역시,99
1420,종합병원,경상남도,292
1421,종합병원,제주특별자치도,24
1422,주유소,합계,"10,989"
1423,주유소,서울특별시,437
1424,주유소,인천광역시,295
1425,주유소,경기도,"2,282"
1426,주유소,강원도,642
1427,주유소,대전광역시,241
1428,주유소,충청북도,714
1429,주유소,충청남도,"1,020"
1430,주유소,세종특별자치시,68
1431,주유소,광주광역시,273
1432,주유소,전라북도,835
1433,주유소,전라남도,813
1434,주유소,대구광역시,340
1435,주유소,경상북도,"1,225"
1436,주유소,부산광역시,360
1437,주유소,울산광역시,215
1438,주유소,경상남도,"1,046"
1439,주유소,제주특별자치도,183
1440,주차장운영업,합계,"8,029"
1441,주차장운영업,서울특별시,"1,767"
1442,주차장운영업,인천광역시,296
1443,주차장운영업,경기도,"1,345"
1444,주차장운영업,강원도,150
1445,주차장운영업,대전광역시,182
1446,주차장운영업,충청북도,159
1447,주차장운영업,충청남도,139
1448,주차장운영업,세종특별자치시,29
1449,주차장운영업,광주광역시,270
1450,주차장운영업,전라북도,139
1451,주차장운영업,전라남도,109
1452,주차장운영업,대구광역시,425
1453,주차장운영업,경상북도,260
1454,주차장운영업,부산광역시,"1,768"
1455,주차장운영업,울산광역시,236
1456,주차장운영업,경상남도,700
1457,주차장운영업,제주특별자치도,55
1458,중고차판매점,합계,"4,830"
1459,중고차판매점,서울특별시,483
1460,중고차판매점,인천광역시,253
1461,중고차판매점,경기도,"1,053"
1462,중고차판매점,강원도,157
1463,중고차판매점,대전광역시,211
1464,중고차판매점,충청북도,191
1465,중고차판매점,충청남도,214
1466,중고차판매점,세종특별자치시,4
1467,중고차판매점,광주광역시,231
1468,중고차판매점,전라북도,291
1469,중고차판매점,전라남도,221
1470,중고차판매점,대구광역시,485
1471,중고차판매점,경상북도,316
1472,중고차판매점,부산광역시,231
1473,중고차판매점,울산광역시,111
1474,중고차판매점,경상남도,322
1475,중고차판매점,제주특별자치도,56
1476,중식전문점,합계,"24,813"
1477,중식전문점,서울특별시,"4,828"
1478,중식전문점,인천광역시,"1,200"
1479,중식전문점,경기도,"5,334"
1480,중식전문점,강원도,"1,057"
1481,중식전문점,대전광역시,604
1482,중식전문점,충청북도,919
1483,중식전문점,충청남도,"1,218"
1484,중식전문점,세종특별자치시,154
1485,중식전문점,광주광역시,486
1486,중식전문점,전라북도,"1,031"
1487,중식전문점,전라남도,823
1488,중식전문점,대구광역시,"1,242"
1489,중식전문점,경상북도,"1,525"
1490,중식전문점,부산광역시,"1,793"
1491,중식전문점,울산광역시,505
1492,중식전문점,경상남도,"1,671"
1493,중식전문점,제주특별자치도,423
1494,채소가게,합계,"11,751"
1495,채소가게,서울특별시,"1,587"
1496,채소가게,인천광역시,559
1497,채소가게,경기도,"2,120"
1498,채소가게,강원도,802
1499,채소가게,대전광역시,303
1500,채소가게,충청북도,501
1501,채소가게,충청남도,699
1502,채소가게,세종특별자치시,58
1503,채소가게,광주광역시,250
1504,채소가게,전라북도,641
1505,채소가게,전라남도,758
1506,채소가게,대구광역시,451
1507,채소가게,경상북도,942
1508,채소가게,부산광역시,752
1509,채소가게,울산광역시,138
1510,채소가게,경상남도,885
1511,채소가게,제주특별자치도,305
1512,철물점,합계,"8,802"
1513,철물점,서울특별시,"1,365"
1514,철물점,인천광역시,498
1515,철물점,경기도,"1,846"
1516,철물점,강원도,467
1517,철물점,대전광역시,281
1518,철물점,충청북도,348
1519,철물점,충청남도,460
1520,철물점,세종특별자치시,37
1521,철물점,광주광역시,288
1522,철물점,전라북도,426
1523,철물점,전라남도,466
1524,철물점,대구광역시,335
1525,철물점,경상북도,485
1526,철물점,부산광역시,663
1527,철물점,울산광역시,174
1528,철물점,경상남도,554
1529,철물점,제주특별자치도,109
1530,치과병원ㆍ의원,합계,"18,425"
1531,치과병원ㆍ의원,서울특별시,"4,926"
1532,치과병원ㆍ의원,인천광역시,929
1533,치과병원ㆍ의원,경기도,"4,356"
1534,치과병원ㆍ의원,강원도,400
1535,치과병원ㆍ의원,대전광역시,539
1536,치과병원ㆍ의원,충청북도,437
1537,치과병원ㆍ의원,충청남도,571
1538,치과병원ㆍ의원,세종특별자치시,89
1539,치과병원ㆍ의원,광주광역시,645
1540,치과병원ㆍ의원,전라북도,586
1541,치과병원ㆍ의원,전라남도,498
1542,치과병원ㆍ의원,대구광역시,902
1543,치과병원ㆍ의원,경상북도,691
1544,치과병원ㆍ의원,부산광역시,"1,317"
1545,치과병원ㆍ의원,울산광역시,390
1546,치과병원ㆍ의원,경상남도,928
1547,치과병원ㆍ의원,제주특별자치도,221
1548,침구ㆍ커튼가게,합계,"9,858"
1549,침구ㆍ커튼가게,서울특별시,"1,252"
1550,침구ㆍ커튼가게,인천광역시,424
1551,침구ㆍ커튼가게,경기도,"1,914"
1552,침구ㆍ커튼가게,강원도,397
1553,침구ㆍ커튼가게,대전광역시,414
1554,침구ㆍ커튼가게,충청북도,390
1555,침구ㆍ커튼가게,충청남도,501
1556,침구ㆍ커튼가게,세종특별자치시,54
1557,침구ㆍ커튼가게,광주광역시,383
1558,침구ㆍ커튼가게,전라북도,487
1559,침구ㆍ커튼가게,전라남도,486
1560,침구ㆍ커튼가게,대구광역시,649
1561,침구ㆍ커튼가게,경상북도,667
1562,침구ㆍ커튼가게,부산광역시,702
1563,침구ㆍ커튼가게,울산광역시,230
1564,침구ㆍ커튼가게,경상남도,689
1565,침구ㆍ커튼가게,제주특별자치도,219
1566,커피음료점,합계,"66,499"
1567,커피음료점,서울특별시,"12,985"
1568,커피음료점,인천광역시,"3,263"
1569,커피음료점,경기도,"14,336"
1570,커피음료점,강원도,"2,380"
1571,커피음료점,대전광역시,"2,387"
1572,커피음료점,충청북도,"2,237"
1573,커피음료점,충청남도,"2,876"
1574,커피음료점,세종특별자치시,469
1575,커피음료점,광주광역시,"1,846"
1576,커피음료점,전라북도,"2,682"
1577,커피음료점,전라남도,"2,421"
1578,커피음료점,대구광역시,"3,080"
1579,커피음료점,경상북도,"4,495"
1580,커피음료점,부산광역시,"3,905"
1581,커피음료점,울산광역시,"1,531"
1582,커피음료점,경상남도,"4,249"
1583,커피음료점,제주특별자치도,"1,357"
1584,컴퓨터판매점,합계,"5,087"
1585,컴퓨터판매점,서울특별시,"1,042"
1586,컴퓨터판매점,인천광역시,216
1587,컴퓨터판매점,경기도,"1,152"
1588,컴퓨터판매점,강원도,187
1589,컴퓨터판매점,대전광역시,184
1590,컴퓨터판매점,충청북도,188
1591,컴퓨터판매점,충청남도,218
1592,컴퓨터판매점,세종특별자치시,35
1593,컴퓨터판매점,광주광역시,187
1594,컴퓨터판매점,전라북도,214
1595,컴퓨터판매점,전라남도,178
1596,컴퓨터판매점,대구광역시,234
1597,컴퓨터판매점,경상북도,313
1598,컴퓨터판매점,부산광역시,232
1599,컴퓨터판매점,울산광역시,87
1600,컴퓨터판매점,경상남도,325
1601,컴퓨터판매점,제주특별자치도,95
1602,통신판매업,합계,"305,995"
1603,통신판매업,서울특별시,"89,929"
1604,통신판매업,인천광역시,"19,997"
1605,통신판매업,경기도,"92,362"
1606,통신판매업,강원도,"4,164"
1607,통신판매업,대전광역시,"7,246"
1608,통신판매업,충청북도,"5,695"
1609,통신판매업,충청남도,"7,715"
1610,통신판매업,세종특별자치시,"1,546"
1611,통신판매업,광주광역시,"6,696"
1612,통신판매업,전라북도,"5,824"
1613,통신판매업,전라남도,"5,215"
1614,통신판매업,대구광역시,"14,050"
1615,통신판매업,경상북도,"9,398"
1616,통신판매업,부산광역시,"18,823"
1617,통신판매업,울산광역시,"3,777"
1618,통신판매업,경상남도,"11,227"
1619,통신판매업,제주특별자치도,"2,331"
1620,패스트푸드점,합계,"40,789"
1621,패스트푸드점,서울특별시,"6,711"
1622,패스트푸드점,인천광역시,"1,848"
1623,패스트푸드점,경기도,"9,044"
1624,패스트푸드점,강원도,"1,894"
1625,패스트푸드점,대전광역시,"1,118"
1626,패스트푸드점,충청북도,"1,647"
1627,패스트푸드점,충청남도,"2,114"
1628,패스트푸드점,세종특별자치시,329
1629,패스트푸드점,광주광역시,"1,143"
1630,패스트푸드점,전라북도,"1,680"
1631,패스트푸드점,전라남도,"1,605"
1632,패스트푸드점,대구광역시,"1,588"
1633,패스트푸드점,경상북도,"2,323"
1634,패스트푸드점,부산광역시,"2,682"
1635,패스트푸드점,울산광역시,"1,055"
1636,패스트푸드점,경상남도,"3,337"
1637,패스트푸드점,제주특별자치도,671
1638,펜션ㆍ게스트하우스,합계,"15,140"
1639,펜션ㆍ게스트하우스,서울특별시,767
1640,펜션ㆍ게스트하우스,인천광역시,670
1641,펜션ㆍ게스트하우스,경기도,"1,991"
1642,펜션ㆍ게스트하우스,강원도,"2,678"
1643,펜션ㆍ게스트하우스,대전광역시,24
1644,펜션ㆍ게스트하우스,충청북도,451
1645,펜션ㆍ게스트하우스,충청남도,"1,320"
1646,펜션ㆍ게스트하우스,세종특별자치시,8
1647,펜션ㆍ게스트하우스,광주광역시,25
1648,펜션ㆍ게스트하우스,전라북도,458
1649,펜션ㆍ게스트하우스,전라남도,849
1650,펜션ㆍ게스트하우스,대구광역시,43
1651,펜션ㆍ게스트하우스,경상북도,"1,317"
1652,펜션ㆍ게스트하우스,부산광역시,185
1653,펜션ㆍ게스트하우스,울산광역시,134
1654,펜션ㆍ게스트하우스,경상남도,"1,430"
1655,펜션ㆍ게스트하우스,제주특별자치도,"2,790"
1656,편의점,합계,"43,331"
1657,편의점,서울특별시,"8,045"
1658,편의점,인천광역시,"2,306"
1659,편의점,경기도,"10,934"
1660,편의점,강원도,"1,793"
1661,편의점,대전광역시,"1,189"
1662,편의점,충청북도,"1,554"
1663,편의점,충청남도,"2,305"
1664,편의점,세종특별자치시,273
1665,편의점,광주광역시,"1,058"
1666,편의점,전라북도,"1,297"
1667,편의점,전라남도,"1,218"
1668,편의점,대구광역시,"1,680"
1669,편의점,경상북도,"2,018"
1670,편의점,부산광역시,"2,579"
1671,편의점,울산광역시,950
1672,편의점,경상남도,"2,969"
1673,편의점,제주특별자치도,"1,163"
1674,피부관리업,합계,"40,124"
1675,피부관리업,서울특별시,"7,669"
1676,피부관리업,인천광역시,"2,280"
1677,피부관리업,경기도,"9,561"
1678,피부관리업,강원도,"1,155"
1679,피부관리업,대전광역시,"1,284"
1680,피부관리업,충청북도,"1,193"
1681,피부관리업,충청남도,"1,405"
1682,피부관리업,세종특별자치시,193
1683,피부관리업,광주광역시,"1,690"
1684,피부관리업,전라북도,"1,312"
1685,피부관리업,전라남도,"1,492"
1686,피부관리업,대구광역시,"1,729"
1687,피부관리업,경상북도,"1,707"
1688,피부관리업,부산광역시,"2,878"
1689,피부관리업,울산광역시,877
1690,피부관리업,경상남도,"2,951"
1691,피부관리업,제주특별자치도,748
1692,피부ㆍ비뇨기과 의원,합계,"3,981"
1693,피부ㆍ비뇨기과 의원,서울특별시,"1,369"
1694,피부ㆍ비뇨기과 의원,인천광역시,181
1695,피부ㆍ비뇨기과 의원,경기도,837
1696,피부ㆍ비뇨기과 의원,강원도,61
1697,피부ㆍ비뇨기과 의원,대전광역시,111
1698,피부ㆍ비뇨기과 의원,충청북도,77
1699,피부ㆍ비뇨기과 의원,충청남도,97
1700,피부ㆍ비뇨기과 의원,세종특별자치시,17
1701,피부ㆍ비뇨기과 의원,광주광역시,126
1702,피부ㆍ비뇨기과 의원,전라북도,92
1703,피부ㆍ비뇨기과 의원,전라남도,76
1704,피부ㆍ비뇨기과 의원,대구광역시,207
1705,피부ㆍ비뇨기과 의원,경상북도,101
1706,피부ㆍ비뇨기과 의원,부산광역시,334
1707,피부ㆍ비뇨기과 의원,울산광역시,77
1708,피부ㆍ비뇨기과 의원,경상남도,174
1709,피부ㆍ비뇨기과 의원,제주특별자치도,44
1710,한방병원ㆍ한의원,합계,"14,904"
1711,한방병원ㆍ한의원,서울특별시,"3,710"
1712,한방병원ㆍ한의원,인천광역시,694
1713,한방병원ㆍ한의원,경기도,"3,258"
1714,한방병원ㆍ한의원,강원도,368
1715,한방병원ㆍ한의원,대전광역시,520
1716,한방병원ㆍ한의원,충청북도,402
1717,한방병원ㆍ한의원,충청남도,519
1718,한방병원ㆍ한의원,세종특별자치시,82
1719,한방병원ㆍ한의원,광주광역시,410
1720,한방병원ㆍ한의원,전라북도,540
1721,한방병원ㆍ한의원,전라남도,399
1722,한방병원ㆍ한의원,대구광역시,891
1723,한방병원ㆍ한의원,경상북도,642
1724,한방병원ㆍ한의원,부산광역시,"1,162"
1725,한방병원ㆍ한의원,울산광역시,286
1726,한방병원ㆍ한의원,경상남도,826
1727,한방병원ㆍ한의원,제주특별자치도,195
1728,한식전문점,합계,"391,938"
1729,한식전문점,서울특별시,"54,318"
1730,한식전문점,인천광역시,"18,264"
1731,한식전문점,경기도,"81,340"
1732,한식전문점,강원도,"19,707"
1733,한식전문점,대전광역시,"11,776"
1734,한식전문점,충청북도,"15,493"
1735,한식전문점,충청남도,"19,667"
1736,한식전문점,세종특별자치시,"2,113"
1737,한식전문점,광주광역시,"10,140"
1738,한식전문점,전라북도,"14,465"
1739,한식전문점,전라남도,"17,832"
1740,한식전문점,대구광역시,"19,742"
1741,한식전문점,경상북도,"29,565"
1742,한식전문점,부산광역시,"24,890"
1743,한식전문점,울산광역시,"10,923"
1744,한식전문점,경상남도,"32,772"
1745,한식전문점,제주특별자치도,"8,931"
1746,헬스클럽,합계,"8,112"
1747,헬스클럽,서울특별시,"1,957"
1748,헬스클럽,인천광역시,432
1749,헬스클럽,경기도,"1,963"
1750,헬스클럽,강원도,235
1751,헬스클럽,대전광역시,261
1752,헬스클럽,충청북도,269
1753,헬스클럽,충청남도,287
1754,헬스클럽,세종특별자치시,41
1755,헬스클럽,광주광역시,233
1756,헬스클럽,전라북도,241
1757,헬스클럽,전라남도,180
1758,헬스클럽,대구광역시,389
1759,헬스클럽,경상북도,369
1760,헬스클럽,부산광역시,567
1761,헬스클럽,울산광역시,135
1762,헬스클럽,경상남도,432
1763,헬스클럽,제주특별자치도,121
1764,호프전문점,합계,"31,271"
1765,호프전문점,서울특별시,"6,515"
1766,호프전문점,인천광역시,"1,654"
1767,호프전문점,경기도,"6,558"
1768,호프전문점,강원도,"1,320"
1769,호프전문점,대전광역시,859
1770,호프전문점,충청북도,"1,662"
1771,호프전문점,충청남도,"1,491"
1772,호프전문점,세종특별자치시,127
1773,호프전문점,광주광역시,"2,140"
1774,호프전문점,전라북도,"1,264"
1775,호프전문점,전라남도,"2,181"
1776,호프전문점,대구광역시,542
1777,호프전문점,경상북도,981
1778,호프전문점,부산광역시,"1,684"
1779,호프전문점,울산광역시,343
1780,호프전문점,경상남도,"1,318"
1781,호프전문점,제주특별자치도,632
1782,화장품가게,합계,"34,987"
1783,화장품가게,서울특별시,"6,599"
1784,화장품가게,인천광역시,"1,421"
1785,화장품가게,경기도,"7,959"
1786,화장품가게,강원도,"1,107"
1787,화장품가게,대전광역시,"1,236"
1788,화장품가게,충청북도,"1,008"
1789,화장품가게,충청남도,"1,322"
1790,화장품가게,세종특별자치시,157
1791,화장품가게,광주광역시,"1,209"
1792,화장품가게,전라북도,"1,497"
1793,화장품가게,전라남도,"1,049"
1794,화장품가게,대구광역시,"2,094"
1795,화장품가게,경상북도,"1,873"
1796,화장품가게,부산광역시,"2,440"
1797,화장품가게,울산광역시,972
1798,화장품가게,경상남도,"2,375"
1799,화장품가게,제주특별자치도,669
1800,휴대폰가게,합계,"18,495"
1801,휴대폰가게,서울특별시,"3,097"
1802,휴대폰가게,인천광역시,"1,004"
1803,휴대폰가게,경기도,"4,226"
1804,휴대폰가게,강원도,626
1805,휴대폰가게,대전광역시,657
1806,휴대폰가게,충청북도,551
1807,휴대폰가게,충청남도,872
1808,휴대폰가게,세종특별자치시,75
1809,휴대폰가게,광주광역시,585
1810,휴대폰가게,전라북도,720
1811,휴대폰가게,전라남도,592
1812,휴대폰가게,대구광역시,"1,003"
1813,휴대폰가게,경상북도,"1,050"
1814,휴대폰가게,부산광역시,"1,368"
1815,휴대폰가게,울산광역시,492
1816,휴대폰가게,경상남도,"1,336"
1817,휴대폰가게,제주특별자치도,241
