,corp,city,2
0,업종전체,합계,"2,530,626"
1,업종전체,서울특별시,"504,873"
2,업종전체,인천광역시,"130,124"
3,업종전체,경기도,"600,608"
4,업종전체,강원도,"88,777"
5,업종전체,대전광역시,"73,245"
6,업종전체,충청북도,"80,182"
7,업종전체,충청남도,"105,462"
8,업종전체,세종특별자치시,"14,113"
9,업종전체,광주광역시,"73,601"
10,업종전체,전라북도,"87,841"
11,업종전체,전라남도,"88,843"
12,업종전체,대구광역시,"120,146"
13,업종전체,경상북도,"133,861"
14,업종전체,부산광역시,"165,454"
15,업종전체,울산광역시,"53,445"
16,업종전체,경상남도,"163,113"
17,업종전체,제주특별자치도,"46,938"
18,LPG 충전소,합계,"1,613"
19,LPG 충전소,서울특별시,76
20,LPG 충전소,인천광역시,69
21,LPG 충전소,경기도,373
22,LPG 충전소,강원도,93
23,LPG 충전소,대전광역시,38
24,LPG 충전소,충청북도,76
25,LPG 충전소,충청남도,130
26,LPG 충전소,세종특별자치시,4
27,LPG 충전소,광주광역시,39
28,LPG 충전소,전라북도,108
29,LPG 충전소,전라남도,119
30,LPG 충전소,대구광역시,42
31,LPG 충전소,경상북도,168
32,LPG 충전소,부산광역시,59
33,LPG 충전소,울산광역시,29
34,LPG 충전소,경상남도,155
35,LPG 충전소,제주특별자치도,35
36,PC방,합계,"10,190"
37,PC방,서울특별시,"1,613"
38,PC방,인천광역시,544
39,PC방,경기도,"2,460"
40,PC방,강원도,434
41,PC방,대전광역시,297
42,PC방,충청북도,358
43,PC방,충청남도,451
44,PC방,세종특별자치시,48
45,PC방,광주광역시,490
46,PC방,전라북도,398
47,PC방,전라남도,380
48,PC방,대구광역시,536
49,PC방,경상북도,561
50,PC방,부산광역시,596
51,PC방,울산광역시,238
52,PC방,경상남도,619
53,PC방,제주특별자치도,167
54,가구점,합계,"7,614"
55,가구점,서울특별시,"1,031"
56,가구점,인천광역시,305
57,가구점,경기도,"2,043"
58,가구점,강원도,299
59,가구점,대전광역시,210
60,가구점,충청북도,276
61,가구점,충청남도,296
62,가구점,세종특별자치시,28
63,가구점,광주광역시,217
64,가구점,전라북도,400
65,가구점,전라남도,281
66,가구점,대구광역시,369
67,가구점,경상북도,478
68,가구점,부산광역시,490
69,가구점,울산광역시,165
70,가구점,경상남도,537
71,가구점,제주특별자치도,189
72,가전제품수리점,합계,"17,016"
73,가전제품수리점,서울특별시,"2,827"
74,가전제품수리점,인천광역시,"1,207"
75,가전제품수리점,경기도,"5,029"
76,가전제품수리점,강원도,574
77,가전제품수리점,대전광역시,562
78,가전제품수리점,충청북도,490
79,가전제품수리점,충청남도,704
80,가전제품수리점,세종특별자치시,82
81,가전제품수리점,광주광역시,490
82,가전제품수리점,전라북도,576
83,가전제품수리점,전라남도,526
84,가전제품수리점,대구광역시,824
85,가전제품수리점,경상북도,612
86,가전제품수리점,부산광역시,"1,021"
87,가전제품수리점,울산광역시,309
88,가전제품수리점,경상남도,990
89,가전제품수리점,제주특별자치도,193
90,가전제품판매점,합계,"10,212"
91,가전제품판매점,서울특별시,"1,545"
92,가전제품판매점,인천광역시,393
93,가전제품판매점,경기도,"2,033"
94,가전제품판매점,강원도,465
95,가전제품판매점,대전광역시,304
96,가전제품판매점,충청북도,414
97,가전제품판매점,충청남도,533
98,가전제품판매점,세종특별자치시,47
99,가전제품판매점,광주광역시,346
100,가전제품판매점,전라북도,538
101,가전제품판매점,전라남도,573
102,가전제품판매점,대구광역시,492
103,가전제품판매점,경상북도,702
104,가전제품판매점,부산광역시,615
105,가전제품판매점,울산광역시,203
106,가전제품판매점,경상남도,756
107,가전제품판매점,제주특별자치도,253
108,간이주점,합계,"12,800"
109,간이주점,서울특별시,"4,031"
110,간이주점,인천광역시,"1,291"
111,간이주점,경기도,"2,602"
112,간이주점,강원도,391
113,간이주점,대전광역시,82
114,간이주점,충청북도,421
115,간이주점,충청남도,571
116,간이주점,세종특별자치시,15
117,간이주점,광주광역시,181
118,간이주점,전라북도,287
119,간이주점,전라남도,252
120,간이주점,대구광역시,242
121,간이주점,경상북도,351
122,간이주점,부산광역시,802
123,간이주점,울산광역시,102
124,간이주점,경상남도,"1,020"
125,간이주점,제주특별자치도,159
126,간판광고물업,합계,"13,023"
127,간판광고물업,서울특별시,"2,590"
128,간판광고물업,인천광역시,554
129,간판광고물업,경기도,"3,229"
130,간판광고물업,강원도,521
131,간판광고물업,대전광역시,383
132,간판광고물업,충청북도,385
133,간판광고물업,충청남도,478
134,간판광고물업,세종특별자치시,31
135,간판광고물업,광주광역시,432
136,간판광고물업,전라북도,513
137,간판광고물업,전라남도,487
138,간판광고물업,대구광역시,760
139,간판광고물업,경상북도,671
140,간판광고물업,부산광역시,829
141,간판광고물업,울산광역시,267
142,간판광고물업,경상남도,697
143,간판광고물업,제주특별자치도,196
144,감정평가사,합계,"1,242"
145,감정평가사,서울특별시,267
146,감정평가사,인천광역시,82
147,감정평가사,경기도,402
148,감정평가사,강원도,35
149,감정평가사,대전광역시,31
150,감정평가사,충청북도,32
151,감정평가사,충청남도,37
152,감정평가사,세종특별자치시,13
153,감정평가사,광주광역시,37
154,감정평가사,전라북도,39
155,감정평가사,전라남도,20
156,감정평가사,대구광역시,59
157,감정평가사,경상북도,19
158,감정평가사,부산광역시,60
159,감정평가사,울산광역시,23
160,감정평가사,경상남도,70
161,감정평가사,제주특별자치도,16
162,건강보조식품가게,합계,"14,025"
163,건강보조식품가게,서울특별시,"2,325"
164,건강보조식품가게,인천광역시,659
165,건강보조식품가게,경기도,"2,833"
166,건강보조식품가게,강원도,514
167,건강보조식품가게,대전광역시,474
168,건강보조식품가게,충청북도,432
169,건강보조식품가게,충청남도,"1,285"
170,건강보조식품가게,세종특별자치시,61
171,건강보조식품가게,광주광역시,413
172,건강보조식품가게,전라북도,744
173,건강보조식품가게,전라남도,484
174,건강보조식품가게,대구광역시,596
175,건강보조식품가게,경상북도,940
176,건강보조식품가게,부산광역시,840
177,건강보조식품가게,울산광역시,225
178,건강보조식품가게,경상남도,"1,017"
179,건강보조식품가게,제주특별자치도,183
180,건어물가게,합계,"7,367"
181,건어물가게,서울특별시,771
182,건어물가게,인천광역시,390
183,건어물가게,경기도,877
184,건어물가게,강원도,666
185,건어물가게,대전광역시,130
186,건어물가게,충청북도,111
187,건어물가게,충청남도,636
188,건어물가게,세종특별자치시,14
189,건어물가게,광주광역시,177
190,건어물가게,전라북도,358
191,건어물가게,전라남도,944
192,건어물가게,대구광역시,158
193,건어물가게,경상북도,642
194,건어물가게,부산광역시,524
195,건어물가게,울산광역시,143
196,건어물가게,경상남도,718
197,건어물가게,제주특별자치도,108
198,건축사,합계,"10,423"
199,건축사,서울특별시,"2,720"
200,건축사,인천광역시,349
201,건축사,경기도,"2,198"
202,건축사,강원도,344
203,건축사,대전광역시,221
204,건축사,충청북도,307
205,건축사,충청남도,361
206,건축사,세종특별자치시,60
207,건축사,광주광역시,248
208,건축사,전라북도,371
209,건축사,전라남도,294
210,건축사,대구광역시,696
211,건축사,경상북도,490
212,건축사,부산광역시,697
213,건축사,울산광역시,221
214,건축사,경상남도,537
215,건축사,제주특별자치도,309
216,결혼상담소,합계,"1,668"
217,결혼상담소,서울특별시,445
218,결혼상담소,인천광역시,65
219,결혼상담소,경기도,249
220,결혼상담소,강원도,35
221,결혼상담소,대전광역시,69
222,결혼상담소,충청북도,52
223,결혼상담소,충청남도,74
224,결혼상담소,세종특별자치시,7
225,결혼상담소,광주광역시,84
226,결혼상담소,전라북도,84
227,결혼상담소,전라남도,53
228,결혼상담소,대구광역시,112
229,결혼상담소,경상북도,66
230,결혼상담소,부산광역시,116
231,결혼상담소,울산광역시,31
232,결혼상담소,경상남도,97
233,결혼상담소,제주특별자치도,29
234,곡물가게,합계,"5,069"
235,곡물가게,서울특별시,643
236,곡물가게,인천광역시,215
237,곡물가게,경기도,894
238,곡물가게,강원도,327
239,곡물가게,대전광역시,153
240,곡물가게,충청북도,246
241,곡물가게,충청남도,384
242,곡물가게,세종특별자치시,31
243,곡물가게,광주광역시,110
244,곡물가게,전라북도,373
245,곡물가게,전라남도,407
246,곡물가게,대구광역시,188
247,곡물가게,경상북도,372
248,곡물가게,부산광역시,334
249,곡물가게,울산광역시,47
250,곡물가게,경상남도,277
251,곡물가게,제주특별자치도,68
252,공인노무사,합계,981
253,공인노무사,서울특별시,421
254,공인노무사,인천광역시,42
255,공인노무사,경기도,175
256,공인노무사,강원도,16
257,공인노무사,대전광역시,21
258,공인노무사,충청북도,18
259,공인노무사,충청남도,27
260,공인노무사,세종특별자치시,5
261,공인노무사,광주광역시,29
262,공인노무사,전라북도,27
263,공인노무사,전라남도,12
264,공인노무사,대구광역시,33
265,공인노무사,경상북도,17
266,공인노무사,부산광역시,62
267,공인노무사,울산광역시,26
268,공인노무사,경상남도,41
269,공인노무사,제주특별자치도,9
270,공인회계사,합계,"1,842"
271,공인회계사,서울특별시,846
272,공인회계사,인천광역시,69
273,공인회계사,경기도,317
274,공인회계사,강원도,14
275,공인회계사,대전광역시,36
276,공인회계사,충청북도,32
277,공인회계사,충청남도,42
278,공인회계사,세종특별자치시,12
279,공인회계사,광주광역시,34
280,공인회계사,전라북도,36
281,공인회계사,전라남도,25
282,공인회계사,대구광역시,89
283,공인회계사,경상북도,27
284,공인회계사,부산광역시,131
285,공인회계사,울산광역시,28
286,공인회계사,경상남도,75
287,공인회계사,제주특별자치도,29
288,과일가게,합계,"12,338"
289,과일가게,서울특별시,"1,308"
290,과일가게,인천광역시,445
291,과일가게,경기도,"2,013"
292,과일가게,강원도,311
293,과일가게,대전광역시,324
294,과일가게,충청북도,658
295,과일가게,충청남도,690
296,과일가게,세종특별자치시,105
297,과일가게,광주광역시,307
298,과일가게,전라북도,608
299,과일가게,전라남도,667
300,과일가게,대구광역시,399
301,과일가게,경상북도,"1,372"
302,과일가게,부산광역시,648
303,과일가게,울산광역시,157
304,과일가게,경상남도,"1,255"
305,과일가게,제주특별자치도,"1,071"
306,교습소･공부방,합계,"38,822"
307,교습소･공부방,서울특별시,"7,825"
308,교습소･공부방,인천광역시,"1,806"
309,교습소･공부방,경기도,"9,730"
310,교습소･공부방,강원도,"1,067"
311,교습소･공부방,대전광역시,"1,452"
312,교습소･공부방,충청북도,"1,035"
313,교습소･공부방,충청남도,"1,321"
314,교습소･공부방,세종특별자치시,314
315,교습소･공부방,광주광역시,849
316,교습소･공부방,전라북도,870
317,교습소･공부방,전라남도,836
318,교습소･공부방,대구광역시,"2,863"
319,교습소･공부방,경상북도,"2,086"
320,교습소･공부방,부산광역시,"2,784"
321,교습소･공부방,울산광역시,918
322,교습소･공부방,경상남도,"2,418"
323,교습소･공부방,제주특별자치도,648
324,교습학원,합계,"56,500"
325,교습학원,서울특별시,"10,458"
326,교습학원,인천광역시,"2,525"
327,교습학원,경기도,"15,047"
328,교습학원,강원도,"1,449"
329,교습학원,대전광역시,"1,276"
330,교습학원,충청북도,"1,472"
331,교습학원,충청남도,"1,865"
332,교습학원,세종특별자치시,481
333,교습학원,광주광역시,"2,397"
334,교습학원,전라북도,"2,419"
335,교습학원,전라남도,"1,816"
336,교습학원,대구광역시,"2,678"
337,교습학원,경상북도,"2,600"
338,교습학원,부산광역시,"3,589"
339,교습학원,울산광역시,"1,647"
340,교습학원,경상남도,"4,053"
341,교습학원,제주특별자치도,728
342,구내식당,합계,"20,625"
343,구내식당,서울특별시,"3,662"
344,구내식당,인천광역시,"1,337"
345,구내식당,경기도,"5,036"
346,구내식당,강원도,578
347,구내식당,대전광역시,671
348,구내식당,충청북도,736
349,구내식당,충청남도,997
350,구내식당,세종특별자치시,78
351,구내식당,광주광역시,387
352,구내식당,전라북도,750
353,구내식당,전라남도,618
354,구내식당,대구광역시,851
355,구내식당,경상북도,"1,251"
356,구내식당,부산광역시,"1,364"
357,구내식당,울산광역시,401
358,구내식당,경상남도,"1,755"
359,구내식당,제주특별자치도,153
360,기술및직업훈련학원,합계,"15,391"
361,기술및직업훈련학원,서울특별시,"3,387"
362,기술및직업훈련학원,인천광역시,644
363,기술및직업훈련학원,경기도,"3,594"
364,기술및직업훈련학원,강원도,459
365,기술및직업훈련학원,대전광역시,518
366,기술및직업훈련학원,충청북도,414
367,기술및직업훈련학원,충청남도,584
368,기술및직업훈련학원,세종특별자치시,129
369,기술및직업훈련학원,광주광역시,548
370,기술및직업훈련학원,전라북도,563
371,기술및직업훈련학원,전라남도,470
372,기술및직업훈련학원,대구광역시,840
373,기술및직업훈련학원,경상북도,637
374,기술및직업훈련학원,부산광역시,"1,037"
375,기술및직업훈련학원,울산광역시,342
376,기술및직업훈련학원,경상남도,898
377,기술및직업훈련학원,제주특별자치도,327
378,기술사,합계,"1,140"
379,기술사,서울특별시,316
380,기술사,인천광역시,30
381,기술사,경기도,264
382,기술사,강원도,39
383,기술사,대전광역시,28
384,기술사,충청북도,34
385,기술사,충청남도,36
386,기술사,세종특별자치시,4
387,기술사,광주광역시,38
388,기술사,전라북도,40
389,기술사,전라남도,44
390,기술사,대구광역시,34
391,기술사,경상북도,45
392,기술사,부산광역시,67
393,기술사,울산광역시,18
394,기술사,경상남도,83
395,기술사,제주특별자치도,20
396,기타 일반의원,합계,"3,330"
397,기타 일반의원,서울특별시,916
398,기타 일반의원,인천광역시,151
399,기타 일반의원,경기도,662
400,기타 일반의원,강원도,70
401,기타 일반의원,대전광역시,148
402,기타 일반의원,충청북도,95
403,기타 일반의원,충청남도,100
404,기타 일반의원,세종특별자치시,20
405,기타 일반의원,광주광역시,127
406,기타 일반의원,전라북도,180
407,기타 일반의원,전라남도,108
408,기타 일반의원,대구광역시,160
409,기타 일반의원,경상북도,109
410,기타 일반의원,부산광역시,232
411,기타 일반의원,울산광역시,49
412,기타 일반의원,경상남도,148
413,기타 일반의원,제주특별자치도,55
414,기타외국식전문점,합계,"24,836"
415,기타외국식전문점,서울특별시,"7,564"
416,기타외국식전문점,인천광역시,845
417,기타외국식전문점,경기도,"5,314"
418,기타외국식전문점,강원도,816
419,기타외국식전문점,대전광역시,622
420,기타외국식전문점,충청북도,568
421,기타외국식전문점,충청남도,726
422,기타외국식전문점,세종특별자치시,168
423,기타외국식전문점,광주광역시,394
424,기타외국식전문점,전라북도,764
425,기타외국식전문점,전라남도,442
426,기타외국식전문점,대구광역시,"1,209"
427,기타외국식전문점,경상북도,736
428,기타외국식전문점,부산광역시,"1,881"
429,기타외국식전문점,울산광역시,663
430,기타외국식전문점,경상남도,"1,259"
431,기타외국식전문점,제주특별자치도,865
432,기타음식점,합계,"22,539"
433,기타음식점,서울특별시,"4,295"
434,기타음식점,인천광역시,928
435,기타음식점,경기도,"5,286"
436,기타음식점,강원도,973
437,기타음식점,대전광역시,524
438,기타음식점,충청북도,705
439,기타음식점,충청남도,944
440,기타음식점,세종특별자치시,123
441,기타음식점,광주광역시,880
442,기타음식점,전라북도,697
443,기타음식점,전라남도,769
444,기타음식점,대구광역시,"1,153"
445,기타음식점,경상북도,"1,149"
446,기타음식점,부산광역시,"1,525"
447,기타음식점,울산광역시,534
448,기타음식점,경상남도,"1,680"
449,기타음식점,제주특별자치도,374
450,꽃가게,합계,"24,450"
451,꽃가게,서울특별시,"4,434"
452,꽃가게,인천광역시,978
453,꽃가게,경기도,"5,660"
454,꽃가게,강원도,782
455,꽃가게,대전광역시,727
456,꽃가게,충청북도,914
457,꽃가게,충청남도,"1,130"
458,꽃가게,세종특별자치시,112
459,꽃가게,광주광역시,768
460,꽃가게,전라북도,"1,104"
461,꽃가게,전라남도,"1,185"
462,꽃가게,대구광역시,"1,171"
463,꽃가게,경상북도,"1,430"
464,꽃가게,부산광역시,"1,335"
465,꽃가게,울산광역시,533
466,꽃가게,경상남도,"1,802"
467,꽃가게,제주특별자치도,385
468,내과ㆍ소아과 의원,합계,"11,449"
469,내과ㆍ소아과 의원,서울특별시,"2,491"
470,내과ㆍ소아과 의원,인천광역시,597
471,내과ㆍ소아과 의원,경기도,"2,646"
472,내과ㆍ소아과 의원,강원도,320
473,내과ㆍ소아과 의원,대전광역시,380
474,내과ㆍ소아과 의원,충청북도,321
475,내과ㆍ소아과 의원,충청남도,449
476,내과ㆍ소아과 의원,세종특별자치시,66
477,내과ㆍ소아과 의원,광주광역시,330
478,내과ㆍ소아과 의원,전라북도,420
479,내과ㆍ소아과 의원,전라남도,435
480,내과ㆍ소아과 의원,대구광역시,581
481,내과ㆍ소아과 의원,경상북도,535
482,내과ㆍ소아과 의원,부산광역시,813
483,내과ㆍ소아과 의원,울산광역시,223
484,내과ㆍ소아과 의원,경상남도,683
485,내과ㆍ소아과 의원,제주특별자치도,159
486,노래방,합계,"29,070"
487,노래방,서울특별시,"5,506"
488,노래방,인천광역시,"2,232"
489,노래방,경기도,"6,989"
490,노래방,강원도,830
491,노래방,대전광역시,"1,265"
492,노래방,충청북도,"1,111"
493,노래방,충청남도,"1,188"
494,노래방,세종특별자치시,144
495,노래방,광주광역시,"1,013"
496,노래방,전라북도,821
497,노래방,전라남도,708
498,노래방,대구광역시,"1,596"
499,노래방,경상북도,"1,487"
500,노래방,부산광역시,"1,628"
501,노래방,울산광역시,707
502,노래방,경상남도,"1,535"
503,노래방,제주특별자치도,310
504,담배가게,합계,"12,371"
505,담배가게,서울특별시,"2,147"
506,담배가게,인천광역시,376
507,담배가게,경기도,"1,679"
508,담배가게,강원도,566
509,담배가게,대전광역시,273
510,담배가게,충청북도,528
511,담배가게,충청남도,593
512,담배가게,세종특별자치시,44
513,담배가게,광주광역시,286
514,담배가게,전라북도,622
515,담배가게,전라남도,935
516,담배가게,대구광역시,488
517,담배가게,경상북도,"1,284"
518,담배가게,부산광역시,"1,099"
519,담배가게,울산광역시,233
520,담배가게,경상남도,"1,045"
521,담배가게,제주특별자치도,173
522,당구장,합계,"17,948"
523,당구장,서울특별시,"3,105"
524,당구장,인천광역시,"1,133"
525,당구장,경기도,"4,563"
526,당구장,강원도,774
527,당구장,대전광역시,490
528,당구장,충청북도,697
529,당구장,충청남도,774
530,당구장,세종특별자치시,96
531,당구장,광주광역시,587
532,당구장,전라북도,610
533,당구장,전라남도,721
534,당구장,대구광역시,673
535,당구장,경상북도,902
536,당구장,부산광역시,924
537,당구장,울산광역시,488
538,당구장,경상남도,"1,076"
539,당구장,제주특별자치도,335
540,독서실,합계,"9,732"
541,독서실,서울특별시,"3,265"
542,독서실,인천광역시,471
543,독서실,경기도,"2,346"
544,독서실,강원도,163
545,독서실,대전광역시,273
546,독서실,충청북도,200
547,독서실,충청남도,243
548,독서실,세종특별자치시,45
549,독서실,광주광역시,391
550,독서실,전라북도,281
551,독서실,전라남도,185
552,독서실,대구광역시,420
553,독서실,경상북도,259
554,독서실,부산광역시,462
555,독서실,울산광역시,240
556,독서실,경상남도,405
557,독서실,제주특별자치도,83
558,동물병원,합계,"4,230"
559,동물병원,서울특별시,836
560,동물병원,인천광역시,193
561,동물병원,경기도,"1,097"
562,동물병원,강원도,102
563,동물병원,대전광역시,102
564,동물병원,충청북도,113
565,동물병원,충청남도,190
566,동물병원,세종특별자치시,26
567,동물병원,광주광역시,108
568,동물병원,전라북도,164
569,동물병원,전라남도,169
570,동물병원,대구광역시,171
571,동물병원,경상북도,281
572,동물병원,부산광역시,245
573,동물병원,울산광역시,74
574,동물병원,경상남도,277
575,동물병원,제주특별자치도,82
576,목욕탕,합계,"5,327"
577,목욕탕,서울특별시,668
578,목욕탕,인천광역시,203
579,목욕탕,경기도,730
580,목욕탕,강원도,179
581,목욕탕,대전광역시,96
582,목욕탕,충청북도,149
583,목욕탕,충청남도,195
584,목욕탕,세종특별자치시,14
585,목욕탕,광주광역시,174
586,목욕탕,전라북도,207
587,목욕탕,전라남도,290
588,목욕탕,대구광역시,247
589,목욕탕,경상북도,410
590,목욕탕,부산광역시,719
591,목욕탕,울산광역시,182
592,목욕탕,경상남도,750
593,목욕탕,제주특별자치도,114
594,문구점,합계,"9,086"
595,문구점,서울특별시,"1,540"
596,문구점,인천광역시,473
597,문구점,경기도,"2,100"
598,문구점,강원도,360
599,문구점,대전광역시,305
600,문구점,충청북도,327
601,문구점,충청남도,435
602,문구점,세종특별자치시,80
603,문구점,광주광역시,287
604,문구점,전라북도,416
605,문구점,전라남도,413
606,문구점,대구광역시,355
607,문구점,경상북도,516
608,문구점,부산광역시,532
609,문구점,울산광역시,192
610,문구점,경상남도,592
611,문구점,제주특별자치도,163
612,미용실,합계,"104,308"
613,미용실,서울특별시,"18,232"
614,미용실,인천광역시,"5,561"
615,미용실,경기도,"23,643"
616,미용실,강원도,"3,632"
617,미용실,대전광역시,"3,358"
618,미용실,충청북도,"3,547"
619,미용실,충청남도,"4,350"
620,미용실,세종특별자치시,438
621,미용실,광주광역시,"3,314"
622,미용실,전라북도,"4,006"
623,미용실,전라남도,"3,642"
624,미용실,대구광역시,"5,639"
625,미용실,경상북도,"6,037"
626,미용실,부산광역시,"7,598"
627,미용실,울산광역시,"2,672"
628,미용실,경상남도,"7,244"
629,미용실,제주특별자치도,"1,395"
630,법무사,합계,"6,636"
631,법무사,서울특별시,"1,995"
632,법무사,인천광역시,294
633,법무사,경기도,"1,245"
634,법무사,강원도,194
635,법무사,대전광역시,171
636,법무사,충청북도,170
637,법무사,충청남도,224
638,법무사,세종특별자치시,24
639,법무사,광주광역시,221
640,법무사,전라북도,249
641,법무사,전라남도,224
642,법무사,대구광역시,312
643,법무사,경상북도,263
644,법무사,부산광역시,465
645,법무사,울산광역시,113
646,법무사,경상남도,388
647,법무사,제주특별자치도,84
648,변리사,합계,"1,057"
649,변리사,서울특별시,747
650,변리사,인천광역시,16
651,변리사,경기도,93
652,변리사,강원도,*
653,변리사,대전광역시,89
654,변리사,충청북도,5
655,변리사,충청남도,8
656,변리사,세종특별자치시,*
657,변리사,광주광역시,11
658,변리사,전라북도,6
659,변리사,전라남도,3
660,변리사,대구광역시,22
661,변리사,경상북도,5
662,변리사,부산광역시,28
663,변리사,울산광역시,6
664,변리사,경상남도,12
665,변리사,제주특별자치도,3
666,변호사,합계,"7,700"
667,변호사,서울특별시,"4,012"
668,변호사,인천광역시,264
669,변호사,경기도,"1,001"
670,변호사,강원도,118
671,변호사,대전광역시,229
672,변호사,충청북도,105
673,변호사,충청남도,148
674,변호사,세종특별자치시,17
675,변호사,광주광역시,219
676,변호사,전라북도,197
677,변호사,전라남도,93
678,변호사,대구광역시,284
679,변호사,경상북도,123
680,변호사,부산광역시,438
681,변호사,울산광역시,125
682,변호사,경상남도,236
683,변호사,제주특별자치도,91
684,부동산중개업,합계,"131,507"
685,부동산중개업,서울특별시,"32,303"
686,부동산중개업,인천광역시,"7,193"
687,부동산중개업,경기도,"36,996"
688,부동산중개업,강원도,"2,684"
689,부동산중개업,대전광역시,"3,440"
690,부동산중개업,충청북도,"3,030"
691,부동산중개업,충청남도,"4,331"
692,부동산중개업,세종특별자치시,"1,479"
693,부동산중개업,광주광역시,"4,280"
694,부동산중개업,전라북도,"3,299"
695,부동산중개업,전라남도,"2,426"
696,부동산중개업,대구광역시,"6,062"
697,부동산중개업,경상북도,"4,254"
698,부동산중개업,부산광역시,"8,435"
699,부동산중개업,울산광역시,"2,355"
700,부동산중개업,경상남도,"6,906"
701,부동산중개업,제주특별자치도,"2,034"
702,분식점,합계,"54,244"
703,분식점,서울특별시,"10,735"
704,분식점,인천광역시,"2,554"
705,분식점,경기도,"12,764"
706,분식점,강원도,"1,689"
707,분식점,대전광역시,"1,952"
708,분식점,충청북도,"2,203"
709,분식점,충청남도,"2,351"
710,분식점,세종특별자치시,218
711,분식점,광주광역시,"1,570"
712,분식점,전라북도,"2,045"
713,분식점,전라남도,"1,482"
714,분식점,대구광역시,"2,500"
715,분식점,경상북도,"2,557"
716,분식점,부산광역시,"4,079"
717,분식점,울산광역시,806
718,분식점,경상남도,"3,958"
719,분식점,제주특별자치도,781
720,사진촬영업,합계,"14,850"
721,사진촬영업,서울특별시,"4,839"
722,사진촬영업,인천광역시,662
723,사진촬영업,경기도,"3,229"
724,사진촬영업,강원도,432
725,사진촬영업,대전광역시,411
726,사진촬영업,충청북도,320
727,사진촬영업,충청남도,408
728,사진촬영업,세종특별자치시,64
729,사진촬영업,광주광역시,415
730,사진촬영업,전라북도,431
731,사진촬영업,전라남도,344
732,사진촬영업,대구광역시,674
733,사진촬영업,경상북도,533
734,사진촬영업,부산광역시,856
735,사진촬영업,울산광역시,235
736,사진촬영업,경상남도,595
737,사진촬영업,제주특별자치도,402
738,산부인과 의원,합계,"1,670"
739,산부인과 의원,서울특별시,496
740,산부인과 의원,인천광역시,81
741,산부인과 의원,경기도,337
742,산부인과 의원,강원도,37
743,산부인과 의원,대전광역시,59
744,산부인과 의원,충청북도,45
745,산부인과 의원,충청남도,49
746,산부인과 의원,세종특별자치시,9
747,산부인과 의원,광주광역시,53
748,산부인과 의원,전라북도,54
749,산부인과 의원,전라남도,24
750,산부인과 의원,대구광역시,106
751,산부인과 의원,경상북도,66
752,산부인과 의원,부산광역시,102
753,산부인과 의원,울산광역시,44
754,산부인과 의원,경상남도,84
755,산부인과 의원,제주특별자치도,24
756,생선가게,합계,"12,124"
757,생선가게,서울특별시,"1,499"
758,생선가게,인천광역시,785
759,생선가게,경기도,"1,339"
760,생선가게,강원도,597
761,생선가게,대전광역시,169
762,생선가게,충청북도,190
763,생선가게,충청남도,743
764,생선가게,세종특별자치시,26
765,생선가게,광주광역시,344
766,생선가게,전라북도,632
767,생선가게,전라남도,"1,671"
768,생선가게,대구광역시,245
769,생선가게,경상북도,959
770,생선가게,부산광역시,"1,108"
771,생선가게,울산광역시,416
772,생선가게,경상남도,933
773,생선가게,제주특별자치도,468
774,서점,합계,"8,451"
775,서점,서울특별시,"1,635"
776,서점,인천광역시,389
777,서점,경기도,"2,044"
778,서점,강원도,236
779,서점,대전광역시,324
780,서점,충청북도,239
781,서점,충청남도,354
782,서점,세종특별자치시,74
783,서점,광주광역시,276
784,서점,전라북도,343
785,서점,전라남도,260
786,서점,대구광역시,492
787,서점,경상북도,395
788,서점,부산광역시,548
789,서점,울산광역시,194
790,서점,경상남도,499
791,서점,제주특별자치도,149
792,성형외과 의원,합계,"1,526"
793,성형외과 의원,서울특별시,755
794,성형외과 의원,인천광역시,49
795,성형외과 의원,경기도,195
796,성형외과 의원,강원도,17
797,성형외과 의원,대전광역시,46
798,성형외과 의원,충청북도,25
799,성형외과 의원,충청남도,26
800,성형외과 의원,세종특별자치시,6
801,성형외과 의원,광주광역시,47
802,성형외과 의원,전라북도,26
803,성형외과 의원,전라남도,16
804,성형외과 의원,대구광역시,81
805,성형외과 의원,경상북도,16
806,성형외과 의원,부산광역시,141
807,성형외과 의원,울산광역시,19
808,성형외과 의원,경상남도,42
809,성형외과 의원,제주특별자치도,19
810,세무사,합계,"12,879"
811,세무사,서울특별시,"5,335"
812,세무사,인천광역시,540
813,세무사,경기도,"2,846"
814,세무사,강원도,175
815,세무사,대전광역시,286
816,세무사,충청북도,173
817,세무사,충청남도,266
818,세무사,세종특별자치시,44
819,세무사,광주광역시,312
820,세무사,전라북도,273
821,세무사,전라남도,137
822,세무사,대구광역시,562
823,세무사,경상북도,241
824,세무사,부산광역시,969
825,세무사,울산광역시,168
826,세무사,경상남도,438
827,세무사,제주특별자치도,114
828,세탁소,합계,"24,135"
829,세탁소,서울특별시,"4,694"
830,세탁소,인천광역시,"1,310"
831,세탁소,경기도,"5,548"
832,세탁소,강원도,959
833,세탁소,대전광역시,882
834,세탁소,충청북도,905
835,세탁소,충청남도,"1,142"
836,세탁소,세종특별자치시,110
837,세탁소,광주광역시,887
838,세탁소,전라북도,923
839,세탁소,전라남도,871
840,세탁소,대구광역시,901
841,세탁소,경상북도,"1,281"
842,세탁소,부산광역시,"1,373"
843,세탁소,울산광역시,444
844,세탁소,경상남도,"1,296"
845,세탁소,제주특별자치도,609
846,슈퍼마켓,합계,"28,802"
847,슈퍼마켓,서울특별시,"3,817"
848,슈퍼마켓,인천광역시,"1,787"
849,슈퍼마켓,경기도,"7,811"
850,슈퍼마켓,강원도,994
851,슈퍼마켓,대전광역시,669
852,슈퍼마켓,충청북도,951
853,슈퍼마켓,충청남도,"1,215"
854,슈퍼마켓,세종특별자치시,142
855,슈퍼마켓,광주광역시,841
856,슈퍼마켓,전라북도,993
857,슈퍼마켓,전라남도,"1,218"
858,슈퍼마켓,대구광역시,"1,620"
859,슈퍼마켓,경상북도,"1,798"
860,슈퍼마켓,부산광역시,"1,789"
861,슈퍼마켓,울산광역시,838
862,슈퍼마켓,경상남도,"1,922"
863,슈퍼마켓,제주특별자치도,397
864,스포츠교육기관,합계,"26,210"
865,스포츠교육기관,서울특별시,"4,829"
866,스포츠교육기관,인천광역시,"1,407"
867,스포츠교육기관,경기도,"6,842"
868,스포츠교육기관,강원도,722
869,스포츠교육기관,대전광역시,834
870,스포츠교육기관,충청북도,768
871,스포츠교육기관,충청남도,946
872,스포츠교육기관,세종특별자치시,222
873,스포츠교육기관,광주광역시,941
874,스포츠교육기관,전라북도,869
875,스포츠교육기관,전라남도,735
876,스포츠교육기관,대구광역시,"1,298"
877,스포츠교육기관,경상북도,"1,200"
878,스포츠교육기관,부산광역시,"1,718"
879,스포츠교육기관,울산광역시,604
880,스포츠교육기관,경상남도,"1,835"
881,스포츠교육기관,제주특별자치도,440
882,스포츠시설운영업,합계,"8,762"
883,스포츠시설운영업,서울특별시,"2,358"
884,스포츠시설운영업,인천광역시,458
885,스포츠시설운영업,경기도,"2,359"
886,스포츠시설운영업,강원도,256
887,스포츠시설운영업,대전광역시,199
888,스포츠시설운영업,충청북도,201
889,스포츠시설운영업,충청남도,229
890,스포츠시설운영업,세종특별자치시,57
891,스포츠시설운영업,광주광역시,261
892,스포츠시설운영업,전라북도,265
893,스포츠시설운영업,전라남도,183
894,스포츠시설운영업,대구광역시,357
895,스포츠시설운영업,경상북도,317
896,스포츠시설운영업,부산광역시,524
897,스포츠시설운영업,울산광역시,152
898,스포츠시설운영업,경상남도,449
899,스포츠시설운영업,제주특별자치도,137
900,스포츠용품점,합계,"15,198"
901,스포츠용품점,서울특별시,"1,478"
902,스포츠용품점,인천광역시,521
903,스포츠용품점,경기도,"3,359"
904,스포츠용품점,강원도,877
905,스포츠용품점,대전광역시,376
906,스포츠용품점,충청북도,632
907,스포츠용품점,충청남도,"1,010"
908,스포츠용품점,세종특별자치시,81
909,스포츠용품점,광주광역시,433
910,스포츠용품점,전라북도,886
911,스포츠용품점,전라남도,902
912,스포츠용품점,대구광역시,637
913,스포츠용품점,경상북도,"1,219"
914,스포츠용품점,부산광역시,692
915,스포츠용품점,울산광역시,289
916,스포츠용품점,경상남도,"1,353"
917,스포츠용품점,제주특별자치도,453
918,시계ㆍ귀금속점,합계,"8,139"
919,시계ㆍ귀금속점,서울특별시,"1,874"
920,시계ㆍ귀금속점,인천광역시,362
921,시계ㆍ귀금속점,경기도,"1,299"
922,시계ㆍ귀금속점,강원도,234
923,시계ㆍ귀금속점,대전광역시,232
924,시계ㆍ귀금속점,충청북도,251
925,시계ㆍ귀금속점,충청남도,314
926,시계ㆍ귀금속점,세종특별자치시,23
927,시계ㆍ귀금속점,광주광역시,263
928,시계ㆍ귀금속점,전라북도,374
929,시계ㆍ귀금속점,전라남도,284
930,시계ㆍ귀금속점,대구광역시,521
931,시계ㆍ귀금속점,경상북도,428
932,시계ㆍ귀금속점,부산광역시,789
933,시계ㆍ귀금속점,울산광역시,220
934,시계ㆍ귀금속점,경상남도,568
935,시계ㆍ귀금속점,제주특별자치도,103
936,식료품가게,합계,"48,501"
937,식료품가게,서울특별시,"5,440"
938,식료품가게,인천광역시,"2,127"
939,식료품가게,경기도,"9,151"
940,식료품가게,강원도,"2,820"
941,식료품가게,대전광역시,"1,321"
942,식료품가게,충청북도,"2,232"
943,식료품가게,충청남도,"3,324"
944,식료품가게,세종특별자치시,224
945,식료품가게,광주광역시,"1,399"
946,식료품가게,전라북도,"3,343"
947,식료품가게,전라남도,"3,588"
948,식료품가게,대구광역시,"1,654"
949,식료품가게,경상북도,"3,467"
950,식료품가게,부산광역시,"3,012"
951,식료품가게,울산광역시,748
952,식료품가게,경상남도,"3,835"
953,식료품가게,제주특별자치도,816
954,신경정신과 의원,합계,"1,831"
955,신경정신과 의원,서울특별시,538
956,신경정신과 의원,인천광역시,74
957,신경정신과 의원,경기도,383
958,신경정신과 의원,강원도,40
959,신경정신과 의원,대전광역시,75
960,신경정신과 의원,충청북도,49
961,신경정신과 의원,충청남도,52
962,신경정신과 의원,세종특별자치시,12
963,신경정신과 의원,광주광역시,52
964,신경정신과 의원,전라북도,70
965,신경정신과 의원,전라남도,43
966,신경정신과 의원,대구광역시,113
967,신경정신과 의원,경상북도,51
968,신경정신과 의원,부산광역시,156
969,신경정신과 의원,울산광역시,26
970,신경정신과 의원,경상남도,75
971,신경정신과 의원,제주특별자치도,22
972,신발가게,합계,"6,381"
973,신발가게,서울특별시,"1,252"
974,신발가게,인천광역시,331
975,신발가게,경기도,"1,243"
976,신발가게,강원도,238
977,신발가게,대전광역시,195
978,신발가게,충청북도,213
979,신발가게,충청남도,271
980,신발가게,세종특별자치시,28
981,신발가게,광주광역시,213
982,신발가게,전라북도,286
983,신발가게,전라남도,254
984,신발가게,대구광역시,328
985,신발가게,경상북도,362
986,신발가게,부산광역시,554
987,신발가게,울산광역시,107
988,신발가게,경상남도,402
989,신발가게,제주특별자치도,104
990,실내스크린골프점,합계,"5,258"
991,실내스크린골프점,서울특별시,708
992,실내스크린골프점,인천광역시,218
993,실내스크린골프점,경기도,"1,386"
994,실내스크린골프점,강원도,177
995,실내스크린골프점,대전광역시,150
996,실내스크린골프점,충청북도,190
997,실내스크린골프점,충청남도,226
998,실내스크린골프점,세종특별자치시,33
999,실내스크린골프점,광주광역시,119
1000,실내스크린골프점,전라북도,186
1001,실내스크린골프점,전라남도,170
1002,실내스크린골프점,대구광역시,323
1003,실내스크린골프점,경상북도,323
1004,실내스크린골프점,부산광역시,318
1005,실내스크린골프점,울산광역시,187
1006,실내스크린골프점,경상남도,434
1007,실내스크린골프점,제주특별자치도,110
1008,실내장식가게,합계,"61,570"
1009,실내장식가게,서울특별시,"14,377"
1010,실내장식가게,인천광역시,"3,645"
1011,실내장식가게,경기도,"18,377"
1012,실내장식가게,강원도,"1,281"
1013,실내장식가게,대전광역시,"2,048"
1014,실내장식가게,충청북도,"1,440"
1015,실내장식가게,충청남도,"1,685"
1016,실내장식가게,세종특별자치시,276
1017,실내장식가게,광주광역시,"2,165"
1018,실내장식가게,전라북도,287
1019,실내장식가게,전라남도,"1,330"
1020,실내장식가게,대구광역시,"2,855"
1021,실내장식가게,경상북도,"2,005"
1022,실내장식가게,부산광역시,"4,335"
1023,실내장식가게,울산광역시,"1,122"
1024,실내장식가게,경상남도,"2,994"
1025,실내장식가게,제주특별자치도,"1,348"
1026,실외골프연습장,합계,"2,181"
1027,실외골프연습장,서울특별시,353
1028,실외골프연습장,인천광역시,71
1029,실외골프연습장,경기도,489
1030,실외골프연습장,강원도,106
1031,실외골프연습장,대전광역시,69
1032,실외골프연습장,충청북도,97
1033,실외골프연습장,충청남도,91
1034,실외골프연습장,세종특별자치시,4
1035,실외골프연습장,광주광역시,43
1036,실외골프연습장,전라북도,89
1037,실외골프연습장,전라남도,91
1038,실외골프연습장,대구광역시,94
1039,실외골프연습장,경상북도,192
1040,실외골프연습장,부산광역시,131
1041,실외골프연습장,울산광역시,50
1042,실외골프연습장,경상남도,157
1043,실외골프연습장,제주특별자치도,54
1044,안경점,합계,"9,251"
1045,안경점,서울특별시,"2,026"
1046,안경점,인천광역시,422
1047,안경점,경기도,"2,023"
1048,안경점,강원도,252
1049,안경점,대전광역시,318
1050,안경점,충청북도,289
1051,안경점,충청남도,347
1052,안경점,세종특별자치시,49
1053,안경점,광주광역시,353
1054,안경점,전라북도,360
1055,안경점,전라남도,313
1056,안경점,대구광역시,478
1057,안경점,경상북도,436
1058,안경점,부산광역시,641
1059,안경점,울산광역시,220
1060,안경점,경상남도,592
1061,안경점,제주특별자치도,132
1062,안과 의원,합계,"1,675"
1063,안과 의원,서울특별시,457
1064,안과 의원,인천광역시,65
1065,안과 의원,경기도,362
1066,안과 의원,강원도,42
1067,안과 의원,대전광역시,49
1068,안과 의원,충청북도,38
1069,안과 의원,충청남도,52
1070,안과 의원,세종특별자치시,6
1071,안과 의원,광주광역시,41
1072,안과 의원,전라북도,63
1073,안과 의원,전라남도,49
1074,안과 의원,대구광역시,101
1075,안과 의원,경상북도,69
1076,안과 의원,부산광역시,134
1077,안과 의원,울산광역시,33
1078,안과 의원,경상남도,94
1079,안과 의원,제주특별자치도,20
1080,애완용품점,합계,"8,467"
1081,애완용품점,서울특별시,"1,351"
1082,애완용품점,인천광역시,533
1083,애완용품점,경기도,"2,651"
1084,애완용품점,강원도,238
1085,애완용품점,대전광역시,275
1086,애완용품점,충청북도,246
1087,애완용품점,충청남도,360
1088,애완용품점,세종특별자치시,31
1089,애완용품점,광주광역시,191
1090,애완용품점,전라북도,233
1091,애완용품점,전라남도,194
1092,애완용품점,대구광역시,373
1093,애완용품점,경상북도,424
1094,애완용품점,부산광역시,619
1095,애완용품점,울산광역시,138
1096,애완용품점,경상남도,500
1097,애완용품점,제주특별자치도,110
1098,약국,합계,"23,183"
1099,약국,서울특별시,"5,218"
1100,약국,인천광역시,"1,135"
1101,약국,경기도,"5,184"
1102,약국,강원도,687
1103,약국,대전광역시,745
1104,약국,충청북도,682
1105,약국,충청남도,973
1106,약국,세종특별자치시,134
1107,약국,광주광역시,681
1108,약국,전라북도,933
1109,약국,전라남도,796
1110,약국,대구광역시,"1,306"
1111,약국,경상북도,"1,117"
1112,약국,부산광역시,"1,570"
1113,약국,울산광역시,422
1114,약국,경상남도,"1,300"
1115,약국,제주특별자치도,300
1116,여관ㆍ모텔,합계,"20,275"
1117,여관ㆍ모텔,서울특별시,"1,793"
1118,여관ㆍ모텔,인천광역시,809
1119,여관ㆍ모텔,경기도,"3,142"
1120,여관ㆍ모텔,강원도,"1,529"
1121,여관ㆍ모텔,대전광역시,603
1122,여관ㆍ모텔,충청북도,844
1123,여관ㆍ모텔,충청남도,"1,479"
1124,여관ㆍ모텔,세종특별자치시,65
1125,여관ㆍ모텔,광주광역시,491
1126,여관ㆍ모텔,전라북도,"1,008"
1127,여관ㆍ모텔,전라남도,"1,293"
1128,여관ㆍ모텔,대구광역시,657
1129,여관ㆍ모텔,경상북도,"1,938"
1130,여관ㆍ모텔,부산광역시,"1,318"
1131,여관ㆍ모텔,울산광역시,609
1132,여관ㆍ모텔,경상남도,"2,295"
1133,여관ㆍ모텔,제주특별자치도,402
1134,여행사,합계,"13,607"
1135,여행사,서울특별시,"5,272"
1136,여행사,인천광역시,395
1137,여행사,경기도,"1,753"
1138,여행사,강원도,344
1139,여행사,대전광역시,313
1140,여행사,충청북도,269
1141,여행사,충청남도,315
1142,여행사,세종특별자치시,52
1143,여행사,광주광역시,396
1144,여행사,전라북도,407
1145,여행사,전라남도,442
1146,여행사,대구광역시,525
1147,여행사,경상북도,455
1148,여행사,부산광역시,"1,027"
1149,여행사,울산광역시,176
1150,여행사,경상남도,551
1151,여행사,제주특별자치도,915
1152,예술학원,합계,"30,868"
1153,예술학원,서울특별시,"5,419"
1154,예술학원,인천광역시,"1,499"
1155,예술학원,경기도,"8,497"
1156,예술학원,강원도,892
1157,예술학원,대전광역시,886
1158,예술학원,충청북도,884
1159,예술학원,충청남도,"1,099"
1160,예술학원,세종특별자치시,289
1161,예술학원,광주광역시,"1,099"
1162,예술학원,전라북도,"1,326"
1163,예술학원,전라남도,872
1164,예술학원,대구광역시,"1,410"
1165,예술학원,경상북도,"1,388"
1166,예술학원,부산광역시,"1,847"
1167,예술학원,울산광역시,805
1168,예술학원,경상남도,"2,203"
1169,예술학원,제주특별자치도,453
1170,예식장,합계,841
1171,예식장,서울특별시,161
1172,예식장,인천광역시,23
1173,예식장,경기도,126
1174,예식장,강원도,35
1175,예식장,대전광역시,21
1176,예식장,충청북도,36
1177,예식장,충청남도,66
1178,예식장,세종특별자치시,5
1179,예식장,광주광역시,24
1180,예식장,전라북도,43
1181,예식장,전라남도,41
1182,예식장,대구광역시,39
1183,예식장,경상북도,62
1184,예식장,부산광역시,60
1185,예식장,울산광역시,16
1186,예식장,경상남도,62
1187,예식장,제주특별자치도,21
1188,옷가게,합계,"85,248"
1189,옷가게,서울특별시,"15,517"
1190,옷가게,인천광역시,"4,012"
1191,옷가게,경기도,"17,732"
1192,옷가게,강원도,"3,154"
1193,옷가게,대전광역시,"2,792"
1194,옷가게,충청북도,"2,901"
1195,옷가게,충청남도,"3,300"
1196,옷가게,세종특별자치시,369
1197,옷가게,광주광역시,"3,123"
1198,옷가게,전라북도,"3,351"
1199,옷가게,전라남도,"3,056"
1200,옷가게,대구광역시,"5,231"
1201,옷가게,경상북도,"4,622"
1202,옷가게,부산광역시,"7,022"
1203,옷가게,울산광역시,"1,762"
1204,옷가게,경상남도,"5,595"
1205,옷가게,제주특별자치도,"1,709"
1206,의료용품가게,합계,"7,206"
1207,의료용품가게,서울특별시,"1,588"
1208,의료용품가게,인천광역시,304
1209,의료용품가게,경기도,"1,645"
1210,의료용품가게,강원도,188
1211,의료용품가게,대전광역시,254
1212,의료용품가게,충청북도,191
1213,의료용품가게,충청남도,291
1214,의료용품가게,세종특별자치시,30
1215,의료용품가게,광주광역시,318
1216,의료용품가게,전라북도,345
1217,의료용품가게,전라남도,225
1218,의료용품가게,대구광역시,346
1219,의료용품가게,경상북도,287
1220,의료용품가게,부산광역시,588
1221,의료용품가게,울산광역시,111
1222,의료용품가게,경상남도,414
1223,의료용품가게,제주특별자치도,81
1224,이륜자동차판매점,합계,"2,698"
1225,이륜자동차판매점,서울특별시,460
1226,이륜자동차판매점,인천광역시,93
1227,이륜자동차판매점,경기도,478
1228,이륜자동차판매점,강원도,93
1229,이륜자동차판매점,대전광역시,66
1230,이륜자동차판매점,충청북도,92
1231,이륜자동차판매점,충청남도,143
1232,이륜자동차판매점,세종특별자치시,8
1233,이륜자동차판매점,광주광역시,65
1234,이륜자동차판매점,전라북도,128
1235,이륜자동차판매점,전라남도,150
1236,이륜자동차판매점,대구광역시,155
1237,이륜자동차판매점,경상북도,209
1238,이륜자동차판매점,부산광역시,214
1239,이륜자동차판매점,울산광역시,72
1240,이륜자동차판매점,경상남도,231
1241,이륜자동차판매점,제주특별자치도,41
1242,이발소,합계,"12,097"
1243,이발소,서울특별시,"2,168"
1244,이발소,인천광역시,410
1245,이발소,경기도,"2,141"
1246,이발소,강원도,659
1247,이발소,대전광역시,408
1248,이발소,충청북도,422
1249,이발소,충청남도,640
1250,이발소,세종특별자치시,42
1251,이발소,광주광역시,255
1252,이발소,전라북도,488
1253,이발소,전라남도,610
1254,이발소,대구광역시,574
1255,이발소,경상북도,889
1256,이발소,부산광역시,"1,033"
1257,이발소,울산광역시,374
1258,이발소,경상남도,815
1259,이발소,제주특별자치도,169
1260,이비인후과 의원,합계,"2,625"
1261,이비인후과 의원,서울특별시,701
1262,이비인후과 의원,인천광역시,140
1263,이비인후과 의원,경기도,662
1264,이비인후과 의원,강원도,51
1265,이비인후과 의원,대전광역시,82
1266,이비인후과 의원,충청북도,60
1267,이비인후과 의원,충청남도,58
1268,이비인후과 의원,세종특별자치시,16
1269,이비인후과 의원,광주광역시,80
1270,이비인후과 의원,전라북도,73
1271,이비인후과 의원,전라남도,49
1272,이비인후과 의원,대구광역시,158
1273,이비인후과 의원,경상북도,88
1274,이비인후과 의원,부산광역시,202
1275,이비인후과 의원,울산광역시,47
1276,이비인후과 의원,경상남도,131
1277,이비인후과 의원,제주특별자치도,27
1278,일반외과 의원,합계,"4,977"
1279,일반외과 의원,서울특별시,"1,149"
1280,일반외과 의원,인천광역시,269
1281,일반외과 의원,경기도,"1,186"
1282,일반외과 의원,강원도,135
1283,일반외과 의원,대전광역시,147
1284,일반외과 의원,충청북도,177
1285,일반외과 의원,충청남도,196
1286,일반외과 의원,세종특별자치시,34
1287,일반외과 의원,광주광역시,98
1288,일반외과 의원,전라북도,181
1289,일반외과 의원,전라남도,137
1290,일반외과 의원,대구광역시,307
1291,일반외과 의원,경상북도,230
1292,일반외과 의원,부산광역시,339
1293,일반외과 의원,울산광역시,76
1294,일반외과 의원,경상남도,244
1295,일반외과 의원,제주특별자치도,72
1296,일식전문점,합계,"18,187"
1297,일식전문점,서울특별시,"5,544"
1298,일식전문점,인천광역시,956
1299,일식전문점,경기도,"3,851"
1300,일식전문점,강원도,941
1301,일식전문점,대전광역시,440
1302,일식전문점,충청북도,494
1303,일식전문점,충청남도,707
1304,일식전문점,세종특별자치시,99
1305,일식전문점,광주광역시,260
1306,일식전문점,전라북도,504
1307,일식전문점,전라남도,439
1308,일식전문점,대구광역시,831
1309,일식전문점,경상북도,538
1310,일식전문점,부산광역시,"1,054"
1311,일식전문점,울산광역시,280
1312,일식전문점,경상남도,733
1313,일식전문점,제주특별자치도,516
1314,자동차수리점,합계,"45,059"
1315,자동차수리점,서울특별시,"4,977"
1316,자동차수리점,인천광역시,"2,382"
1317,자동차수리점,경기도,"11,556"
1318,자동차수리점,강원도,"1,799"
1319,자동차수리점,대전광역시,"1,467"
1320,자동차수리점,충청북도,"1,856"
1321,자동차수리점,충청남도,"2,505"
1322,자동차수리점,세종특별자치시,206
1323,자동차수리점,광주광역시,"1,523"
1324,자동차수리점,전라북도,"1,991"
1325,자동차수리점,전라남도,"2,001"
1326,자동차수리점,대구광역시,"2,281"
1327,자동차수리점,경상북도,"3,090"
1328,자동차수리점,부산광역시,"2,432"
1329,자동차수리점,울산광역시,"1,113"
1330,자동차수리점,경상남도,"3,267"
1331,자동차수리점,제주특별자치도,613
1332,자전거판매점,합계,"2,526"
1333,자전거판매점,서울특별시,396
1334,자전거판매점,인천광역시,101
1335,자전거판매점,경기도,623
1336,자전거판매점,강원도,87
1337,자전거판매점,대전광역시,88
1338,자전거판매점,충청북도,83
1339,자전거판매점,충청남도,117
1340,자전거판매점,세종특별자치시,15
1341,자전거판매점,광주광역시,58
1342,자전거판매점,전라북도,137
1343,자전거판매점,전라남도,95
1344,자전거판매점,대구광역시,153
1345,자전거판매점,경상북도,172
1346,자전거판매점,부산광역시,112
1347,자전거판매점,울산광역시,57
1348,자전거판매점,경상남도,200
1349,자전거판매점,제주특별자치도,32
1350,장난감가게,합계,"3,038"
1351,장난감가게,서울특별시,507
1352,장난감가게,인천광역시,143
1353,장난감가게,경기도,890
1354,장난감가게,강원도,97
1355,장난감가게,대전광역시,90
1356,장난감가게,충청북도,84
1357,장난감가게,충청남도,139
1358,장난감가게,세종특별자치시,22
1359,장난감가게,광주광역시,75
1360,장난감가게,전라북도,108
1361,장난감가게,전라남도,111
1362,장난감가게,대구광역시,136
1363,장난감가게,경상북도,146
1364,장난감가게,부산광역시,189
1365,장난감가게,울산광역시,62
1366,장난감가게,경상남도,173
1367,장난감가게,제주특별자치도,66
1368,정육점,합계,"20,160"
1369,정육점,서울특별시,"2,779"
1370,정육점,인천광역시,"1,068"
1371,정육점,경기도,"4,360"
1372,정육점,강원도,877
1373,정육점,대전광역시,762
1374,정육점,충청북도,796
1375,정육점,충청남도,"1,021"
1376,정육점,세종특별자치시,124
1377,정육점,광주광역시,557
1378,정육점,전라북도,"1,082"
1379,정육점,전라남도,856
1380,정육점,대구광역시,"1,311"
1381,정육점,경상북도,"1,283"
1382,정육점,부산광역시,"1,128"
1383,정육점,울산광역시,614
1384,정육점,경상남도,"1,251"
1385,정육점,제주특별자치도,291
1386,제과점,합계,"17,978"
1387,제과점,서울특별시,"3,691"
1388,제과점,인천광역시,820
1389,제과점,경기도,"4,238"
1390,제과점,강원도,596
1391,제과점,대전광역시,538
1392,제과점,충청북도,561
1393,제과점,충청남도,722
1394,제과점,세종특별자치시,125
1395,제과점,광주광역시,504
1396,제과점,전라북도,632
1397,제과점,전라남도,590
1398,제과점,대구광역시,943
1399,제과점,경상북도,959
1400,제과점,부산광역시,"1,110"
1401,제과점,울산광역시,382
1402,제과점,경상남도,"1,149"
1403,제과점,제주특별자치도,418
1404,종합병원,합계,"3,445"
1405,종합병원,서울특별시,441
1406,종합병원,인천광역시,150
1407,종합병원,경기도,694
1408,종합병원,강원도,85
1409,종합병원,대전광역시,98
1410,종합병원,충청북도,101
1411,종합병원,충청남도,141
1412,종합병원,세종특별자치시,13
1413,종합병원,광주광역시,180
1414,종합병원,전라북도,169
1415,종합병원,전라남도,201
1416,종합병원,대구광역시,195
1417,종합병원,경상북도,229
1418,종합병원,부산광역시,333
1419,종합병원,울산광역시,98
1420,종합병원,경상남도,293
1421,종합병원,제주특별자치도,24
1422,주유소,합계,"10,938"
1423,주유소,서울특별시,437
1424,주유소,인천광역시,288
1425,주유소,경기도,"2,272"
1426,주유소,강원도,639
1427,주유소,대전광역시,237
1428,주유소,충청북도,716
1429,주유소,충청남도,"1,009"
1430,주유소,세종특별자치시,69
1431,주유소,광주광역시,277
1432,주유소,전라북도,835
1433,주유소,전라남도,816
1434,주유소,대구광역시,337
1435,주유소,경상북도,"1,212"
1436,주유소,부산광역시,356
1437,주유소,울산광역시,217
1438,주유소,경상남도,"1,038"
1439,주유소,제주특별자치도,183
1440,주차장운영업,합계,"8,221"
1441,주차장운영업,서울특별시,"1,790"
1442,주차장운영업,인천광역시,312
1443,주차장운영업,경기도,"1,407"
1444,주차장운영업,강원도,154
1445,주차장운영업,대전광역시,191
1446,주차장운영업,충청북도,167
1447,주차장운영업,충청남도,152
1448,주차장운영업,세종특별자치시,30
1449,주차장운영업,광주광역시,271
1450,주차장운영업,전라북도,146
1451,주차장운영업,전라남도,110
1452,주차장운영업,대구광역시,427
1453,주차장운영업,경상북도,268
1454,주차장운영업,부산광역시,"1,782"
1455,주차장운영업,울산광역시,247
1456,주차장운영업,경상남도,707
1457,주차장운영업,제주특별자치도,60
1458,중고차판매점,합계,"4,816"
1459,중고차판매점,서울특별시,482
1460,중고차판매점,인천광역시,246
1461,중고차판매점,경기도,"1,038"
1462,중고차판매점,강원도,157
1463,중고차판매점,대전광역시,217
1464,중고차판매점,충청북도,188
1465,중고차판매점,충청남도,217
1466,중고차판매점,세종특별자치시,3
1467,중고차판매점,광주광역시,229
1468,중고차판매점,전라북도,288
1469,중고차판매점,전라남도,220
1470,중고차판매점,대구광역시,486
1471,중고차판매점,경상북도,305
1472,중고차판매점,부산광역시,234
1473,중고차판매점,울산광역시,122
1474,중고차판매점,경상남도,329
1475,중고차판매점,제주특별자치도,55
1476,중식전문점,합계,"24,981"
1477,중식전문점,서울특별시,"4,816"
1478,중식전문점,인천광역시,"1,211"
1479,중식전문점,경기도,"5,422"
1480,중식전문점,강원도,"1,055"
1481,중식전문점,대전광역시,614
1482,중식전문점,충청북도,931
1483,중식전문점,충청남도,"1,239"
1484,중식전문점,세종특별자치시,156
1485,중식전문점,광주광역시,476
1486,중식전문점,전라북도,"1,043"
1487,중식전문점,전라남도,826
1488,중식전문점,대구광역시,"1,237"
1489,중식전문점,경상북도,"1,519"
1490,중식전문점,부산광역시,"1,802"
1491,중식전문점,울산광역시,511
1492,중식전문점,경상남도,"1,685"
1493,중식전문점,제주특별자치도,438
1494,채소가게,합계,"12,151"
1495,채소가게,서울특별시,"1,617"
1496,채소가게,인천광역시,578
1497,채소가게,경기도,"2,227"
1498,채소가게,강원도,817
1499,채소가게,대전광역시,318
1500,채소가게,충청북도,526
1501,채소가게,충청남도,727
1502,채소가게,세종특별자치시,61
1503,채소가게,광주광역시,264
1504,채소가게,전라북도,666
1505,채소가게,전라남도,785
1506,채소가게,대구광역시,455
1507,채소가게,경상북도,960
1508,채소가게,부산광역시,773
1509,채소가게,울산광역시,145
1510,채소가게,경상남도,918
1511,채소가게,제주특별자치도,314
1512,철물점,합계,"8,790"
1513,철물점,서울특별시,"1,360"
1514,철물점,인천광역시,493
1515,철물점,경기도,"1,833"
1516,철물점,강원도,475
1517,철물점,대전광역시,282
1518,철물점,충청북도,344
1519,철물점,충청남도,456
1520,철물점,세종특별자치시,38
1521,철물점,광주광역시,286
1522,철물점,전라북도,423
1523,철물점,전라남도,466
1524,철물점,대구광역시,339
1525,철물점,경상북도,486
1526,철물점,부산광역시,664
1527,철물점,울산광역시,175
1528,철물점,경상남도,561
1529,철물점,제주특별자치도,109
1530,치과병원ㆍ의원,합계,"18,515"
1531,치과병원ㆍ의원,서울특별시,"4,939"
1532,치과병원ㆍ의원,인천광역시,940
1533,치과병원ㆍ의원,경기도,"4,393"
1534,치과병원ㆍ의원,강원도,405
1535,치과병원ㆍ의원,대전광역시,540
1536,치과병원ㆍ의원,충청북도,443
1537,치과병원ㆍ의원,충청남도,574
1538,치과병원ㆍ의원,세종특별자치시,91
1539,치과병원ㆍ의원,광주광역시,644
1540,치과병원ㆍ의원,전라북도,588
1541,치과병원ㆍ의원,전라남도,499
1542,치과병원ㆍ의원,대구광역시,905
1543,치과병원ㆍ의원,경상북도,689
1544,치과병원ㆍ의원,부산광역시,"1,324"
1545,치과병원ㆍ의원,울산광역시,393
1546,치과병원ㆍ의원,경상남도,928
1547,치과병원ㆍ의원,제주특별자치도,220
1548,침구ㆍ커튼가게,합계,"9,891"
1549,침구ㆍ커튼가게,서울특별시,"1,242"
1550,침구ㆍ커튼가게,인천광역시,426
1551,침구ㆍ커튼가게,경기도,"1,930"
1552,침구ㆍ커튼가게,강원도,391
1553,침구ㆍ커튼가게,대전광역시,415
1554,침구ㆍ커튼가게,충청북도,392
1555,침구ㆍ커튼가게,충청남도,504
1556,침구ㆍ커튼가게,세종특별자치시,54
1557,침구ㆍ커튼가게,광주광역시,379
1558,침구ㆍ커튼가게,전라북도,492
1559,침구ㆍ커튼가게,전라남도,493
1560,침구ㆍ커튼가게,대구광역시,655
1561,침구ㆍ커튼가게,경상북도,662
1562,침구ㆍ커튼가게,부산광역시,713
1563,침구ㆍ커튼가게,울산광역시,227
1564,침구ㆍ커튼가게,경상남도,694
1565,침구ㆍ커튼가게,제주특별자치도,222
1566,커피음료점,합계,"70,185"
1567,커피음료점,서울특별시,"13,456"
1568,커피음료점,인천광역시,"3,547"
1569,커피음료점,경기도,"15,236"
1570,커피음료점,강원도,"2,521"
1571,커피음료점,대전광역시,"2,486"
1572,커피음료점,충청북도,"2,363"
1573,커피음료점,충청남도,"3,045"
1574,커피음료점,세종특별자치시,492
1575,커피음료점,광주광역시,"1,955"
1576,커피음료점,전라북도,"2,825"
1577,커피음료점,전라남도,"2,590"
1578,커피음료점,대구광역시,"3,184"
1579,커피음료점,경상북도,"4,714"
1580,커피음료점,부산광역시,"4,118"
1581,커피음료점,울산광역시,"1,610"
1582,커피음료점,경상남도,"4,594"
1583,커피음료점,제주특별자치도,"1,449"
1584,컴퓨터판매점,합계,"5,141"
1585,컴퓨터판매점,서울특별시,"1,050"
1586,컴퓨터판매점,인천광역시,209
1587,컴퓨터판매점,경기도,"1,199"
1588,컴퓨터판매점,강원도,186
1589,컴퓨터판매점,대전광역시,188
1590,컴퓨터판매점,충청북도,190
1591,컴퓨터판매점,충청남도,218
1592,컴퓨터판매점,세종특별자치시,34
1593,컴퓨터판매점,광주광역시,184
1594,컴퓨터판매점,전라북도,208
1595,컴퓨터판매점,전라남도,181
1596,컴퓨터판매점,대구광역시,236
1597,컴퓨터판매점,경상북도,310
1598,컴퓨터판매점,부산광역시,239
1599,컴퓨터판매점,울산광역시,88
1600,컴퓨터판매점,경상남도,326
1601,컴퓨터판매점,제주특별자치도,95
1602,통신판매업,합계,"343,859"
1603,통신판매업,서울특별시,"100,521"
1604,통신판매업,인천광역시,"22,393"
1605,통신판매업,경기도,"105,040"
1606,통신판매업,강원도,"4,779"
1607,통신판매업,대전광역시,"8,154"
1608,통신판매업,충청북도,"6,477"
1609,통신판매업,충청남도,"8,565"
1610,통신판매업,세종특별자치시,"1,738"
1611,통신판매업,광주광역시,"7,425"
1612,통신판매업,전라북도,"6,454"
1613,통신판매업,전라남도,"5,851"
1614,통신판매업,대구광역시,"15,417"
1615,통신판매업,경상북도,"10,377"
1616,통신판매업,부산광역시,"21,045"
1617,통신판매업,울산광역시,"4,200"
1618,통신판매업,경상남도,"12,760"
1619,통신판매업,제주특별자치도,"2,663"
1620,패스트푸드점,합계,"42,260"
1621,패스트푸드점,서울특별시,"6,970"
1622,패스트푸드점,인천광역시,"1,975"
1623,패스트푸드점,경기도,"9,406"
1624,패스트푸드점,강원도,"1,928"
1625,패스트푸드점,대전광역시,"1,133"
1626,패스트푸드점,충청북도,"1,703"
1627,패스트푸드점,충청남도,"2,193"
1628,패스트푸드점,세종특별자치시,344
1629,패스트푸드점,광주광역시,"1,228"
1630,패스트푸드점,전라북도,"1,729"
1631,패스트푸드점,전라남도,"1,625"
1632,패스트푸드점,대구광역시,"1,630"
1633,패스트푸드점,경상북도,"2,383"
1634,패스트푸드점,부산광역시,"2,770"
1635,패스트푸드점,울산광역시,"1,116"
1636,패스트푸드점,경상남도,"3,432"
1637,패스트푸드점,제주특별자치도,695
1638,펜션ㆍ게스트하우스,합계,"15,914"
1639,펜션ㆍ게스트하우스,서울특별시,740
1640,펜션ㆍ게스트하우스,인천광역시,706
1641,펜션ㆍ게스트하우스,경기도,"2,119"
1642,펜션ㆍ게스트하우스,강원도,"2,834"
1643,펜션ㆍ게스트하우스,대전광역시,27
1644,펜션ㆍ게스트하우스,충청북도,483
1645,펜션ㆍ게스트하우스,충청남도,"1,354"
1646,펜션ㆍ게스트하우스,세종특별자치시,9
1647,펜션ㆍ게스트하우스,광주광역시,26
1648,펜션ㆍ게스트하우스,전라북도,488
1649,펜션ㆍ게스트하우스,전라남도,911
1650,펜션ㆍ게스트하우스,대구광역시,44
1651,펜션ㆍ게스트하우스,경상북도,"1,411"
1652,펜션ㆍ게스트하우스,부산광역시,196
1653,펜션ㆍ게스트하우스,울산광역시,133
1654,펜션ㆍ게스트하우스,경상남도,"1,497"
1655,펜션ㆍ게스트하우스,제주특별자치도,"2,936"
1656,편의점,합계,"44,535"
1657,편의점,서울특별시,"8,133"
1658,편의점,인천광역시,"2,368"
1659,편의점,경기도,"11,362"
1660,편의점,강원도,"1,851"
1661,편의점,대전광역시,"1,225"
1662,편의점,충청북도,"1,591"
1663,편의점,충청남도,"2,351"
1664,편의점,세종특별자치시,289
1665,편의점,광주광역시,"1,090"
1666,편의점,전라북도,"1,340"
1667,편의점,전라남도,"1,279"
1668,편의점,대구광역시,"1,727"
1669,편의점,경상북도,"2,086"
1670,편의점,부산광역시,"2,659"
1671,편의점,울산광역시,971
1672,편의점,경상남도,"3,024"
1673,편의점,제주특별자치도,"1,189"
1674,피부관리업,합계,"41,481"
1675,피부관리업,서울특별시,"7,834"
1676,피부관리업,인천광역시,"2,330"
1677,피부관리업,경기도,"9,917"
1678,피부관리업,강원도,"1,200"
1679,피부관리업,대전광역시,"1,290"
1680,피부관리업,충청북도,"1,240"
1681,피부관리업,충청남도,"1,456"
1682,피부관리업,세종특별자치시,197
1683,피부관리업,광주광역시,"1,741"
1684,피부관리업,전라북도,"1,375"
1685,피부관리업,전라남도,"1,554"
1686,피부관리업,대구광역시,"1,773"
1687,피부관리업,경상북도,"1,822"
1688,피부관리업,부산광역시,"2,973"
1689,피부관리업,울산광역시,914
1690,피부관리업,경상남도,"3,092"
1691,피부관리업,제주특별자치도,773
1692,피부ㆍ비뇨기과 의원,합계,"4,050"
1693,피부ㆍ비뇨기과 의원,서울특별시,"1,395"
1694,피부ㆍ비뇨기과 의원,인천광역시,184
1695,피부ㆍ비뇨기과 의원,경기도,857
1696,피부ㆍ비뇨기과 의원,강원도,62
1697,피부ㆍ비뇨기과 의원,대전광역시,112
1698,피부ㆍ비뇨기과 의원,충청북도,80
1699,피부ㆍ비뇨기과 의원,충청남도,100
1700,피부ㆍ비뇨기과 의원,세종특별자치시,16
1701,피부ㆍ비뇨기과 의원,광주광역시,126
1702,피부ㆍ비뇨기과 의원,전라북도,96
1703,피부ㆍ비뇨기과 의원,전라남도,78
1704,피부ㆍ비뇨기과 의원,대구광역시,211
1705,피부ㆍ비뇨기과 의원,경상북도,102
1706,피부ㆍ비뇨기과 의원,부산광역시,335
1707,피부ㆍ비뇨기과 의원,울산광역시,78
1708,피부ㆍ비뇨기과 의원,경상남도,173
1709,피부ㆍ비뇨기과 의원,제주특별자치도,45
1710,한방병원ㆍ한의원,합계,"14,967"
1711,한방병원ㆍ한의원,서울특별시,"3,718"
1712,한방병원ㆍ한의원,인천광역시,700
1713,한방병원ㆍ한의원,경기도,"3,301"
1714,한방병원ㆍ한의원,강원도,372
1715,한방병원ㆍ한의원,대전광역시,519
1716,한방병원ㆍ한의원,충청북도,403
1717,한방병원ㆍ한의원,충청남도,521
1718,한방병원ㆍ한의원,세종특별자치시,82
1719,한방병원ㆍ한의원,광주광역시,407
1720,한방병원ㆍ한의원,전라북도,538
1721,한방병원ㆍ한의원,전라남도,399
1722,한방병원ㆍ한의원,대구광역시,890
1723,한방병원ㆍ한의원,경상북도,642
1724,한방병원ㆍ한의원,부산광역시,"1,164"
1725,한방병원ㆍ한의원,울산광역시,287
1726,한방병원ㆍ한의원,경상남도,827
1727,한방병원ㆍ한의원,제주특별자치도,197
1728,한식전문점,합계,"395,820"
1729,한식전문점,서울특별시,"54,640"
1730,한식전문점,인천광역시,"18,635"
1731,한식전문점,경기도,"82,620"
1732,한식전문점,강원도,"19,842"
1733,한식전문점,대전광역시,"11,776"
1734,한식전문점,충청북도,"15,697"
1735,한식전문점,충청남도,"19,907"
1736,한식전문점,세종특별자치시,"2,153"
1737,한식전문점,광주광역시,"10,267"
1738,한식전문점,전라북도,"14,566"
1739,한식전문점,전라남도,"17,990"
1740,한식전문점,대구광역시,"19,849"
1741,한식전문점,경상북도,"29,694"
1742,한식전문점,부산광역시,"25,098"
1743,한식전문점,울산광역시,"11,012"
1744,한식전문점,경상남도,"33,015"
1745,한식전문점,제주특별자치도,"9,059"
1746,헬스클럽,합계,"8,416"
1747,헬스클럽,서울특별시,"2,056"
1748,헬스클럽,인천광역시,453
1749,헬스클럽,경기도,"2,027"
1750,헬스클럽,강원도,240
1751,헬스클럽,대전광역시,269
1752,헬스클럽,충청북도,273
1753,헬스클럽,충청남도,289
1754,헬스클럽,세종특별자치시,45
1755,헬스클럽,광주광역시,238
1756,헬스클럽,전라북도,242
1757,헬스클럽,전라남도,189
1758,헬스클럽,대구광역시,403
1759,헬스클럽,경상북도,375
1760,헬스클럽,부산광역시,594
1761,헬스클럽,울산광역시,142
1762,헬스클럽,경상남도,450
1763,헬스클럽,제주특별자치도,131
1764,호프전문점,합계,"30,264"
1765,호프전문점,서울특별시,"6,199"
1766,호프전문점,인천광역시,"1,622"
1767,호프전문점,경기도,"6,363"
1768,호프전문점,강원도,"1,275"
1769,호프전문점,대전광역시,823
1770,호프전문점,충청북도,"1,609"
1771,호프전문점,충청남도,"1,447"
1772,호프전문점,세종특별자치시,119
1773,호프전문점,광주광역시,"2,064"
1774,호프전문점,전라북도,"1,204"
1775,호프전문점,전라남도,"2,164"
1776,호프전문점,대구광역시,518
1777,호프전문점,경상북도,965
1778,호프전문점,부산광역시,"1,630"
1779,호프전문점,울산광역시,333
1780,호프전문점,경상남도,"1,291"
1781,호프전문점,제주특별자치도,638
1782,화장품가게,합계,"35,135"
1783,화장품가게,서울특별시,"6,581"
1784,화장품가게,인천광역시,"1,439"
1785,화장품가게,경기도,"8,074"
1786,화장품가게,강원도,"1,102"
1787,화장품가게,대전광역시,"1,249"
1788,화장품가게,충청북도,995
1789,화장품가게,충청남도,"1,341"
1790,화장품가게,세종특별자치시,163
1791,화장품가게,광주광역시,"1,197"
1792,화장품가게,전라북도,"1,482"
1793,화장품가게,전라남도,"1,055"
1794,화장품가게,대구광역시,"2,129"
1795,화장품가게,경상북도,"1,903"
1796,화장품가게,부산광역시,"2,428"
1797,화장품가게,울산광역시,958
1798,화장품가게,경상남도,"2,371"
1799,화장품가게,제주특별자치도,668
1800,휴대폰가게,합계,"18,696"
1801,휴대폰가게,서울특별시,"3,107"
1802,휴대폰가게,인천광역시,"1,040"
1803,휴대폰가게,경기도,"4,322"
1804,휴대폰가게,강원도,629
1805,휴대폰가게,대전광역시,669
1806,휴대폰가게,충청북도,557
1807,휴대폰가게,충청남도,894
1808,휴대폰가게,세종특별자치시,76
1809,휴대폰가게,광주광역시,578
1810,휴대폰가게,전라북도,731
1811,휴대폰가게,전라남도,583
1812,휴대폰가게,대구광역시,"1,019"
1813,휴대폰가게,경상북도,"1,048"
1814,휴대폰가게,부산광역시,"1,367"
1815,휴대폰가게,울산광역시,501
1816,휴대폰가게,경상남도,"1,333"
1817,휴대폰가게,제주특별자치도,242
