,corp,city,2
0,업종전체,합계,"2,548,586"
1,업종전체,서울특별시,"508,188"
2,업종전체,인천광역시,"131,544"
3,업종전체,경기도,"607,611"
4,업종전체,강원도,"89,174"
5,업종전체,대전광역시,"73,542"
6,업종전체,충청북도,"80,408"
7,업종전체,충청남도,"106,102"
8,업종전체,세종특별자치시,"14,380"
9,업종전체,광주광역시,"73,840"
10,업종전체,전라북도,"88,047"
11,업종전체,전라남도,"89,239"
12,업종전체,대구광역시,"120,587"
13,업종전체,경상북도,"134,420"
14,업종전체,부산광역시,"166,264"
15,업종전체,울산광역시,"53,737"
16,업종전체,경상남도,"164,113"
17,업종전체,제주특별자치도,"47,390"
18,LPG 충전소,합계,"1,611"
19,LPG 충전소,서울특별시,78
20,LPG 충전소,인천광역시,70
21,LPG 충전소,경기도,370
22,LPG 충전소,강원도,93
23,LPG 충전소,대전광역시,39
24,LPG 충전소,충청북도,74
25,LPG 충전소,충청남도,130
26,LPG 충전소,세종특별자치시,4
27,LPG 충전소,광주광역시,38
28,LPG 충전소,전라북도,111
29,LPG 충전소,전라남도,119
30,LPG 충전소,대구광역시,42
31,LPG 충전소,경상북도,166
32,LPG 충전소,부산광역시,59
33,LPG 충전소,울산광역시,29
34,LPG 충전소,경상남도,155
35,LPG 충전소,제주특별자치도,34
36,PC방,합계,"9,970"
37,PC방,서울특별시,"1,565"
38,PC방,인천광역시,541
39,PC방,경기도,"2,402"
40,PC방,강원도,430
41,PC방,대전광역시,298
42,PC방,충청북도,359
43,PC방,충청남도,452
44,PC방,세종특별자치시,45
45,PC방,광주광역시,464
46,PC방,전라북도,391
47,PC방,전라남도,377
48,PC방,대구광역시,516
49,PC방,경상북도,543
50,PC방,부산광역시,580
51,PC방,울산광역시,240
52,PC방,경상남도,599
53,PC방,제주특별자치도,168
54,가구점,합계,"7,650"
55,가구점,서울특별시,"1,025"
56,가구점,인천광역시,309
57,가구점,경기도,"2,069"
58,가구점,강원도,298
59,가구점,대전광역시,211
60,가구점,충청북도,275
61,가구점,충청남도,299
62,가구점,세종특별자치시,30
63,가구점,광주광역시,220
64,가구점,전라북도,411
65,가구점,전라남도,277
66,가구점,대구광역시,366
67,가구점,경상북도,478
68,가구점,부산광역시,491
69,가구점,울산광역시,164
70,가구점,경상남도,536
71,가구점,제주특별자치도,191
72,가전제품수리점,합계,"16,962"
73,가전제품수리점,서울특별시,"2,818"
74,가전제품수리점,인천광역시,"1,203"
75,가전제품수리점,경기도,"5,024"
76,가전제품수리점,강원도,575
77,가전제품수리점,대전광역시,560
78,가전제품수리점,충청북도,495
79,가전제품수리점,충청남도,705
80,가전제품수리점,세종특별자치시,86
81,가전제품수리점,광주광역시,477
82,가전제품수리점,전라북도,573
83,가전제품수리점,전라남도,524
84,가전제품수리점,대구광역시,822
85,가전제품수리점,경상북도,606
86,가전제품수리점,부산광역시,999
87,가전제품수리점,울산광역시,312
88,가전제품수리점,경상남도,989
89,가전제품수리점,제주특별자치도,194
90,가전제품판매점,합계,"10,186"
91,가전제품판매점,서울특별시,"1,534"
92,가전제품판매점,인천광역시,396
93,가전제품판매점,경기도,"2,060"
94,가전제품판매점,강원도,464
95,가전제품판매점,대전광역시,306
96,가전제품판매점,충청북도,412
97,가전제품판매점,충청남도,532
98,가전제품판매점,세종특별자치시,46
99,가전제품판매점,광주광역시,348
100,가전제품판매점,전라북도,530
101,가전제품판매점,전라남도,570
102,가전제품판매점,대구광역시,490
103,가전제품판매점,경상북도,695
104,가전제품판매점,부산광역시,612
105,가전제품판매점,울산광역시,202
106,가전제품판매점,경상남도,739
107,가전제품판매점,제주특별자치도,250
108,간이주점,합계,"12,219"
109,간이주점,서울특별시,"3,849"
110,간이주점,인천광역시,"1,239"
111,간이주점,경기도,"2,504"
112,간이주점,강원도,373
113,간이주점,대전광역시,75
114,간이주점,충청북도,391
115,간이주점,충청남도,544
116,간이주점,세종특별자치시,15
117,간이주점,광주광역시,166
118,간이주점,전라북도,272
119,간이주점,전라남도,244
120,간이주점,대구광역시,235
121,간이주점,경상북도,332
122,간이주점,부산광역시,763
123,간이주점,울산광역시,90
124,간이주점,경상남도,971
125,간이주점,제주특별자치도,156
126,간판광고물업,합계,"12,996"
127,간판광고물업,서울특별시,"2,574"
128,간판광고물업,인천광역시,552
129,간판광고물업,경기도,"3,225"
130,간판광고물업,강원도,519
131,간판광고물업,대전광역시,382
132,간판광고물업,충청북도,383
133,간판광고물업,충청남도,479
134,간판광고물업,세종특별자치시,29
135,간판광고물업,광주광역시,431
136,간판광고물업,전라북도,511
137,간판광고물업,전라남도,490
138,간판광고물업,대구광역시,756
139,간판광고물업,경상북도,675
140,간판광고물업,부산광역시,826
141,간판광고물업,울산광역시,265
142,간판광고물업,경상남도,702
143,간판광고물업,제주특별자치도,197
144,감정평가사,합계,"1,234"
145,감정평가사,서울특별시,267
146,감정평가사,인천광역시,81
147,감정평가사,경기도,399
148,감정평가사,강원도,35
149,감정평가사,대전광역시,32
150,감정평가사,충청북도,32
151,감정평가사,충청남도,38
152,감정평가사,세종특별자치시,12
153,감정평가사,광주광역시,35
154,감정평가사,전라북도,39
155,감정평가사,전라남도,20
156,감정평가사,대구광역시,58
157,감정평가사,경상북도,18
158,감정평가사,부산광역시,60
159,감정평가사,울산광역시,23
160,감정평가사,경상남도,69
161,감정평가사,제주특별자치도,16
162,건강보조식품가게,합계,"13,988"
163,건강보조식품가게,서울특별시,"2,310"
164,건강보조식품가게,인천광역시,665
165,건강보조식품가게,경기도,"2,836"
166,건강보조식품가게,강원도,513
167,건강보조식품가게,대전광역시,480
168,건강보조식품가게,충청북도,435
169,건강보조식품가게,충청남도,"1,272"
170,건강보조식품가게,세종특별자치시,60
171,건강보조식품가게,광주광역시,415
172,건강보조식품가게,전라북도,734
173,건강보조식품가게,전라남도,478
174,건강보조식품가게,대구광역시,593
175,건강보조식품가게,경상북도,936
176,건강보조식품가게,부산광역시,830
177,건강보조식품가게,울산광역시,228
178,건강보조식품가게,경상남도,"1,023"
179,건강보조식품가게,제주특별자치도,180
180,건어물가게,합계,"7,381"
181,건어물가게,서울특별시,763
182,건어물가게,인천광역시,400
183,건어물가게,경기도,886
184,건어물가게,강원도,675
185,건어물가게,대전광역시,128
186,건어물가게,충청북도,108
187,건어물가게,충청남도,635
188,건어물가게,세종특별자치시,14
189,건어물가게,광주광역시,174
190,건어물가게,전라북도,360
191,건어물가게,전라남도,949
192,건어물가게,대구광역시,158
193,건어물가게,경상북도,648
194,건어물가게,부산광역시,519
195,건어물가게,울산광역시,142
196,건어물가게,경상남도,712
197,건어물가게,제주특별자치도,110
198,건축사,합계,"10,578"
199,건축사,서울특별시,"2,784"
200,건축사,인천광역시,350
201,건축사,경기도,"2,230"
202,건축사,강원도,345
203,건축사,대전광역시,227
204,건축사,충청북도,308
205,건축사,충청남도,368
206,건축사,세종특별자치시,61
207,건축사,광주광역시,253
208,건축사,전라북도,378
209,건축사,전라남도,303
210,건축사,대구광역시,703
211,건축사,경상북도,488
212,건축사,부산광역시,699
213,건축사,울산광역시,221
214,건축사,경상남도,544
215,건축사,제주특별자치도,316
216,결혼상담소,합계,"1,680"
217,결혼상담소,서울특별시,448
218,결혼상담소,인천광역시,65
219,결혼상담소,경기도,260
220,결혼상담소,강원도,34
221,결혼상담소,대전광역시,70
222,결혼상담소,충청북도,52
223,결혼상담소,충청남도,75
224,결혼상담소,세종특별자치시,8
225,결혼상담소,광주광역시,86
226,결혼상담소,전라북도,83
227,결혼상담소,전라남도,55
228,결혼상담소,대구광역시,115
229,결혼상담소,경상북도,65
230,결혼상담소,부산광역시,111
231,결혼상담소,울산광역시,32
232,결혼상담소,경상남도,94
233,결혼상담소,제주특별자치도,27
234,곡물가게,합계,"5,032"
235,곡물가게,서울특별시,630
236,곡물가게,인천광역시,213
237,곡물가게,경기도,896
238,곡물가게,강원도,332
239,곡물가게,대전광역시,153
240,곡물가게,충청북도,245
241,곡물가게,충청남도,381
242,곡물가게,세종특별자치시,30
243,곡물가게,광주광역시,106
244,곡물가게,전라북도,369
245,곡물가게,전라남도,399
246,곡물가게,대구광역시,185
247,곡물가게,경상북도,369
248,곡물가게,부산광역시,327
249,곡물가게,울산광역시,46
250,곡물가게,경상남도,284
251,곡물가게,제주특별자치도,67
252,공인노무사,합계,993
253,공인노무사,서울특별시,425
254,공인노무사,인천광역시,40
255,공인노무사,경기도,180
256,공인노무사,강원도,17
257,공인노무사,대전광역시,21
258,공인노무사,충청북도,18
259,공인노무사,충청남도,27
260,공인노무사,세종특별자치시,6
261,공인노무사,광주광역시,29
262,공인노무사,전라북도,27
263,공인노무사,전라남도,12
264,공인노무사,대구광역시,33
265,공인노무사,경상북도,19
266,공인노무사,부산광역시,64
267,공인노무사,울산광역시,26
268,공인노무사,경상남도,40
269,공인노무사,제주특별자치도,9
270,공인회계사,합계,"1,848"
271,공인회계사,서울특별시,848
272,공인회계사,인천광역시,69
273,공인회계사,경기도,318
274,공인회계사,강원도,15
275,공인회계사,대전광역시,34
276,공인회계사,충청북도,33
277,공인회계사,충청남도,42
278,공인회계사,세종특별자치시,12
279,공인회계사,광주광역시,34
280,공인회계사,전라북도,36
281,공인회계사,전라남도,25
282,공인회계사,대구광역시,89
283,공인회계사,경상북도,27
284,공인회계사,부산광역시,133
285,공인회계사,울산광역시,28
286,공인회계사,경상남도,76
287,공인회계사,제주특별자치도,29
288,과일가게,합계,"12,289"
289,과일가게,서울특별시,"1,294"
290,과일가게,인천광역시,452
291,과일가게,경기도,"2,024"
292,과일가게,강원도,319
293,과일가게,대전광역시,318
294,과일가게,충청북도,650
295,과일가게,충청남도,681
296,과일가게,세종특별자치시,104
297,과일가게,광주광역시,302
298,과일가게,전라북도,602
299,과일가게,전라남도,658
300,과일가게,대구광역시,391
301,과일가게,경상북도,"1,352"
302,과일가게,부산광역시,653
303,과일가게,울산광역시,156
304,과일가게,경상남도,"1,255"
305,과일가게,제주특별자치도,"1,078"
306,교습소･공부방,합계,"39,424"
307,교습소･공부방,서울특별시,"7,896"
308,교습소･공부방,인천광역시,"1,822"
309,교습소･공부방,경기도,"10,001"
310,교습소･공부방,강원도,"1,103"
311,교습소･공부방,대전광역시,"1,452"
312,교습소･공부방,충청북도,"1,056"
313,교습소･공부방,충청남도,"1,341"
314,교습소･공부방,세종특별자치시,343
315,교습소･공부방,광주광역시,855
316,교습소･공부방,전라북도,872
317,교습소･공부방,전라남도,846
318,교습소･공부방,대구광역시,"2,897"
319,교습소･공부방,경상북도,"2,108"
320,교습소･공부방,부산광역시,"2,809"
321,교습소･공부방,울산광역시,920
322,교습소･공부방,경상남도,"2,450"
323,교습소･공부방,제주특별자치도,653
324,교습학원,합계,"56,379"
325,교습학원,서울특별시,"10,430"
326,교습학원,인천광역시,"2,511"
327,교습학원,경기도,"15,015"
328,교습학원,강원도,"1,443"
329,교습학원,대전광역시,"1,276"
330,교습학원,충청북도,"1,465"
331,교습학원,충청남도,"1,861"
332,교습학원,세종특별자치시,491
333,교습학원,광주광역시,"2,401"
334,교습학원,전라북도,"2,420"
335,교습학원,전라남도,"1,814"
336,교습학원,대구광역시,"2,666"
337,교습학원,경상북도,"2,581"
338,교습학원,부산광역시,"3,592"
339,교습학원,울산광역시,"1,637"
340,교습학원,경상남도,"4,051"
341,교습학원,제주특별자치도,725
342,구내식당,합계,"20,315"
343,구내식당,서울특별시,"3,578"
344,구내식당,인천광역시,"1,316"
345,구내식당,경기도,"4,955"
346,구내식당,강원도,569
347,구내식당,대전광역시,661
348,구내식당,충청북도,726
349,구내식당,충청남도,982
350,구내식당,세종특별자치시,77
351,구내식당,광주광역시,386
352,구내식당,전라북도,742
353,구내식당,전라남도,609
354,구내식당,대구광역시,833
355,구내식당,경상북도,"1,247"
356,구내식당,부산광역시,"1,351"
357,구내식당,울산광역시,401
358,구내식당,경상남도,"1,732"
359,구내식당,제주특별자치도,150
360,기술및직업훈련학원,합계,"15,690"
361,기술및직업훈련학원,서울특별시,"3,448"
362,기술및직업훈련학원,인천광역시,658
363,기술및직업훈련학원,경기도,"3,697"
364,기술및직업훈련학원,강원도,470
365,기술및직업훈련학원,대전광역시,526
366,기술및직업훈련학원,충청북도,424
367,기술및직업훈련학원,충청남도,591
368,기술및직업훈련학원,세종특별자치시,132
369,기술및직업훈련학원,광주광역시,546
370,기술및직업훈련학원,전라북도,576
371,기술및직업훈련학원,전라남도,491
372,기술및직업훈련학원,대구광역시,848
373,기술및직업훈련학원,경상북도,646
374,기술및직업훈련학원,부산광역시,"1,036"
375,기술및직업훈련학원,울산광역시,351
376,기술및직업훈련학원,경상남도,914
377,기술및직업훈련학원,제주특별자치도,336
378,기술사,합계,"1,158"
379,기술사,서울특별시,314
380,기술사,인천광역시,33
381,기술사,경기도,273
382,기술사,강원도,41
383,기술사,대전광역시,29
384,기술사,충청북도,33
385,기술사,충청남도,36
386,기술사,세종특별자치시,4
387,기술사,광주광역시,37
388,기술사,전라북도,41
389,기술사,전라남도,44
390,기술사,대구광역시,36
391,기술사,경상북도,47
392,기술사,부산광역시,66
393,기술사,울산광역시,19
394,기술사,경상남도,86
395,기술사,제주특별자치도,19
396,기타 일반의원,합계,"3,325"
397,기타 일반의원,서울특별시,913
398,기타 일반의원,인천광역시,150
399,기타 일반의원,경기도,659
400,기타 일반의원,강원도,72
401,기타 일반의원,대전광역시,146
402,기타 일반의원,충청북도,95
403,기타 일반의원,충청남도,100
404,기타 일반의원,세종특별자치시,20
405,기타 일반의원,광주광역시,125
406,기타 일반의원,전라북도,183
407,기타 일반의원,전라남도,109
408,기타 일반의원,대구광역시,160
409,기타 일반의원,경상북도,107
410,기타 일반의원,부산광역시,233
411,기타 일반의원,울산광역시,49
412,기타 일반의원,경상남도,149
413,기타 일반의원,제주특별자치도,55
414,기타외국식전문점,합계,"25,263"
415,기타외국식전문점,서울특별시,"7,698"
416,기타외국식전문점,인천광역시,859
417,기타외국식전문점,경기도,"5,456"
418,기타외국식전문점,강원도,829
419,기타외국식전문점,대전광역시,630
420,기타외국식전문점,충청북도,571
421,기타외국식전문점,충청남도,738
422,기타외국식전문점,세종특별자치시,176
423,기타외국식전문점,광주광역시,397
424,기타외국식전문점,전라북도,781
425,기타외국식전문점,전라남도,434
426,기타외국식전문점,대구광역시,"1,197"
427,기타외국식전문점,경상북도,738
428,기타외국식전문점,부산광역시,"1,928"
429,기타외국식전문점,울산광역시,675
430,기타외국식전문점,경상남도,"1,274"
431,기타외국식전문점,제주특별자치도,882
432,기타음식점,합계,"22,259"
433,기타음식점,서울특별시,"4,211"
434,기타음식점,인천광역시,924
435,기타음식점,경기도,"5,232"
436,기타음식점,강원도,952
437,기타음식점,대전광역시,524
438,기타음식점,충청북도,685
439,기타음식점,충청남도,927
440,기타음식점,세종특별자치시,124
441,기타음식점,광주광역시,863
442,기타음식점,전라북도,694
443,기타음식점,전라남도,763
444,기타음식점,대구광역시,"1,142"
445,기타음식점,경상북도,"1,145"
446,기타음식점,부산광역시,"1,503"
447,기타음식점,울산광역시,533
448,기타음식점,경상남도,"1,668"
449,기타음식점,제주특별자치도,369
450,꽃가게,합계,"24,367"
451,꽃가게,서울특별시,"4,404"
452,꽃가게,인천광역시,985
453,꽃가게,경기도,"5,665"
454,꽃가게,강원도,788
455,꽃가게,대전광역시,723
456,꽃가게,충청북도,899
457,꽃가게,충청남도,"1,126"
458,꽃가게,세종특별자치시,113
459,꽃가게,광주광역시,759
460,꽃가게,전라북도,"1,091"
461,꽃가게,전라남도,"1,179"
462,꽃가게,대구광역시,"1,149"
463,꽃가게,경상북도,"1,427"
464,꽃가게,부산광역시,"1,342"
465,꽃가게,울산광역시,530
466,꽃가게,경상남도,"1,797"
467,꽃가게,제주특별자치도,390
468,내과ㆍ소아과 의원,합계,"11,447"
469,내과ㆍ소아과 의원,서울특별시,"2,481"
470,내과ㆍ소아과 의원,인천광역시,599
471,내과ㆍ소아과 의원,경기도,"2,647"
472,내과ㆍ소아과 의원,강원도,320
473,내과ㆍ소아과 의원,대전광역시,380
474,내과ㆍ소아과 의원,충청북도,320
475,내과ㆍ소아과 의원,충청남도,444
476,내과ㆍ소아과 의원,세종특별자치시,68
477,내과ㆍ소아과 의원,광주광역시,328
478,내과ㆍ소아과 의원,전라북도,417
479,내과ㆍ소아과 의원,전라남도,435
480,내과ㆍ소아과 의원,대구광역시,584
481,내과ㆍ소아과 의원,경상북도,536
482,내과ㆍ소아과 의원,부산광역시,814
483,내과ㆍ소아과 의원,울산광역시,225
484,내과ㆍ소아과 의원,경상남도,689
485,내과ㆍ소아과 의원,제주특별자치도,160
486,노래방,합계,"28,758"
487,노래방,서울특별시,"5,442"
488,노래방,인천광역시,"2,213"
489,노래방,경기도,"6,924"
490,노래방,강원도,821
491,노래방,대전광역시,"1,252"
492,노래방,충청북도,"1,100"
493,노래방,충청남도,"1,184"
494,노래방,세종특별자치시,141
495,노래방,광주광역시,"1,005"
496,노래방,전라북도,808
497,노래방,전라남도,703
498,노래방,대구광역시,"1,568"
499,노래방,경상북도,"1,478"
500,노래방,부산광역시,"1,601"
501,노래방,울산광역시,699
502,노래방,경상남도,"1,511"
503,노래방,제주특별자치도,308
504,담배가게,합계,"12,275"
505,담배가게,서울특별시,"2,122"
506,담배가게,인천광역시,375
507,담배가게,경기도,"1,674"
508,담배가게,강원도,556
509,담배가게,대전광역시,272
510,담배가게,충청북도,524
511,담배가게,충청남도,590
512,담배가게,세종특별자치시,44
513,담배가게,광주광역시,285
514,담배가게,전라북도,618
515,담배가게,전라남도,925
516,담배가게,대구광역시,479
517,담배가게,경상북도,"1,275"
518,담배가게,부산광역시,"1,095"
519,담배가게,울산광역시,230
520,담배가게,경상남도,"1,040"
521,담배가게,제주특별자치도,171
522,당구장,합계,"17,867"
523,당구장,서울특별시,"3,090"
524,당구장,인천광역시,"1,133"
525,당구장,경기도,"4,522"
526,당구장,강원도,772
527,당구장,대전광역시,486
528,당구장,충청북도,694
529,당구장,충청남도,767
530,당구장,세종특별자치시,95
531,당구장,광주광역시,583
532,당구장,전라북도,618
533,당구장,전라남도,726
534,당구장,대구광역시,660
535,당구장,경상북도,895
536,당구장,부산광역시,928
537,당구장,울산광역시,494
538,당구장,경상남도,"1,067"
539,당구장,제주특별자치도,337
540,독서실,합계,"9,685"
541,독서실,서울특별시,"3,214"
542,독서실,인천광역시,464
543,독서실,경기도,"2,329"
544,독서실,강원도,164
545,독서실,대전광역시,281
546,독서실,충청북도,201
547,독서실,충청남도,244
548,독서실,세종특별자치시,44
549,독서실,광주광역시,384
550,독서실,전라북도,276
551,독서실,전라남도,187
552,독서실,대구광역시,429
553,독서실,경상북도,265
554,독서실,부산광역시,474
555,독서실,울산광역시,238
556,독서실,경상남도,400
557,독서실,제주특별자치도,91
558,동물병원,합계,"4,247"
559,동물병원,서울특별시,841
560,동물병원,인천광역시,193
561,동물병원,경기도,"1,100"
562,동물병원,강원도,104
563,동물병원,대전광역시,103
564,동물병원,충청북도,115
565,동물병원,충청남도,190
566,동물병원,세종특별자치시,26
567,동물병원,광주광역시,109
568,동물병원,전라북도,164
569,동물병원,전라남도,171
570,동물병원,대구광역시,171
571,동물병원,경상북도,283
572,동물병원,부산광역시,244
573,동물병원,울산광역시,74
574,동물병원,경상남도,275
575,동물병원,제주특별자치도,84
576,목욕탕,합계,"5,274"
577,목욕탕,서울특별시,652
578,목욕탕,인천광역시,200
579,목욕탕,경기도,717
580,목욕탕,강원도,176
581,목욕탕,대전광역시,94
582,목욕탕,충청북도,147
583,목욕탕,충청남도,195
584,목욕탕,세종특별자치시,13
585,목욕탕,광주광역시,172
586,목욕탕,전라북도,207
587,목욕탕,전라남도,292
588,목욕탕,대구광역시,243
589,목욕탕,경상북도,403
590,목욕탕,부산광역시,712
591,목욕탕,울산광역시,181
592,목욕탕,경상남도,755
593,목욕탕,제주특별자치도,115
594,문구점,합계,"9,058"
595,문구점,서울특별시,"1,532"
596,문구점,인천광역시,470
597,문구점,경기도,"2,092"
598,문구점,강원도,360
599,문구점,대전광역시,308
600,문구점,충청북도,324
601,문구점,충청남도,428
602,문구점,세종특별자치시,86
603,문구점,광주광역시,292
604,문구점,전라북도,412
605,문구점,전라남도,410
606,문구점,대구광역시,349
607,문구점,경상북도,515
608,문구점,부산광역시,535
609,문구점,울산광역시,190
610,문구점,경상남도,592
611,문구점,제주특별자치도,163
612,미용실,합계,"104,713"
613,미용실,서울특별시,"18,213"
614,미용실,인천광역시,"5,589"
615,미용실,경기도,"23,721"
616,미용실,강원도,"3,634"
617,미용실,대전광역시,"3,349"
618,미용실,충청북도,"3,565"
619,미용실,충청남도,"4,396"
620,미용실,세종특별자치시,447
621,미용실,광주광역시,"3,348"
622,미용실,전라북도,"4,033"
623,미용실,전라남도,"3,665"
624,미용실,대구광역시,"5,680"
625,미용실,경상북도,"6,082"
626,미용실,부산광역시,"7,598"
627,미용실,울산광역시,"2,684"
628,미용실,경상남도,"7,302"
629,미용실,제주특별자치도,"1,407"
630,법무사,합계,"6,624"
631,법무사,서울특별시,"1,987"
632,법무사,인천광역시,293
633,법무사,경기도,"1,252"
634,법무사,강원도,192
635,법무사,대전광역시,172
636,법무사,충청북도,170
637,법무사,충청남도,219
638,법무사,세종특별자치시,24
639,법무사,광주광역시,222
640,법무사,전라북도,249
641,법무사,전라남도,226
642,법무사,대구광역시,311
643,법무사,경상북도,261
644,법무사,부산광역시,463
645,법무사,울산광역시,113
646,법무사,경상남도,387
647,법무사,제주특별자치도,83
648,변리사,합계,"1,054"
649,변리사,서울특별시,742
650,변리사,인천광역시,16
651,변리사,경기도,96
652,변리사,강원도,*
653,변리사,대전광역시,86
654,변리사,충청북도,5
655,변리사,충청남도,8
656,변리사,세종특별자치시,*
657,변리사,광주광역시,11
658,변리사,전라북도,6
659,변리사,전라남도,3
660,변리사,대구광역시,23
661,변리사,경상북도,5
662,변리사,부산광역시,28
663,변리사,울산광역시,6
664,변리사,경상남도,13
665,변리사,제주특별자치도,3
666,변호사,합계,"7,733"
667,변호사,서울특별시,"4,022"
668,변호사,인천광역시,266
669,변호사,경기도,"1,003"
670,변호사,강원도,119
671,변호사,대전광역시,230
672,변호사,충청북도,106
673,변호사,충청남도,148
674,변호사,세종특별자치시,16
675,변호사,광주광역시,225
676,변호사,전라북도,193
677,변호사,전라남도,93
678,변호사,대구광역시,290
679,변호사,경상북도,121
680,변호사,부산광역시,449
681,변호사,울산광역시,123
682,변호사,경상남도,238
683,변호사,제주특별자치도,91
684,부동산중개업,합계,"132,291"
685,부동산중개업,서울특별시,"32,477"
686,부동산중개업,인천광역시,"7,245"
687,부동산중개업,경기도,"37,226"
688,부동산중개업,강원도,"2,686"
689,부동산중개업,대전광역시,"3,441"
690,부동산중개업,충청북도,"3,037"
691,부동산중개업,충청남도,"4,371"
692,부동산중개업,세종특별자치시,"1,516"
693,부동산중개업,광주광역시,"4,286"
694,부동산중개업,전라북도,"3,317"
695,부동산중개업,전라남도,"2,457"
696,부동산중개업,대구광역시,"6,092"
697,부동산중개업,경상북도,"4,313"
698,부동산중개업,부산광역시,"8,501"
699,부동산중개업,울산광역시,"2,358"
700,부동산중개업,경상남도,"6,934"
701,부동산중개업,제주특별자치도,"2,034"
702,분식점,합계,"54,191"
703,분식점,서울특별시,"10,716"
704,분식점,인천광역시,"2,538"
705,분식점,경기도,"12,780"
706,분식점,강원도,"1,670"
707,분식점,대전광역시,"1,960"
708,분식점,충청북도,"2,186"
709,분식점,충청남도,"2,328"
710,분식점,세종특별자치시,224
711,분식점,광주광역시,"1,558"
712,분식점,전라북도,"2,040"
713,분식점,전라남도,"1,489"
714,분식점,대구광역시,"2,509"
715,분식점,경상북도,"2,580"
716,분식점,부산광역시,"4,059"
717,분식점,울산광역시,803
718,분식점,경상남도,"3,969"
719,분식점,제주특별자치도,782
720,사진촬영업,합계,"15,039"
721,사진촬영업,서울특별시,"4,882"
722,사진촬영업,인천광역시,667
723,사진촬영업,경기도,"3,309"
724,사진촬영업,강원도,432
725,사진촬영업,대전광역시,410
726,사진촬영업,충청북도,323
727,사진촬영업,충청남도,410
728,사진촬영업,세종특별자치시,67
729,사진촬영업,광주광역시,417
730,사진촬영업,전라북도,440
731,사진촬영업,전라남도,353
732,사진촬영업,대구광역시,684
733,사진촬영업,경상북도,541
734,사진촬영업,부산광역시,857
735,사진촬영업,울산광역시,231
736,사진촬영업,경상남도,607
737,사진촬영업,제주특별자치도,409
738,산부인과 의원,합계,"1,670"
739,산부인과 의원,서울특별시,496
740,산부인과 의원,인천광역시,80
741,산부인과 의원,경기도,336
742,산부인과 의원,강원도,37
743,산부인과 의원,대전광역시,60
744,산부인과 의원,충청북도,45
745,산부인과 의원,충청남도,49
746,산부인과 의원,세종특별자치시,10
747,산부인과 의원,광주광역시,54
748,산부인과 의원,전라북도,54
749,산부인과 의원,전라남도,24
750,산부인과 의원,대구광역시,106
751,산부인과 의원,경상북도,64
752,산부인과 의원,부산광역시,103
753,산부인과 의원,울산광역시,44
754,산부인과 의원,경상남도,84
755,산부인과 의원,제주특별자치도,24
756,생선가게,합계,"12,156"
757,생선가게,서울특별시,"1,496"
758,생선가게,인천광역시,793
759,생선가게,경기도,"1,354"
760,생선가게,강원도,600
761,생선가게,대전광역시,176
762,생선가게,충청북도,181
763,생선가게,충청남도,729
764,생선가게,세종특별자치시,23
765,생선가게,광주광역시,343
766,생선가게,전라북도,633
767,생선가게,전라남도,"1,682"
768,생선가게,대구광역시,247
769,생선가게,경상북도,962
770,생선가게,부산광역시,"1,101"
771,생선가게,울산광역시,422
772,생선가게,경상남도,941
773,생선가게,제주특별자치도,473
774,서점,합계,"8,486"
775,서점,서울특별시,"1,633"
776,서점,인천광역시,395
777,서점,경기도,"2,070"
778,서점,강원도,239
779,서점,대전광역시,323
780,서점,충청북도,236
781,서점,충청남도,353
782,서점,세종특별자치시,76
783,서점,광주광역시,272
784,서점,전라북도,346
785,서점,전라남도,256
786,서점,대구광역시,486
787,서점,경상북도,403
788,서점,부산광역시,551
789,서점,울산광역시,193
790,서점,경상남도,502
791,서점,제주특별자치도,152
792,성형외과 의원,합계,"1,536"
793,성형외과 의원,서울특별시,759
794,성형외과 의원,인천광역시,50
795,성형외과 의원,경기도,201
796,성형외과 의원,강원도,17
797,성형외과 의원,대전광역시,45
798,성형외과 의원,충청북도,24
799,성형외과 의원,충청남도,27
800,성형외과 의원,세종특별자치시,6
801,성형외과 의원,광주광역시,47
802,성형외과 의원,전라북도,26
803,성형외과 의원,전라남도,16
804,성형외과 의원,대구광역시,81
805,성형외과 의원,경상북도,16
806,성형외과 의원,부산광역시,140
807,성형외과 의원,울산광역시,19
808,성형외과 의원,경상남도,42
809,성형외과 의원,제주특별자치도,20
810,세무사,합계,"12,969"
811,세무사,서울특별시,"5,380"
812,세무사,인천광역시,542
813,세무사,경기도,"2,877"
814,세무사,강원도,179
815,세무사,대전광역시,285
816,세무사,충청북도,175
817,세무사,충청남도,268
818,세무사,세종특별자치시,44
819,세무사,광주광역시,314
820,세무사,전라북도,277
821,세무사,전라남도,136
822,세무사,대구광역시,561
823,세무사,경상북도,241
824,세무사,부산광역시,966
825,세무사,울산광역시,169
826,세무사,경상남도,443
827,세무사,제주특별자치도,112
828,세탁소,합계,"24,300"
829,세탁소,서울특별시,"4,714"
830,세탁소,인천광역시,"1,319"
831,세탁소,경기도,"5,587"
832,세탁소,강원도,961
833,세탁소,대전광역시,893
834,세탁소,충청북도,910
835,세탁소,충청남도,"1,152"
836,세탁소,세종특별자치시,112
837,세탁소,광주광역시,896
838,세탁소,전라북도,930
839,세탁소,전라남도,884
840,세탁소,대구광역시,910
841,세탁소,경상북도,"1,288"
842,세탁소,부산광역시,"1,379"
843,세탁소,울산광역시,446
844,세탁소,경상남도,"1,308"
845,세탁소,제주특별자치도,611
846,슈퍼마켓,합계,"28,612"
847,슈퍼마켓,서울특별시,"3,805"
848,슈퍼마켓,인천광역시,"1,764"
849,슈퍼마켓,경기도,"7,750"
850,슈퍼마켓,강원도,986
851,슈퍼마켓,대전광역시,667
852,슈퍼마켓,충청북도,949
853,슈퍼마켓,충청남도,"1,240"
854,슈퍼마켓,세종특별자치시,143
855,슈퍼마켓,광주광역시,832
856,슈퍼마켓,전라북도,"1,000"
857,슈퍼마켓,전라남도,"1,211"
858,슈퍼마켓,대구광역시,"1,603"
859,슈퍼마켓,경상북도,"1,767"
860,슈퍼마켓,부산광역시,"1,752"
861,슈퍼마켓,울산광역시,828
862,슈퍼마켓,경상남도,"1,924"
863,슈퍼마켓,제주특별자치도,391
864,스포츠교육기관,합계,"26,288"
865,스포츠교육기관,서울특별시,"4,859"
866,스포츠교육기관,인천광역시,"1,427"
867,스포츠교육기관,경기도,"6,855"
868,스포츠교육기관,강원도,735
869,스포츠교육기관,대전광역시,832
870,스포츠교육기관,충청북도,763
871,스포츠교육기관,충청남도,945
872,스포츠교육기관,세종특별자치시,219
873,스포츠교육기관,광주광역시,943
874,스포츠교육기관,전라북도,858
875,스포츠교육기관,전라남도,739
876,스포츠교육기관,대구광역시,"1,300"
877,스포츠교육기관,경상북도,"1,192"
878,스포츠교육기관,부산광역시,"1,725"
879,스포츠교육기관,울산광역시,609
880,스포츠교육기관,경상남도,"1,840"
881,스포츠교육기관,제주특별자치도,447
882,스포츠시설운영업,합계,"8,852"
883,스포츠시설운영업,서울특별시,"2,358"
884,스포츠시설운영업,인천광역시,469
885,스포츠시설운영업,경기도,"2,391"
886,스포츠시설운영업,강원도,257
887,스포츠시설운영업,대전광역시,200
888,스포츠시설운영업,충청북도,207
889,스포츠시설운영업,충청남도,237
890,스포츠시설운영업,세종특별자치시,61
891,스포츠시설운영업,광주광역시,264
892,스포츠시설운영업,전라북도,268
893,스포츠시설운영업,전라남도,179
894,스포츠시설운영업,대구광역시,357
895,스포츠시설운영업,경상북도,331
896,스포츠시설운영업,부산광역시,528
897,스포츠시설운영업,울산광역시,152
898,스포츠시설운영업,경상남도,458
899,스포츠시설운영업,제주특별자치도,135
900,스포츠용품점,합계,"15,176"
901,스포츠용품점,서울특별시,"1,472"
902,스포츠용품점,인천광역시,533
903,스포츠용품점,경기도,"3,350"
904,스포츠용품점,강원도,884
905,스포츠용품점,대전광역시,374
906,스포츠용품점,충청북도,624
907,스포츠용품점,충청남도,"1,012"
908,스포츠용품점,세종특별자치시,83
909,스포츠용품점,광주광역시,435
910,스포츠용품점,전라북도,884
911,스포츠용품점,전라남도,902
912,스포츠용품점,대구광역시,631
913,스포츠용품점,경상북도,"1,224"
914,스포츠용품점,부산광역시,690
915,스포츠용품점,울산광역시,279
916,스포츠용품점,경상남도,"1,336"
917,스포츠용품점,제주특별자치도,463
918,시계ㆍ귀금속점,합계,"8,133"
919,시계ㆍ귀금속점,서울특별시,"1,859"
920,시계ㆍ귀금속점,인천광역시,360
921,시계ㆍ귀금속점,경기도,"1,303"
922,시계ㆍ귀금속점,강원도,234
923,시계ㆍ귀금속점,대전광역시,231
924,시계ㆍ귀금속점,충청북도,246
925,시계ㆍ귀금속점,충청남도,313
926,시계ㆍ귀금속점,세종특별자치시,24
927,시계ㆍ귀금속점,광주광역시,264
928,시계ㆍ귀금속점,전라북도,376
929,시계ㆍ귀금속점,전라남도,284
930,시계ㆍ귀금속점,대구광역시,523
931,시계ㆍ귀금속점,경상북도,426
932,시계ㆍ귀금속점,부산광역시,794
933,시계ㆍ귀금속점,울산광역시,226
934,시계ㆍ귀금속점,경상남도,566
935,시계ㆍ귀금속점,제주특별자치도,104
936,식료품가게,합계,"48,259"
937,식료품가게,서울특별시,"5,420"
938,식료품가게,인천광역시,"2,116"
939,식료품가게,경기도,"9,144"
940,식료품가게,강원도,"2,799"
941,식료품가게,대전광역시,"1,307"
942,식료품가게,충청북도,"2,201"
943,식료품가게,충청남도,"3,301"
944,식료품가게,세종특별자치시,221
945,식료품가게,광주광역시,"1,386"
946,식료품가게,전라북도,"3,318"
947,식료품가게,전라남도,"3,562"
948,식료품가게,대구광역시,"1,642"
949,식료품가게,경상북도,"3,470"
950,식료품가게,부산광역시,"2,993"
951,식료품가게,울산광역시,757
952,식료품가게,경상남도,"3,803"
953,식료품가게,제주특별자치도,819
954,신경정신과 의원,합계,"1,845"
955,신경정신과 의원,서울특별시,546
956,신경정신과 의원,인천광역시,75
957,신경정신과 의원,경기도,388
958,신경정신과 의원,강원도,39
959,신경정신과 의원,대전광역시,76
960,신경정신과 의원,충청북도,48
961,신경정신과 의원,충청남도,52
962,신경정신과 의원,세종특별자치시,12
963,신경정신과 의원,광주광역시,52
964,신경정신과 의원,전라북도,70
965,신경정신과 의원,전라남도,43
966,신경정신과 의원,대구광역시,112
967,신경정신과 의원,경상북도,51
968,신경정신과 의원,부산광역시,157
969,신경정신과 의원,울산광역시,27
970,신경정신과 의원,경상남도,75
971,신경정신과 의원,제주특별자치도,22
972,신발가게,합계,"6,323"
973,신발가게,서울특별시,"1,232"
974,신발가게,인천광역시,324
975,신발가게,경기도,"1,234"
976,신발가게,강원도,239
977,신발가게,대전광역시,198
978,신발가게,충청북도,212
979,신발가게,충청남도,265
980,신발가게,세종특별자치시,27
981,신발가게,광주광역시,212
982,신발가게,전라북도,282
983,신발가게,전라남도,254
984,신발가게,대구광역시,324
985,신발가게,경상북도,360
986,신발가게,부산광역시,549
987,신발가게,울산광역시,107
988,신발가게,경상남도,400
989,신발가게,제주특별자치도,104
990,실내스크린골프점,합계,"5,365"
991,실내스크린골프점,서울특별시,726
992,실내스크린골프점,인천광역시,226
993,실내스크린골프점,경기도,"1,415"
994,실내스크린골프점,강원도,180
995,실내스크린골프점,대전광역시,157
996,실내스크린골프점,충청북도,194
997,실내스크린골프점,충청남도,232
998,실내스크린골프점,세종특별자치시,37
999,실내스크린골프점,광주광역시,130
1000,실내스크린골프점,전라북도,189
1001,실내스크린골프점,전라남도,169
1002,실내스크린골프점,대구광역시,321
1003,실내스크린골프점,경상북도,321
1004,실내스크린골프점,부산광역시,323
1005,실내스크린골프점,울산광역시,187
1006,실내스크린골프점,경상남도,444
1007,실내스크린골프점,제주특별자치도,114
1008,실내장식가게,합계,"62,591"
1009,실내장식가게,서울특별시,"14,521"
1010,실내장식가게,인천광역시,"3,716"
1011,실내장식가게,경기도,"18,659"
1012,실내장식가게,강원도,"1,322"
1013,실내장식가게,대전광역시,"2,095"
1014,실내장식가게,충청북도,"1,460"
1015,실내장식가게,충청남도,"1,723"
1016,실내장식가게,세종특별자치시,282
1017,실내장식가게,광주광역시,"2,214"
1018,실내장식가게,전라북도,291
1019,실내장식가게,전라남도,"1,357"
1020,실내장식가게,대구광역시,"2,907"
1021,실내장식가게,경상북도,"2,044"
1022,실내장식가게,부산광역시,"4,417"
1023,실내장식가게,울산광역시,"1,147"
1024,실내장식가게,경상남도,"3,062"
1025,실내장식가게,제주특별자치도,"1,374"
1026,실외골프연습장,합계,"2,183"
1027,실외골프연습장,서울특별시,360
1028,실외골프연습장,인천광역시,69
1029,실외골프연습장,경기도,495
1030,실외골프연습장,강원도,103
1031,실외골프연습장,대전광역시,68
1032,실외골프연습장,충청북도,95
1033,실외골프연습장,충청남도,94
1034,실외골프연습장,세종특별자치시,4
1035,실외골프연습장,광주광역시,41
1036,실외골프연습장,전라북도,87
1037,실외골프연습장,전라남도,90
1038,실외골프연습장,대구광역시,94
1039,실외골프연습장,경상북도,193
1040,실외골프연습장,부산광역시,128
1041,실외골프연습장,울산광역시,50
1042,실외골프연습장,경상남도,158
1043,실외골프연습장,제주특별자치도,54
1044,안경점,합계,"9,244"
1045,안경점,서울특별시,"2,012"
1046,안경점,인천광역시,422
1047,안경점,경기도,"2,029"
1048,안경점,강원도,253
1049,안경점,대전광역시,318
1050,안경점,충청북도,289
1051,안경점,충청남도,347
1052,안경점,세종특별자치시,50
1053,안경점,광주광역시,353
1054,안경점,전라북도,358
1055,안경점,전라남도,316
1056,안경점,대구광역시,478
1057,안경점,경상북도,439
1058,안경점,부산광역시,638
1059,안경점,울산광역시,221
1060,안경점,경상남도,587
1061,안경점,제주특별자치도,134
1062,안과 의원,합계,"1,678"
1063,안과 의원,서울특별시,460
1064,안과 의원,인천광역시,66
1065,안과 의원,경기도,361
1066,안과 의원,강원도,42
1067,안과 의원,대전광역시,49
1068,안과 의원,충청북도,40
1069,안과 의원,충청남도,52
1070,안과 의원,세종특별자치시,6
1071,안과 의원,광주광역시,41
1072,안과 의원,전라북도,62
1073,안과 의원,전라남도,49
1074,안과 의원,대구광역시,101
1075,안과 의원,경상북도,69
1076,안과 의원,부산광역시,135
1077,안과 의원,울산광역시,34
1078,안과 의원,경상남도,91
1079,안과 의원,제주특별자치도,20
1080,애완용품점,합계,"8,561"
1081,애완용품점,서울특별시,"1,359"
1082,애완용품점,인천광역시,531
1083,애완용품점,경기도,"2,689"
1084,애완용품점,강원도,244
1085,애완용품점,대전광역시,277
1086,애완용품점,충청북도,255
1087,애완용품점,충청남도,366
1088,애완용품점,세종특별자치시,29
1089,애완용품점,광주광역시,195
1090,애완용품점,전라북도,239
1091,애완용품점,전라남도,186
1092,애완용품점,대구광역시,381
1093,애완용품점,경상북도,435
1094,애완용품점,부산광역시,622
1095,애완용품점,울산광역시,138
1096,애완용품점,경상남도,499
1097,애완용품점,제주특별자치도,116
1098,약국,합계,"23,220"
1099,약국,서울특별시,"5,222"
1100,약국,인천광역시,"1,133"
1101,약국,경기도,"5,197"
1102,약국,강원도,688
1103,약국,대전광역시,740
1104,약국,충청북도,684
1105,약국,충청남도,971
1106,약국,세종특별자치시,138
1107,약국,광주광역시,684
1108,약국,전라북도,939
1109,약국,전라남도,792
1110,약국,대구광역시,"1,307"
1111,약국,경상북도,"1,109"
1112,약국,부산광역시,"1,577"
1113,약국,울산광역시,426
1114,약국,경상남도,"1,310"
1115,약국,제주특별자치도,303
1116,여관ㆍ모텔,합계,"20,114"
1117,여관ㆍ모텔,서울특별시,"1,763"
1118,여관ㆍ모텔,인천광역시,792
1119,여관ㆍ모텔,경기도,"3,114"
1120,여관ㆍ모텔,강원도,"1,524"
1121,여관ㆍ모텔,대전광역시,586
1122,여관ㆍ모텔,충청북도,836
1123,여관ㆍ모텔,충청남도,"1,469"
1124,여관ㆍ모텔,세종특별자치시,65
1125,여관ㆍ모텔,광주광역시,486
1126,여관ㆍ모텔,전라북도,"1,008"
1127,여관ㆍ모텔,전라남도,"1,286"
1128,여관ㆍ모텔,대구광역시,652
1129,여관ㆍ모텔,경상북도,"1,930"
1130,여관ㆍ모텔,부산광역시,"1,296"
1131,여관ㆍ모텔,울산광역시,607
1132,여관ㆍ모텔,경상남도,"2,294"
1133,여관ㆍ모텔,제주특별자치도,406
1134,여행사,합계,"13,438"
1135,여행사,서울특별시,"5,176"
1136,여행사,인천광역시,391
1137,여행사,경기도,"1,759"
1138,여행사,강원도,338
1139,여행사,대전광역시,309
1140,여행사,충청북도,266
1141,여행사,충청남도,313
1142,여행사,세종특별자치시,52
1143,여행사,광주광역시,381
1144,여행사,전라북도,406
1145,여행사,전라남도,439
1146,여행사,대구광역시,516
1147,여행사,경상북도,451
1148,여행사,부산광역시,"1,015"
1149,여행사,울산광역시,174
1150,여행사,경상남도,536
1151,여행사,제주특별자치도,916
1152,예술학원,합계,"30,721"
1153,예술학원,서울특별시,"5,418"
1154,예술학원,인천광역시,"1,489"
1155,예술학원,경기도,"8,450"
1156,예술학원,강원도,890
1157,예술학원,대전광역시,867
1158,예술학원,충청북도,867
1159,예술학원,충청남도,"1,091"
1160,예술학원,세종특별자치시,293
1161,예술학원,광주광역시,"1,088"
1162,예술학원,전라북도,"1,307"
1163,예술학원,전라남도,871
1164,예술학원,대구광역시,"1,413"
1165,예술학원,경상북도,"1,383"
1166,예술학원,부산광역시,"1,853"
1167,예술학원,울산광역시,793
1168,예술학원,경상남도,"2,191"
1169,예술학원,제주특별자치도,457
1170,예식장,합계,828
1171,예식장,서울특별시,158
1172,예식장,인천광역시,22
1173,예식장,경기도,125
1174,예식장,강원도,35
1175,예식장,대전광역시,21
1176,예식장,충청북도,35
1177,예식장,충청남도,64
1178,예식장,세종특별자치시,4
1179,예식장,광주광역시,23
1180,예식장,전라북도,44
1181,예식장,전라남도,40
1182,예식장,대구광역시,38
1183,예식장,경상북도,61
1184,예식장,부산광역시,60
1185,예식장,울산광역시,16
1186,예식장,경상남도,62
1187,예식장,제주특별자치도,20
1188,옷가게,합계,"84,746"
1189,옷가게,서울특별시,"15,363"
1190,옷가게,인천광역시,"3,993"
1191,옷가게,경기도,"17,703"
1192,옷가게,강원도,"3,137"
1193,옷가게,대전광역시,"2,796"
1194,옷가게,충청북도,"2,847"
1195,옷가게,충청남도,"3,289"
1196,옷가게,세종특별자치시,367
1197,옷가게,광주광역시,"3,061"
1198,옷가게,전라북도,"3,326"
1199,옷가게,전라남도,"3,042"
1200,옷가게,대구광역시,"5,212"
1201,옷가게,경상북도,"4,614"
1202,옷가게,부산광역시,"6,962"
1203,옷가게,울산광역시,"1,766"
1204,옷가게,경상남도,"5,560"
1205,옷가게,제주특별자치도,"1,708"
1206,의료용품가게,합계,"7,154"
1207,의료용품가게,서울특별시,"1,564"
1208,의료용품가게,인천광역시,305
1209,의료용품가게,경기도,"1,633"
1210,의료용품가게,강원도,190
1211,의료용품가게,대전광역시,255
1212,의료용품가게,충청북도,190
1213,의료용품가게,충청남도,286
1214,의료용품가게,세종특별자치시,29
1215,의료용품가게,광주광역시,311
1216,의료용품가게,전라북도,336
1217,의료용품가게,전라남도,221
1218,의료용품가게,대구광역시,350
1219,의료용품가게,경상북도,287
1220,의료용품가게,부산광역시,592
1221,의료용품가게,울산광역시,114
1222,의료용품가게,경상남도,411
1223,의료용품가게,제주특별자치도,80
1224,이륜자동차판매점,합계,"2,718"
1225,이륜자동차판매점,서울특별시,464
1226,이륜자동차판매점,인천광역시,98
1227,이륜자동차판매점,경기도,478
1228,이륜자동차판매점,강원도,93
1229,이륜자동차판매점,대전광역시,65
1230,이륜자동차판매점,충청북도,92
1231,이륜자동차판매점,충청남도,142
1232,이륜자동차판매점,세종특별자치시,8
1233,이륜자동차판매점,광주광역시,65
1234,이륜자동차판매점,전라북도,129
1235,이륜자동차판매점,전라남도,150
1236,이륜자동차판매점,대구광역시,154
1237,이륜자동차판매점,경상북도,211
1238,이륜자동차판매점,부산광역시,216
1239,이륜자동차판매점,울산광역시,73
1240,이륜자동차판매점,경상남도,238
1241,이륜자동차판매점,제주특별자치도,42
1242,이발소,합계,"12,235"
1243,이발소,서울특별시,"2,188"
1244,이발소,인천광역시,420
1245,이발소,경기도,"2,165"
1246,이발소,강원도,659
1247,이발소,대전광역시,408
1248,이발소,충청북도,435
1249,이발소,충청남도,649
1250,이발소,세종특별자치시,39
1251,이발소,광주광역시,256
1252,이발소,전라북도,494
1253,이발소,전라남도,613
1254,이발소,대구광역시,578
1255,이발소,경상북도,904
1256,이발소,부산광역시,"1,037"
1257,이발소,울산광역시,380
1258,이발소,경상남도,841
1259,이발소,제주특별자치도,169
1260,이비인후과 의원,합계,"2,617"
1261,이비인후과 의원,서울특별시,695
1262,이비인후과 의원,인천광역시,140
1263,이비인후과 의원,경기도,664
1264,이비인후과 의원,강원도,51
1265,이비인후과 의원,대전광역시,80
1266,이비인후과 의원,충청북도,58
1267,이비인후과 의원,충청남도,58
1268,이비인후과 의원,세종특별자치시,16
1269,이비인후과 의원,광주광역시,81
1270,이비인후과 의원,전라북도,74
1271,이비인후과 의원,전라남도,50
1272,이비인후과 의원,대구광역시,158
1273,이비인후과 의원,경상북도,88
1274,이비인후과 의원,부산광역시,200
1275,이비인후과 의원,울산광역시,48
1276,이비인후과 의원,경상남도,129
1277,이비인후과 의원,제주특별자치도,27
1278,일반외과 의원,합계,"5,013"
1279,일반외과 의원,서울특별시,"1,163"
1280,일반외과 의원,인천광역시,269
1281,일반외과 의원,경기도,"1,200"
1282,일반외과 의원,강원도,137
1283,일반외과 의원,대전광역시,146
1284,일반외과 의원,충청북도,176
1285,일반외과 의원,충청남도,196
1286,일반외과 의원,세종특별자치시,34
1287,일반외과 의원,광주광역시,101
1288,일반외과 의원,전라북도,182
1289,일반외과 의원,전라남도,138
1290,일반외과 의원,대구광역시,308
1291,일반외과 의원,경상북도,229
1292,일반외과 의원,부산광역시,340
1293,일반외과 의원,울산광역시,77
1294,일반외과 의원,경상남도,244
1295,일반외과 의원,제주특별자치도,73
1296,일식전문점,합계,"18,380"
1297,일식전문점,서울특별시,"5,569"
1298,일식전문점,인천광역시,951
1299,일식전문점,경기도,"3,905"
1300,일식전문점,강원도,945
1301,일식전문점,대전광역시,455
1302,일식전문점,충청북도,510
1303,일식전문점,충청남도,714
1304,일식전문점,세종특별자치시,104
1305,일식전문점,광주광역시,269
1306,일식전문점,전라북도,517
1307,일식전문점,전라남도,445
1308,일식전문점,대구광역시,828
1309,일식전문점,경상북도,537
1310,일식전문점,부산광역시,"1,075"
1311,일식전문점,울산광역시,286
1312,일식전문점,경상남도,746
1313,일식전문점,제주특별자치도,524
1314,자동차수리점,합계,"45,127"
1315,자동차수리점,서울특별시,"4,967"
1316,자동차수리점,인천광역시,"2,396"
1317,자동차수리점,경기도,"11,614"
1318,자동차수리점,강원도,"1,802"
1319,자동차수리점,대전광역시,"1,461"
1320,자동차수리점,충청북도,"1,857"
1321,자동차수리점,충청남도,"2,511"
1322,자동차수리점,세종특별자치시,205
1323,자동차수리점,광주광역시,"1,525"
1324,자동차수리점,전라북도,"1,985"
1325,자동차수리점,전라남도,"2,011"
1326,자동차수리점,대구광역시,"2,274"
1327,자동차수리점,경상북도,"3,081"
1328,자동차수리점,부산광역시,"2,433"
1329,자동차수리점,울산광역시,"1,115"
1330,자동차수리점,경상남도,"3,276"
1331,자동차수리점,제주특별자치도,614
1332,자전거판매점,합계,"2,525"
1333,자전거판매점,서울특별시,395
1334,자전거판매점,인천광역시,100
1335,자전거판매점,경기도,624
1336,자전거판매점,강원도,89
1337,자전거판매점,대전광역시,87
1338,자전거판매점,충청북도,83
1339,자전거판매점,충청남도,118
1340,자전거판매점,세종특별자치시,16
1341,자전거판매점,광주광역시,58
1342,자전거판매점,전라북도,137
1343,자전거판매점,전라남도,94
1344,자전거판매점,대구광역시,149
1345,자전거판매점,경상북도,169
1346,자전거판매점,부산광역시,114
1347,자전거판매점,울산광역시,58
1348,자전거판매점,경상남도,202
1349,자전거판매점,제주특별자치도,32
1350,장난감가게,합계,"2,993"
1351,장난감가게,서울특별시,497
1352,장난감가게,인천광역시,139
1353,장난감가게,경기도,873
1354,장난감가게,강원도,100
1355,장난감가게,대전광역시,88
1356,장난감가게,충청북도,86
1357,장난감가게,충청남도,141
1358,장난감가게,세종특별자치시,21
1359,장난감가게,광주광역시,73
1360,장난감가게,전라북도,106
1361,장난감가게,전라남도,113
1362,장난감가게,대구광역시,133
1363,장난감가게,경상북도,145
1364,장난감가게,부산광역시,178
1365,장난감가게,울산광역시,60
1366,장난감가게,경상남도,172
1367,장난감가게,제주특별자치도,68
1368,정육점,합계,"20,231"
1369,정육점,서울특별시,"2,794"
1370,정육점,인천광역시,"1,078"
1371,정육점,경기도,"4,407"
1372,정육점,강원도,865
1373,정육점,대전광역시,757
1374,정육점,충청북도,808
1375,정육점,충청남도,"1,022"
1376,정육점,세종특별자치시,119
1377,정육점,광주광역시,550
1378,정육점,전라북도,"1,077"
1379,정육점,전라남도,854
1380,정육점,대구광역시,"1,305"
1381,정육점,경상북도,"1,292"
1382,정육점,부산광역시,"1,139"
1383,정육점,울산광역시,615
1384,정육점,경상남도,"1,261"
1385,정육점,제주특별자치도,288
1386,제과점,합계,"18,133"
1387,제과점,서울특별시,"3,721"
1388,제과점,인천광역시,835
1389,제과점,경기도,"4,279"
1390,제과점,강원도,593
1391,제과점,대전광역시,551
1392,제과점,충청북도,567
1393,제과점,충청남도,731
1394,제과점,세종특별자치시,125
1395,제과점,광주광역시,507
1396,제과점,전라북도,633
1397,제과점,전라남도,596
1398,제과점,대구광역시,950
1399,제과점,경상북도,959
1400,제과점,부산광역시,"1,124"
1401,제과점,울산광역시,379
1402,제과점,경상남도,"1,165"
1403,제과점,제주특별자치도,418
1404,종합병원,합계,"3,436"
1405,종합병원,서울특별시,442
1406,종합병원,인천광역시,149
1407,종합병원,경기도,690
1408,종합병원,강원도,86
1409,종합병원,대전광역시,99
1410,종합병원,충청북도,102
1411,종합병원,충청남도,140
1412,종합병원,세종특별자치시,13
1413,종합병원,광주광역시,179
1414,종합병원,전라북도,169
1415,종합병원,전라남도,198
1416,종합병원,대구광역시,193
1417,종합병원,경상북도,228
1418,종합병원,부산광역시,333
1419,종합병원,울산광역시,98
1420,종합병원,경상남도,293
1421,종합병원,제주특별자치도,24
1422,주유소,합계,"10,905"
1423,주유소,서울특별시,434
1424,주유소,인천광역시,286
1425,주유소,경기도,"2,273"
1426,주유소,강원도,644
1427,주유소,대전광역시,235
1428,주유소,충청북도,714
1429,주유소,충청남도,"1,006"
1430,주유소,세종특별자치시,70
1431,주유소,광주광역시,271
1432,주유소,전라북도,821
1433,주유소,전라남도,814
1434,주유소,대구광역시,337
1435,주유소,경상북도,"1,207"
1436,주유소,부산광역시,349
1437,주유소,울산광역시,221
1438,주유소,경상남도,"1,038"
1439,주유소,제주특별자치도,185
1440,주차장운영업,합계,"8,322"
1441,주차장운영업,서울특별시,"1,800"
1442,주차장운영업,인천광역시,319
1443,주차장운영업,경기도,"1,443"
1444,주차장운영업,강원도,156
1445,주차장운영업,대전광역시,188
1446,주차장운영업,충청북도,172
1447,주차장운영업,충청남도,157
1448,주차장운영업,세종특별자치시,29
1449,주차장운영업,광주광역시,268
1450,주차장운영업,전라북도,146
1451,주차장운영업,전라남도,115
1452,주차장운영업,대구광역시,429
1453,주차장운영업,경상북도,272
1454,주차장운영업,부산광역시,"1,784"
1455,주차장운영업,울산광역시,243
1456,주차장운영업,경상남도,739
1457,주차장운영업,제주특별자치도,62
1458,중고차판매점,합계,"4,819"
1459,중고차판매점,서울특별시,483
1460,중고차판매점,인천광역시,243
1461,중고차판매점,경기도,"1,036"
1462,중고차판매점,강원도,158
1463,중고차판매점,대전광역시,216
1464,중고차판매점,충청북도,189
1465,중고차판매점,충청남도,220
1466,중고차판매점,세종특별자치시,3
1467,중고차판매점,광주광역시,230
1468,중고차판매점,전라북도,287
1469,중고차판매점,전라남도,220
1470,중고차판매점,대구광역시,486
1471,중고차판매점,경상북도,305
1472,중고차판매점,부산광역시,235
1473,중고차판매점,울산광역시,125
1474,중고차판매점,경상남도,330
1475,중고차판매점,제주특별자치도,53
1476,중식전문점,합계,"25,078"
1477,중식전문점,서울특별시,"4,815"
1478,중식전문점,인천광역시,"1,230"
1479,중식전문점,경기도,"5,462"
1480,중식전문점,강원도,"1,063"
1481,중식전문점,대전광역시,615
1482,중식전문점,충청북도,925
1483,중식전문점,충청남도,"1,253"
1484,중식전문점,세종특별자치시,161
1485,중식전문점,광주광역시,477
1486,중식전문점,전라북도,"1,040"
1487,중식전문점,전라남도,832
1488,중식전문점,대구광역시,"1,238"
1489,중식전문점,경상북도,"1,518"
1490,중식전문점,부산광역시,"1,807"
1491,중식전문점,울산광역시,513
1492,중식전문점,경상남도,"1,691"
1493,중식전문점,제주특별자치도,438
1494,채소가게,합계,"12,241"
1495,채소가게,서울특별시,"1,639"
1496,채소가게,인천광역시,583
1497,채소가게,경기도,"2,252"
1498,채소가게,강원도,821
1499,채소가게,대전광역시,329
1500,채소가게,충청북도,534
1501,채소가게,충청남도,720
1502,채소가게,세종특별자치시,59
1503,채소가게,광주광역시,263
1504,채소가게,전라북도,674
1505,채소가게,전라남도,781
1506,채소가게,대구광역시,450
1507,채소가게,경상북도,949
1508,채소가게,부산광역시,781
1509,채소가게,울산광역시,151
1510,채소가게,경상남도,935
1511,채소가게,제주특별자치도,320
1512,철물점,합계,"8,783"
1513,철물점,서울특별시,"1,362"
1514,철물점,인천광역시,497
1515,철물점,경기도,"1,820"
1516,철물점,강원도,476
1517,철물점,대전광역시,285
1518,철물점,충청북도,343
1519,철물점,충청남도,458
1520,철물점,세종특별자치시,36
1521,철물점,광주광역시,287
1522,철물점,전라북도,419
1523,철물점,전라남도,463
1524,철물점,대구광역시,337
1525,철물점,경상북도,492
1526,철물점,부산광역시,666
1527,철물점,울산광역시,173
1528,철물점,경상남도,561
1529,철물점,제주특별자치도,108
1530,치과병원ㆍ의원,합계,"18,546"
1531,치과병원ㆍ의원,서울특별시,"4,942"
1532,치과병원ㆍ의원,인천광역시,943
1533,치과병원ㆍ의원,경기도,"4,405"
1534,치과병원ㆍ의원,강원도,407
1535,치과병원ㆍ의원,대전광역시,541
1536,치과병원ㆍ의원,충청북도,446
1537,치과병원ㆍ의원,충청남도,577
1538,치과병원ㆍ의원,세종특별자치시,92
1539,치과병원ㆍ의원,광주광역시,642
1540,치과병원ㆍ의원,전라북도,590
1541,치과병원ㆍ의원,전라남도,502
1542,치과병원ㆍ의원,대구광역시,902
1543,치과병원ㆍ의원,경상북도,688
1544,치과병원ㆍ의원,부산광역시,"1,327"
1545,치과병원ㆍ의원,울산광역시,392
1546,치과병원ㆍ의원,경상남도,930
1547,치과병원ㆍ의원,제주특별자치도,220
1548,침구ㆍ커튼가게,합계,"9,898"
1549,침구ㆍ커튼가게,서울특별시,"1,251"
1550,침구ㆍ커튼가게,인천광역시,427
1551,침구ㆍ커튼가게,경기도,"1,930"
1552,침구ㆍ커튼가게,강원도,387
1553,침구ㆍ커튼가게,대전광역시,413
1554,침구ㆍ커튼가게,충청북도,392
1555,침구ㆍ커튼가게,충청남도,504
1556,침구ㆍ커튼가게,세종특별자치시,54
1557,침구ㆍ커튼가게,광주광역시,380
1558,침구ㆍ커튼가게,전라북도,491
1559,침구ㆍ커튼가게,전라남도,494
1560,침구ㆍ커튼가게,대구광역시,651
1561,침구ㆍ커튼가게,경상북도,664
1562,침구ㆍ커튼가게,부산광역시,711
1563,침구ㆍ커튼가게,울산광역시,229
1564,침구ㆍ커튼가게,경상남도,694
1565,침구ㆍ커튼가게,제주특별자치도,226
1566,커피음료점,합계,"71,233"
1567,커피음료점,서울특별시,"13,516"
1568,커피음료점,인천광역시,"3,617"
1569,커피음료점,경기도,"15,450"
1570,커피음료점,강원도,"2,568"
1571,커피음료점,대전광역시,"2,501"
1572,커피음료점,충청북도,"2,398"
1573,커피음료점,충청남도,"3,113"
1574,커피음료점,세종특별자치시,494
1575,커피음료점,광주광역시,"2,005"
1576,커피음료점,전라북도,"2,847"
1577,커피음료점,전라남도,"2,683"
1578,커피음료점,대구광역시,"3,235"
1579,커피음료점,경상북도,"4,814"
1580,커피음료점,부산광역시,"4,161"
1581,커피음료점,울산광역시,"1,640"
1582,커피음료점,경상남도,"4,690"
1583,커피음료점,제주특별자치도,"1,501"
1584,컴퓨터판매점,합계,"5,183"
1585,컴퓨터판매점,서울특별시,"1,060"
1586,컴퓨터판매점,인천광역시,215
1587,컴퓨터판매점,경기도,"1,214"
1588,컴퓨터판매점,강원도,188
1589,컴퓨터판매점,대전광역시,187
1590,컴퓨터판매점,충청북도,191
1591,컴퓨터판매점,충청남도,225
1592,컴퓨터판매점,세종특별자치시,34
1593,컴퓨터판매점,광주광역시,184
1594,컴퓨터판매점,전라북도,210
1595,컴퓨터판매점,전라남도,179
1596,컴퓨터판매점,대구광역시,239
1597,컴퓨터판매점,경상북도,311
1598,컴퓨터판매점,부산광역시,234
1599,컴퓨터판매점,울산광역시,89
1600,컴퓨터판매점,경상남도,327
1601,컴퓨터판매점,제주특별자치도,96
1602,통신판매업,합계,"356,776"
1603,통신판매업,서울특별시,"103,859"
1604,통신판매업,인천광역시,"23,232"
1605,통신판매업,경기도,"109,622"
1606,통신판매업,강원도,"5,020"
1607,통신판매업,대전광역시,"8,424"
1608,통신판매업,충청북도,"6,737"
1609,통신판매업,충청남도,"8,926"
1610,통신판매업,세종특별자치시,"1,852"
1611,통신판매업,광주광역시,"7,669"
1612,통신판매업,전라북도,"6,680"
1613,통신판매업,전라남도,"6,073"
1614,통신판매업,대구광역시,"15,793"
1615,통신판매업,경상북도,"10,648"
1616,통신판매업,부산광역시,"21,750"
1617,통신판매업,울산광역시,"4,339"
1618,통신판매업,경상남도,"13,312"
1619,통신판매업,제주특별자치도,"2,840"
1620,패스트푸드점,합계,"42,952"
1621,패스트푸드점,서울특별시,"7,172"
1622,패스트푸드점,인천광역시,"2,031"
1623,패스트푸드점,경기도,"9,586"
1624,패스트푸드점,강원도,"1,946"
1625,패스트푸드점,대전광역시,"1,137"
1626,패스트푸드점,충청북도,"1,722"
1627,패스트푸드점,충청남도,"2,211"
1628,패스트푸드점,세종특별자치시,347
1629,패스트푸드점,광주광역시,"1,248"
1630,패스트푸드점,전라북도,"1,743"
1631,패스트푸드점,전라남도,"1,634"
1632,패스트푸드점,대구광역시,"1,633"
1633,패스트푸드점,경상북도,"2,401"
1634,패스트푸드점,부산광역시,"2,817"
1635,패스트푸드점,울산광역시,"1,124"
1636,패스트푸드점,경상남도,"3,481"
1637,패스트푸드점,제주특별자치도,719
1638,펜션ㆍ게스트하우스,합계,"16,120"
1639,펜션ㆍ게스트하우스,서울특별시,712
1640,펜션ㆍ게스트하우스,인천광역시,716
1641,펜션ㆍ게스트하우스,경기도,"2,171"
1642,펜션ㆍ게스트하우스,강원도,"2,874"
1643,펜션ㆍ게스트하우스,대전광역시,28
1644,펜션ㆍ게스트하우스,충청북도,484
1645,펜션ㆍ게스트하우스,충청남도,"1,362"
1646,펜션ㆍ게스트하우스,세종특별자치시,9
1647,펜션ㆍ게스트하우스,광주광역시,28
1648,펜션ㆍ게스트하우스,전라북도,495
1649,펜션ㆍ게스트하우스,전라남도,944
1650,펜션ㆍ게스트하우스,대구광역시,43
1651,펜션ㆍ게스트하우스,경상북도,"1,423"
1652,펜션ㆍ게스트하우스,부산광역시,195
1653,펜션ㆍ게스트하우스,울산광역시,139
1654,펜션ㆍ게스트하우스,경상남도,"1,526"
1655,펜션ㆍ게스트하우스,제주특별자치도,"2,971"
1656,편의점,합계,"44,858"
1657,편의점,서울특별시,"8,133"
1658,편의점,인천광역시,"2,401"
1659,편의점,경기도,"11,500"
1660,편의점,강원도,"1,865"
1661,편의점,대전광역시,"1,237"
1662,편의점,충청북도,"1,615"
1663,편의점,충청남도,"2,383"
1664,편의점,세종특별자치시,295
1665,편의점,광주광역시,"1,091"
1666,편의점,전라북도,"1,335"
1667,편의점,전라남도,"1,295"
1668,편의점,대구광역시,"1,747"
1669,편의점,경상북도,"2,099"
1670,편의점,부산광역시,"2,650"
1671,편의점,울산광역시,973
1672,편의점,경상남도,"3,039"
1673,편의점,제주특별자치도,"1,200"
1674,피부관리업,합계,"42,168"
1675,피부관리업,서울특별시,"7,916"
1676,피부관리업,인천광역시,"2,376"
1677,피부관리업,경기도,"10,150"
1678,피부관리업,강원도,"1,214"
1679,피부관리업,대전광역시,"1,306"
1680,피부관리업,충청북도,"1,256"
1681,피부관리업,충청남도,"1,487"
1682,피부관리업,세종특별자치시,202
1683,피부관리업,광주광역시,"1,780"
1684,피부관리업,전라북도,"1,405"
1685,피부관리업,전라남도,"1,574"
1686,피부관리업,대구광역시,"1,799"
1687,피부관리업,경상북도,"1,854"
1688,피부관리업,부산광역시,"2,981"
1689,피부관리업,울산광역시,916
1690,피부관리업,경상남도,"3,158"
1691,피부관리업,제주특별자치도,794
1692,피부ㆍ비뇨기과 의원,합계,"4,071"
1693,피부ㆍ비뇨기과 의원,서울특별시,"1,404"
1694,피부ㆍ비뇨기과 의원,인천광역시,187
1695,피부ㆍ비뇨기과 의원,경기도,860
1696,피부ㆍ비뇨기과 의원,강원도,62
1697,피부ㆍ비뇨기과 의원,대전광역시,114
1698,피부ㆍ비뇨기과 의원,충청북도,81
1699,피부ㆍ비뇨기과 의원,충청남도,99
1700,피부ㆍ비뇨기과 의원,세종특별자치시,16
1701,피부ㆍ비뇨기과 의원,광주광역시,124
1702,피부ㆍ비뇨기과 의원,전라북도,97
1703,피부ㆍ비뇨기과 의원,전라남도,78
1704,피부ㆍ비뇨기과 의원,대구광역시,215
1705,피부ㆍ비뇨기과 의원,경상북도,104
1706,피부ㆍ비뇨기과 의원,부산광역시,336
1707,피부ㆍ비뇨기과 의원,울산광역시,78
1708,피부ㆍ비뇨기과 의원,경상남도,172
1709,피부ㆍ비뇨기과 의원,제주특별자치도,44
1710,한방병원ㆍ한의원,합계,"14,947"
1711,한방병원ㆍ한의원,서울특별시,"3,699"
1712,한방병원ㆍ한의원,인천광역시,703
1713,한방병원ㆍ한의원,경기도,"3,298"
1714,한방병원ㆍ한의원,강원도,373
1715,한방병원ㆍ한의원,대전광역시,517
1716,한방병원ㆍ한의원,충청북도,406
1717,한방병원ㆍ한의원,충청남도,517
1718,한방병원ㆍ한의원,세종특별자치시,82
1719,한방병원ㆍ한의원,광주광역시,404
1720,한방병원ㆍ한의원,전라북도,541
1721,한방병원ㆍ한의원,전라남도,398
1722,한방병원ㆍ한의원,대구광역시,899
1723,한방병원ㆍ한의원,경상북도,640
1724,한방병원ㆍ한의원,부산광역시,"1,161"
1725,한방병원ㆍ한의원,울산광역시,286
1726,한방병원ㆍ한의원,경상남도,824
1727,한방병원ㆍ한의원,제주특별자치도,199
1728,한식전문점,합계,"397,465"
1729,한식전문점,서울특별시,"54,784"
1730,한식전문점,인천광역시,"18,866"
1731,한식전문점,경기도,"83,129"
1732,한식전문점,강원도,"19,881"
1733,한식전문점,대전광역시,"11,821"
1734,한식전문점,충청북도,"15,764"
1735,한식전문점,충청남도,"20,013"
1736,한식전문점,세종특별자치시,"2,157"
1737,한식전문점,광주광역시,"10,334"
1738,한식전문점,전라북도,"14,620"
1739,한식전문점,전라남도,"18,001"
1740,한식전문점,대구광역시,"19,898"
1741,한식전문점,경상북도,"29,765"
1742,한식전문점,부산광역시,"25,205"
1743,한식전문점,울산광역시,"11,071"
1744,한식전문점,경상남도,"33,088"
1745,한식전문점,제주특별자치도,"9,068"
1746,헬스클럽,합계,"8,569"
1747,헬스클럽,서울특별시,"2,093"
1748,헬스클럽,인천광역시,459
1749,헬스클럽,경기도,"2,068"
1750,헬스클럽,강원도,246
1751,헬스클럽,대전광역시,269
1752,헬스클럽,충청북도,276
1753,헬스클럽,충청남도,292
1754,헬스클럽,세종특별자치시,47
1755,헬스클럽,광주광역시,238
1756,헬스클럽,전라북도,244
1757,헬스클럽,전라남도,192
1758,헬스클럽,대구광역시,414
1759,헬스클럽,경상북도,376
1760,헬스클럽,부산광역시,608
1761,헬스클럽,울산광역시,143
1762,헬스클럽,경상남도,468
1763,헬스클럽,제주특별자치도,136
1764,호프전문점,합계,"29,002"
1765,호프전문점,서울특별시,"5,939"
1766,호프전문점,인천광역시,"1,561"
1767,호프전문점,경기도,"6,084"
1768,호프전문점,강원도,"1,216"
1769,호프전문점,대전광역시,773
1770,호프전문점,충청북도,"1,533"
1771,호프전문점,충청남도,"1,391"
1772,호프전문점,세종특별자치시,122
1773,호프전문점,광주광역시,"1,997"
1774,호프전문점,전라북도,"1,124"
1775,호프전문점,전라남도,"2,106"
1776,호프전문점,대구광역시,483
1777,호프전문점,경상북도,948
1778,호프전문점,부산광역시,"1,549"
1779,호프전문점,울산광역시,319
1780,호프전문점,경상남도,"1,252"
1781,호프전문점,제주특별자치도,605
1782,화장품가게,합계,"35,004"
1783,화장품가게,서울특별시,"6,529"
1784,화장품가게,인천광역시,"1,445"
1785,화장품가게,경기도,"8,071"
1786,화장품가게,강원도,"1,092"
1787,화장품가게,대전광역시,"1,226"
1788,화장품가게,충청북도,985
1789,화장품가게,충청남도,"1,356"
1790,화장품가게,세종특별자치시,165
1791,화장품가게,광주광역시,"1,185"
1792,화장품가게,전라북도,"1,474"
1793,화장품가게,전라남도,"1,059"
1794,화장품가게,대구광역시,"2,114"
1795,화장품가게,경상북도,"1,900"
1796,화장품가게,부산광역시,"2,435"
1797,화장품가게,울산광역시,957
1798,화장품가게,경상남도,"2,347"
1799,화장품가게,제주특별자치도,664
1800,휴대폰가게,합계,"18,737"
1801,휴대폰가게,서울특별시,"3,103"
1802,휴대폰가게,인천광역시,"1,066"
1803,휴대폰가게,경기도,"4,391"
1804,휴대폰가게,강원도,634
1805,휴대폰가게,대전광역시,653
1806,휴대폰가게,충청북도,551
1807,휴대폰가게,충청남도,886
1808,휴대폰가게,세종특별자치시,82
1809,휴대폰가게,광주광역시,577
1810,휴대폰가게,전라북도,722
1811,휴대폰가게,전라남도,586
1812,휴대폰가게,대구광역시,"1,010"
1813,휴대폰가게,경상북도,"1,052"
1814,휴대폰가게,부산광역시,"1,343"
1815,휴대폰가게,울산광역시,508
1816,휴대폰가게,경상남도,"1,329"
1817,휴대폰가게,제주특별자치도,244
